# 3ds Max Wavefront OBJ Exporter v0.99 - (c)2007 guruware
# File Created: 22.03.2025 22:44:37

mtllib cofre_audi.mtl

#
# object Capote
#

v  2.9612 1.0690 -6.0677
v  2.5144 1.0824 -6.0696
v  2.5142 1.1077 -6.0696
v  2.9614 1.0710 -6.0674
v  2.5142 1.1099 -6.0692
v  2.0857 1.0909 -6.0687
v  2.9595 1.0447 -6.0680
v  2.0877 1.0656 -6.0687
v  2.0856 1.0931 -6.0683
v  1.7670 0.9996 -6.0659
v  1.7607 1.0234 -6.0659
v  1.7602 1.0255 -6.0655
v  1.5191 0.9297 -6.0632
v  1.5293 0.9074 -6.0631
v  1.5181 0.9317 -6.0629
v  1.3515 0.8118 -6.0618
v  1.3407 0.8340 -6.0622
v  1.3396 0.8359 -6.0620
v  1.2302 0.7612 -6.0623
v  1.2402 0.7385 -6.0613
v  1.2290 0.7631 -6.0621
v  0.9987 0.5655 -6.0555
v  0.9572 0.5646 -6.0548
v  0.9586 0.5660 -6.0556
v  1.0051 0.5752 -6.0564
v  0.9553 0.5661 -6.0554
v  0.9674 0.5742 -6.0566
v  0.9975 0.5642 -6.0547
v  0.9539 0.5647 -6.0547
v  0.9644 0.5745 -6.0564
v  2.9478 0.8857 -6.0697
v  3.2956 0.8214 -6.0687
v  3.2889 0.7999 -6.0697
v  2.9477 0.8849 -6.0691
v  3.2887 0.7992 -6.0692
v  3.5379 0.6981 -6.0656
v  2.9495 0.9089 -6.0695
v  3.5503 0.7169 -6.0638
v  3.5375 0.6974 -6.0650
v  3.7098 0.6345 -6.0507
v  3.6933 0.6193 -6.0533
v  3.6928 0.6187 -6.0528
v  3.7813 0.5637 -6.0400
v  3.8004 0.5756 -6.0368
v  3.7808 0.5632 -6.0395
v  2.5142 1.1115 -6.0681
v  2.0855 1.0948 -6.0672
v  2.5150 1.1261 -6.0521
v  2.9616 1.0725 -6.0663
v  2.0853 1.1101 -6.0521
v  2.9640 1.0866 -6.0495
v  1.7598 1.0274 -6.0644
v  1.5174 0.9335 -6.0618
v  1.7569 1.0436 -6.0498
v  1.5117 0.9506 -6.0477
v  1.0137 0.8554 -5.9481
v  1.1370 0.7901 -6.0174
v  1.0696 0.7464 -6.0197
v  0.8417 0.8356 -5.9442
v  1.0942 0.6992 -6.0510
v  0.8971 0.7326 -6.0091
v  1.0887 0.8977 -5.9449
v  1.1594 0.7420 -6.0503
v  0.9506 0.6608 -6.0443
v  3.3432 0.9726 -6.0610
v  3.6376 0.8487 -6.0507
v  3.3428 0.9714 -6.0619
v  3.3505 0.9861 -6.0437
v  3.6385 0.8497 -6.0499
v  3.6522 0.8626 -6.0327
v  4.2208 0.4093 -5.9790
v  4.2397 0.3897 -5.9767
v  4.2378 0.3885 -5.9771
v  4.2367 0.3897 -5.9778
v  4.2408 0.3884 -5.9759
v  4.2775 0.3895 -5.9581
v  4.2179 0.4093 -5.9801
v  4.2586 0.4100 -5.9605
v  4.2786 0.3882 -5.9573
v  3.8267 0.7414 -6.0311
v  3.9337 0.6591 -6.0141
v  3.8253 0.7405 -6.0319
v  3.8471 0.7534 -6.0141
v  3.9355 0.6599 -6.0132
v  3.9618 0.6707 -5.9963
v  3.9905 0.6163 -6.0060
v  3.9926 0.6171 -6.0050
v  4.0183 0.5953 -6.0030
v  4.0229 0.6267 -5.9879
v  4.0206 0.5960 -6.0020
v  4.0537 0.6045 -5.9845
v  0.1317 0.6211 -5.9062
v  0.1314 0.5760 -5.9039
v  0.1302 0.5741 -5.9024
v  0.1298 0.5759 -5.9029
v  0.2349 0.5748 -5.9230
v  0.1313 0.5736 -5.9031
v  0.1301 0.6211 -5.9053
v  0.2364 0.6153 -5.9252
v  0.2348 0.5725 -5.9222
v  0.5675 0.7572 -5.9853
v  0.5580 0.8071 -5.9714
v  0.2408 0.8962 -5.9327
v  0.5249 0.8887 -5.9242
v  0.2430 0.8489 -5.9358
v  0.2325 0.9558 -5.9030
v  0.5590 1.5513 -5.2813
v  0.8437 1.6137 -5.1405
v  0.8322 1.5551 -5.2370
v  0.5749 1.4652 -5.4042
v  1.0505 1.5607 -5.2037
v  0.8166 1.4783 -5.3655
v  0.5463 1.6189 -5.1870
v  1.0875 1.6110 -5.1053
v  1.0018 1.4932 -5.3375
v  0.0662 1.7838 -5.1385
v  0.0710 1.7262 -5.1797
v  0.0654 1.7837 -5.1381
v  0.0596 1.8555 -5.0888
v  0.1194 1.7812 -5.1273
v  0.0718 1.7263 -5.1802
v  0.0588 1.8554 -5.0884
v  0.1116 1.8545 -5.0777
v  0.1259 1.7227 -5.1689
v  2.8781 1.5103 -4.7488
v  3.3732 1.4476 -4.7800
v  2.8202 1.5065 -4.8903
v  2.3780 1.5509 -4.8629
v  2.7379 1.5071 -5.0917
v  2.3288 1.5371 -4.9835
v  3.4441 1.4426 -4.6148
v  3.2742 1.4558 -5.0102
v  2.2579 1.5260 -5.1599
v  4.0120 1.3318 -4.4702
v  3.9312 1.3393 -4.6584
v  4.4701 1.2035 -4.5420
v  3.8214 1.3493 -4.9184
v  4.5661 1.1956 -4.3295
v  4.3436 1.2129 -4.8319
v  5.0909 1.0519 -4.2065
v  4.9660 1.0617 -4.4467
v  5.3895 0.9340 -4.3851
v  4.8051 1.0722 -4.7663
v  5.5593 0.9176 -4.1125
v  5.1787 0.9498 -4.7327
v  5.4374 0.8679 -4.7422
v  5.7113 0.8404 -4.3696
v  5.6373 0.8041 -4.7730
v  5.9445 0.8092 -4.0586
v  5.9760 0.7627 -4.3783
v  6.2744 0.7150 -4.0283
v  2.3528 1.8726 -2.8175
v  2.7535 1.8565 -2.0531
v  2.5001 1.8501 -2.7966
v  2.0771 1.8637 -3.4346
v  2.6108 1.8333 -2.7809
v  2.2295 1.8422 -3.4061
v  2.6012 1.8807 -2.0683
v  2.8681 1.8383 -2.0417
v  2.3439 1.8262 -3.3848
v  5.0950 1.4245 -1.7840
v  5.4972 1.2714 -2.3364
v  4.9310 1.4190 -2.4188
v  4.5848 1.5530 -1.8444
v  4.7733 1.4127 -2.9400
v  4.4095 1.5458 -2.4983
v  5.6619 1.2729 -1.7186
v  5.3357 1.2686 -2.8484
v  4.2419 1.5367 -3.0317
v  2.7272 1.8827 -1.3182
v  2.9248 1.8584 -0.5676
v  2.8876 1.8587 -1.3102
v  3.0084 1.8406 -1.3042
v  2.7596 1.8819 -0.5676
v  3.0492 1.8407 -0.5676
v  1.2703 1.7846 -4.8021
v  1.0521 1.8105 -4.8245
v  1.0301 1.8479 -4.6750
v  1.2861 1.8167 -4.6254
v  1.5436 1.8232 -4.3845
v  1.4786 1.7933 -4.5881
v  0.7620 1.8449 -4.8544
v  1.3114 1.8519 -4.4531
v  1.7181 1.8017 -4.3329
v  5.2404 1.4329 -0.5679
v  5.7614 1.2788 -1.1348
v  5.2015 1.4302 -1.1706
v  4.7462 1.5566 -0.5678
v  4.7021 1.5562 -1.2030
v  5.7949 1.2826 -0.5680
v  4.7124 1.2144 -4.0727
v  5.2805 1.0581 -3.8874
v  5.2717 1.0557 -3.9054
v  4.6999 1.2081 -4.0953
v  5.8075 0.8956 -3.7507
v  5.2594 1.0515 -3.9292
v  4.7212 1.2189 -4.0548
v  5.8168 0.8954 -3.7331
v  5.7936 0.8947 -3.7758
v  7.2324 0.7744 -1.5547
v  7.5165 0.5782 -2.0584
v  7.0979 0.7682 -2.1162
v  6.7536 0.9589 -1.6008
v  6.9666 0.7578 -2.5834
v  6.5874 0.9644 -2.1861
v  7.6126 0.5969 -1.5191
v  7.4224 0.5585 -2.5023
v  6.4253 0.9641 -2.6764
v  6.2224 1.1214 -1.6564
v  6.0516 1.1260 -2.2592
v  5.8841 1.1268 -2.7626
v  3.7866 1.6192 -3.1173
v  3.6403 1.6834 -2.6253
v  3.9893 1.6282 -2.5670
v  4.1946 1.6351 -1.8914
v  3.4029 1.6754 -3.1917
v  3.8745 1.6892 -1.9301
v  7.3440 0.7855 -0.5683
v  7.6732 0.6130 -1.0310
v  7.3154 0.7817 -1.0478
v  6.8872 0.9580 -0.5682
v  6.8537 0.9577 -1.0707
v  7.6947 0.6202 -0.5684
v  6.3573 1.1240 -0.5681
v  6.3239 1.1223 -1.1006
v  4.0092 1.6896 -1.2461
v  4.3210 1.6363 -1.2268
v  4.3644 1.6353 -0.5677
v  4.0516 1.6884 -0.5677
v  2.9446 1.5723 -4.5945
v  2.4372 1.6378 -4.6979
v  2.9546 1.5803 -4.5757
v  3.5395 1.4859 -4.4414
v  2.9621 1.5833 -4.5601
v  3.5504 1.4932 -4.4234
v  2.4268 1.6291 -4.7189
v  2.4460 1.6399 -4.6805
v  3.5574 1.4974 -4.4087
v  4.1256 1.3587 -4.2706
v  4.1375 1.3658 -4.2506
v  4.1453 1.3707 -4.2344
v  6.3684 0.7337 -3.5398
v  5.9731 0.8960 -3.5256
v  6.4861 0.7234 -3.4019
v  6.8141 0.5900 -3.4231
v  6.6295 0.7138 -3.2256
v  6.9286 0.5695 -3.2964
v  5.8587 0.8955 -3.6759
v  6.1076 0.9000 -3.3403
v  7.0743 0.5463 -3.1271
v  0.5383 1.6707 -5.1142
v  0.8575 1.6824 -5.0405
v  0.8548 1.6592 -5.0644
v  0.5389 1.6608 -5.1307
v  1.1183 1.6510 -5.0257
v  0.8516 1.6505 -5.0816
v  0.5355 1.6973 -5.0895
v  1.1268 1.6712 -5.0026
v  1.1114 1.6430 -5.0439
v  2.9238 1.5393 -4.6251
v  3.4969 1.4515 -4.4909
v  2.9144 1.5260 -4.6431
v  2.4120 1.5861 -4.7522
v  2.9065 1.5170 -4.6636
v  2.4063 1.5722 -4.7699
v  3.5106 1.4630 -4.4721
v  3.4845 1.4431 -4.5134
v  2.4014 1.5639 -4.7889
v  4.0951 1.3420 -4.3051
v  4.0813 1.3338 -4.3240
v  4.6589 1.1899 -4.1549
v  4.0672 1.3284 -4.3484
v  4.6710 1.1948 -4.1361
v  4.6431 1.1880 -4.1815
v  5.2322 1.0399 -3.9765
v  5.2206 1.0366 -3.9957
v  5.7465 0.8862 -3.8519
v  5.2009 1.0372 -4.0257
v  5.7592 0.8881 -3.8324
v  5.7205 0.8895 -3.8868
v  6.2325 0.7499 -3.7095
v  6.2168 0.7511 -3.7293
v  6.6260 0.6330 -3.6280
v  6.1821 0.7584 -3.7708
v  6.6452 0.6287 -3.6066
v  6.5829 0.6437 -3.6773
v  0.5406 1.6495 -5.1458
v  0.8491 1.6404 -5.0978
v  1.1045 1.6341 -5.0613
v  3.4741 1.4406 -4.5403
v  2.9006 1.5127 -4.6860
v  2.3971 1.5583 -4.8089
v  4.0507 1.3279 -4.3820
v  4.6180 1.1902 -4.2245
v  5.1634 1.0431 -4.0810
v  5.6639 0.9014 -3.9600
v  0.5273 1.7588 -5.0498
v  0.8762 1.7890 -4.9626
v  0.8587 1.7365 -5.0048
v  1.1382 1.7168 -4.9707
v  0.4496 1.8476 -4.9988
v  1.1553 1.7615 -4.9344
v  3.5256 1.4752 -4.4566
v  2.9341 1.5566 -4.6099
v  2.4186 1.6086 -4.7361
v  4.6854 1.2012 -4.1163
v  5.2457 1.0456 -3.9537
v  5.7761 0.8915 -3.8050
v  6.2916 0.7433 -3.6383
v  6.2612 0.7469 -3.6752
v  6.6853 0.6187 -3.5650
v  6.7281 0.6079 -3.5205
v  1.6006 1.7321 -4.8572
v  1.8996 1.7106 -4.7209
v  1.8416 1.7066 -4.8118
v  1.8295 1.7058 -4.8320
v  1.6348 1.7414 -4.7618
v  1.4179 1.7671 -4.7862
v  1.9202 1.6972 -4.8034
v  1.5403 1.7236 -4.8945
v  1.3510 1.7600 -4.8820
v  1.8032 1.6969 -4.8594
v  1.3233 1.7450 -4.9171
v  4.8840 1.2242 -3.7983
v  5.5702 1.0706 -3.4566
v  5.4369 1.0637 -3.6580
v  4.7645 1.2217 -3.9853
v  5.3222 1.0603 -3.8246
v  5.0220 1.2291 -3.5750
v  3.7556 1.5009 -4.0888
v  3.0227 1.5853 -4.4699
v  3.1956 1.5869 -4.2186
v  3.9194 1.5042 -3.8147
v  2.7095 1.6448 -4.3256
v  3.3891 1.5905 -3.9275
v  3.6091 1.4995 -4.3242
v  2.5145 1.6418 -4.5865
v  2.9284 1.6494 -4.0243
v  4.4678 1.3786 -3.6958
v  4.3210 1.3749 -3.9453
v  4.1916 1.3732 -4.1573
v  6.3122 0.7402 -3.6106
v  6.3242 0.7381 -3.5930
v  6.7552 0.6015 -3.4902
v  6.7699 0.5981 -3.4725
v  0.2923 1.6719 -5.1772
v  0.2902 1.6836 -5.1608
v  0.1296 1.6939 -5.1945
v  0.2860 1.7118 -5.1355
v  0.1319 1.6804 -5.2113
v  0.3028 1.6277 -5.2325
v  0.2950 1.6598 -5.1921
v  0.1341 1.6682 -5.2263
v  0.1402 1.6354 -5.2663
v  0.3421 1.4657 -5.4455
v  0.3204 1.5550 -5.3254
v  0.1541 1.5606 -5.3584
v  0.1706 1.4712 -5.4775
v  4.1107 1.3505 -4.2880
v  6.0964 0.7798 -3.8697
v  6.4712 0.6732 -3.8027
v  4.8820 0.8986 -5.4996
v  4.7117 0.9771 -5.5087
v  4.8861 0.8990 -5.4945
v  5.0006 0.8413 -5.4845
v  4.9574 0.8957 -5.3968
v  5.0064 0.8410 -5.4798
v  4.7085 0.9767 -5.5140
v  4.7729 0.9739 -5.4061
v  5.0870 0.8375 -5.3904
v  4.9509 0.9639 -5.1102
v  4.4802 1.0923 -5.4210
v  4.6240 1.0835 -5.1301
v  4.2000 1.2229 -5.1692
v  4.0854 1.2307 -5.4413
v  3.5946 1.3689 -5.4666
v  3.6955 1.3603 -5.2217
v  3.1598 1.4677 -5.2795
v  3.0679 1.4778 -5.4970
v  2.5651 1.5282 -5.5328
v  2.6423 1.5171 -5.3344
v  2.1736 1.5266 -5.3810
v  2.1050 1.5316 -5.5645
v  1.4687 1.4885 -5.4383
v  1.1463 1.4089 -5.5998
v  1.2195 1.4585 -5.4609
v  1.5730 1.5340 -5.2534
v  1.0571 1.4343 -5.4769
v  1.3093 1.5195 -5.2915
v  1.3820 1.4515 -5.5925
v  1.0021 1.3788 -5.6043
v  1.1269 1.5037 -5.3187
v  0.5901 1.3793 -5.5303
v  0.3773 1.3234 -5.6599
v  0.3625 1.3832 -5.5674
v  0.1846 1.3941 -5.5992
v  0.6014 1.3147 -5.6267
v  0.1942 1.3406 -5.6917
v  1.6778 1.4931 -5.6442
v  1.3520 1.4386 -5.6460
v  1.6789 1.4940 -5.6410
v  2.0801 1.5328 -5.6315
v  1.7061 1.4992 -5.5825
v  2.0812 1.5333 -5.6281
v  1.3509 1.4374 -5.6489
v  1.8794 1.5355 -5.2117
v  1.6560 1.5723 -5.1077
v  1.9558 1.5600 -5.0538
v  2.0080 1.5809 -4.9469
v  1.7129 1.5999 -5.0084
v  1.7392 1.6134 -4.9627
v  2.0304 1.5915 -4.8984
v  2.0377 1.5976 -4.8792
v  1.7500 1.6200 -4.9436
v  1.7603 1.6269 -4.9241
v  2.0448 1.6051 -4.8601
v  2.0526 1.6190 -4.8415
v  1.7714 1.6413 -4.9039
v  1.7848 1.6699 -4.8829
v  2.0617 1.6444 -4.8234
v  2.0725 1.6681 -4.8040
v  2.0853 1.6771 -4.7811
v  2.0958 1.6783 -4.7623
v  2.1665 1.6805 -4.6663
v  2.0932 1.7186 -4.4602
v  2.3659 1.6858 -4.4011
v  2.5890 1.6930 -4.0955
v  2.3136 1.7280 -4.1595
v  3.0863 1.7213 -3.2501
v  3.0675 1.7651 -2.7140
v  3.3325 1.7280 -2.6739
v  3.5748 1.7333 -1.9656
v  2.8213 1.7591 -3.2974
v  3.3106 1.7700 -1.9958
v  3.4588 1.7733 -1.2810
v  3.7178 1.7350 -1.2648
v  3.7644 1.7348 -0.5677
v  3.5092 1.7743 -0.5677
v  4.0162 0.5944 -6.0036
v  3.9884 0.6153 -6.0066
v  3.9672 0.6042 -6.0101
v  3.9318 0.6580 -6.0147
v  3.9943 0.5837 -6.0071
v  3.9118 0.6455 -6.0181
v  4.1643 0.4650 -5.9865
v  4.2149 0.4092 -5.9807
v  4.1617 0.4645 -5.9871
v  4.1067 0.5236 -5.9933
v  4.1335 0.4594 -5.9912
v  4.1043 0.5229 -5.9939
v  4.1834 0.4079 -5.9848
v  4.0797 0.5139 -5.9980
v  1.5212 1.8546 -4.2314
v  1.8959 1.8310 -3.9547
v  1.7380 1.8274 -4.1640
v  1.9008 1.8069 -4.1134
v  1.6952 1.8569 -4.0097
v  2.0464 1.8115 -3.9134
v  2.4523 1.7369 -3.9484
v  2.8259 1.7079 -3.7215
v  2.7271 1.7005 -3.8854
v  3.0653 1.6554 -3.8158
v  2.5540 1.7451 -3.7802
v  3.1616 1.6619 -3.6532
v  3.5900 1.6039 -3.5651
v  3.5088 1.5965 -3.7243
v  4.0205 1.5110 -3.6199
v  4.0871 1.5195 -3.4652
v  4.6288 1.3942 -3.3618
v  4.5633 1.3854 -3.5120
v  5.1178 1.2368 -3.4032
v  5.1872 1.2471 -3.2580
v  5.7340 1.0970 -3.1570
v  5.6645 1.0820 -3.2960
v  6.2063 0.9106 -3.1847
v  6.2796 0.9270 -3.0485
v  6.8345 0.7202 -2.9223
v  6.7460 0.7123 -3.0638
v  7.2066 0.5312 -2.9564
v  7.3096 0.5276 -2.8077
v  1.8692 1.8592 -3.7880
v  2.0439 1.8359 -3.7471
v  2.1750 1.8184 -3.7164
v  2.6636 1.7525 -3.6080
v  2.9316 1.7147 -3.5545
v  3.2588 1.6684 -3.4897
v  3.6681 1.6112 -3.4064
v  4.1477 1.5281 -3.3115
v  4.6857 1.4038 -3.2127
v  5.2461 1.2591 -3.1143
v  5.7927 1.1145 -3.0205
v  6.3377 0.9483 -2.9215
v  6.8934 0.7386 -2.8071
v  7.3675 0.5391 -2.7041
v  7.9064 0.4762 -0.5685
v  8.0026 0.3724 -1.0120
v  7.8913 0.4702 -1.0192
v  7.8475 0.4554 -1.4950
v  8.0132 0.3757 -0.5685
v  7.9697 0.3624 -1.4811
v  7.9132 0.3463 -2.0014
v  7.7769 0.4357 -2.0215
v  7.7075 0.4167 -2.4518
v  7.8579 0.3317 -2.4252
v  7.8284 0.3261 -2.6049
v  7.6678 0.4038 -2.6394
v  7.6160 0.4007 -2.7341
v  7.7833 0.3299 -2.6941
v  7.6813 0.3437 -2.8465
v  7.5109 0.4111 -2.8859
v  7.3806 0.4312 -3.0591
v  7.5591 0.3643 -3.0193
v  7.4536 0.3884 -3.1696
v  7.2533 0.4572 -3.2182
v  7.1588 0.4790 -3.3325
v  7.3804 0.4080 -3.2741
v  7.3555 0.4146 -3.3095
v  7.1268 0.4864 -3.3712
v  7.1212 0.4877 -3.3774
v  6.7754 0.5969 -3.4660
v  7.3501 0.4159 -3.3155
v  7.3085 0.4277 -3.3631
v  7.3878 0.4031 -3.3416
v  7.3476 0.4185 -3.3942
v  7.3459 0.4194 -3.3948
v  7.3047 0.4353 -3.4477
v  7.2660 0.4436 -3.4154
v  7.3899 0.4022 -3.3409
v  7.3061 0.4344 -3.4471
v  7.2245 0.4588 -3.4669
v  7.2819 0.4415 -3.4776
v  7.2805 0.4423 -3.4782
v  7.2288 0.4539 -3.5451
v  7.2008 0.4656 -3.4961
v  7.2302 0.4530 -3.5446
v  7.1500 0.4772 -3.5607
v  6.9201 0.5453 -3.6060
v  7.0270 0.5071 -3.7184
v  6.7985 0.5764 -3.7513
v  6.5768 0.6232 -4.0052
v  6.7941 0.5551 -3.9904
v  6.4138 0.6210 -4.3972
v  6.2285 0.6823 -4.3887
v  5.8339 0.7357 -4.8029
v  5.9807 0.6827 -4.8251
v  5.5896 0.7183 -5.1607
v  5.4736 0.7656 -5.1488
v  5.2149 0.7791 -5.3839
v  5.3191 0.8271 -5.1325
v  5.3105 0.7353 -5.3787
v  4.4715 0.5760 -5.8209
v  4.4376 0.6123 -5.8249
v  4.7503 0.6879 -5.6645
v  4.7849 0.6696 -5.6602
v  5.1007 0.7195 -5.5116
v  4.8220 0.6260 -5.6567
v  4.4110 0.6283 -5.8281
v  5.0608 0.7391 -5.5168
v  5.1383 0.6705 -5.5090
v  4.0397 0.5792 -6.0007
v  4.0555 0.5648 -5.9994
v  4.0375 0.5784 -6.0013
v  4.0150 0.5679 -6.0049
v  4.0578 0.5656 -5.9988
v  4.0326 0.5544 -6.0031
v  0.1351 1.3269 -5.7364
v  0.1351 1.3236 -5.7383
v  0.1339 1.2721 -5.7614
v  0.1342 1.3236 -5.7378
v  0.1979 1.3172 -5.7275
v  0.1349 1.2720 -5.7619
v  0.1342 1.3269 -5.7359
v  0.1977 1.3203 -5.7257
v  0.2028 1.2636 -5.7535
v  0.1331 1.1254 -5.8282
v  0.1343 1.1253 -5.8288
v  0.1323 0.9787 -5.8950
v  0.2171 1.1107 -5.8276
v  0.1337 0.9785 -5.8958
v  2.0819 1.3688 -5.7952
v  2.5345 1.4900 -5.6522
v  2.5283 1.3744 -5.7792
v  2.0837 1.2349 -5.9281
v  3.0069 1.3280 -5.7606
v  2.5214 1.2459 -5.9204
v  2.0804 1.4892 -5.6756
v  3.0269 1.4404 -5.6263
v  2.9847 1.2030 -5.9101
v  1.4135 1.2469 -5.8050
v  1.6856 1.4467 -5.6868
v  1.7083 1.3187 -5.8020
v  1.4648 1.0920 -5.9315
v  1.7334 1.1764 -5.9302
v  1.3672 1.3867 -5.6909
v  3.5363 1.3317 -5.6073
v  3.4773 1.2220 -5.7460
v  3.8917 1.0892 -5.7324
v  3.4116 1.1000 -5.9002
v  4.0031 1.1946 -5.5925
v  3.7677 0.9719 -5.8879
v  5.2022 0.5477 -5.5075
v  4.8828 0.5225 -5.6525
v  4.9375 0.4217 -5.6491
v  4.5286 0.4944 -5.8142
v  5.2602 0.4271 -5.5067
v  4.5806 0.4157 -5.8081
v  4.3678 1.0595 -5.5787
v  4.2024 0.9623 -5.7170
v  4.4183 0.8579 -5.7021
v  4.0185 0.8541 -5.8708
v  4.6308 0.9452 -5.5652
v  4.1820 0.7610 -5.8544
v  4.7925 0.8707 -5.5512
v  4.5480 0.7931 -5.6899
v  4.6287 0.7512 -5.6798
v  4.2762 0.7070 -5.8441
v  4.8974 0.8191 -5.5378
v  4.3308 0.6753 -5.8375
v  4.1089 0.5241 -5.9924
v  4.0756 0.5521 -5.9969
v  4.0778 0.5526 -5.9960
v  4.1471 0.5295 -5.9743
v  4.0601 0.5661 -5.9979
v  4.1158 0.5589 -5.9779
v  4.0972 0.5727 -5.9799
v  2.9545 0.9766 -6.0687
v  2.5157 0.9405 -6.0697
v  2.5150 1.0113 -6.0696
v  2.0931 0.9945 -6.0687
v  2.0985 0.9238 -6.0688
v  1.8021 0.8663 -6.0660
v  1.7846 0.9328 -6.0660
v  1.5580 0.8448 -6.0627
v  1.5865 0.7825 -6.0624
v  1.1118 0.5629 -6.0542
v  1.1123 0.5640 -6.0549
v  1.2256 0.5617 -6.0536
v  1.1120 0.5789 -6.0559
v  1.2255 0.5626 -6.0543
v  1.2186 0.5828 -6.0553
v  3.3422 0.9695 -6.0623
v  3.3351 0.9471 -6.0633
v  3.6365 0.8471 -6.0511
v  3.6234 0.8274 -6.0530
v  3.8237 0.7392 -6.0324
v  3.8065 0.7233 -6.0352
v  3.9328 0.5535 -6.0169
v  3.8482 0.5421 -6.0297
v  3.9075 0.5731 -6.0199
v  3.8560 0.6104 -6.0275
v  3.8716 0.5235 -6.0266
v  4.1098 0.3891 -5.9932
v  4.0176 0.3903 -6.0053
v  4.1090 0.3901 -5.9940
v  4.2019 0.3886 -5.9818
v  4.0948 0.4043 -5.9963
v  4.2009 0.3898 -5.9826
v  4.0182 0.3896 -6.0046
v  4.0068 0.4008 -6.0076
v  4.0104 0.4887 -6.0094
v  3.9195 0.4835 -6.0236
v  3.9846 0.5122 -6.0125
v  3.9681 0.5254 -6.0138
v  4.0501 0.5410 -6.0014
v  3.9415 0.4636 -6.0209
v  3.9040 0.4966 -6.0243
v  1.3387 0.8377 -6.0611
v  1.2281 0.7648 -6.0615
v  1.3316 0.8550 -6.0482
v  1.2204 0.7821 -6.0495
v  0.9511 0.5647 -6.0544
v  0.9524 0.5661 -6.0551
v  0.8483 0.5672 -6.0360
v  0.9617 0.5747 -6.0561
v  0.8471 0.5657 -6.0353
v  0.8566 0.5805 -6.0372
v  4.2572 0.5454 -5.9220
v  4.2251 0.5771 -5.9259
v  4.2037 0.5917 -5.9282
v  2.9711 1.1263 -6.0020
v  2.5172 1.1670 -6.0071
v  2.0848 1.1527 -6.0096
v  1.7489 1.0889 -6.0089
v  1.4959 0.9983 -6.0083
v  3.6915 0.8998 -5.9834
v  3.3713 1.0250 -5.9948
v  4.3859 0.3876 -5.9045
v  4.3848 0.3891 -5.9053
v  4.5998 0.3863 -5.8052
v  4.3664 0.4120 -5.9077
v  4.5988 0.3880 -5.8060
v  4.0369 0.7015 -5.9479
v  3.9055 0.7877 -5.9653
v  4.1481 0.6287 -5.9344
v  4.1093 0.6541 -5.9388
v  0.6406 1.2231 -5.7041
v  0.6072 1.2877 -5.6641
v  0.7817 1.3108 -5.6513
v  0.7829 1.3082 -5.6534
v  0.8974 1.3352 -5.6532
v  0.8158 1.2438 -5.6953
v  0.6059 1.2905 -5.6622
v  0.8963 1.3377 -5.6511
v  0.9246 1.2731 -5.6947
v  5.1004 0.7896 -5.4745
v  4.9928 0.8415 -5.4883
v  5.1161 0.7854 -5.4699
v  5.1818 0.7503 -5.4640
v  4.9900 0.7738 -5.5259
v  5.2028 0.7435 -5.4589
v  2.0798 1.5310 -5.6342
v  2.5372 1.5318 -5.6053
v  2.5367 1.5301 -5.6082
v  3.0339 1.4793 -5.5796
v  3.0346 1.4810 -5.5765
v  1.3512 1.4351 -5.6514
v  1.6777 1.4911 -5.6468
v  3.5581 1.3715 -5.5559
v  3.5568 1.3698 -5.5593
v  4.0418 1.2311 -5.5440
v  4.0440 1.2327 -5.5405
v  5.2497 0.6848 -5.4577
v  5.3184 0.5569 -5.4545
v  5.3125 0.5565 -5.4573
v  5.3718 0.4290 -5.4573
v  5.2580 0.6837 -5.4546
v  5.3779 0.4291 -5.4543
v  4.4283 1.0946 -5.5271
v  4.4252 1.0931 -5.5307
v  4.7045 0.9754 -5.5177
v  4.8773 0.8975 -5.5031
v  1.2718 1.0038 -5.9366
v  1.2039 1.1763 -5.8090
v  1.0782 1.1236 -5.8126
v  1.1423 1.3335 -5.6931
v  1.1550 0.9358 -5.9419
v  1.0081 1.2960 -5.6941
v  5.1637 0.8858 -5.1153
v  4.4308 1.0951 -5.5219
v  4.0459 1.2332 -5.5357
v  3.5598 1.3719 -5.5516
v  3.0361 1.4814 -5.5725
v  2.5384 1.5322 -5.6016
v  1.1203 1.3903 -5.6506
v  1.1210 1.3917 -5.6480
v  0.9832 1.3596 -5.6485
v  0.9829 1.3580 -5.6509
v  0.6053 1.2923 -5.6602
v  0.3829 1.3009 -5.6940
v  0.3825 1.3027 -5.6921
v  0.1975 1.3222 -5.7238
v  1.7846 1.5142 -5.4137
v  5.2439 0.7265 -5.4506
v  5.3430 0.7197 -5.3769
v  5.2438 0.7259 -5.4505
v  5.2348 0.7281 -5.4548
v  5.2136 0.7411 -5.4543
v  5.3432 0.7203 -5.3770
v  4.7244 1.2206 -4.0483
v  5.2837 1.0590 -3.8808
v  5.8203 0.8953 -3.7267
v  2.4492 1.6407 -4.6741
v  2.9648 1.5845 -4.5543
v  3.5600 1.4990 -4.4032
v  4.1482 1.3724 -4.2285
v  6.3287 0.7373 -3.5864
v  2.0997 1.6787 -4.7554
v  7.4166 0.3937 -3.3092
v  7.4144 0.3946 -3.3100
v  7.4310 0.3902 -3.2934
v  7.3355 0.4194 -3.3316
v  7.4288 0.3911 -3.2942
v  2.9476 0.8716 -6.0018
v  2.5158 0.8929 -5.9540
v  2.5158 0.9021 -6.0018
v  2.9477 0.8809 -6.0496
v  2.1003 0.8854 -6.0009
v  2.5159 0.9114 -6.0496
v  2.9476 0.8623 -5.9540
v  2.1003 0.8762 -5.9531
v  2.1004 0.8947 -6.0487
v  1.8082 0.8202 -5.9503
v  1.8082 0.8294 -5.9981
v  1.5965 0.7471 -5.9944
v  1.8083 0.8388 -6.0459
v  1.5965 0.7379 -5.9466
v  1.5966 0.7564 -6.0422
v  1.4222 0.6421 -5.9426
v  1.4222 0.6514 -5.9903
v  1.3051 0.5744 -5.9872
v  1.4223 0.6606 -6.0381
v  1.3050 0.5651 -5.9394
v  1.3051 0.5836 -6.0350
v  3.5373 0.6841 -5.9978
v  3.2885 0.7766 -5.9541
v  3.2885 0.7859 -6.0019
v  3.5373 0.6935 -6.0456
v  3.2886 0.7952 -6.0497
v  3.5372 0.6749 -5.9500
v  3.9858 0.3768 -5.9413
v  3.9849 0.3681 -5.8937
v  3.9850 0.3773 -5.9415
v  3.9859 0.3860 -5.9891
v  3.9753 0.3864 -5.9438
v  3.9850 0.3865 -5.9893
v  3.9858 0.3675 -5.8935
v  3.9753 0.3772 -5.8960
v  3.9754 0.3957 -5.9916
v  4.2381 0.3751 -5.9098
v  4.2349 0.3657 -5.8626
v  4.2350 0.3751 -5.9104
v  4.2381 0.3843 -5.9576
v  4.2022 0.3753 -5.9145
v  4.2350 0.3843 -5.9582
v  4.2380 0.3657 -5.8620
v  4.2021 0.3659 -5.8667
v  4.2022 0.3845 -5.9623
v  5.3219 0.3681 -5.4204
v  5.2576 0.3593 -5.4015
v  5.3158 0.3682 -5.4235
v  5.3801 0.3770 -5.4424
v  5.2135 0.3688 -5.4683
v  5.3740 0.3771 -5.4454
v  5.2637 0.3592 -5.3985
v  5.1626 0.3599 -5.4431
v  5.2644 0.3777 -5.4935
v  0.1311 0.8671 -5.8506
v  0.1313 0.9044 -5.8037
v  0.1314 0.9136 -5.8515
v  0.1312 0.8765 -5.8986
v  0.1317 0.9657 -5.8278
v  0.1314 0.9230 -5.8993
v  0.1310 0.8535 -5.7873
v  0.1316 0.9565 -5.7800
v  0.1318 0.9750 -5.8756
v  0.1338 1.3138 -5.6687
v  0.1336 1.3063 -5.6191
v  0.1337 1.3156 -5.6669
v  0.1338 1.3231 -5.7165
v  0.1310 1.3334 -5.6348
v  0.1337 1.3248 -5.7147
v  0.1337 1.3045 -5.6210
v  0.1309 1.3241 -5.5870
v  0.1310 1.3426 -5.6826
v  0.0707 1.7133 -5.1125
v  0.0650 1.7614 -5.0230
v  0.0651 1.7707 -5.0709
v  0.0707 1.7225 -5.1603
v  0.0584 1.8423 -5.0211
v  0.0652 1.7800 -5.1187
v  0.0706 1.7040 -5.0647
v  0.0584 1.8331 -4.9733
v  0.0585 1.8517 -5.0689
v  0.0765 1.6703 -5.1551
v  0.0741 1.6750 -5.0904
v  0.0742 1.6843 -5.1382
v  0.0766 1.6795 -5.2029
v  0.0742 1.6935 -5.1861
v  0.0765 1.6610 -5.1073
v  0.0841 1.6248 -5.2102
v  0.0785 1.6486 -5.1223
v  0.0786 1.6578 -5.1701
v  0.0841 1.6342 -5.2580
v  0.0786 1.6670 -5.2179
v  0.0840 1.6156 -5.1624
v  0.1114 1.4599 -5.4208
v  0.0967 1.5402 -5.2541
v  0.0967 1.5494 -5.3019
v  0.1115 1.4692 -5.4686
v  0.0968 1.5587 -5.3497
v  0.1114 1.4506 -5.3730
v  3.7805 0.5501 -5.9723
v  3.6925 0.5962 -5.9377
v  3.6926 0.6055 -5.9855
v  3.7806 0.5593 -6.0201
v  3.6927 0.6147 -6.0334
v  3.7804 0.5408 -5.9245
v  3.9208 0.4382 -5.9569
v  3.9114 0.4377 -5.9113
v  3.9115 0.4470 -5.9591
v  3.9203 0.4479 -6.0047
v  3.9040 0.4535 -5.9594
v  3.9096 0.4579 -6.0070
v  3.9207 0.4290 -5.9091
v  3.9039 0.4442 -5.9116
v  3.9012 0.4652 -6.0073
v  3.8536 0.4964 -5.9620
v  3.8269 0.5087 -5.9174
v  3.8270 0.5180 -5.9652
v  3.8532 0.5060 -6.0098
v  3.8270 0.5272 -6.0130
v  3.8535 0.4871 -5.9142
v  0.1335 1.2590 -5.6941
v  0.1338 1.3013 -5.6229
v  0.1338 1.3105 -5.6706
v  0.1336 1.2683 -5.7419
v  0.1339 1.3199 -5.7184
v  0.1334 1.2497 -5.6463
v  0.1325 1.1032 -5.7131
v  0.1326 1.1125 -5.7609
v  0.1327 1.1217 -5.8087
v  4.2789 0.3748 -5.8900
v  4.2411 0.3657 -5.8608
v  4.2411 0.3750 -5.9086
v  4.2789 0.3841 -5.9378
v  4.2412 0.3843 -5.9564
v  4.2788 0.3655 -5.8422
v  4.1099 0.3665 -5.8781
v  4.1100 0.3758 -5.9259
v  4.0183 0.3764 -5.9373
v  4.1100 0.3851 -5.9737
v  4.0183 0.3672 -5.8895
v  4.0184 0.3856 -5.9851
v  4.5977 0.3820 -5.7868
v  4.5904 0.3728 -5.7422
v  4.3861 0.3648 -5.7894
v  4.3861 0.3741 -5.8372
v  4.3862 0.3834 -5.8850
v  4.5830 0.3635 -5.6976
v  4.8898 0.3616 -5.5620
v  4.9189 0.3707 -5.5969
v  4.9480 0.3798 -5.6318
v  0.1232 1.3754 -5.4944
v  0.1232 1.3846 -5.5422
v  0.1233 1.3940 -5.5900
v  1.2255 0.5484 -5.9863
v  1.1114 0.5402 -5.9391
v  1.1115 0.5495 -5.9869
v  1.2256 0.5576 -6.0341
v  0.9971 0.5507 -5.9874
v  1.1116 0.5587 -6.0347
v  1.2255 0.5391 -5.9385
v  0.9970 0.5414 -5.9396
v  0.9971 0.5599 -6.0352
v  0.9566 0.5419 -5.9397
v  0.9566 0.5511 -5.9875
v  0.9534 0.5511 -5.9873
v  0.9567 0.5604 -6.0353
v  0.9533 0.5419 -5.9395
v  0.9535 0.5604 -6.0351
v  0.9505 0.5419 -5.9392
v  0.9505 0.5512 -5.9870
v  0.8467 0.5522 -5.9676
v  0.9506 0.5604 -6.0348
v  0.8593 0.5428 -5.9220
v  0.8467 0.5615 -6.0157
v  0.1302 0.7241 -5.7793
v  0.1303 0.7368 -5.8435
v  0.1294 0.5941 -5.7707
v  0.1304 0.7466 -5.8922
v  0.1295 0.6071 -5.8358
v  0.1296 0.6171 -5.8852
v  0.5914 0.5453 -5.8712
v  0.5406 0.5553 -5.9102
v  0.2346 0.5583 -5.8527
v  0.5406 0.5647 -5.9589
v  0.3237 0.5478 -5.8203
v  0.2347 0.5679 -5.9021
v  2.5158 0.8922 -5.9339
v  2.1002 0.8732 -5.9336
v  2.5158 0.8899 -5.9345
v  2.9476 0.8617 -5.9339
v  2.5159 0.9072 -5.9339
v  2.1003 0.8755 -5.9330
v  2.9476 0.8594 -5.9345
v  2.9477 0.8767 -5.9339
v  2.1003 0.8905 -5.9330
v  1.8082 0.8195 -5.9302
v  1.5965 0.7349 -5.9271
v  1.8082 0.8172 -5.9308
v  1.8083 0.8345 -5.9302
v  1.5965 0.7372 -5.9265
v  1.5966 0.7522 -5.9265
v  1.4222 0.6415 -5.9225
v  1.3050 0.5622 -5.9199
v  1.4222 0.6392 -5.9231
v  1.4223 0.6565 -5.9224
v  1.3050 0.5645 -5.9193
v  1.3051 0.5795 -5.9193
v  3.2885 0.7760 -5.9340
v  3.2885 0.7737 -5.9346
v  3.5372 0.6742 -5.9299
v  3.2886 0.7909 -5.9340
v  3.5372 0.6719 -5.9305
v  3.5373 0.6892 -5.9299
v  3.9479 0.4002 -5.8831
v  3.9753 0.3764 -5.8759
v  3.9479 0.4024 -5.8825
v  3.9207 0.4260 -5.8896
v  3.9480 0.4174 -5.8825
v  3.9207 0.4283 -5.8890
v  3.9753 0.3741 -5.8765
v  3.9754 0.3914 -5.8759
v  3.9208 0.4433 -5.8890
v  4.2349 0.3628 -5.8431
v  4.2380 0.3650 -5.8419
v  4.2349 0.3651 -5.8425
v  4.2021 0.3630 -5.8472
v  4.2350 0.3801 -5.8425
v  4.2021 0.3653 -5.8466
v  4.2380 0.3628 -5.8425
v  4.2381 0.3800 -5.8419
v  4.2022 0.3803 -5.8466
v  5.2382 0.3564 -5.3906
v  5.2443 0.3587 -5.3870
v  5.2382 0.3587 -5.3900
v  5.1456 0.3570 -5.4312
v  5.2383 0.3737 -5.3900
v  5.1456 0.3593 -5.4306
v  5.2443 0.3564 -5.3876
v  5.2444 0.3737 -5.3870
v  5.1457 0.3743 -5.4306
v  3.6925 0.5956 -5.9176
v  3.6925 0.5933 -5.9183
v  3.7804 0.5401 -5.9044
v  3.6926 0.6106 -5.9176
v  3.7804 0.5379 -5.9050
v  3.7805 0.5551 -5.9044
v  3.8819 0.4602 -5.8930
v  3.9039 0.4436 -5.8915
v  3.8819 0.4625 -5.8924
v  3.8535 0.4842 -5.8947
v  3.8820 0.4775 -5.8924
v  3.8535 0.4865 -5.8941
v  3.9039 0.4413 -5.8921
v  3.9040 0.4585 -5.8915
v  3.8536 0.5015 -5.8941
v  3.8269 0.5081 -5.8973
v  3.8269 0.5058 -5.8979
v  3.8270 0.5231 -5.8973
v  4.2410 0.3627 -5.8413
v  4.2788 0.3648 -5.8221
v  4.2410 0.3650 -5.8407
v  4.2411 0.3800 -5.8407
v  4.2788 0.3625 -5.8227
v  4.2789 0.3798 -5.8221
v  4.0182 0.3664 -5.8693
v  3.9869 0.3666 -5.8732
v  3.9857 0.3645 -5.8740
v  3.9869 0.3643 -5.8739
v  3.9870 0.3816 -5.8732
v  3.9858 0.3667 -5.8734
v  4.0182 0.3641 -5.8700
v  4.0183 0.3814 -5.8693
v  3.9858 0.3817 -5.8734
v  4.3861 0.3619 -5.7699
v  4.5806 0.3628 -5.6786
v  4.3861 0.3641 -5.7693
v  4.3862 0.3791 -5.7693
v  4.5806 0.3606 -5.6792
v  4.5807 0.3778 -5.6786
v  4.8801 0.3586 -5.5468
v  4.8801 0.3609 -5.5462
v  4.8802 0.3759 -5.5462
v  1.1114 0.5372 -5.9196
v  1.2255 0.5384 -5.9184
v  1.1114 0.5395 -5.9190
v  0.9970 0.5385 -5.9201
v  1.1115 0.5545 -5.9190
v  0.9970 0.5408 -5.9195
v  1.2255 0.5362 -5.9190
v  1.2256 0.5535 -5.9184
v  0.9971 0.5558 -5.9195
v  0.9566 0.5389 -5.9202
v  0.9566 0.5412 -5.9196
v  0.9533 0.5389 -5.9201
v  0.9567 0.5562 -5.9196
v  0.9533 0.5412 -5.9194
v  0.9534 0.5562 -5.9194
v  0.9504 0.5390 -5.9198
v  0.9505 0.5413 -5.9191
v  0.9477 0.5389 -5.9188
v  0.9505 0.5563 -5.9191
v  0.9477 0.5413 -5.9188
v  0.9478 0.5563 -5.9188
v  2.9476 0.8589 -5.9364
v  2.5158 0.8895 -5.9364
v  2.1002 0.8727 -5.9355
v  2.1004 0.8981 -6.0663
v  2.5159 0.9155 -6.0691
v  2.5159 0.9148 -6.0672
v  2.9477 0.8843 -6.0672
v  2.1004 0.8987 -6.0681
v  1.8082 0.8168 -5.9327
v  1.5965 0.7345 -5.9290
v  1.5966 0.7599 -6.0598
v  1.8083 0.8428 -6.0654
v  1.8083 0.8422 -6.0635
v  1.5965 0.7605 -6.0616
v  1.4222 0.6387 -5.9250
v  1.3050 0.5617 -5.9218
v  1.3051 0.5871 -6.0526
v  1.4222 0.6647 -6.0576
v  1.4223 0.6641 -6.0557
v  1.3050 0.5877 -6.0545
v  3.5372 0.6715 -5.9324
v  3.2885 0.7732 -5.9365
v  3.2886 0.7986 -6.0673
v  3.5374 0.6969 -6.0632
v  3.9849 0.3645 -5.8761
v  3.9857 0.3640 -5.8759
v  3.9849 0.3650 -5.8742
v  3.9753 0.3737 -5.8784
v  3.9189 0.4525 -6.0224
v  3.9483 0.4254 -6.0176
v  3.9481 0.4250 -6.0158
v  3.9754 0.3991 -6.0092
v  3.9481 0.4216 -5.9982
v  3.9177 0.4542 -6.0243
v  3.9757 0.3994 -6.0110
v  4.2380 0.3623 -5.8444
v  4.2349 0.3623 -5.8450
v  4.2021 0.3625 -5.8491
v  4.2022 0.3879 -5.9799
v  4.2347 0.3885 -5.9777
v  4.2351 0.3877 -5.9758
v  4.2382 0.3877 -5.9752
v  5.2443 0.3560 -5.3895
v  5.2382 0.3560 -5.3925
v  5.1456 0.3566 -5.4331
v  5.2814 0.3810 -5.5036
v  5.3931 0.3816 -5.4563
v  5.3934 0.3803 -5.4544
v  5.3995 0.3803 -5.4514
v  5.2811 0.3822 -5.5055
v  5.3992 0.3815 -5.4533
v  0.1313 0.9010 -5.7861
v  0.1313 0.8962 -5.7883
v  0.1313 0.9005 -5.7836
v  0.1316 0.9531 -5.7624
v  0.1313 0.8958 -5.7858
v  0.1316 0.9526 -5.7599
v  0.1318 0.9785 -5.8931
v  0.1320 0.9266 -5.9189
v  0.1315 0.9264 -5.9169
v  0.1312 0.8800 -5.9163
v  0.1317 0.8802 -5.9182
v  0.1337 1.3011 -5.6034
v  0.1336 1.3024 -5.5991
v  0.1336 1.3029 -5.6016
v  0.1309 1.3207 -5.5694
v  0.1337 1.3007 -5.6009
v  0.1309 1.3203 -5.5669
v  0.1311 1.3460 -5.7002
v  0.1341 1.3287 -5.7341
v  0.1338 1.3283 -5.7323
v  0.1339 1.3265 -5.7341
v  0.1314 1.3464 -5.7020
v  0.0706 1.7005 -5.0471
v  0.0650 1.7575 -5.0029
v  0.0650 1.7580 -5.0054
v  0.0584 1.8297 -4.9557
v  0.0706 1.7000 -5.0446
v  0.0584 1.8292 -4.9532
v  0.0585 1.8551 -5.0865
v  0.0652 1.7834 -5.1363
v  0.0708 1.7259 -5.1779
v  0.0764 1.6576 -5.0897
v  0.0741 1.6711 -5.0703
v  0.0741 1.6716 -5.0728
v  0.0764 1.6571 -5.0872
v  0.0745 1.6973 -5.2055
v  0.0743 1.6969 -5.2037
v  0.0766 1.6829 -5.2205
v  0.0769 1.6834 -5.2223
v  0.0840 1.6122 -5.1448
v  0.0785 1.6447 -5.1022
v  0.0785 1.6452 -5.1047
v  0.0840 1.6117 -5.1423
v  0.0789 1.6709 -5.2374
v  0.0787 1.6706 -5.2355
v  0.0842 1.6376 -5.2755
v  0.0844 1.6379 -5.2773
v  0.1114 1.4472 -5.3554
v  0.0966 1.5363 -5.2340
v  0.0966 1.5368 -5.2365
v  0.1113 1.4467 -5.3529
v  0.0971 1.5624 -5.3691
v  0.0968 1.5621 -5.3673
v  0.1115 1.4726 -5.4861
v  0.1118 1.4729 -5.4879
v  3.7804 0.5374 -5.9069
v  3.6925 0.5928 -5.9201
v  3.6927 0.6182 -6.0510
v  3.7806 0.5627 -6.0377
v  3.9207 0.4256 -5.8915
v  3.9114 0.4348 -5.8918
v  3.9114 0.4343 -5.8937
v  3.9039 0.4408 -5.8940
v  3.8518 0.5107 -6.0275
v  3.8689 0.4970 -6.0279
v  3.8744 0.4916 -6.0259
v  3.8926 0.4760 -6.0252
v  3.8801 0.4833 -6.0080
v  3.8505 0.5124 -6.0294
v  3.8842 0.4838 -6.0273
v  3.8535 0.4837 -5.8966
v  3.8269 0.5053 -5.8998
v  3.8273 0.5311 -6.0325
v  3.8270 0.5306 -6.0306
v  0.1334 1.2463 -5.6287
v  0.1337 1.2974 -5.6028
v  0.1337 1.2979 -5.6053
v  0.1334 1.2459 -5.6262
v  0.1339 1.3233 -5.7360
v  0.1336 1.2717 -5.7595
v  0.1325 1.0993 -5.6930
v  0.1325 1.0998 -5.6955
v  0.1327 1.1252 -5.8263
v  4.2788 0.3621 -5.8246
v  4.2410 0.3623 -5.8432
v  4.2412 0.3877 -5.9740
v  4.2789 0.3875 -5.9554
v  4.1099 0.3635 -5.8586
v  4.1099 0.3631 -5.8605
v  4.0182 0.3636 -5.8718
v  3.9868 0.3898 -6.0085
v  3.9870 0.3892 -6.0065
v  3.9859 0.3894 -6.0067
v  4.0184 0.3890 -6.0027
v  3.9870 0.3858 -5.9889
v  3.9860 0.3898 -6.0081
v  4.5806 0.3601 -5.6811
v  4.3861 0.3614 -5.7718
v  4.3862 0.3868 -5.9026
v  4.6001 0.3854 -5.8033
v  4.8801 0.3582 -5.5487
v  4.9575 0.3841 -5.6470
v  4.9578 0.3831 -5.6451
v  0.1231 1.3715 -5.4743
v  0.1231 1.3720 -5.4768
v  0.1236 1.3977 -5.6095
v  0.1233 1.3974 -5.6076
v  1.2255 0.5357 -5.9209
v  1.1114 0.5368 -5.9215
v  0.9970 0.5380 -5.9220
v  0.9971 0.5634 -6.0528
v  1.1116 0.5622 -6.0523
v  1.2256 0.5611 -6.0517
v  0.9566 0.5385 -5.9221
v  0.9533 0.5385 -5.9219
v  0.9567 0.5639 -6.0529
v  0.9535 0.5639 -6.0527
v  0.9504 0.5385 -5.9216
v  0.8975 0.5390 -5.9116
v  0.8467 0.5649 -6.0334
v  0.9506 0.5639 -6.0524
v  0.1309 0.7504 -5.9121
v  0.1304 0.7501 -5.9101
v  0.1296 0.6207 -5.9034
v  0.7441 0.5405 -5.8824
v  0.9477 0.5381 -5.9188
v  0.5911 0.5418 -5.8532
v  0.1313 0.5725 -5.9012
v  0.1298 0.5697 -5.8827
v  0.1298 0.5733 -5.9009
v  0.2347 0.5714 -5.9203
v  0.1313 0.5690 -5.8830
v  3.3153 0.8841 -6.0660
v  3.5868 0.7720 -6.0584
v  3.7580 0.6787 -6.0429
v  2.5159 0.9163 -6.0697
v  2.1003 0.8996 -6.0688
v  1.8081 0.8436 -6.0660
v  1.5962 0.7612 -6.0623
v  3.8507 0.5132 -6.0299
v  3.8278 0.5315 -6.0330
v  3.9853 0.3903 -6.0087
v  3.9863 0.3904 -6.0092
v  3.9766 0.3996 -6.0115
v  3.9180 0.4550 -6.0248
v  3.8984 0.4716 -6.0269
v  3.8972 0.4736 -6.0274
v  3.8820 0.4867 -6.0280
v  3.9869 0.3674 -5.8933
v  3.9869 0.3766 -5.9411
v  4.1099 0.3658 -5.8580
v  4.1100 0.3808 -5.8580
v  3.9868 0.3638 -5.8757
v  4.1101 0.3885 -5.9913
v  1.1071 0.6636 -6.0613
v  1.0339 0.6300 -6.0615
v  1.1053 0.6790 -6.0623
v  1.1775 0.7004 -6.0612
v  1.1041 0.6808 -6.0622
v  1.1697 0.7214 -6.0623
v  1.0494 0.6316 -6.0608
v  1.0324 0.6316 -6.0615
v  1.1685 0.7232 -6.0622
v  1.3118 0.9035 -6.0115
v  1.1992 0.8304 -6.0152
v  1.4376 1.6077 -5.0546
v  1.3842 1.5709 -5.1522
v  1.2380 1.6095 -5.0835
v  1.1905 1.5647 -5.1822
v  1.4946 1.6561 -4.9506
v  1.4831 1.6398 -4.9721
v  1.2880 1.6646 -4.9799
v  1.4730 1.6326 -4.9914
v  1.2774 1.6461 -5.0023
v  1.2687 1.6385 -5.0210
v  1.4625 1.6251 -5.0099
v  1.2598 1.6301 -5.0390
v  1.5093 1.6911 -4.9252
v  1.3028 1.7053 -4.9506
v  0.7859 1.3343 -5.6117
v  0.7995 1.3971 -5.5038
v  0.9100 1.3598 -5.6073
v  0.9501 1.4186 -5.4878
v  1.0311 0.6329 -6.0612
v  1.1030 0.6824 -6.0618
v  1.1675 0.7249 -6.0617
v  1.1209 1.3879 -5.6530
v  0.9838 1.3555 -5.6531
v  0.7375 1.0357 -5.8200
v  0.9109 1.0571 -5.8167
v  1.0031 1.0930 -5.8146
v  0.7814 1.3125 -5.6491
v  0.8963 1.3393 -5.6488
v  1.3817 0.7491 -6.0603
v  1.4117 0.6868 -6.0587
v  1.2679 0.6743 -6.0587
v  1.2954 0.6104 -6.0561
v  0.5918 1.8452 -4.9489
v  0.9281 1.8075 -4.9197
v  1.1809 1.7791 -4.8978
v  2.9558 1.8244 -2.0329
v  3.0972 1.8021 -2.0185
v  2.8473 1.7974 -2.7467
v  2.5928 1.7914 -3.3390
v  2.6986 1.8199 -2.7683
v  2.4350 1.8134 -3.3680
v  3.2920 1.8062 -0.5676
v  3.2442 1.8053 -1.2926
v  3.1430 1.8274 -0.5676
v  3.0995 1.8270 -1.2997
v  2.3169 1.7764 -3.8397
v  2.1991 1.7693 -4.0201
v  2.1520 1.7978 -3.8846
v  2.0447 1.7616 -4.2344
v  2.0170 1.7923 -4.0772
v  1.8451 1.7861 -4.2949
v  2.4321 1.7841 -3.6580
v  2.2720 1.8055 -3.6941
v  1.8198 1.7517 -4.5179
v  1.6140 1.7767 -4.5609
v  1.0213 0.6013 -6.0589
v  1.1098 0.6212 -6.0586
v  1.1982 0.6415 -6.0583
v  1.4219 0.6655 -6.0582
v  1.3048 0.5885 -6.0552
v  0.1333 0.8798 -5.9191
v  0.1325 0.7502 -5.9130
v  0.2403 0.7309 -5.9314
v  0.8784 0.6164 -6.0404
v  0.9860 0.5970 -6.0587
v  0.9880 0.5962 -6.0590
v  0.9902 0.5953 -6.0591
v  2.9479 0.9152 -5.9339
v  2.5164 0.9960 -5.9338
v  2.5161 0.9457 -5.9339
v  2.1006 0.9290 -5.9330
v  2.9482 0.9655 -5.9339
v  2.1009 0.9793 -5.9329
v  1.8088 0.9234 -5.9302
v  1.8085 0.8731 -5.9302
v  1.5968 0.7908 -5.9265
v  1.5971 0.8411 -5.9264
v  1.4228 0.7453 -5.9224
v  1.4225 0.6950 -5.9224
v  1.3053 0.6180 -5.9193
v  1.3056 0.6683 -5.9192
v  3.5376 0.7277 -5.9299
v  3.2891 0.8798 -5.9339
v  3.2888 0.8295 -5.9339
v  3.5379 0.7781 -5.9299
v  3.9861 0.4203 -5.8734
v  3.9855 0.4711 -5.8736
v  3.9852 0.4208 -5.8736
v  3.9756 0.4299 -5.8759
v  3.9850 0.3823 -5.8736
v  3.9864 0.4706 -5.8734
v  3.9759 0.4802 -5.8759
v  4.2384 0.4186 -5.8419
v  4.2356 0.4689 -5.8425
v  4.2352 0.4186 -5.8425
v  4.2024 0.4188 -5.8466
v  4.2387 0.4689 -5.8419
v  4.2027 0.4691 -5.8466
v  5.2446 0.4122 -5.3870
v  5.2388 0.4626 -5.3900
v  5.2385 0.4122 -5.3900
v  5.1459 0.4128 -5.4306
v  5.2450 0.4625 -5.3870
v  5.1462 0.4631 -5.4306
v  3.7808 0.5937 -5.9044
v  3.6932 0.6994 -5.9175
v  3.6929 0.6491 -5.9175
v  3.7811 0.6440 -5.9044
v  3.9210 0.4818 -5.8890
v  3.9121 0.5409 -5.8911
v  3.9118 0.4906 -5.8911
v  3.9042 0.4971 -5.8914
v  3.9115 0.4521 -5.8912
v  3.9213 0.5321 -5.8889
v  3.9045 0.5474 -5.8914
v  3.8539 0.5400 -5.8941
v  3.8275 0.6119 -5.8973
v  3.8272 0.5616 -5.8973
v  3.8542 0.5903 -5.8941
v  4.2791 0.4183 -5.8221
v  4.2417 0.4689 -5.8407
v  4.2414 0.4186 -5.8407
v  4.2794 0.4686 -5.8221
v  4.0186 0.4199 -5.8693
v  3.9875 0.4704 -5.8732
v  3.9872 0.4201 -5.8732
v  4.0189 0.4702 -5.8693
v  4.5809 0.4164 -5.6786
v  4.3867 0.4680 -5.7693
v  4.3864 0.4177 -5.7693
v  4.5812 0.4667 -5.6786
v  4.8807 0.4648 -5.5462
v  4.8804 0.4144 -5.5462
v  1.2258 0.5920 -5.9184
v  1.1121 0.6434 -5.9190
v  1.1118 0.5931 -5.9190
v  0.9973 0.5943 -5.9195
v  1.2261 0.6423 -5.9184
v  0.9976 0.6446 -5.9195
v  0.9572 0.6450 -5.9196
v  0.9569 0.5947 -5.9196
v  0.9537 0.5948 -5.9194
v  0.9540 0.6451 -5.9194
v  0.9511 0.6451 -5.9191
v  0.9508 0.5948 -5.9191
v  0.9481 0.5948 -5.9188
v  0.9484 0.6451 -5.9188
v  4.1106 0.4697 -5.8580
v  4.1103 0.4194 -5.8580
v  0.1293 0.5756 -5.9010
v  0.1293 0.5720 -5.8827
v  0.1297 0.5600 -5.8330
v  0.1292 0.5620 -5.8331
v  0.1292 0.5491 -5.7677
v  0.2315 0.5462 -5.7865
v  1.2649 0.5611 -6.0516
v  1.2648 0.5617 -6.0535
v  1.2648 0.5576 -6.0340
v  1.2647 0.5384 -5.9183
v  1.2647 0.5362 -5.9189
v  1.2648 0.5535 -5.9183
v  1.2648 0.5484 -5.9862
v  1.2647 0.5391 -5.9384
v  1.2647 0.5357 -5.9208
v  1.2020 0.7134 -6.0612
v  1.1922 0.7362 -6.0623
v  1.1910 0.7381 -6.0622
v  1.1149 0.9125 -5.9437
v  1.1606 0.8054 -6.0166
v  1.1823 0.7570 -6.0500
v  1.1701 1.6101 -5.0934
v  1.1246 1.5626 -5.1923
v  1.0649 1.4983 -5.3279
v  1.2179 1.6674 -4.9898
v  1.2075 1.6483 -5.0126
v  1.1993 1.6404 -5.0311
v  1.1909 1.6318 -5.0489
v  1.2496 1.7523 -4.9248
v  1.2327 1.7102 -4.9592
v  0.9527 1.3685 -5.6059
v  1.0016 1.4260 -5.4824
v  1.1901 0.7398 -6.0616
v  0.9358 1.3470 -5.6510
v  0.9368 1.3445 -5.6532
v  0.9621 1.2832 -5.6945
v  1.0351 1.1055 -5.8138
v  0.9360 1.3486 -5.6486
v  1.2288 0.6488 -6.0581
v  1.2554 0.5845 -6.0552
v  1.2665 1.7694 -4.8904
v  1.3443 1.7759 -4.7944
v  2.9075 1.8321 -2.0378
v  2.6484 1.8275 -2.7756
v  2.3822 1.8208 -3.3777
v  3.0920 1.8346 -0.5676
v  3.0499 1.8344 -1.3022
v  2.0968 1.8049 -3.8995
v  1.9557 1.8000 -4.0963
v  1.7774 1.7944 -4.3154
v  2.2187 1.8126 -3.7061
v  1.5441 1.7854 -4.5754
v  1.2645 0.5625 -6.0541
v  1.2650 0.5920 -5.9183
v  1.2653 0.6423 -5.9183
v  0.5465 0.5979 -5.9812
v  0.5416 0.5710 -5.9795
v  0.5409 0.5691 -5.9787
v  0.1336 0.9263 -5.9197
v  0.2655 1.8512 -5.0447
v  0.2770 1.7733 -5.0942
v  0.0753 1.6973 -5.2059
v  0.0777 1.6834 -5.2228
v  0.0853 1.6380 -5.2778
v  0.0797 1.6710 -5.2378
v  0.1127 1.4730 -5.4884
v  0.0979 1.5625 -5.3696
v  0.1323 1.3464 -5.7025
v  0.1245 1.3978 -5.6099
v  0.3837 1.2979 -5.6959
v  0.4038 1.2385 -5.7289
v  0.4622 1.0672 -5.8242
v  0.1350 1.3287 -5.7346
v  0.2333 0.5487 -5.8031
v  0.1313 0.5593 -5.8333
v  0.5384 0.5423 -5.8431
v  0.5395 0.5423 -5.8433
v  0.5406 0.5682 -5.9768
v  0.5594 0.6737 -5.9858
v  4.1669 0.4652 -5.9855
v  4.2049 0.4683 -5.9672
v  4.2336 0.3897 -5.9785
v  5.2803 0.3848 -5.5063
v  4.9566 0.3863 -5.6478
v  3.9760 0.4306 -6.0142
v  4.0546 0.4450 -6.0027
v  4.3141 0.4772 -5.9147
v  5.3985 0.3842 -5.4541
v  5.3923 0.3843 -5.4571
v  3.9479 0.4031 -5.9026
v  3.9480 0.4124 -5.9504
v  3.9849 0.3673 -5.8736
v  3.9479 0.3997 -5.8850
v  3.9850 0.3899 -6.0069
v  3.9491 0.4257 -6.0181
v  3.9486 0.5063 -5.8824
v  3.9483 0.4560 -5.8825
v  8.0117 0.3294 -1.4853
v  8.0393 0.3372 -1.0462
v  8.0166 0.3320 -1.0425
v  8.0342 0.3355 -1.1561
v  7.9881 0.3240 -1.4789
v  8.0095 0.3284 -1.5124
v  8.0414 0.3381 -0.5685
v  7.9595 0.3140 -1.9937
v  7.9104 0.3015 -2.4158
v  7.9607 0.3147 -1.9943
v  7.9368 0.3092 -1.9869
v  7.9093 0.3008 -2.4152
v  7.8875 0.2963 -2.4093
v  7.9247 0.3105 -1.4532
v  7.7891 0.2779 -1.9429
v  7.8732 0.2957 -1.9680
v  7.8266 0.2835 -2.3927
v  7.8403 0.2926 -1.4313
v  7.7462 0.2667 -2.3708
v  8.0404 0.3388 -1.0096
v  8.0492 0.3411 -0.5685
v  8.0114 0.3305 -1.4764
v  7.9599 0.3157 -1.9947
v  7.9094 0.3025 -2.4162
v  7.8850 0.2984 -2.5926
v  7.8836 0.2994 -2.5931
v  7.8410 0.3055 -2.6804
v  7.8427 0.3045 -2.6799
v  7.7419 0.3195 -2.8325
v  7.7401 0.3205 -2.8330
v  7.6207 0.3413 -3.0056
v  7.6225 0.3403 -3.0051
v  7.5245 0.3638 -3.1523
v  7.5225 0.3648 -3.1529
v  7.4566 0.3835 -3.2540
v  7.4587 0.3826 -3.2533
v  7.4363 0.3890 -3.2876
v  7.4341 0.3899 -3.2883
v  7.1066 0.4826 -3.7068
v  7.1053 0.4834 -3.7072
v  6.8685 0.5319 -3.9853
v  6.8696 0.5312 -3.9852
v  6.4779 0.5995 -4.4002
v  6.4772 0.6001 -4.4001
v  6.0309 0.6646 -4.8327
v  6.0312 0.6641 -4.8329
v  5.6292 0.7017 -5.1648
v  5.6292 0.7022 -5.1647
v  4.3756 0.6491 -5.8322
v  4.6971 0.7156 -5.6712
v  4.0734 0.5513 -5.9974
v  4.0421 0.5798 -5.9997
v  4.0774 0.5872 -5.9819
v  3.8891 0.5091 -6.0251
v  3.9519 0.5384 -6.0150
v  4.1788 0.6083 -5.9310
v  5.2188 0.7324 -5.4592
v  5.1250 0.7839 -5.4653
v  7.0779 0.4994 -3.4256
v  7.1061 0.4914 -3.3943
v  3.8819 0.4632 -5.9125
v  3.8820 0.4724 -5.9603
v  3.9114 0.4371 -5.8912
v  3.8819 0.4598 -5.8949
v  3.9039 0.4662 -6.0248
v  3.8676 0.4991 -6.0285
v  3.8825 0.5663 -5.8923
v  3.8822 0.5160 -5.8923
v  7.8841 0.2978 -2.5922
v  7.8651 0.2940 -2.5888
v  7.8421 0.3040 -2.6796
v  7.8260 0.3010 -2.6788
v  7.4359 0.3884 -3.2874
v  7.4583 0.3821 -3.2531
v  7.4306 0.3897 -3.2932
v  7.4208 0.3857 -3.2874
v  7.4432 0.3794 -3.2531
v  7.4154 0.3870 -3.2932
v  7.5240 0.3633 -3.1521
v  7.6220 0.3398 -3.0049
v  7.5089 0.3606 -3.1521
v  7.6069 0.3371 -3.0049
v  7.7414 0.3190 -2.8323
v  7.7262 0.3163 -2.8323
v  7.4162 0.3932 -3.3090
v  7.4011 0.3905 -3.3090
v  7.3893 0.4016 -3.3406
v  7.3737 0.3989 -3.3406
v  7.7427 0.2696 -2.5668
v  7.8124 0.2834 -2.5793
v  7.7813 0.2927 -2.6764
v  7.7223 0.2818 -2.6733
v  7.4012 0.3719 -3.2531
v  7.3233 0.3683 -3.2874
v  7.3788 0.3782 -3.2874
v  7.3734 0.3795 -3.2932
v  7.3457 0.3619 -3.2531
v  7.3180 0.3695 -3.2932
v  7.5649 0.3296 -3.0049
v  7.4114 0.3432 -3.1521
v  7.4669 0.3531 -3.1521
v  7.5094 0.3196 -3.0049
v  7.6288 0.2988 -2.8324
v  7.6842 0.3088 -2.8324
v  7.3036 0.3730 -3.3090
v  7.3591 0.3829 -3.3090
v  7.3311 0.3915 -3.3406
v  7.2749 0.3817 -3.3406
v  7.3462 0.4179 -3.3940
v  7.3294 0.4152 -3.3940
v  7.3040 0.4338 -3.4470
v  7.2859 0.4311 -3.4470
v  5.6264 0.7011 -5.1648
v  6.0284 0.6635 -4.8330
v  5.6078 0.6984 -5.1648
v  5.3402 0.7191 -5.3769
v  6.0099 0.6608 -4.8330
v  5.3216 0.7165 -5.3769
v  7.1041 0.4820 -3.7067
v  7.2278 0.4523 -3.5444
v  7.0856 0.4793 -3.7068
v  6.8671 0.5305 -3.9851
v  7.2093 0.4497 -3.5444
v  6.8485 0.5279 -3.9851
v  7.2795 0.4408 -3.4774
v  7.2609 0.4381 -3.4774
v  6.4752 0.5989 -4.4002
v  6.4567 0.5962 -4.4002
v  5.2409 0.7253 -5.4504
v  5.2350 0.7255 -5.4546
v  5.2223 0.7227 -5.4504
v  5.2165 0.7229 -5.4546
v  6.9683 0.5334 -3.5481
v  6.9902 0.5274 -3.5228
v  7.0330 0.5138 -3.4752
v  7.2265 0.3987 -3.3940
v  7.2848 0.4081 -3.3940
v  7.2394 0.4243 -3.4470
v  7.1788 0.4154 -3.4470
v  5.9628 0.6541 -4.8330
v  5.4994 0.6829 -5.1648
v  5.5608 0.6917 -5.1648
v  5.2746 0.7097 -5.3769
v  5.9015 0.6453 -4.8331
v  5.2132 0.7010 -5.3769
v  7.1622 0.4429 -3.5444
v  6.9772 0.4638 -3.7068
v  7.0385 0.4726 -3.7068
v  6.8015 0.5211 -3.9851
v  7.1009 0.4342 -3.5444
v  6.7401 0.5124 -3.9851
v  7.1525 0.4226 -3.4774
v  7.2139 0.4314 -3.4774
v  6.3483 0.5807 -4.4002
v  6.4096 0.5895 -4.4002
v  5.1139 0.7072 -5.4504
v  5.1753 0.7159 -5.4504
v  5.1694 0.7161 -5.4546
v  5.1081 0.7074 -5.4546
v  7.8688 0.3007 -0.9839
v  7.9540 0.3188 -0.9963
v  7.8773 0.3029 -0.5686
v  7.9630 0.3211 -0.5685
v  2.5142 1.1010 4.9334
v  2.9614 1.0643 4.9311
v  2.5142 1.1032 4.9330
v  2.0857 1.0842 4.9324
v  2.5144 1.0757 4.9334
v  2.9612 1.0623 4.9315
v  2.0856 1.0864 4.9321
v  2.0877 1.0589 4.9324
v  2.9595 1.0380 4.9318
v  1.7607 1.0167 4.9297
v  1.7602 1.0188 4.9293
v  1.5191 0.9230 4.9268
v  1.7670 0.9929 4.9297
v  1.5181 0.9250 4.9264
v  1.5293 0.9007 4.9266
v  1.3407 0.8273 4.9258
v  1.3396 0.8292 4.9256
v  1.2302 0.7545 4.9257
v  1.3515 0.8051 4.9252
v  1.2290 0.7564 4.9255
v  1.2402 0.7318 4.9247
v  0.9674 0.5675 4.9197
v  0.9553 0.5594 4.9186
v  0.9586 0.5593 4.9188
v  1.0051 0.5685 4.9196
v  0.9572 0.5580 4.9180
v  0.9987 0.5588 4.9186
v  0.9644 0.5678 4.9196
v  0.9539 0.5580 4.9178
v  0.9975 0.5575 4.9179
v  3.2889 0.7932 4.9331
v  2.9477 0.8782 4.9326
v  3.2887 0.7925 4.9325
v  3.5379 0.6914 4.9290
v  3.2956 0.8147 4.9323
v  2.9478 0.8790 4.9333
v  3.5375 0.6907 4.9284
v  3.5503 0.7102 4.9271
v  2.9495 0.9022 4.9330
v  3.6933 0.6126 4.9165
v  3.6928 0.6120 4.9160
v  3.7813 0.5571 4.9032
v  3.7098 0.6278 4.9139
v  3.7808 0.5566 4.9027
v  3.8004 0.5690 4.9000
v  2.9616 1.0658 4.9301
v  2.5150 1.1194 4.9159
v  2.5142 1.1048 4.9319
v  2.0855 1.0881 4.9309
v  2.9640 1.0799 4.9133
v  2.0853 1.1034 4.9158
v  1.7570 1.0369 4.9135
v  1.7598 1.0207 4.9281
v  1.5174 0.9268 4.9254
v  1.5117 0.9439 4.9113
v  0.8971 0.7260 4.8725
v  1.0942 0.6925 4.9144
v  1.0696 0.7398 4.8830
v  0.8417 0.8291 4.8078
v  1.1370 0.7835 4.8808
v  1.0137 0.8489 4.8116
v  0.9506 0.6542 4.9077
v  1.1594 0.7353 4.9136
v  1.0887 0.8912 4.8084
v  3.6385 0.8430 4.9134
v  3.3505 0.9795 4.9075
v  3.3433 0.9659 4.9245
v  3.6376 0.8420 4.9142
v  3.3428 0.9647 4.9255
v  3.6522 0.8560 4.8963
v  4.2775 0.3830 4.8210
v  4.2397 0.3831 4.8396
v  4.2378 0.3819 4.8401
v  4.2408 0.3818 4.8389
v  4.2208 0.4027 4.8419
v  4.2367 0.3831 4.8408
v  4.2786 0.3817 4.8203
v  4.2586 0.4035 4.8234
v  4.2179 0.4027 4.8431
v  3.9337 0.6525 4.8775
v  3.9355 0.6533 4.8765
v  3.8471 0.7468 4.8775
v  3.8267 0.7348 4.8945
v  3.8253 0.7339 4.8953
v  3.9618 0.6641 4.8596
v  4.0206 0.5894 4.8652
v  4.0229 0.6201 4.8510
v  3.9926 0.6105 4.8682
v  4.0183 0.5887 4.8662
v  3.9905 0.6097 4.8692
v  4.0537 0.5979 4.8477
v  0.2349 0.5683 4.7861
v  0.1314 0.5695 4.7670
v  0.1302 0.5676 4.7656
v  0.1313 0.5671 4.7663
v  0.1317 0.6146 4.7694
v  0.1298 0.5694 4.7661
v  0.2348 0.5660 4.7854
v  0.2364 0.6088 4.7883
v  0.1301 0.6146 4.7685
v  0.5249 0.8822 4.7877
v  0.2408 0.8897 4.7963
v  0.5580 0.8005 4.8347
v  0.5675 0.7506 4.8487
v  0.2325 0.9493 4.7666
v  0.2430 0.8424 4.7994
v  0.8166 1.4725 4.2298
v  1.0505 1.5551 4.0680
v  0.8322 1.5494 4.1014
v  0.5749 1.4593 4.2683
v  0.8437 1.6082 4.0049
v  0.5590 1.5456 4.1457
v  1.0018 1.4874 4.2018
v  1.0875 1.6055 3.9697
v  0.5463 1.6133 4.0513
v  0.0718 1.7207 4.0448
v  0.1194 1.7757 3.9919
v  0.0662 1.7783 4.0031
v  0.0710 1.7207 4.0443
v  0.0654 1.7782 4.0026
v  0.0596 1.8500 3.9536
v  0.1259 1.7171 4.0335
v  0.1116 1.8490 3.9424
v  0.0588 1.8499 3.9531
v  2.3780 1.5457 3.7272
v  2.3288 1.5317 3.8479
v  2.7379 1.5016 3.9561
v  2.8202 1.5013 3.7547
v  3.3732 1.4425 3.6442
v  2.8781 1.5052 3.6132
v  2.2579 1.5204 4.0243
v  3.2742 1.4504 3.8744
v  3.4441 1.4377 3.4789
v  3.8214 1.3440 3.7825
v  4.4701 1.1987 3.4059
v  3.9312 1.3343 3.5226
v  4.0120 1.3271 3.3344
v  4.3436 1.2077 3.6959
v  4.5661 1.1910 3.1934
v  4.8051 1.0671 3.6301
v  5.3895 0.9294 3.2486
v  4.9660 1.0570 3.3104
v  5.0909 1.0475 3.0702
v  5.1787 0.9447 3.5963
v  5.5593 0.9133 2.9760
v  5.9760 0.7581 3.2417
v  5.9445 0.8050 2.9220
v  5.7113 0.8358 3.2332
v  5.6373 0.7990 3.6363
v  5.4374 0.8628 3.6057
v  6.2744 0.7108 2.8917
v  2.2295 1.8388 2.2709
v  2.6108 1.8306 1.6457
v  2.5001 1.8474 1.6614
v  2.0771 1.8602 2.2994
v  2.7535 1.8547 0.9179
v  2.3528 1.8699 1.6823
v  2.3439 1.8228 2.2496
v  2.8681 1.8365 0.9065
v  2.6012 1.8789 0.9330
v  4.4095 1.5435 1.3627
v  4.7733 1.4098 1.8042
v  4.9310 1.4168 1.2830
v  4.5848 1.5515 0.7088
v  5.4972 1.2693 1.2004
v  5.0950 1.4230 0.6482
v  4.2419 1.5337 1.8960
v  5.3357 1.2658 1.7123
v  5.6619 1.2715 0.5825
v  3.0084 1.8397 0.1690
v  2.8876 1.8578 0.1750
v  2.7272 1.8818 0.1829
v  1.4786 1.7884 3.4527
v  1.5436 1.8186 3.2492
v  1.2861 1.8118 3.4901
v  1.2703 1.7795 3.6666
v  1.0301 1.8429 3.5398
v  1.0521 1.8053 3.6892
v  1.7181 1.7971 3.1975
v  1.3114 1.8472 3.3179
v  0.7620 1.8397 3.7192
v  4.7021 1.5554 0.0674
v  5.2015 1.4295 0.0348
v  5.7614 1.2781 -0.0013
v  5.2594 1.0474 2.7930
v  5.8075 0.8917 2.6142
v  5.2717 1.0516 2.7691
v  4.6999 1.2038 2.9592
v  5.2805 1.0541 2.7512
v  4.7124 1.2101 2.9366
v  5.7936 0.8908 2.6394
v  5.8168 0.8916 2.5967
v  4.7212 1.2147 2.9188
v  6.5874 0.9624 1.0497
v  6.9666 0.7554 1.4468
v  7.0979 0.7663 0.9796
v  6.7536 0.9576 0.4643
v  7.5165 0.5764 0.9216
v  7.2324 0.7732 0.4181
v  6.4253 0.9615 1.5400
v  7.4224 0.5562 1.3654
v  7.6126 0.5958 0.3823
v  5.8841 1.1241 1.6264
v  6.0516 1.1239 1.1229
v  6.2224 1.1201 0.5202
v  4.1946 1.6335 0.7560
v  3.9893 1.6258 1.4313
v  3.6403 1.6809 1.4898
v  3.7866 1.6161 1.9817
v  3.8745 1.6875 0.7947
v  3.4029 1.6722 2.0563
v  6.8537 0.9571 -0.0658
v  7.3154 0.7811 -0.0888
v  7.6732 0.6124 -0.1058
v  6.3239 1.1217 -0.0357
v  4.3210 1.6355 0.0914
v  4.0092 1.6888 0.1107
v  3.5395 1.4812 3.3058
v  3.5504 1.4885 3.2878
v  2.9621 1.5785 3.4244
v  2.9546 1.5754 3.4400
v  2.4372 1.6328 3.5624
v  2.9446 1.5674 3.4589
v  3.5574 1.4927 3.2730
v  2.4460 1.6349 3.5451
v  2.4268 1.6241 3.5833
v  4.1453 1.3662 3.0986
v  4.1375 1.3613 3.1147
v  4.1256 1.3542 3.1347
v  6.8141 0.5865 2.2863
v  6.9286 0.5662 2.1596
v  6.6295 0.7106 2.0890
v  6.4861 0.7200 2.2653
v  5.9731 0.8924 2.3891
v  6.3684 0.7301 2.4032
v  7.0743 0.5432 1.9902
v  6.1076 0.8966 2.2038
v  5.8587 0.8917 2.5395
v  0.8516 1.6450 3.9462
v  1.1183 1.6456 3.8902
v  0.8548 1.6537 3.9289
v  0.5389 1.6553 3.9952
v  0.8575 1.6770 3.9051
v  0.5383 1.6652 3.9788
v  1.1114 1.6376 3.9084
v  1.1268 1.6658 3.8672
v  0.5355 1.6918 3.9541
v  2.4120 1.5810 3.6166
v  2.4063 1.5671 3.6343
v  2.9065 1.5120 3.5279
v  2.9144 1.5211 3.5075
v  3.4969 1.4467 3.3550
v  2.9238 1.5344 3.4894
v  2.4014 1.5588 3.6533
v  3.4846 1.4383 3.3776
v  3.5106 1.4583 3.3363
v  4.0672 1.3238 3.2125
v  4.6589 1.1856 3.0189
v  4.0813 1.3292 3.1882
v  4.0951 1.3375 3.1693
v  4.6431 1.1836 3.0455
v  4.6710 1.1905 3.0000
v  5.2009 1.0330 2.8894
v  5.7465 0.8822 2.7155
v  5.2206 1.0324 2.8594
v  5.2322 1.0358 2.8403
v  5.7206 0.8855 2.7503
v  5.7592 0.8841 2.6960
v  6.1821 0.7545 2.6341
v  6.6260 0.6293 2.4912
v  6.2168 0.7473 2.5927
v  6.2325 0.7461 2.5728
v  6.5829 0.6399 2.5405
v  6.6452 0.6250 2.4698
v  1.1045 1.6286 3.9256
v  0.8491 1.6349 3.9624
v  0.5406 1.6439 4.0103
v  2.3971 1.5532 3.6733
v  2.9006 1.5077 3.5504
v  3.4741 1.4358 3.4045
v  4.6180 1.1858 3.0885
v  4.0507 1.3233 3.2461
v  5.6639 0.8973 2.8235
v  5.1634 1.0388 2.9448
v  1.1382 1.7115 3.8353
v  0.8587 1.7311 3.8693
v  0.8763 1.7837 3.8272
v  0.5273 1.7534 3.9143
v  1.1553 1.7562 3.7989
v  0.4496 1.8422 3.8636
v  2.4186 1.6035 3.6005
v  2.9341 1.5517 3.4743
v  3.5256 1.4705 3.3210
v  5.7761 0.8876 2.6686
v  5.2457 1.0415 2.8174
v  4.6854 1.1969 2.9803
v  6.6853 0.6151 2.4282
v  6.2612 0.7431 2.5386
v  6.2916 0.7396 2.5017
v  6.7281 0.6043 2.3836
v  1.6348 1.7363 3.6264
v  1.3510 1.7548 3.7466
v  1.6006 1.7269 3.7218
v  1.8996 1.7056 3.5854
v  1.8416 1.7015 3.6764
v  1.9202 1.6921 3.6680
v  1.4179 1.7620 3.6507
v  1.5403 1.7183 3.7591
v  1.8295 1.7006 3.6965
v  1.3233 1.7397 3.7817
v  1.8032 1.6917 3.7240
v  5.3222 1.0564 2.6884
v  5.4369 1.0600 2.5218
v  4.7645 1.2176 2.8492
v  5.5702 1.0671 2.3204
v  4.8840 1.2203 2.6623
v  5.0220 1.2254 2.4390
v  3.3891 1.5864 2.7919
v  2.7095 1.6402 3.1901
v  3.1956 1.5825 3.0829
v  3.9194 1.5003 2.6791
v  3.0227 1.5806 3.3343
v  3.7556 1.4966 2.9531
v  2.9284 1.6452 2.8889
v  2.5145 1.6369 3.4511
v  3.6091 1.4949 3.1886
v  4.1916 1.3688 3.0214
v  4.3210 1.3708 2.8095
v  4.4678 1.3748 2.5600
v  6.7552 0.5980 2.3533
v  6.3242 0.7344 2.4563
v  6.3122 0.7365 2.4740
v  6.7699 0.5946 2.3357
v  0.2860 1.7063 4.0001
v  0.1296 1.6883 4.0591
v  0.2902 1.6780 4.0253
v  0.2923 1.6663 4.0418
v  0.1319 1.6748 4.0758
v  0.1341 1.6625 4.0908
v  0.2950 1.6542 4.0567
v  0.3028 1.6220 4.0969
v  0.1402 1.6297 4.1308
v  0.1541 1.5548 4.2228
v  0.3204 1.5492 4.1898
v  0.3421 1.4598 4.3097
v  0.1706 1.4652 4.3418
v  4.1107 1.3460 3.1522
v  6.4712 0.6693 2.6660
v  6.0964 0.7758 2.7331
v  5.0006 0.8353 4.3481
v  5.0064 0.8350 4.3434
v  4.9574 0.8898 4.2604
v  4.8861 0.8930 4.3581
v  4.7117 0.9711 4.3723
v  4.8820 0.8926 4.3631
v  5.0870 0.8316 4.2540
v  4.7729 0.9680 4.2696
v  4.7085 0.9707 4.3776
v  4.2000 1.2173 4.0332
v  4.6240 1.0780 3.9939
v  4.4802 1.0864 4.2848
v  4.9509 0.9584 3.9738
v  4.0854 1.2248 4.3053
v  3.1598 1.4620 4.1436
v  3.6955 1.3546 4.0858
v  3.5947 1.3630 4.3308
v  3.0679 1.4718 4.3614
v  2.1736 1.5208 4.2454
v  2.6423 1.5113 4.1987
v  2.5651 1.5222 4.3972
v  2.1050 1.5255 4.4288
v  1.3093 1.5138 4.1558
v  1.0571 1.4283 4.3411
v  1.2195 1.4526 4.3250
v  1.5730 1.5283 4.1178
v  1.1463 1.4029 4.4640
v  1.4687 1.4826 4.3027
v  1.1269 1.4979 4.1830
v  1.0021 1.3727 4.4685
v  1.3820 1.4454 4.4567
v  0.1846 1.3880 4.4634
v  0.3625 1.3771 4.4315
v  0.3773 1.3172 4.5241
v  0.5901 1.3733 4.3945
v  0.1942 1.3344 4.5559
v  0.6014 1.3086 4.4909
v  2.0801 1.5267 4.4958
v  2.0812 1.5272 4.4924
v  1.7061 1.4931 4.4469
v  1.6789 1.4878 4.5054
v  1.3520 1.4324 4.5101
v  1.6778 1.4869 4.5086
v  1.3509 1.4312 4.5130
v  2.0080 1.5756 3.8113
v  1.9558 1.5546 3.9181
v  1.6560 1.5668 3.9721
v  1.8794 1.5299 4.0761
v  1.7129 1.5945 3.8728
v  2.0377 1.5924 3.7435
v  2.0304 1.5862 3.7628
v  1.7392 1.6081 3.8270
v  1.7500 1.6147 3.8079
v  2.0526 1.6138 3.7059
v  2.0448 1.5999 3.7245
v  1.7603 1.6217 3.7885
v  1.7714 1.6360 3.7685
v  2.0725 1.6630 3.6686
v  2.0617 1.6392 3.6880
v  1.7848 1.6647 3.7475
v  2.0958 1.6732 3.6269
v  2.0853 1.6720 3.6457
v  2.5890 1.6887 2.9601
v  2.3659 1.6811 3.2657
v  2.0932 1.7139 3.3247
v  2.1665 1.6755 3.5309
v  2.3136 1.7236 3.0240
v  3.5748 1.7316 0.8302
v  3.3325 1.7254 1.5385
v  3.0675 1.7625 1.5786
v  3.0863 1.7180 2.1146
v  3.3106 1.7683 0.8604
v  2.8213 1.7558 2.1620
v  3.7178 1.7342 0.1294
v  3.4588 1.7724 0.1455
v  3.9318 0.6514 4.8780
v  3.9672 0.5976 4.8733
v  3.9884 0.6087 4.8698
v  4.0162 0.5878 4.8668
v  3.9118 0.6389 4.8813
v  3.9943 0.5771 4.8702
v  4.1067 0.5170 4.8565
v  4.1043 0.5163 4.8570
v  4.1335 0.4528 4.8542
v  4.1617 0.4579 4.8501
v  4.2149 0.4026 4.8437
v  4.1643 0.4584 4.8495
v  4.0797 0.5073 4.8611
v  4.1834 0.4013 4.8478
v  1.9008 1.8026 2.9782
v  1.7380 1.8230 3.0288
v  1.8959 1.8269 2.8194
v  1.5212 1.8502 3.0961
v  2.0464 1.8074 2.7781
v  1.6952 1.8527 2.8745
v  3.0653 1.6515 2.6803
v  2.7271 1.6965 2.7500
v  2.8259 1.7041 2.5860
v  2.4523 1.7328 2.8130
v  3.1616 1.6582 2.5177
v  2.5540 1.7412 2.6448
v  4.0205 1.5073 2.4842
v  3.5088 1.5927 2.5886
v  3.5900 1.6003 2.4295
v  4.0871 1.5160 2.3295
v  5.1178 1.2334 2.2672
v  4.5633 1.3818 2.3762
v  4.6288 1.3908 2.2259
v  5.1872 1.2438 2.1219
v  6.2063 0.9074 2.0483
v  5.6645 1.0787 2.1597
v  5.7340 1.0939 2.0207
v  6.2796 0.9240 1.9121
v  7.2066 0.5283 1.8196
v  6.7460 0.7093 1.9271
v  6.8345 0.7173 1.7856
v  7.3096 0.5249 1.6708
v  2.1750 1.8146 2.5811
v  2.0439 1.8320 2.6119
v  1.8692 1.8553 2.6528
v  3.2588 1.6649 2.3543
v  2.9316 1.7111 2.4190
v  2.6636 1.7488 2.4726
v  4.1477 1.5248 2.1759
v  3.6681 1.6078 2.2707
v  5.2461 1.2560 1.9782
v  4.6857 1.4006 2.0769
v  6.3377 0.9454 1.7851
v  5.7927 1.1115 1.8843
v  7.3675 0.5365 1.5673
v  6.8934 0.7359 1.6705
v  7.8475 0.4543 0.3580
v  7.8913 0.4697 -0.1179
v  8.0026 0.3719 -0.1250
v  7.9697 0.3613 0.3441
v  7.7075 0.4144 1.3147
v  7.7769 0.4339 0.8844
v  7.9132 0.3446 0.8644
v  7.8579 0.3294 1.2882
v  7.6160 0.3981 1.5971
v  7.6678 0.4013 1.5023
v  7.8284 0.3236 1.4678
v  7.7833 0.3273 1.5571
v  7.3806 0.4282 1.9221
v  7.5109 0.4083 1.7488
v  7.6813 0.3409 1.7095
v  7.5591 0.3613 1.8823
v  7.1588 0.4756 2.1955
v  7.2533 0.4540 2.0812
v  7.4536 0.3852 2.0326
v  7.3804 0.4047 2.1371
v  6.7754 0.5934 2.3292
v  7.1212 0.4844 2.2406
v  7.1268 0.4830 2.2343
v  7.3555 0.4113 2.1725
v  7.3501 0.4126 2.1785
v  7.3085 0.4243 2.2261
v  7.2660 0.4401 2.2784
v  7.3047 0.4318 2.3107
v  7.3459 0.4160 2.2578
v  7.3476 0.4151 2.2572
v  7.3878 0.3997 2.2045
v  7.2245 0.4553 2.3299
v  7.3061 0.4309 2.3101
v  7.3899 0.3988 2.2038
v  7.2008 0.4621 2.3590
v  7.2288 0.4503 2.4080
v  7.2805 0.4388 2.3411
v  7.2819 0.4380 2.3406
v  7.1500 0.4736 2.4236
v  7.2302 0.4494 2.4075
v  6.5768 0.6190 2.8684
v  6.7985 0.5725 2.6145
v  7.0270 0.5033 2.5816
v  6.9201 0.5416 2.4691
v  6.7941 0.5510 2.8536
v  5.8339 0.7306 3.6663
v  6.2285 0.6777 3.2520
v  6.4138 0.6163 3.2604
v  5.9807 0.6775 3.6885
v  5.3191 0.8216 3.9961
v  5.2149 0.7733 4.2472
v  5.4736 0.7600 4.0122
v  5.5896 0.7127 4.0240
v  5.3105 0.7295 4.2421
v  4.8220 0.6198 4.5199
v  5.1007 0.7135 4.3750
v  4.7849 0.6634 4.5235
v  4.4715 0.5696 4.6841
v  4.7503 0.6817 4.5278
v  4.4376 0.6059 4.6881
v  5.1383 0.6645 4.3724
v  5.0608 0.7331 4.3801
v  4.4110 0.6219 4.6912
v  4.0150 0.5613 4.8681
v  4.0375 0.5718 4.8645
v  4.0555 0.5582 4.8625
v  4.0397 0.5726 4.8639
v  4.0326 0.5478 4.8663
v  4.0578 0.5590 4.8620
v  0.1349 1.2657 4.6258
v  0.1979 1.3109 4.5917
v  0.1351 1.3173 4.6024
v  0.1339 1.2658 4.6253
v  0.1342 1.3173 4.6020
v  0.1351 1.3206 4.6006
v  0.2028 1.2573 4.6175
v  0.1977 1.3141 4.5898
v  0.1342 1.3206 4.6001
v  0.1337 0.9720 4.7594
v  0.2171 1.1043 4.6914
v  0.1343 1.1189 4.6926
v  0.1323 0.9722 4.7587
v  0.1331 1.1190 4.6920
v  2.5214 1.2394 4.7844
v  3.0069 1.3217 4.6248
v  2.5283 1.3681 4.6434
v  2.0837 1.2284 4.7920
v  2.5345 1.4838 4.5166
v  2.0819 1.3625 4.6593
v  2.9847 1.1965 4.7741
v  3.0269 1.4343 4.4905
v  2.0804 1.4830 4.5400
v  1.7334 1.1699 4.7942
v  1.7083 1.3124 4.6662
v  1.4648 1.0855 4.7953
v  1.6856 1.4405 4.5510
v  1.4135 1.2405 4.6690
v  1.3672 1.3805 4.5550
v  3.4116 1.0935 4.7639
v  3.8917 1.0829 4.5961
v  3.4773 1.2157 4.6099
v  3.5363 1.3256 4.4715
v  3.7677 0.9654 4.7515
v  4.0031 1.1885 4.4564
v  4.5286 0.4880 4.6774
v  4.9375 0.4155 4.5120
v  4.8828 0.5163 4.5157
v  5.2022 0.5417 4.3707
v  4.5806 0.4093 4.6711
v  5.2602 0.4211 4.3697
v  4.0185 0.8477 4.7343
v  4.4183 0.8517 4.5656
v  4.2024 0.9560 4.5806
v  4.3678 1.0534 4.4424
v  4.1820 0.7546 4.7178
v  4.6308 0.9391 4.4287
v  4.2762 0.7006 4.7075
v  4.6287 0.7450 4.5432
v  4.5481 0.7869 4.5533
v  4.7925 0.8646 4.4147
v  4.3308 0.6689 4.7009
v  4.8974 0.8131 4.4013
v  4.1158 0.5523 4.8411
v  4.0601 0.5595 4.8610
v  4.0778 0.5460 4.8592
v  4.1471 0.5229 4.8375
v  4.0756 0.5455 4.8600
v  4.1089 0.5175 4.8556
v  4.0972 0.5661 4.8430
v  2.0931 0.9878 4.9324
v  2.5150 1.0046 4.9334
v  2.5157 0.9338 4.9333
v  2.9545 0.9699 4.9323
v  2.0985 0.9171 4.9323
v  1.5580 0.8381 4.9262
v  1.7846 0.9261 4.9296
v  1.8021 0.8596 4.9296
v  1.5865 0.7758 4.9258
v  1.2255 0.5559 4.9175
v  1.1120 0.5722 4.9190
v  1.1123 0.5573 4.9180
v  1.2256 0.5550 4.9168
v  1.1118 0.5562 4.9173
v  1.2186 0.5761 4.9185
v  3.3422 0.9628 4.9258
v  3.3351 0.9404 4.9268
v  3.6365 0.8404 4.9146
v  3.6234 0.8207 4.9165
v  3.8065 0.7167 4.8985
v  3.8237 0.7326 4.8958
v  3.8560 0.6038 4.8907
v  3.9075 0.5665 4.8831
v  3.8482 0.5355 4.8928
v  3.9328 0.5469 4.8800
v  3.8716 0.5169 4.8898
v  4.2009 0.3832 4.8455
v  4.0948 0.3977 4.8592
v  4.1090 0.3835 4.8569
v  4.2019 0.3820 4.8448
v  4.0176 0.3837 4.8683
v  4.1098 0.3825 4.8562
v  4.0068 0.3942 4.8706
v  4.0182 0.3830 4.8675
v  4.0501 0.5344 4.8646
v  3.9681 0.5188 4.8769
v  3.9846 0.5056 4.8757
v  3.9195 0.4769 4.8866
v  4.0104 0.4821 4.8726
v  3.9040 0.4900 4.8875
v  3.9415 0.4570 4.8839
v  1.3316 0.8483 4.9117
v  1.2281 0.7581 4.9249
v  1.3387 0.8310 4.9247
v  1.2205 0.7754 4.9129
v  0.9617 0.5680 4.9193
v  0.8483 0.5606 4.8992
v  0.9524 0.5594 4.9183
v  0.9511 0.5580 4.9175
v  0.8566 0.5739 4.9004
v  0.8471 0.5591 4.8984
v  4.2037 0.5852 4.7914
v  4.2251 0.5706 4.7890
v  4.2572 0.5389 4.7851
v  2.0848 1.1461 4.8736
v  2.5172 1.1604 4.8710
v  2.9711 1.1197 4.8657
v  1.4959 0.9917 4.8721
v  1.7489 1.0823 4.8727
v  3.3713 1.0184 4.8585
v  3.6915 0.8933 4.8469
v  4.5988 0.3816 4.6689
v  4.3664 0.4055 4.7707
v  4.3848 0.3826 4.7683
v  4.5998 0.3799 4.6682
v  4.3859 0.3811 4.7675
v  3.9055 0.7812 4.8286
v  4.0369 0.6950 4.8113
v  4.1093 0.6476 4.8021
v  4.1481 0.6222 4.7976
v  0.8158 1.2376 4.5592
v  0.8974 1.3290 4.5174
v  0.7829 1.3020 4.5174
v  0.6406 1.2169 4.5680
v  0.7817 1.3046 4.5154
v  0.6072 1.2815 4.5281
v  0.9246 1.2669 4.5586
v  0.8963 1.3315 4.5152
v  0.6059 1.2843 4.5261
v  4.9900 0.7678 4.3893
v  5.1818 0.7444 4.3274
v  5.1004 0.7836 4.3379
v  4.9928 0.8355 4.3518
v  5.1161 0.7795 4.3333
v  5.2028 0.7376 4.3223
v  3.0339 1.4732 4.4440
v  2.5367 1.5240 4.4726
v  2.5372 1.5257 4.4697
v  2.0798 1.5249 4.4986
v  3.0346 1.4749 4.4409
v  1.6777 1.4849 4.5112
v  1.3512 1.4289 4.5155
v  4.0418 1.2251 4.4080
v  3.5568 1.3637 4.4234
v  3.5581 1.3654 4.4201
v  4.0440 1.2267 4.4045
v  5.3718 0.4231 4.3203
v  5.3125 0.5506 4.3205
v  5.3184 0.5510 4.3176
v  5.2497 0.6789 4.3211
v  5.3779 0.4232 4.3173
v  5.2580 0.6778 4.3179
v  4.7045 0.9694 4.3812
v  4.4252 1.0871 4.3945
v  4.4283 1.0886 4.3909
v  4.8773 0.8915 4.3667
v  1.1423 1.3273 4.5572
v  1.0782 1.1172 4.6764
v  1.2039 1.1699 4.6730
v  1.2718 0.9973 4.8004
v  1.0081 1.2898 4.5581
v  1.1550 0.9293 4.8055
v  5.1637 0.8803 3.9789
v  4.0459 1.2272 4.3996
v  4.4308 1.0891 4.3857
v  3.0361 1.4753 4.4369
v  3.5598 1.3658 4.4157
v  2.5384 1.5261 4.4660
v  0.9832 1.3534 4.5126
v  1.1210 1.3855 4.5122
v  1.1203 1.3841 4.5148
v  0.9829 1.3518 4.5151
v  0.1975 1.3159 4.5880
v  0.3825 1.2965 4.5561
v  0.3829 1.2947 4.5579
v  0.6053 1.2861 4.5242
v  1.7846 1.5083 4.2780
v  5.3432 0.7145 4.2404
v  5.2136 0.7352 4.3177
v  5.2439 0.7206 4.3139
v  5.3430 0.7139 4.2403
v  5.2438 0.7200 4.3138
v  5.2348 0.7222 4.3182
v  5.2837 1.0550 2.7446
v  5.8203 0.8915 2.5902
v  4.7244 1.2164 2.9122
v  3.5600 1.4943 3.2676
v  2.9648 1.5797 3.4187
v  2.4492 1.6357 3.5387
v  4.1482 1.3680 3.0927
v  6.3287 0.7336 2.4498
v  2.0997 1.6736 3.6199
v  7.4288 0.3878 2.1571
v  7.3355 0.4161 2.1945
v  7.4144 0.3913 2.1729
v  7.4310 0.3869 2.1564
v  7.4166 0.3904 2.1722
v  2.5159 0.9047 4.9132
v  2.1003 0.8788 4.8644
v  2.5158 0.8955 4.8654
v  2.9477 0.8742 4.9132
v  2.5158 0.8864 4.8176
v  2.9476 0.8650 4.8654
v  2.1004 0.8880 4.9122
v  2.1003 0.8697 4.8166
v  2.9476 0.8558 4.8176
v  1.8083 0.8321 4.9095
v  1.5965 0.7405 4.8577
v  1.8082 0.8228 4.8617
v  1.8082 0.8137 4.8138
v  1.5966 0.7498 4.9055
v  1.5965 0.7314 4.8099
v  1.4223 0.6540 4.9014
v  1.3051 0.5678 4.8504
v  1.4222 0.6448 4.8536
v  1.4222 0.6356 4.8057
v  1.3051 0.5770 4.8982
v  1.3050 0.5586 4.8026
v  3.2886 0.7885 4.9130
v  3.2885 0.7793 4.8652
v  3.5373 0.6868 4.9089
v  3.2885 0.7701 4.8174
v  3.5373 0.6775 4.8611
v  3.5372 0.6684 4.8133
v  3.9859 0.3794 4.8521
v  3.9850 0.3799 4.8522
v  3.9753 0.3799 4.8067
v  3.9850 0.3708 4.8044
v  3.9849 0.3616 4.7566
v  3.9858 0.3703 4.8043
v  3.9754 0.3891 4.8545
v  3.9753 0.3707 4.7589
v  3.9858 0.3610 4.7565
v  4.2350 0.3778 4.8212
v  4.2022 0.3688 4.7775
v  4.2350 0.3686 4.7734
v  4.2381 0.3778 4.8205
v  4.2349 0.3593 4.7256
v  4.2381 0.3686 4.7727
v  4.2022 0.3780 4.8253
v  4.2021 0.3595 4.7296
v  4.2380 0.3593 4.7249
v  5.3740 0.3712 4.3084
v  5.2135 0.3629 4.3313
v  5.3158 0.3623 4.2864
v  5.3801 0.3711 4.3054
v  5.2576 0.3534 4.2645
v  5.3219 0.3622 4.2834
v  5.2644 0.3717 4.3565
v  5.1626 0.3540 4.3061
v  5.2637 0.3533 4.2614
v  0.1314 0.9165 4.7629
v  0.1317 0.9593 4.6914
v  0.1314 0.9072 4.7151
v  0.1312 0.8700 4.7622
v  0.1313 0.8981 4.6673
v  0.1311 0.8607 4.7141
v  0.1318 0.9686 4.7392
v  0.1316 0.9502 4.6436
v  0.1310 0.8472 4.6508
v  0.1337 1.3186 4.5788
v  0.1310 1.3273 4.4989
v  0.1337 1.3094 4.5310
v  0.1338 1.3168 4.5807
v  0.1336 1.3002 4.4831
v  0.1338 1.3076 4.5329
v  0.1310 1.3364 4.5467
v  0.1309 1.3180 4.4511
v  0.1337 1.2984 4.4850
v  0.0652 1.7745 3.9832
v  0.0584 1.8369 3.8859
v  0.0651 1.7652 3.9354
v  0.0707 1.7169 4.0249
v  0.0650 1.7560 3.8876
v  0.0707 1.7078 3.9771
v  0.0585 1.8462 3.9337
v  0.0584 1.8278 3.8381
v  0.0706 1.6985 3.9293
v  0.0742 1.6879 4.0506
v  0.0742 1.6788 4.0028
v  0.0766 1.6739 4.0675
v  0.0741 1.6695 3.9550
v  0.0765 1.6647 4.0197
v  0.0765 1.6555 3.9719
v  0.0786 1.6614 4.0825
v  0.0786 1.6522 4.0347
v  0.0841 1.6285 4.1224
v  0.0785 1.6431 3.9869
v  0.0841 1.6192 4.0746
v  0.0840 1.6100 4.0268
v  0.0968 1.5529 4.2140
v  0.0967 1.5437 4.1662
v  0.1115 1.4633 4.3328
v  0.0967 1.5345 4.1184
v  0.1114 1.4540 4.2850
v  0.1114 1.4448 4.2372
v  3.6927 0.6081 4.8965
v  3.6926 0.5989 4.8487
v  3.7806 0.5527 4.8832
v  3.6926 0.5897 4.8009
v  3.7805 0.5435 4.8354
v  3.7804 0.5343 4.7876
v  3.9203 0.4413 4.8677
v  3.9096 0.4513 4.8699
v  3.9040 0.4470 4.8223
v  3.9115 0.4405 4.8220
v  3.9114 0.4312 4.7742
v  3.9208 0.4317 4.8199
v  3.9012 0.4586 4.8703
v  3.9039 0.4377 4.7745
v  3.9207 0.4225 4.7721
v  3.8270 0.5206 4.8762
v  3.8270 0.5115 4.8284
v  3.8532 0.4994 4.8730
v  3.8269 0.5022 4.7806
v  3.8536 0.4899 4.8252
v  3.8535 0.4806 4.7774
v  0.1339 1.3136 4.5825
v  0.1338 1.3043 4.5347
v  0.1336 1.2620 4.6059
v  0.1338 1.2952 4.4868
v  0.1335 1.2528 4.5581
v  0.1334 1.2435 4.5103
v  0.1327 1.1153 4.6725
v  0.1326 1.1062 4.6247
v  0.1325 1.0970 4.5769
v  4.2412 0.3778 4.8193
v  4.2411 0.3685 4.7715
v  4.2789 0.3776 4.8008
v  4.2411 0.3593 4.7237
v  4.2789 0.3683 4.7530
v  4.2788 0.3591 4.7052
v  4.1100 0.3785 4.8367
v  4.0183 0.3699 4.8002
v  4.1100 0.3693 4.7889
v  4.1099 0.3601 4.7411
v  4.0184 0.3790 4.8480
v  4.0183 0.3607 4.7524
v  4.3862 0.3769 4.7480
v  4.3861 0.3677 4.7002
v  4.5977 0.3757 4.6497
v  4.3861 0.3585 4.6524
v  4.5904 0.3665 4.6051
v  4.5830 0.3573 4.5606
v  4.9480 0.3737 4.4947
v  4.9189 0.3646 4.4599
v  4.8898 0.3555 4.4250
v  0.1233 1.3879 4.4542
v  0.1232 1.3786 4.4064
v  0.1232 1.3694 4.3586
v  1.1116 0.5521 4.8978
v  0.9971 0.5441 4.8505
v  1.1115 0.5429 4.8500
v  1.2256 0.5510 4.8973
v  1.1114 0.5337 4.8022
v  1.2255 0.5418 4.8495
v  0.9971 0.5533 4.8983
v  0.9970 0.5349 4.8027
v  1.2255 0.5326 4.8017
v  0.9567 0.5538 4.8985
v  0.9534 0.5445 4.8505
v  0.9566 0.5445 4.8507
v  0.9566 0.5354 4.8029
v  0.9535 0.5538 4.8983
v  0.9533 0.5354 4.8027
v  0.9506 0.5538 4.8980
v  0.8467 0.5457 4.8308
v  0.9505 0.5446 4.8502
v  0.9505 0.5354 4.8024
v  0.8467 0.5549 4.8788
v  0.8593 0.5363 4.7852
v  0.1295 0.6007 4.6989
v  0.1304 0.7401 4.7556
v  0.1303 0.7304 4.7068
v  0.1294 0.5878 4.6338
v  0.1302 0.7178 4.6427
v  0.1296 0.6106 4.7484
v  0.5406 0.5582 4.8221
v  0.2346 0.5519 4.7159
v  0.5406 0.5488 4.7733
v  0.5914 0.5389 4.7343
v  0.2347 0.5614 4.7653
v  0.3237 0.5414 4.6834
v  2.1003 0.8690 4.7965
v  2.5159 0.9007 4.7975
v  2.5158 0.8857 4.7975
v  2.1002 0.8667 4.7972
v  2.5158 0.8834 4.7981
v  2.9476 0.8552 4.7975
v  2.1004 0.8840 4.7965
v  2.9477 0.8702 4.7975
v  2.9476 0.8529 4.7981
v  1.5965 0.7307 4.7898
v  1.8083 0.8280 4.7937
v  1.8082 0.8130 4.7937
v  1.5965 0.7284 4.7904
v  1.8082 0.8107 4.7944
v  1.5966 0.7457 4.7898
v  1.3050 0.5580 4.7825
v  1.4223 0.6500 4.7857
v  1.4222 0.6350 4.7856
v  1.3050 0.5557 4.7831
v  1.4222 0.6327 4.7863
v  1.3051 0.5730 4.7825
v  3.2886 0.7844 4.7973
v  3.2885 0.7695 4.7973
v  3.2885 0.7672 4.7980
v  3.5372 0.6677 4.7932
v  3.5373 0.6827 4.7932
v  3.5372 0.6654 4.7939
v  3.9207 0.4195 4.7526
v  3.9207 0.4218 4.7520
v  3.9480 0.4109 4.7454
v  3.9479 0.3959 4.7454
v  3.9753 0.3700 4.7388
v  3.9479 0.3937 4.7460
v  3.9208 0.4368 4.7520
v  3.9754 0.3850 4.7388
v  3.9753 0.3677 4.7395
v  4.2021 0.3589 4.7095
v  4.2350 0.3737 4.7055
v  4.2349 0.3587 4.7055
v  4.2021 0.3566 4.7102
v  4.2380 0.3586 4.7048
v  4.2349 0.3564 4.7061
v  4.2022 0.3739 4.7095
v  4.2381 0.3736 4.7048
v  4.2380 0.3564 4.7054
v  5.1456 0.3534 4.2935
v  5.2383 0.3678 4.2530
v  5.2382 0.3528 4.2530
v  5.1456 0.3511 4.2941
v  5.2443 0.3528 4.2499
v  5.2382 0.3505 4.2536
v  5.1457 0.3684 4.2935
v  5.2444 0.3678 4.2499
v  5.2443 0.3505 4.2506
v  3.6926 0.6041 4.7808
v  3.6925 0.5891 4.7808
v  3.6925 0.5868 4.7814
v  3.7804 0.5336 4.7675
v  3.7805 0.5486 4.7675
v  3.7804 0.5314 4.7681
v  3.8535 0.4777 4.7578
v  3.8535 0.4800 4.7573
v  3.8820 0.4710 4.7553
v  3.8819 0.4560 4.7553
v  3.9039 0.4371 4.7544
v  3.8819 0.4537 4.7559
v  3.8536 0.4950 4.7573
v  3.9040 0.4520 4.7544
v  3.9039 0.4348 4.7551
v  3.8270 0.5166 4.7605
v  3.8269 0.5016 4.7605
v  3.8269 0.4993 4.7611
v  4.2411 0.3736 4.7036
v  4.2411 0.3586 4.7036
v  4.2788 0.3584 4.6851
v  4.2410 0.3563 4.7043
v  4.2789 0.3734 4.6851
v  4.2788 0.3561 4.6857
v  3.9870 0.3752 4.7362
v  3.9869 0.3602 4.7362
v  3.9857 0.3581 4.7370
v  3.9858 0.3603 4.7364
v  4.0182 0.3600 4.7323
v  3.9869 0.3579 4.7368
v  3.9858 0.3753 4.7364
v  4.0183 0.3750 4.7323
v  4.0182 0.3577 4.7329
v  4.3862 0.3728 4.6323
v  4.3861 0.3578 4.6323
v  4.5806 0.3566 4.5415
v  4.3861 0.3556 4.6329
v  4.5807 0.3716 4.5415
v  4.5806 0.3544 4.5422
v  4.8802 0.3699 4.4092
v  4.8801 0.3549 4.4092
v  4.8801 0.3526 4.4098
v  0.9970 0.5343 4.7826
v  1.1115 0.5480 4.7821
v  1.1114 0.5330 4.7821
v  0.9970 0.5320 4.7833
v  1.2255 0.5320 4.7816
v  1.1114 0.5308 4.7827
v  0.9971 0.5493 4.7826
v  1.2256 0.5470 4.7816
v  1.2255 0.5297 4.7822
v  0.9533 0.5347 4.7826
v  0.9567 0.5497 4.7828
v  0.9566 0.5347 4.7828
v  0.9533 0.5324 4.7832
v  0.9566 0.5324 4.7834
v  0.9534 0.5497 4.7826
v  0.9477 0.5348 4.7819
v  0.9505 0.5498 4.7823
v  0.9505 0.5348 4.7823
v  0.9477 0.5324 4.7819
v  0.9504 0.5325 4.7829
v  0.9478 0.5498 4.7819
v  2.1002 0.8662 4.7990
v  2.5158 0.8830 4.8000
v  2.9476 0.8524 4.8000
v  2.9477 0.8776 4.9308
v  2.5159 0.9081 4.9308
v  2.5159 0.9088 4.9326
v  2.1004 0.8914 4.9298
v  2.1004 0.8920 4.9317
v  1.5965 0.7280 4.7923
v  1.8082 0.8103 4.7962
v  1.8083 0.8355 4.9271
v  1.8083 0.8361 4.9289
v  1.5966 0.7532 4.9231
v  1.5965 0.7538 4.9250
v  1.3050 0.5552 4.7850
v  1.4222 0.6322 4.7881
v  1.4223 0.6574 4.9190
v  1.4222 0.6580 4.9209
v  1.3051 0.5804 4.9158
v  1.3050 0.5810 4.9177
v  3.2885 0.7667 4.7998
v  3.5372 0.6650 4.7957
v  3.5374 0.6902 4.9265
v  3.2886 0.7919 4.9306
v  3.9753 0.3673 4.7413
v  3.9849 0.3581 4.7390
v  3.9857 0.3576 4.7389
v  3.9849 0.3586 4.7372
v  3.9481 0.4150 4.8611
v  3.9754 0.3925 4.8721
v  3.9481 0.4184 4.8787
v  3.9483 0.4188 4.8806
v  3.9189 0.4459 4.8853
v  3.9757 0.3928 4.8740
v  3.9177 0.4476 4.8872
v  4.2021 0.3561 4.7120
v  4.2349 0.3559 4.7080
v  4.2380 0.3559 4.7073
v  4.2382 0.3811 4.8381
v  4.2351 0.3811 4.8388
v  4.2347 0.3819 4.8407
v  4.2022 0.3813 4.8429
v  5.1456 0.3507 4.2960
v  5.2382 0.3501 4.2555
v  5.2443 0.3501 4.2524
v  5.3995 0.3744 4.3144
v  5.3934 0.3744 4.3174
v  5.3931 0.3757 4.3193
v  5.2814 0.3750 4.3666
v  5.3992 0.3756 4.3163
v  5.2811 0.3762 4.3685
v  0.1313 0.8947 4.6497
v  0.1316 0.9468 4.6260
v  0.1313 0.8899 4.6519
v  0.1313 0.8942 4.6472
v  0.1316 0.9463 4.6235
v  0.1313 0.8895 4.6494
v  0.1315 0.9199 4.7805
v  0.1312 0.8735 4.7799
v  0.1320 0.9201 4.7824
v  0.1318 0.9720 4.7568
v  0.1317 0.8737 4.7818
v  0.1309 1.3146 4.4335
v  0.1336 1.2968 4.4655
v  0.1336 1.2963 4.4630
v  0.1337 1.2950 4.4674
v  0.1309 1.3142 4.4310
v  0.1337 1.2946 4.4649
v  0.1339 1.3202 4.5983
v  0.1338 1.3220 4.5964
v  0.1341 1.3224 4.5983
v  0.1311 1.3398 4.5643
v  0.1314 1.3402 4.5662
v  0.0584 1.8244 3.8205
v  0.0650 1.7526 3.8700
v  0.0650 1.7521 3.8675
v  0.0706 1.6951 3.9117
v  0.0584 1.8239 3.8180
v  0.0706 1.6946 3.9092
v  0.0708 1.7203 4.0425
v  0.0652 1.7779 4.0008
v  0.0585 1.8496 3.9513
v  0.0741 1.6661 3.9374
v  0.0741 1.6656 3.9349
v  0.0764 1.6521 3.9543
v  0.0764 1.6516 3.9518
v  0.0766 1.6773 4.0851
v  0.0743 1.6913 4.0682
v  0.0745 1.6917 4.0700
v  0.0769 1.6777 4.0869
v  0.0785 1.6397 3.9693
v  0.0785 1.6392 3.9668
v  0.0840 1.6066 4.0092
v  0.0840 1.6062 4.0067
v  0.0842 1.6319 4.1400
v  0.0787 1.6649 4.1001
v  0.0789 1.6652 4.1019
v  0.0844 1.6322 4.1418
v  0.0966 1.5311 4.1008
v  0.0966 1.5306 4.0983
v  0.1114 1.4414 4.2196
v  0.1113 1.4409 4.2171
v  0.1115 1.4666 4.3504
v  0.0968 1.5563 4.2316
v  0.0971 1.5566 4.2335
v  0.1118 1.4669 4.3522
v  3.6925 0.5863 4.7833
v  3.7804 0.5309 4.7700
v  3.7806 0.5561 4.9008
v  3.6927 0.6115 4.9141
v  3.9039 0.4343 4.7569
v  3.9114 0.4278 4.7566
v  3.9114 0.4283 4.7548
v  3.9207 0.4191 4.7545
v  3.8801 0.4767 4.8711
v  3.8926 0.4694 4.8882
v  3.8744 0.4850 4.8890
v  3.8689 0.4904 4.8911
v  3.8518 0.5041 4.8907
v  3.8842 0.4772 4.8904
v  3.8505 0.5058 4.8926
v  3.8269 0.4988 4.7630
v  3.8535 0.4772 4.7597
v  3.8270 0.5240 4.8938
v  3.8273 0.5245 4.8956
v  0.1337 1.2918 4.4692
v  0.1337 1.2913 4.4667
v  0.1334 1.2402 4.4927
v  0.1334 1.2398 4.4902
v  0.1336 1.2654 4.6235
v  0.1339 1.3170 4.6001
v  0.1325 1.0936 4.5593
v  0.1325 1.0931 4.5568
v  0.1327 1.1188 4.6901
v  4.2410 0.3559 4.7061
v  4.2788 0.3557 4.6876
v  4.2789 0.3810 4.8184
v  4.2412 0.3811 4.8369
v  4.0182 0.3572 4.7348
v  4.1099 0.3567 4.7235
v  4.1099 0.3571 4.7216
v  3.9870 0.3792 4.8519
v  4.0184 0.3824 4.8656
v  3.9870 0.3826 4.8695
v  3.9859 0.3828 4.8697
v  3.9868 0.3832 4.8714
v  3.9860 0.3832 4.8711
v  4.3861 0.3551 4.6348
v  4.5806 0.3539 4.5440
v  4.6001 0.3791 4.6662
v  4.3862 0.3803 4.7656
v  4.8801 0.3522 4.4117
v  4.9578 0.3769 4.5080
v  4.9575 0.3779 4.5100
v  0.1231 1.3660 4.3410
v  0.1231 1.3655 4.3385
v  0.1233 1.3913 4.4718
v  0.1236 1.3916 4.4736
v  0.9970 0.5315 4.7851
v  1.1114 0.5303 4.7846
v  1.2255 0.5292 4.7841
v  1.2256 0.5544 4.9149
v  1.1116 0.5555 4.9154
v  0.9971 0.5567 4.9159
v  0.9533 0.5320 4.7851
v  0.9566 0.5320 4.7852
v  0.9567 0.5572 4.9161
v  0.9535 0.5572 4.9159
v  0.8975 0.5325 4.7748
v  0.9504 0.5320 4.7848
v  0.9506 0.5572 4.9156
v  0.8467 0.5583 4.8965
v  0.1296 0.6142 4.7665
v  0.1304 0.7436 4.7735
v  0.1309 0.7439 4.7754
v  0.5911 0.5354 4.7164
v  0.7441 0.5340 4.7456
v  0.9477 0.5316 4.7819
v  0.1313 0.5625 4.7461
v  0.2347 0.5649 4.7834
v  0.1313 0.5660 4.7644
v  0.1298 0.5632 4.7459
v  0.1298 0.5668 4.7641
v  3.5868 0.7653 4.9218
v  3.3153 0.8774 4.9296
v  3.7580 0.6721 4.9063
v  2.5159 0.9096 4.9333
v  2.1003 0.8929 4.9323
v  1.8081 0.8369 4.9296
v  1.5962 0.7545 4.9256
v  3.8278 0.5249 4.8962
v  3.8507 0.5066 4.8931
v  3.9766 0.3930 4.8745
v  3.9863 0.3838 4.8722
v  3.9853 0.3837 4.8717
v  3.8820 0.4801 4.8911
v  3.8972 0.4670 4.8904
v  3.8984 0.4650 4.8898
v  3.9180 0.4484 4.8878
v  3.9869 0.3701 4.8041
v  3.9869 0.3609 4.7563
v  4.1100 0.3744 4.7210
v  4.1099 0.3594 4.7210
v  3.9868 0.3574 4.7387
v  4.1101 0.3819 4.8543
v  1.1775 0.6937 4.9246
v  1.1697 0.7147 4.9256
v  1.1041 0.6741 4.9256
v  1.1053 0.6723 4.9256
v  1.0339 0.6233 4.9247
v  1.1071 0.6569 4.9246
v  1.1685 0.7165 4.9255
v  1.0324 0.6249 4.9247
v  1.0494 0.6249 4.9240
v  1.1992 0.8238 4.8788
v  1.3118 0.8969 4.8751
v  1.1905 1.5591 4.0465
v  1.3842 1.5653 4.0166
v  1.2380 1.6040 3.9479
v  1.4376 1.6023 3.9189
v  1.2880 1.6592 3.8444
v  1.2774 1.6407 3.8669
v  1.4730 1.6272 3.8557
v  1.4831 1.6345 3.8367
v  1.4946 1.6508 3.8152
v  1.2687 1.6331 3.8855
v  1.2598 1.6247 3.9033
v  1.4625 1.6197 3.8743
v  1.3028 1.7000 3.8152
v  1.5093 1.6858 3.7898
v  0.9501 1.4126 4.3520
v  0.7995 1.3911 4.3680
v  0.9100 1.3537 4.4715
v  0.7859 1.3282 4.4759
v  1.1675 0.7182 4.9250
v  1.1030 0.6757 4.9252
v  1.0311 0.6262 4.9244
v  0.9838 1.3493 4.5173
v  1.1209 1.3817 4.5171
v  1.0031 1.0866 4.6783
v  0.9109 1.0507 4.6805
v  0.7375 1.0293 4.6838
v  0.8963 1.3331 4.5129
v  0.7814 1.3063 4.5133
v  1.2679 0.6676 4.9220
v  1.4117 0.6801 4.9221
v  1.3817 0.7424 4.9236
v  1.2954 0.6037 4.9192
v  1.1809 1.7738 3.7624
v  0.9281 1.8022 3.7844
v  0.5918 1.8399 3.8137
v  2.6986 1.8172 1.6330
v  2.5928 1.7880 2.2036
v  2.8473 1.7948 1.6112
v  2.9558 1.8226 0.8977
v  3.0972 1.8003 0.8833
v  2.4350 1.8100 2.2327
v  3.0995 1.8261 0.1645
v  3.2442 1.8044 0.1573
v  2.0170 1.7880 2.9417
v  2.0447 1.7571 3.0990
v  2.1991 1.7651 2.8847
v  2.1520 1.7938 2.7492
v  2.3169 1.7724 2.7043
v  1.8451 1.7816 3.1595
v  2.2720 1.8017 2.5588
v  2.4321 1.7804 2.5226
v  1.6140 1.7719 3.4254
v  1.8198 1.7469 3.3825
v  1.1982 0.6348 4.9215
v  1.1098 0.6145 4.9218
v  1.0213 0.5946 4.9221
v  1.3048 0.5818 4.9183
v  1.4219 0.6588 4.9216
v  0.2403 0.7244 4.7947
v  0.1325 0.7437 4.7763
v  0.1333 0.8733 4.7827
v  0.9880 0.5895 4.9222
v  0.9860 0.5903 4.9219
v  0.8784 0.6098 4.9035
v  0.9902 0.5886 4.9222
v  2.5161 0.9392 4.7975
v  2.1006 0.9225 4.7965
v  2.5164 0.9895 4.7976
v  2.9479 0.9087 4.7975
v  2.1009 0.9728 4.7965
v  2.9482 0.9590 4.7975
v  1.8085 0.8666 4.7937
v  1.5968 0.7843 4.7898
v  1.8088 0.9169 4.7937
v  1.5971 0.8346 4.7899
v  1.3053 0.6115 4.7825
v  1.4225 0.6885 4.7857
v  1.4228 0.7388 4.7857
v  1.3056 0.6618 4.7826
v  3.2888 0.8230 4.7974
v  3.2891 0.8733 4.7974
v  3.5376 0.7212 4.7932
v  3.5379 0.7716 4.7932
v  3.9850 0.3759 4.7365
v  3.9756 0.4235 4.7388
v  3.9852 0.4144 4.7365
v  3.9855 0.4647 4.7365
v  3.9861 0.4139 4.7364
v  3.9759 0.4738 4.7388
v  3.9864 0.4642 4.7364
v  4.2024 0.4124 4.7095
v  4.2352 0.4122 4.7055
v  4.2356 0.4625 4.7055
v  4.2384 0.4122 4.7048
v  4.2027 0.4627 4.7095
v  4.2387 0.4625 4.7048
v  5.1459 0.4069 4.2935
v  5.2385 0.4063 4.2530
v  5.2388 0.4567 4.2530
v  5.2446 0.4063 4.2499
v  5.1462 0.4572 4.2935
v  5.2450 0.4566 4.2499
v  3.6929 0.6426 4.7808
v  3.6932 0.6929 4.7809
v  3.7808 0.5872 4.7675
v  3.7811 0.6375 4.7675
v  3.9115 0.4456 4.7541
v  3.9042 0.4906 4.7545
v  3.9118 0.4841 4.7542
v  3.9121 0.5344 4.7542
v  3.9210 0.4753 4.7520
v  3.9045 0.5409 4.7545
v  3.9213 0.5256 4.7521
v  3.8272 0.5551 4.7605
v  3.8275 0.6054 4.7605
v  3.8539 0.5335 4.7573
v  3.8542 0.5838 4.7573
v  4.2414 0.4122 4.7036
v  4.2417 0.4625 4.7036
v  4.2791 0.4119 4.6851
v  4.2794 0.4622 4.6851
v  3.9872 0.4137 4.7362
v  3.9875 0.4640 4.7362
v  4.0186 0.4135 4.7323
v  4.0189 0.4638 4.7323
v  4.3864 0.4114 4.6323
v  4.3867 0.4617 4.6323
v  4.5809 0.4102 4.5415
v  4.5812 0.4605 4.5415
v  4.8804 0.4084 4.4092
v  4.8807 0.4588 4.4092
v  0.9973 0.5878 4.7826
v  1.1118 0.5866 4.7821
v  1.1121 0.6369 4.7821
v  1.2258 0.5855 4.7816
v  0.9976 0.6381 4.7826
v  1.2261 0.6358 4.7816
v  0.9537 0.5883 4.7826
v  0.9569 0.5882 4.7828
v  0.9572 0.6385 4.7827
v  0.9540 0.6386 4.7826
v  0.9481 0.5883 4.7819
v  0.9508 0.5883 4.7823
v  0.9511 0.6386 4.7823
v  0.9484 0.6386 4.7819
v  4.1103 0.4130 4.7210
v  4.1106 0.4633 4.7210
v  0.1293 0.5655 4.7459
v  0.1293 0.5691 4.7641
v  0.1292 0.5428 4.6308
v  0.1292 0.5556 4.6962
v  0.1297 0.5536 4.6962
v  0.2315 0.5399 4.6496
v  1.2648 0.5510 4.8971
v  1.2649 0.5544 4.9147
v  1.2648 0.5550 4.9166
v  1.2648 0.5470 4.7814
v  1.2647 0.5319 4.7814
v  1.2647 0.5297 4.7820
v  1.2647 0.5326 4.8015
v  1.2648 0.5418 4.8493
v  1.2647 0.5292 4.7839
v  1.1910 0.7314 4.9255
v  1.1922 0.7295 4.9257
v  1.2020 0.7067 4.9246
v  1.1823 0.7503 4.9133
v  1.1606 0.7988 4.8800
v  1.1149 0.9060 4.8073
v  1.0649 1.4925 4.1923
v  1.1246 1.5570 4.0567
v  1.1701 1.6046 3.9577
v  1.1993 1.6350 3.8956
v  1.2075 1.6429 3.8771
v  1.2179 1.6620 3.8543
v  1.1909 1.6264 3.9132
v  1.2327 1.7049 3.8238
v  1.2496 1.7470 3.7894
v  1.0016 1.4200 4.3466
v  0.9527 1.3624 4.4700
v  1.1901 0.7331 4.9250
v  0.9621 1.2770 4.5584
v  0.9368 1.3383 4.5173
v  0.9358 1.3408 4.5151
v  1.0351 1.0991 4.6776
v  0.9360 1.3424 4.5128
v  1.2554 0.5778 4.9183
v  1.2288 0.6421 4.9214
v  1.3443 1.7708 3.6590
v  1.2665 1.7642 3.7549
v  2.6484 1.8248 1.6404
v  2.3822 1.8174 2.2424
v  2.9075 1.8303 0.9026
v  3.0499 1.8335 0.1670
v  1.7774 1.7899 3.1800
v  1.9557 1.7957 2.9610
v  2.0968 1.8009 2.7643
v  2.2187 1.8088 2.5709
v  1.5441 1.7805 3.4400
v  1.2645 0.5558 4.9173
v  1.2654 0.6358 4.7814
v  1.2650 0.5855 4.7814
v  0.5409 0.5625 4.8419
v  0.5416 0.5644 4.8427
v  0.5465 0.5913 4.8444
v  0.1336 0.9198 4.7833
v  0.2770 1.7678 3.9587
v  0.2655 1.8458 3.9095
v  0.0753 1.6917 4.0705
v  0.0777 1.6777 4.0873
v  0.0797 1.6653 4.1024
v  0.0853 1.6323 4.1422
v  0.0979 1.5567 4.2339
v  0.1127 1.4670 4.3527
v  0.1245 1.3917 4.4741
v  0.1323 1.3402 4.5666
v  0.4038 1.2322 4.5929
v  0.3837 1.2917 4.5598
v  0.4622 1.0608 4.6880
v  0.1350 1.3224 4.5987
v  0.1313 0.5529 4.6965
v  0.2333 0.5424 4.6663
v  0.5395 0.5359 4.7065
v  0.5384 0.5359 4.7063
v  0.5406 0.5616 4.8400
v  0.5594 0.6671 4.8492
v  4.2049 0.4618 4.8302
v  4.1669 0.4586 4.8485
v  4.2336 0.3831 4.8415
v  4.9566 0.3801 4.5107
v  5.2803 0.3788 4.3693
v  4.0546 0.4384 4.8657
v  3.9760 0.4240 4.8772
v  4.3141 0.4707 4.7776
v  5.3923 0.3784 4.3201
v  5.3985 0.3783 4.3171
v  3.9480 0.4059 4.8133
v  3.9479 0.3966 4.7655
v  3.9849 0.3609 4.7365
v  3.9479 0.3932 4.7479
v  3.9850 0.3833 4.8698
v  3.9491 0.4191 4.8811
v  3.9483 0.4495 4.7454
v  3.9486 0.4998 4.7455
v  8.0095 0.3273 0.3753
v  8.0166 0.3314 -0.0945
v  8.0342 0.3348 0.0190
v  8.0117 0.3283 0.3483
v  8.0393 0.3366 -0.0909
v  7.9881 0.3229 0.3419
v  7.9093 0.2986 1.2780
v  7.9368 0.3075 0.8497
v  7.9595 0.3123 0.8565
v  7.9104 0.2993 1.2785
v  7.9607 0.3130 0.8570
v  7.8875 0.2941 1.2720
v  7.8266 0.2813 1.2555
v  7.8732 0.2940 0.8307
v  7.7891 0.2762 0.8057
v  7.9247 0.3094 0.3160
v  7.7462 0.2645 1.2335
v  7.8403 0.2915 0.2940
v  8.0114 0.3294 0.3394
v  8.0404 0.3383 -0.1274
v  7.9094 0.3003 1.2790
v  7.9599 0.3140 0.8574
v  7.8410 0.3029 1.5432
v  7.8836 0.2969 1.4559
v  7.8850 0.2959 1.4554
v  7.8427 0.3019 1.5426
v  7.6207 0.3383 1.8686
v  7.7401 0.3178 1.6959
v  7.7419 0.3168 1.6954
v  7.6225 0.3373 1.8681
v  7.4566 0.3802 2.1170
v  7.5225 0.3617 2.0158
v  7.5245 0.3607 2.0153
v  7.4587 0.3793 2.1163
v  7.4341 0.3866 2.1513
v  7.4363 0.3857 2.1506
v  6.8685 0.5278 2.8485
v  7.1053 0.4796 2.5703
v  7.1066 0.4788 2.5699
v  6.8696 0.5271 2.8483
v  6.0309 0.6594 3.6961
v  6.4772 0.5954 3.2633
v  6.4779 0.5948 3.2633
v  6.0312 0.6589 3.6963
v  5.6292 0.6966 4.0281
v  5.6292 0.6961 4.0282
v  4.6972 0.7094 4.5345
v  4.3756 0.6427 4.6954
v  4.0734 0.5447 4.8606
v  4.0774 0.5806 4.8451
v  4.0421 0.5732 4.8629
v  3.9519 0.5318 4.8782
v  3.8891 0.5025 4.8883
v  4.1788 0.6018 4.7941
v  5.2188 0.7265 4.3226
v  5.1250 0.7780 4.3287
v  7.1061 0.4880 2.2575
v  7.0779 0.4959 2.2888
v  3.8820 0.4659 4.8232
v  3.8819 0.4567 4.7754
v  3.9114 0.4306 4.7541
v  3.8819 0.4533 4.7578
v  3.9039 0.4596 4.8878
v  3.8676 0.4925 4.8917
v  3.8822 0.5095 4.7554
v  3.8825 0.5598 4.7554
v  7.8421 0.3014 1.5424
v  7.8651 0.2915 1.4516
v  7.8841 0.2953 1.4550
v  7.8260 0.2984 1.5416
v  7.4359 0.3851 2.1503
v  7.4306 0.3864 2.1562
v  7.4208 0.3824 2.1503
v  7.4583 0.3788 2.1161
v  7.4154 0.3837 2.1562
v  7.4432 0.3761 2.1161
v  7.5089 0.3575 2.0151
v  7.5240 0.3602 2.0151
v  7.6220 0.3368 1.8679
v  7.6069 0.3341 1.8679
v  7.7262 0.3136 1.6951
v  7.7414 0.3163 1.6952
v  7.3893 0.3982 2.2036
v  7.4011 0.3872 2.1720
v  7.4162 0.3899 2.1720
v  7.3737 0.3955 2.2036
v  7.7813 0.2901 1.5392
v  7.8124 0.2810 1.4421
v  7.7427 0.2672 1.4296
v  7.7223 0.2792 1.5361
v  7.3734 0.3762 2.1562
v  7.3788 0.3749 2.1503
v  7.3233 0.3650 2.1503
v  7.4012 0.3686 2.1161
v  7.3180 0.3662 2.1562
v  7.3457 0.3586 2.1161
v  7.4669 0.3500 2.0151
v  7.4114 0.3401 2.0151
v  7.5649 0.3266 1.8679
v  7.5094 0.3166 1.8679
v  7.6842 0.3061 1.6951
v  7.6288 0.2961 1.6951
v  7.3311 0.3881 2.2036
v  7.3591 0.3796 2.1720
v  7.3036 0.3697 2.1720
v  7.2749 0.3783 2.2036
v  7.3040 0.4303 2.3099
v  7.3294 0.4118 2.2569
v  7.3462 0.4145 2.2569
v  7.2859 0.4276 2.3099
v  5.3402 0.7133 4.2403
v  5.6078 0.6928 4.0282
v  5.6264 0.6955 4.0282
v  6.0284 0.6583 3.6963
v  5.3216 0.7107 4.2403
v  6.0099 0.6556 3.6963
v  6.8671 0.5264 2.8483
v  7.0856 0.4755 2.5697
v  7.1041 0.4782 2.5697
v  7.2278 0.4487 2.4073
v  6.8485 0.5238 2.8483
v  7.2093 0.4461 2.4073
v  7.2609 0.4346 2.3404
v  7.2795 0.4373 2.3404
v  6.4567 0.5915 3.2634
v  6.4752 0.5942 3.2634
v  5.2409 0.7194 4.3138
v  5.2351 0.7196 4.3180
v  5.2223 0.7168 4.3138
v  5.2165 0.7170 4.3180
v  6.9902 0.5238 2.3859
v  6.9683 0.5298 2.4112
v  7.0330 0.5103 2.3384
v  7.2394 0.4208 2.3099
v  7.2848 0.4047 2.2569
v  7.2265 0.3953 2.2569
v  7.1788 0.4119 2.3099
v  5.5608 0.6861 4.0282
v  5.2746 0.7039 4.2403
v  5.4994 0.6773 4.0282
v  5.9628 0.6489 3.6963
v  5.2132 0.6952 4.2403
v  5.9015 0.6401 3.6962
v  6.8015 0.5170 2.8483
v  7.0385 0.4688 2.5697
v  6.9772 0.4600 2.5697
v  7.1622 0.4393 2.4073
v  6.7401 0.5083 2.8483
v  7.1009 0.4306 2.4073
v  7.2139 0.4279 2.3404
v  7.1525 0.4191 2.3404
v  6.4096 0.5848 3.2634
v  6.3483 0.5760 3.2634
v  5.1694 0.7102 4.3180
v  5.1753 0.7100 4.3138
v  5.1139 0.7013 4.3138
v  5.1081 0.7015 4.3180
v  7.9540 0.3183 -0.1407
v  7.8688 0.3002 -0.1534
# 3377 vertices

vn 0.0263 0.0973 -0.9949
vn 0.0011 0.0002 -1.0000
vn 0.0027 0.0889 -0.9960
vn 0.0774 0.3940 -0.9158
vn 0.0095 0.3831 -0.9237
vn -0.0160 0.0875 -0.9960
vn 0.0099 0.0093 -0.9999
vn -0.0050 -0.0006 -1.0000
vn -0.0507 0.3681 -0.9284
vn -0.0099 -0.0029 -0.9999
vn -0.0347 0.0830 -0.9959
vn -0.1110 0.3413 -0.9334
vn -0.0393 0.0664 -0.9970
vn -0.0061 -0.0088 -0.9999
vn -0.1419 0.2905 -0.9463
vn 0.0061 -0.0204 -0.9998
vn -0.0259 0.0382 -0.9989
vn -0.1342 0.2204 -0.9661
vn -0.0080 0.0126 -0.9999
vn 0.0172 -0.0330 -0.9993
vn -0.1034 0.1589 -0.9819
vn 0.0004 -0.3091 -0.9510
vn -0.0275 -0.7341 -0.6785
vn -0.0259 -0.2825 -0.9589
vn 0.0069 -0.0992 -0.9950
vn -0.0778 -0.2310 -0.9698
vn -0.0195 -0.0950 -0.9953
vn -0.0065 -0.7588 -0.6512
vn -0.0645 -0.7145 -0.6966
vn -0.0786 -0.0324 -0.9964
vn -0.0462 -0.2975 -0.9536
vn 0.0244 0.0366 -0.9990
vn -0.0813 -0.2757 -0.9578
vn -0.1282 -0.8050 -0.5793
vn -0.2507 -0.7784 -0.5755
vn -0.0751 -0.2616 -0.9622
vn 0.0046 0.0105 -0.9999
vn 0.0733 0.0485 -0.9961
vn -0.3143 -0.7520 -0.5794
vn 0.1324 0.0288 -0.9908
vn -0.0503 -0.2744 -0.9603
vn -0.3530 -0.7424 -0.5694
vn -0.0534 -0.2960 -0.9537
vn 0.1579 0.0122 -0.9874
vn -0.3983 -0.7332 -0.5512
vn 0.0168 0.6579 -0.7529
vn -0.0801 0.6254 -0.7762
vn 0.0214 0.7391 -0.6733
vn 0.1217 0.6702 -0.7322
vn -0.0851 0.7022 -0.7069
vn 0.1354 0.7491 -0.6484
vn -0.1752 0.5708 -0.8022
vn -0.2354 0.4961 -0.8358
vn -0.1889 0.6399 -0.7449
vn -0.2521 0.5625 -0.7875
vn -0.1510 0.4867 -0.8604
vn -0.2624 0.4535 -0.8517
vn -0.1770 0.4779 -0.8604
vn -0.0221 0.5183 -0.8549
vn -0.2075 0.4475 -0.8699
vn -0.0587 0.4542 -0.8890
vn -0.2254 0.4683 -0.8543
vn -0.2785 0.4427 -0.8523
vn -0.1304 0.2508 -0.9592
vn 0.2274 0.6246 -0.7471
vn 0.2073 0.2983 -0.9317
vn 0.1457 0.3645 -0.9197
vn 0.2495 0.7028 -0.6662
vn 0.3073 0.5225 -0.7953
vn 0.3347 0.6000 -0.7267
vn 0.3837 0.2618 -0.8856
vn 0.4027 0.0328 -0.9148
vn 0.2328 -0.6537 -0.7201
vn 0.2885 -0.0752 -0.9545
vn 0.3258 -0.6090 -0.7232
vn 0.4408 0.0692 -0.8949
vn 0.2822 0.1615 -0.9457
vn 0.4162 0.2785 -0.8656
vn 0.3518 -0.5973 -0.7207
vn 0.3643 0.3948 -0.8434
vn 0.2819 0.1817 -0.9421
vn 0.2650 0.2225 -0.9382
vn 0.3898 0.4573 -0.7994
vn 0.3686 0.3192 -0.8731
vn 0.3890 0.3656 -0.8456
vn 0.2679 0.1977 -0.9430
vn 0.3488 0.3223 -0.8800
vn 0.2585 0.2068 -0.9436
vn 0.3678 0.3622 -0.8565
vn 0.3387 0.3267 -0.8823
vn 0.3601 0.3664 -0.8579
vn -0.3459 -0.0469 -0.9371
vn -0.3464 -0.1677 -0.9230
vn -0.6954 -0.4111 -0.5894
vn -0.7731 -0.1589 -0.6141
vn -0.1804 -0.1720 -0.9684
vn -0.3511 -0.5812 -0.7342
vn -0.7948 -0.0273 -0.6063
vn -0.1808 -0.0471 -0.9824
vn -0.1484 -0.6224 -0.7685
vn -0.1056 0.1472 -0.9835
vn -0.0183 0.3835 -0.9234
vn -0.0355 0.2615 -0.9645
vn 0.0401 0.4992 -0.8656
vn -0.1385 0.0137 -0.9903
vn 0.0378 0.4448 -0.8948
vn 0.1007 0.8184 -0.5658
vn 0.0900 0.8416 -0.5326
vn 0.0645 0.8505 -0.5221
vn 0.0710 0.8311 -0.5516
vn 0.0400 0.8848 -0.4642
vn 0.0137 0.8676 -0.4970
vn 0.1190 0.8086 -0.5762
vn 0.0721 0.8747 -0.4792
vn -0.0095 0.8983 -0.4393
vn -0.1515 0.5612 -0.8137
vn -0.8251 0.2926 -0.4833
vn -0.8264 0.2701 -0.4941
vn -0.1934 0.5459 -0.8152
vn 0.1987 0.5726 -0.7954
vn -0.1363 0.6145 -0.7771
vn -0.8842 0.2073 -0.4185
vn 0.1907 0.5626 -0.8044
vn 0.1999 0.6248 -0.7548
vn 0.1160 0.9903 -0.0771
vn 0.1606 0.9863 -0.0385
vn 0.0972 0.9939 -0.0530
vn 0.1125 0.9799 -0.1648
vn 0.0736 0.9972 -0.0145
vn 0.0839 0.9890 -0.1220
vn 0.1682 0.9848 -0.0435
vn 0.1503 0.9883 -0.0275
vn 0.0450 0.9971 -0.0610
vn 0.2285 0.9717 -0.0595
vn 0.2292 0.9715 -0.0603
vn 0.2754 0.9571 -0.0900
vn 0.2308 0.9711 -0.0610
vn 0.2697 0.9592 -0.0854
vn 0.2834 0.9544 -0.0942
vn 0.2899 0.9512 -0.1060
vn 0.2987 0.9471 -0.1175
vn 0.2953 0.9461 -0.1331
vn 0.3120 0.9416 -0.1263
vn 0.2892 0.9511 -0.1087
vn 0.3090 0.9397 -0.1465
vn 0.2873 0.9463 -0.1484
vn 0.2800 0.9516 -0.1270
vn 0.2914 0.9399 -0.1777
vn 0.2808 0.9551 -0.0942
vn 0.2869 0.9485 -0.1343
vn 0.2880 0.9528 -0.0958
vn 0.1618 0.9837 -0.0790
vn 0.1610 0.9857 -0.0488
vn 0.1606 0.9842 -0.0744
vn 0.1560 0.9828 -0.0988
vn 0.1602 0.9844 -0.0729
vn 0.1549 0.9836 -0.0927
vn 0.1610 0.9856 -0.0519
vn 0.1614 0.9857 -0.0492
vn 0.1545 0.9838 -0.0912
vn 0.2571 0.9643 -0.0641
vn 0.2629 0.9614 -0.0813
vn 0.2556 0.9632 -0.0828
vn 0.2304 0.9713 -0.0591
vn 0.2540 0.9617 -0.1030
vn 0.2255 0.9709 -0.0801
vn 0.2654 0.9620 -0.0637
vn 0.2647 0.9584 -0.1068
vn 0.2197 0.9706 -0.0980
vn 0.1484 0.9887 -0.0188
vn 0.1419 0.9899 0.0002
vn 0.1495 0.9886 -0.0191
vn 0.1495 0.9886 -0.0200
vn 0.1404 0.9901 0.0001
vn 0.1354 0.9743 -0.1801
vn 0.1366 0.9691 -0.2052
vn 0.1518 0.9638 -0.2190
vn 0.1572 0.9659 -0.2056
vn 0.1721 0.9677 -0.1843
vn 0.1553 0.9701 -0.1865
vn 0.1305 0.9656 -0.2247
vn 0.1763 0.9608 -0.2140
vn 0.1717 0.9690 -0.1774
vn 0.2526 0.9676 -0.0000
vn 0.2659 0.9632 -0.0387
vn 0.2548 0.9663 -0.0374
vn 0.2236 0.9747 0.0002
vn 0.2281 0.9731 -0.0320
vn 0.2662 0.9639 0.0002
vn 0.3555 0.8394 -0.4112
vn 0.3487 0.8900 -0.2937
vn 0.3486 0.8833 -0.3135
vn 0.3609 0.8057 -0.4696
vn 0.3326 0.9229 -0.1941
vn 0.3539 0.8590 -0.3699
vn 0.3540 0.8485 -0.3933
vn 0.3312 0.9285 -0.1679
vn 0.3422 0.9022 -0.2625
vn 0.3967 0.9135 -0.0904
vn 0.4543 0.8827 -0.1205
vn 0.3952 0.9110 -0.1175
vn 0.3334 0.9398 -0.0752
vn 0.3987 0.9014 -0.1690
vn 0.3353 0.9368 -0.0999
vn 0.4731 0.8756 -0.0980
vn 0.4358 0.8849 -0.1645
vn 0.3411 0.9285 -0.1465
vn 0.2835 0.9568 -0.0645
vn 0.2818 0.9558 -0.0843
vn 0.2857 0.9507 -0.1206
vn 0.1785 0.9795 -0.0934
vn 0.1602 0.9845 -0.0710
vn 0.1847 0.9799 -0.0748
vn 0.1915 0.9801 -0.0526
vn 0.1602 0.9829 -0.0908
vn 0.1621 0.9856 -0.0484
vn 0.3918 0.9201 -0.0004
vn 0.4883 0.8707 -0.0593
vn 0.3941 0.9174 -0.0549
vn 0.3285 0.9445 -0.0000
vn 0.3303 0.9429 -0.0437
vn 0.4954 0.8687 0.0002
vn 0.2853 0.9584 -0.0000
vn 0.2853 0.9577 -0.0381
vn 0.1625 0.9865 -0.0215
vn 0.1892 0.9816 -0.0252
vn 0.1854 0.9827 -0.0000
vn 0.1641 0.9864 -0.0000
vn 0.2492 0.7306 -0.6357
vn 0.1801 0.9268 -0.3296
vn 0.2091 0.8994 -0.3838
vn 0.2983 0.7274 -0.6180
vn 0.1888 0.9406 -0.2822
vn 0.2753 0.8531 -0.4431
vn 0.2343 0.7299 -0.6421
vn 0.1515 0.9696 -0.1923
vn 0.2639 0.8861 -0.3810
vn 0.3460 0.7548 -0.5573
vn 0.3338 0.8267 -0.4529
vn 0.3295 0.8458 -0.4196
vn 0.3558 0.9037 -0.2380
vn 0.3541 0.8945 -0.2728
vn 0.3643 0.8984 -0.2453
vn 0.3446 0.9240 -0.1660
vn 0.3776 0.8899 -0.2559
vn 0.3617 0.9141 -0.1835
vn 0.3530 0.8952 -0.2721
vn 0.3596 0.8895 -0.2818
vn 0.3778 0.9036 -0.2019
vn 0.1400 0.7732 -0.6185
vn 0.1388 0.6246 -0.7685
vn 0.1164 0.8002 -0.5883
vn 0.1270 0.8280 -0.5462
vn 0.1064 0.8206 -0.5615
vn 0.1015 0.8600 -0.5001
vn 0.1595 0.6175 -0.7703
vn 0.1320 0.6377 -0.7589
vn 0.0900 0.8841 -0.4585
vn 0.2572 0.6307 -0.7322
vn 0.2815 0.7808 -0.5577
vn 0.2300 0.7950 -0.5614
vn 0.2422 0.6271 -0.7404
vn 0.1869 0.9200 -0.3445
vn 0.2098 0.8117 -0.5451
vn 0.3013 0.6422 -0.7048
vn 0.2354 0.9192 -0.3156
vn 0.1743 0.9141 -0.3662
vn 0.3434 0.7115 -0.6131
vn 0.3219 0.8195 -0.4741
vn 0.3288 0.8791 -0.3452
vn 0.2777 0.9261 -0.2552
vn 0.3533 0.8053 -0.4761
vn 0.2937 0.9383 -0.1827
vn 0.3491 0.8535 -0.3869
vn 0.3292 0.9036 -0.2742
vn 0.3235 0.9194 -0.2236
vn 0.3005 0.9432 -0.1415
vn 0.3413 0.8857 -0.3146
vn 0.2971 0.9491 -0.1045
vn 0.3216 0.9271 -0.1926
vn 0.3067 0.9417 -0.1385
vn 0.2903 0.9551 -0.0588
vn 0.2868 0.9563 -0.0568
vn 0.2941 0.9536 -0.0645
vn 0.2846 0.9580 -0.0351
vn 0.1286 0.8023 -0.5829
vn 0.1018 0.8364 -0.5385
vn 0.0873 0.8692 -0.4867
vn 0.1869 0.9765 -0.1072
vn 0.1431 0.9774 -0.1557
vn 0.1419 0.9610 -0.2373
vn 0.2380 0.9664 -0.0969
vn 0.2712 0.9575 -0.0977
vn 0.2880 0.9528 -0.0961
vn 0.2877 0.9542 -0.0817
vn 0.1625 0.5693 -0.8059
vn 0.1435 0.7263 -0.6723
vn 0.1450 0.5674 -0.8106
vn 0.1385 0.5687 -0.8108
vn 0.1857 0.6369 -0.7482
vn 0.1408 0.7353 -0.6630
vn 0.3057 0.6020 -0.7377
vn 0.2643 0.5619 -0.7839
vn 0.2510 0.5362 -0.8059
vn 0.3624 0.7789 -0.5119
vn 0.3559 0.8392 -0.4112
vn 0.3460 0.8844 -0.3132
vn 0.3307 0.9295 -0.1632
vn 0.3269 0.9266 -0.1857
vn 0.2987 0.9525 -0.0587
vn 0.3105 0.9478 -0.0725
vn 0.1415 0.9443 -0.2972
vn 0.1377 0.9810 -0.1369
vn 0.1297 0.9842 -0.1205
vn 0.1560 0.9433 -0.2929
vn 0.1366 0.9793 -0.1495
vn 0.1320 0.9779 -0.1621
vn 0.1335 0.9834 -0.1229
vn 0.1553 0.7597 -0.6315
vn 0.1350 0.9355 -0.3265
vn 0.1869 0.7423 -0.6435
vn 0.1431 0.7453 -0.6512
vn 0.3125 0.9257 -0.2133
vn 0.3308 0.9085 -0.2552
vn 0.3368 0.9071 -0.2525
vn 0.3188 0.9224 -0.2181
vn 0.3411 0.9049 -0.2545
vn 0.3045 0.9288 -0.2114
vn 0.2152 0.9663 -0.1412
vn 0.1533 0.9817 -0.1129
vn 0.1602 0.9799 -0.1186
vn 0.2202 0.9643 -0.1473
vn 0.1453 0.9817 -0.1228
vn 0.1690 0.9773 -0.1278
vn 0.2125 0.9672 -0.1389
vn 0.1377 0.9836 -0.1167
vn 0.1522 0.9802 -0.1270
vn 0.2738 0.9451 -0.1785
vn 0.2770 0.9444 -0.1774
vn 0.2788 0.9432 -0.1804
vn 0.3239 0.9380 -0.1232
vn 0.3223 0.9407 -0.1060
vn 0.3177 0.9444 -0.0843
vn 0.3200 0.9433 -0.0885
vn 0.1572 0.7978 -0.5821
vn 0.1701 0.7451 -0.6449
vn 0.1861 0.7251 -0.6630
vn 0.1870 0.6210 -0.7612
vn 0.1728 0.7760 -0.6066
vn 0.1496 0.7884 -0.5967
vn 0.1568 0.7833 -0.6015
vn 0.1698 0.7739 -0.6101
vn 0.1651 0.7763 -0.6083
vn 0.1209 0.8218 -0.5569
vn 0.1339 0.8006 -0.5841
vn 0.1487 0.7899 -0.5950
vn 0.1316 0.8232 -0.5523
vn 0.3494 0.6857 -0.6386
vn 0.2816 0.9578 -0.0576
vn 0.2857 0.9569 -0.0519
vn 0.4001 0.7316 -0.5519
vn 0.3991 0.8782 -0.2636
vn 0.4212 0.8439 -0.3323
vn 0.4040 0.6762 -0.6161
vn 0.3997 0.8734 -0.2781
vn 0.4285 0.8045 -0.4113
vn 0.3770 0.7900 -0.4834
vn 0.3867 0.8978 -0.2105
vn 0.4096 0.8443 -0.3455
vn 0.3411 0.9239 -0.1736
vn 0.3536 0.9234 -0.1495
vn 0.3330 0.9326 -0.1388
vn 0.2941 0.9507 -0.0984
vn 0.3029 0.9475 -0.1022
vn 0.2396 0.9687 -0.0648
vn 0.2357 0.9697 -0.0637
vn 0.1480 0.9888 -0.0179
vn 0.1526 0.9881 -0.0187
vn 0.0500 0.9981 0.0351
vn 0.0534 0.9982 0.0259
vn -0.0111 0.9998 0.0149
vn -0.0374 0.9984 0.0423
vn -0.0809 0.9783 -0.1907
vn -0.1744 0.9538 -0.2446
vn -0.0996 0.9524 -0.2880
vn 0.0164 0.9618 -0.2731
vn -0.0912 0.9259 -0.3666
vn -0.0092 0.9349 -0.3547
vn -0.1591 0.9778 -0.1366
vn -0.1716 0.9273 -0.3326
vn -0.0156 0.9140 -0.4055
vn 0.0458 0.8343 -0.5494
vn 0.1393 0.8418 -0.5215
vn 0.1270 0.8381 -0.5305
vn 0.1389 0.8529 -0.5032
vn 0.0321 0.8334 -0.5518
vn 0.1587 0.8610 -0.4832
vn -0.1137 0.8976 -0.4259
vn -0.1766 0.9555 -0.2361
vn -0.1228 0.9833 -0.1346
vn -0.0320 0.9353 -0.3525
vn -0.1114 0.9934 -0.0282
vn -0.0400 0.9978 -0.0538
vn -0.1545 0.8436 -0.5143
vn 0.0378 0.9855 -0.1655
vn 0.0618 0.9552 -0.2895
vn 0.0847 0.9742 -0.2094
vn 0.1205 0.9597 -0.2540
vn 0.1003 0.9405 -0.3245
vn 0.1224 0.9237 -0.3631
vn 0.1472 0.9386 -0.3120
vn 0.1667 0.9075 -0.3856
vn 0.1331 0.9102 -0.3922
vn 0.1564 0.8398 -0.5199
vn 0.1954 0.8232 -0.5330
vn 0.2292 0.6273 -0.7443
vn 0.1881 0.6431 -0.7423
vn 0.1950 0.5431 -0.8167
vn 0.2376 0.5254 -0.8170
vn 0.2228 0.7301 -0.6460
vn 0.1724 0.9374 -0.3025
vn 0.1404 0.9799 -0.1419
vn 0.1381 0.9823 -0.1266
vn 0.1488 0.9787 -0.1412
vn 0.1454 0.9808 -0.1301
vn 0.1537 0.9791 -0.1335
vn 0.1602 0.9762 -0.1461
vn 0.1575 0.9834 -0.0896
vn 0.1522 0.9860 -0.0675
vn 0.1518 0.9861 -0.0679
vn 0.1472 0.9880 -0.0469
vn 0.1556 0.9838 -0.0889
vn 0.1480 0.9879 -0.0466
vn 0.1476 0.9887 -0.0244
vn 0.1514 0.9882 -0.0223
vn 0.1553 0.9879 -0.0000
vn 0.1488 0.9889 -0.0000
vn 0.1687 0.0836 -0.9821
vn 0.1777 0.0707 -0.9815
vn 0.1480 0.0282 -0.9886
vn 0.1899 0.0513 -0.9805
vn 0.1381 0.0420 -0.9895
vn 0.1594 0.0099 -0.9872
vn 0.2743 0.1560 -0.9489
vn 0.1671 0.0452 -0.9849
vn 0.1733 0.0517 -0.9835
vn 0.2638 0.1596 -0.9513
vn 0.1389 0.0111 -0.9902
vn 0.1774 0.0637 -0.9821
vn 0.1293 0.0036 -0.9916
vn 0.1495 0.0286 -0.9883
vn 0.1759 0.9690 -0.1736
vn 0.1648 0.9761 -0.1419
vn 0.1709 0.9724 -0.1587
vn 0.1709 0.9729 -0.1560
vn 0.1648 0.9764 -0.1396
vn 0.1656 0.9758 -0.1431
vn 0.1648 0.9751 -0.1487
vn 0.1641 0.9759 -0.1438
vn 0.1609 0.9767 -0.1419
vn 0.1572 0.9786 -0.1327
vn 0.1648 0.9752 -0.1476
vn 0.1609 0.9776 -0.1354
vn 0.1755 0.9753 -0.1343
vn 0.1732 0.9758 -0.1331
vn 0.2220 0.9634 -0.1503
vn 0.2213 0.9642 -0.1461
vn 0.2655 0.9493 -0.1682
vn 0.2701 0.9466 -0.1763
vn 0.2976 0.9316 -0.2087
vn 0.2881 0.9362 -0.2015
vn 0.3164 0.9134 -0.2561
vn 0.3247 0.9099 -0.2583
vn 0.3672 0.8809 -0.2986
vn 0.3673 0.8772 -0.3093
vn 0.4085 0.8530 -0.3249
vn 0.3981 0.8710 -0.2879
vn 0.3978 0.8855 -0.2399
vn 0.4162 0.8600 -0.2953
vn 0.1606 0.9785 -0.1297
vn 0.1591 0.9798 -0.1213
vn 0.1587 0.9797 -0.1221
vn 0.1621 0.9788 -0.1251
vn 0.1629 0.9788 -0.1240
vn 0.1618 0.9797 -0.1186
vn 0.1770 0.9773 -0.1163
vn 0.2190 0.9680 -0.1228
vn 0.2579 0.9563 -0.1381
vn 0.2754 0.9478 -0.1606
vn 0.3017 0.9321 -0.2003
vn 0.3567 0.9005 -0.2487
vn 0.4077 0.8700 -0.2773
vn 0.4273 0.8646 -0.2644
vn 0.6240 0.7814 -0.0000
vn 0.6633 0.7471 -0.0431
vn 0.6054 0.7941 -0.0532
vn 0.5659 0.8195 -0.0908
vn 0.6877 0.7260 0.0002
vn 0.6122 0.7869 -0.0782
vn 0.5573 0.8247 -0.0961
vn 0.5229 0.8452 -0.1106
vn 0.4791 0.8673 -0.1350
vn 0.5038 0.8576 -0.1034
vn 0.4596 0.8757 -0.1484
vn 0.4476 0.8693 -0.2099
vn 0.4258 0.8708 -0.2457
vn 0.4306 0.8805 -0.1983
vn 0.4010 0.8971 -0.1854
vn 0.4017 0.8919 -0.2075
vn 0.3777 0.9115 -0.1629
vn 0.3760 0.9165 -0.1369
vn 0.3438 0.9356 -0.0801
vn 0.3505 0.9286 -0.1221
vn 0.3319 0.9382 -0.0984
vn 0.3205 0.9458 -0.0519
vn 0.3173 0.9460 -0.0656
vn 0.3220 0.9427 -0.0874
vn 0.3186 0.9443 -0.0820
vn 0.3270 0.9375 -0.1190
vn 0.3193 0.9440 -0.0835
vn 0.2880 0.9571 0.0317
vn 0.3491 0.9369 -0.0156
vn 0.7914 0.0475 -0.6095
vn 0.3762 0.9264 -0.0164
vn 0.4329 0.8953 -0.1053
vn 0.2735 0.9596 0.0660
vn 0.7770 0.1508 -0.6112
vn 0.7822 -0.0582 -0.6203
vn 0.2762 0.9606 0.0298
vn 0.7662 -0.1352 -0.6282
vn 0.4543 0.8730 -0.1774
vn 0.4493 0.8731 -0.1892
vn 0.2876 0.9572 -0.0336
vn 0.7688 -0.1552 -0.6204
vn 0.2918 0.9550 -0.0534
vn 0.2914 0.9556 -0.0439
vn 0.2968 0.9525 -0.0683
vn 0.2942 0.9537 -0.0633
vn 0.3006 0.9476 -0.1079
vn 0.3029 0.9464 -0.1118
vn 0.3037 0.9406 -0.1518
vn 0.2998 0.9426 -0.1472
vn 0.3006 0.9317 -0.2041
vn 0.3029 0.9287 -0.2140
vn 0.3285 0.8894 -0.3178
vn 0.3312 0.8967 -0.2938
vn 0.4001 0.8312 -0.3860
vn 0.3338 0.9062 -0.2594
vn 0.3928 0.8174 -0.4214
vn 0.3880 0.2325 -0.8919
vn 0.3609 0.3293 -0.8725
vn 0.3302 0.4273 -0.8416
vn 0.3566 0.3400 -0.8702
vn 0.3526 0.3454 -0.8697
vn 0.3863 0.2225 -0.8951
vn 0.3399 0.4034 -0.8495
vn 0.3241 0.4413 -0.8368
vn 0.3847 0.2144 -0.8978
vn 0.2549 0.2036 -0.9453
vn 0.1694 0.0860 -0.9818
vn 0.1686 0.0843 -0.9821
vn 0.1382 0.0479 -0.9892
vn 0.2521 0.1998 -0.9469
vn 0.1393 0.0511 -0.9889
vn -0.0943 0.5995 -0.7948
vn -0.1140 0.4483 -0.8866
vn -0.7853 0.2603 -0.5617
vn -0.7843 0.2826 -0.5523
vn 0.1847 0.4722 -0.8619
vn -0.1251 0.4163 -0.9006
vn -0.7533 0.3988 -0.5230
vn 0.1953 0.6161 -0.7631
vn 0.1488 0.4433 -0.8839
vn -0.7645 0.2705 -0.5852
vn -0.1476 0.4168 -0.8969
vn -0.7457 0.2795 -0.6049
vn 0.0786 0.4414 -0.8939
vn -0.1682 0.4172 -0.8931
vn -0.0336 0.7023 -0.7111
vn 0.0694 0.7343 -0.6753
vn 0.0549 0.7358 -0.6750
vn -0.0588 0.7025 -0.7092
vn 0.1396 0.7470 -0.6500
vn 0.0378 0.7379 -0.6738
vn -0.0126 0.7024 -0.7117
vn 0.1427 0.7470 -0.6493
vn 0.1365 0.7480 -0.6496
vn -0.1602 0.5900 -0.7913
vn -0.0855 0.6548 -0.7510
vn -0.1137 0.6512 -0.7504
vn -0.2041 0.5834 -0.7861
vn -0.1506 0.6461 -0.7483
vn -0.1186 0.5975 -0.7930
vn 0.2053 0.7226 -0.6601
vn 0.2143 0.7175 -0.6628
vn 0.2662 0.6547 -0.7075
vn 0.2280 0.7108 -0.6654
vn 0.2472 0.6691 -0.7008
vn 0.2945 0.6322 -0.7167
vn 0.3938 0.1881 -0.8997
vn 0.3937 0.1889 -0.8996
vn 0.3960 0.1822 -0.9000
vn 0.4004 0.2017 -0.8939
vn 0.3949 0.1808 -0.9008
vn 0.4039 0.1958 -0.8936
vn 0.2764 0.6001 -0.7507
vn 0.3006 0.5733 -0.7622
vn 0.3146 0.5023 -0.8054
vn 0.3372 0.5287 -0.7789
vn 0.2953 0.5325 -0.7933
vn 0.3467 0.4514 -0.8222
vn 0.3155 0.4761 -0.8209
vn 0.3251 0.4580 -0.8274
vn 0.3320 0.4340 -0.8375
vn 0.3425 0.4240 -0.8384
vn 0.3263 0.4465 -0.8331
vn 0.3422 0.4107 -0.8451
vn 0.3496 0.2540 -0.9018
vn 0.2561 0.1847 -0.9488
vn 0.3372 0.2876 -0.8964
vn 0.3799 0.2796 -0.8818
vn 0.3326 0.3162 -0.8885
vn 0.3636 0.3214 -0.8744
vn 0.3551 0.3607 -0.8624
vn 0.0084 0.0103 -0.9999
vn -0.0004 0.0002 -1.0000
vn 0.0004 0.0002 -1.0000
vn -0.0053 -0.0006 -1.0000
vn -0.0118 -0.0032 -0.9999
vn -0.0114 -0.0032 -0.9999
vn -0.0084 -0.0101 -0.9999
vn -0.0114 -0.0124 -0.9999
vn -0.0057 -0.7873 -0.6166
vn 0.0019 -0.3213 -0.9470
vn -0.0015 -0.8192 -0.5736
vn 0.0080 -0.0633 -0.9980
vn 0.0023 -0.3493 -0.9370
vn 0.0069 -0.0483 -0.9988
vn 0.0606 0.1035 -0.9928
vn 0.0343 0.0320 -0.9989
vn 0.1118 0.0935 -0.9893
vn 0.0839 0.0400 -0.9957
vn 0.1685 0.0648 -0.9836
vn 0.1392 0.0196 -0.9901
vn 0.1388 0.0402 -0.9895
vn 0.1527 0.0187 -0.9881
vn 0.1496 0.0237 -0.9885
vn 0.1575 0.0113 -0.9875
vn 0.1397 0.0393 -0.9894
vn 0.0702 -0.7983 -0.5981
vn 0.1118 -0.4091 -0.9056
vn 0.1164 -0.3151 -0.9419
vn 0.0774 -0.7519 -0.6547
vn 0.1320 -0.0218 -0.9910
vn 0.1205 -0.2441 -0.9622
vn 0.0603 -0.8506 -0.5223
vn 0.1355 -0.0698 -0.9883
vn 0.1534 0.0153 -0.9880
vn 0.1396 0.0624 -0.9882
vn 0.1419 0.0553 -0.9883
vn 0.1320 0.0673 -0.9890
vn 0.1458 0.0465 -0.9882
vn 0.1611 -0.0008 -0.9869
vn 0.1241 0.0853 -0.9886
vn -0.2500 0.4200 -0.8724
vn -0.2312 0.3594 -0.9041
vn -0.2850 0.4955 -0.8205
vn -0.2885 0.4588 -0.8404
vn -0.1171 -0.6888 -0.7155
vn -0.1423 -0.1705 -0.9750
vn -0.1786 -0.1584 -0.9711
vn -0.1412 0.0372 -0.9893
vn -0.1407 -0.6753 -0.7240
vn -0.1717 0.0187 -0.9850
vn 0.3860 0.2580 -0.8857
vn 0.3627 0.3227 -0.8742
vn 0.3488 0.3790 -0.8572
vn 0.1350 0.7488 -0.6489
vn 0.0271 0.7386 -0.6736
vn -0.0759 0.7017 -0.7084
vn -0.1755 0.6419 -0.7464
vn -0.2292 0.5700 -0.7891
vn 0.3182 0.6141 -0.7223
vn 0.2407 0.7063 -0.6657
vn 0.3422 -0.5942 -0.7279
vn 0.4307 0.0433 -0.9015
vn 0.3322 -0.5805 -0.7434
vn 0.4118 0.2349 -0.8805
vn 0.4122 0.0156 -0.9110
vn 0.3739 0.4031 -0.8353
vn 0.3690 0.4891 -0.7903
vn 0.3524 0.3856 -0.8527
vn 0.3581 0.3896 -0.8485
vn 0.0538 0.5466 -0.8357
vn 0.0649 0.5748 -0.8157
vn -0.0923 0.6857 -0.7220
vn -0.0725 0.5568 -0.8275
vn -0.1342 0.5594 -0.8180
vn -0.0767 0.5198 -0.8508
vn 0.0561 0.6741 -0.7365
vn -0.1659 0.7124 -0.6819
vn -0.1335 0.5092 -0.8502
vn 0.3440 0.5005 -0.7945
vn 0.3495 0.5140 -0.7834
vn 0.3929 0.6420 -0.6584
vn 0.3405 0.4899 -0.8025
vn 0.3252 0.4438 -0.8350
vn 0.3845 0.6149 -0.6885
vn -0.0137 0.7744 -0.6326
vn 0.0641 0.9439 -0.3239
vn 0.0725 0.8013 -0.5938
vn 0.1503 0.8078 -0.5700
vn 0.1564 0.9319 -0.3273
vn -0.1190 0.6695 -0.7332
vn -0.0866 0.7260 -0.6822
vn 0.2349 0.9063 -0.3512
vn 0.2136 0.7843 -0.5825
vn 0.2601 0.7411 -0.6190
vn 0.2938 0.8753 -0.3842
vn 0.3770 0.1919 -0.9061
vn 0.4132 0.1940 -0.8897
vn 0.4045 0.1910 -0.8944
vn 0.4123 0.1882 -0.8914
vn 0.3760 0.1789 -0.9092
vn 0.4287 0.1949 -0.8822
vn 0.3432 0.8355 -0.4290
vn 0.2952 0.6837 -0.6674
vn 0.3189 0.6209 -0.7161
vn 0.3418 0.5570 -0.7569
vn -0.2419 0.5251 -0.8159
vn -0.1813 0.5371 -0.8238
vn -0.1831 0.5077 -0.8419
vn -0.1355 0.5458 -0.8269
vn -0.2445 0.4877 -0.8381
vn -0.1378 0.5207 -0.8426
vn 0.3299 0.9217 -0.2041
vn 0.3598 0.9095 -0.2083
vn 0.3056 0.9379 -0.1640
vn 0.2407 0.9619 -0.1297
vn 0.1545 0.9839 -0.0900
vn 0.0534 0.9974 -0.0477
vn -0.1713 0.7883 -0.5909
vn -0.1965 0.9215 -0.3350
vn -0.1952 0.8851 -0.4225
vn -0.1717 0.7433 -0.6465
vn 0.0393 0.7892 -0.6128
vn 0.1664 0.6495 -0.7419
vn 0.1530 0.7892 -0.5948
vn 0.1797 0.7955 -0.5787
vn -0.0515 0.9959 -0.0744
vn 0.5279 0.2382 -0.8152
vn 0.4329 -0.6379 -0.6369
vn 0.5446 -0.5380 -0.6434
vn 0.3931 0.4263 -0.8147
vn 0.4138 0.7414 -0.5282
vn 0.5761 0.3588 -0.7344
vn 0.3383 0.8897 -0.3066
vn 0.3460 0.8971 -0.2747
vn 0.3432 0.9130 -0.2204
vn 0.1419 0.9783 -0.1511
vn 0.1690 0.9659 -0.1960
vn 0.2377 0.9362 -0.2590
vn 0.3059 0.9033 -0.3009
vn 0.3357 0.9270 -0.1671
vn 0.1362 0.9821 -0.1301
vn 0.7518 0.1880 -0.6320
vn 0.3609 0.9283 -0.0897
vn 0.7463 0.1902 -0.6379
vn 0.3101 0.9496 -0.0454
vn 0.3734 0.9173 -0.1385
vn -0.1549 -0.9699 -0.1881
vn -0.0156 -0.9816 -0.1904
vn 0.1107 -0.9758 -0.1885
vn 0.2693 -0.9455 -0.1831
vn 0.4138 -0.8939 -0.1724
vn 0.5057 -0.8471 -0.1632
vn 0.5363 -0.8288 -0.1598
vn -0.4027 -0.8985 -0.1747
vn -0.3052 -0.9350 -0.1808
vn -0.3173 -0.9311 -0.1800
vn -0.5800 -0.7998 -0.1549
vn -0.6633 -0.7346 -0.1427
vn -0.5802 -0.7996 -0.1549
vn 0.0515 -0.9805 -0.1896
vn 0.0259 -0.9816 -0.1892
vn 0.0176 -0.9817 -0.1896
vn 0.0820 -0.9804 -0.1789
vn 0.0793 -0.9795 -0.1854
vn 0.0797 -0.9796 -0.1843
vn 0.0824 -0.9803 -0.1797
vn 0.0774 -0.9786 -0.1907
vn 0.0797 -0.9796 -0.1847
vn 0.0778 -0.9786 -0.1903
vn 0.0771 -0.9788 -0.1900
vn -1.0000 0.0063 -0.0000
vn -1.0000 0.0059 -0.0000
vn -0.9996 -0.0280 -0.0069
vn -0.9966 -0.0807 -0.0172
vn -0.9937 -0.1099 -0.0225
vn -0.9955 -0.0929 -0.0191
vn -0.9964 -0.0828 -0.0168
vn -0.9964 -0.0828 -0.0172
vn -0.9966 -0.0807 -0.0176
vn -0.9966 -0.0807 -0.0168
vn -0.9909 -0.1322 -0.0271
vn -0.9929 -0.1167 -0.0240
vn -0.9907 -0.1330 -0.0271
vn -0.9908 -0.1325 -0.0271
vn -0.9921 -0.1227 -0.0248
vn -0.9911 -0.1307 -0.0263
vn -0.5264 -0.8347 -0.1617
vn -0.4714 -0.8656 -0.1690
vn -0.6625 -0.7354 -0.1427
vn -0.6523 -0.7440 -0.1449
vn -0.6524 -0.7440 -0.1446
vn -0.6612 -0.7370 -0.1400
vn -0.6420 -0.7526 -0.1461
vn -0.6527 -0.7443 -0.1412
vn -0.6627 -0.7351 -0.1431
vn -0.6228 -0.7678 -0.1503
vn -0.5787 -0.8007 -0.1549
vn -0.5784 -0.8008 -0.1557
vn -0.6215 -0.7686 -0.1515
vn -0.5774 -0.8013 -0.1564
vn -0.6220 -0.7687 -0.1492
vn -1.0000 0.0006 -0.0011
vn 0.0862 -0.9782 -0.1889
vn 0.0778 -0.9788 -0.1892
vn 0.0793 -0.9789 -0.1885
vn 0.0794 -0.9788 -0.1889
vn 0.0847 -0.9783 -0.1892
vn 0.0778 -0.9788 -0.1896
vn 0.0774 -0.9787 -0.1899
vn 0.0778 -0.9787 -0.1899
vn -0.9932 -0.1137 -0.0236
vn -0.0038 -0.9818 -0.1900
vn -0.0092 -0.9817 -0.1900
vn -0.0095 -0.9818 -0.1899
vn -0.0134 -0.9817 -0.1900
vn -0.0229 -0.9815 -0.1900
vn -0.0366 -0.9813 -0.1892
vn -0.0366 -0.9811 -0.1899
vn -0.0454 -0.9808 -0.1896
vn -0.0458 -0.9809 -0.1892
vn -0.0454 -0.9807 -0.1903
vn -0.0454 -0.9807 -0.1900
vn -0.0008 -0.1284 0.9917
vn 0.0862 -0.7045 0.7045
vn -0.0099 -0.7109 0.7032
vn -0.0191 -0.1256 0.9919
vn 0.0011 0.0000 1.0000
vn 0.0198 -0.1269 0.9917
vn -0.1121 -0.6985 0.7067
vn 0.0000 0.0000 1.0000
vn 0.0057 0.0000 1.0000
vn 0.0481 -0.1253 0.9910
vn 0.3221 -0.6561 0.6825
vn 0.2078 -0.6835 0.6997
vn 0.0137 0.0000 0.9999
vn 0.0770 -0.1270 0.9889
vn 0.0210 -0.0002 0.9998
vn 0.1003 -0.1286 0.9866
vn 0.4237 -0.6238 0.6568
vn 0.3977 -0.6301 0.6669
vn 0.0252 0.0000 0.9997
vn 0.1121 -0.1318 0.9849
vn 0.0267 -0.0002 0.9996
vn -0.0488 -0.1267 0.9907
vn -0.2312 -0.6811 0.6947
vn -0.1045 -0.1280 0.9863
vn -0.0084 0.0002 1.0000
vn -0.3380 -0.6599 0.6710
vn -0.0481 0.0004 0.9988
vn -0.6307 -0.5189 0.5769
vn -0.3373 -0.1183 0.9339
vn -0.3368 -0.1184 0.9341
vn -0.6299 -0.5196 0.5772
vn -0.2327 0.0015 0.9725
vn -0.3350 -0.1187 0.9347
vn -0.2323 0.0013 0.9726
vn -0.2301 0.0013 0.9732
vn -0.1183 -0.7237 0.6799
vn -0.2893 -0.1265 0.9488
vn -0.1648 -0.1306 0.9776
vn -0.0900 -0.7178 0.6904
vn -0.1655 0.0010 0.9862
vn -0.1228 -0.1312 0.9837
vn -0.2029 -0.7249 0.6583
vn -0.2883 0.0017 0.9575
vn -0.1229 0.0008 0.9924
vn -0.3025 -0.7048 0.6417
vn -0.4398 -0.1125 0.8910
vn -0.4195 -0.1188 0.9000
vn -0.2881 -0.7038 0.6494
vn -0.4209 0.0027 0.9071
vn -0.3988 -0.1202 0.9091
vn -0.3532 -0.6103 0.7091
vn -0.4417 0.0029 0.8972
vn -0.4005 0.0025 0.9163
vn -0.1819 -0.1251 0.9753
vn -0.4359 -0.6245 0.6480
vn -0.2265 -0.1241 0.9661
vn -0.1144 0.0008 0.9934
vn -0.4918 -0.5975 0.6334
vn -0.1488 0.0010 0.9889
vn -0.5182 -0.5705 0.6372
vn -0.1495 -0.1283 0.9804
vn -0.1594 -0.1274 0.9790
vn -0.5239 -0.5682 0.6346
vn -0.0518 0.0004 0.9987
vn -0.1915 -0.1253 0.9735
vn -0.5176 -0.5717 0.6366
vn -0.0400 0.0002 0.9992
vn -0.0924 0.0006 0.9957
vn -0.2197 -0.1223 0.9679
vn -0.5169 -0.5756 0.6336
vn -0.1342 0.0010 0.9910
vn -0.2887 -0.7094 0.6430
vn -0.4391 -0.1171 0.8908
vn -0.4036 -0.1200 0.9070
vn -0.4055 0.0025 0.9141
vn -0.3182 -0.6996 0.6397
vn -0.1426 -0.1367 0.9803
vn -0.3502 -0.6890 0.6345
vn -0.1473 -0.7230 0.6749
vn -0.1323 0.0006 0.9912
vn -0.2238 -0.1415 0.9643
vn -0.1682 0.0010 0.9858
vn -0.3123 -0.6990 0.6433
vn -0.4108 -0.1190 0.9039
vn -0.4296 -0.1177 0.8953
vn -0.4325 0.0027 0.9016
vn -0.2987 -0.7008 0.6478
vn -0.4135 0.0025 0.9105
vn -0.2892 -0.7030 0.6498
vn -0.3994 -0.1198 0.9089
vn -0.4013 0.0023 0.9159
vn -0.0107 -0.7200 0.6939
vn -0.0050 -0.1335 0.9910
vn -0.0057 -0.1329 0.9911
vn -0.0099 -0.7195 0.6944
vn -0.0042 0.0000 1.0000
vn -0.0050 -0.1329 0.9911
vn -0.0065 -0.7205 0.6934
vn -0.0046 0.0000 1.0000
vn -0.0038 0.0000 1.0000
vn 0.0080 -0.7239 0.6899
vn 0.0206 -0.1333 0.9909
vn 0.0450 -0.7240 0.6883
vn 0.0221 -0.0002 0.9998
vn 0.0733 -0.1332 0.9884
vn 0.0748 -0.0006 0.9972
vn 0.1652 -0.7316 0.6614
vn 0.1487 -0.1016 0.9836
vn 0.0748 -0.9900 0.1194
vn 0.1183 -0.0008 0.9930
vn 0.1346 -0.0008 0.9909
vn -0.1591 -0.9871 0.0195
vn -0.0153 -0.9997 0.0195
vn 0.1167 -0.9930 0.0198
vn 0.1095 -0.9627 -0.2473
vn -0.0130 -0.8111 -0.5847
vn -0.0153 -0.9686 -0.2483
vn -0.1530 -0.9576 -0.2442
vn 0.0893 -0.8046 -0.5870
vn 0.2801 -0.9598 0.0183
vn 0.4264 -0.9043 0.0179
vn 0.4074 -0.8837 -0.2304
vn 0.2179 -0.7864 -0.5781
vn 0.2655 -0.9337 -0.2403
vn 0.3372 -0.7499 -0.5691
vn 0.5181 -0.8552 0.0164
vn 0.5459 -0.8377 0.0160
vn 0.5289 -0.8201 -0.2185
vn 0.4158 -0.7153 -0.5616
vn 0.4986 -0.8379 -0.2220
vn 0.4442 -0.7044 -0.5537
vn -0.4180 -0.9083 0.0141
vn -0.3145 -0.9491 0.0179
vn -0.3014 -0.9236 -0.2370
vn -0.3951 -0.8890 -0.2315
vn -0.6035 -0.7973 0.0114
vn -0.3426 -0.9393 0.0164
vn -0.5601 -0.5769 0.5945
vn -0.6895 -0.7242 0.0111
vn -0.6464 -0.7373 -0.1964
vn -0.5044 -0.6665 -0.5490
vn -0.6489 -0.7344 -0.1991
vn -0.6491 -0.7346 -0.1973
vn -0.6629 -0.7348 -0.1434
vn -0.4886 -0.6479 -0.5844
vn -0.5125 -0.6741 -0.5319
vn -0.0050 -1.0000 0.0080
vn -0.0069 -0.9999 0.0141
vn -0.0080 -0.9998 0.0198
vn 0.0279 -0.9620 -0.2717
vn 0.1205 -0.7136 -0.6901
vn 0.0427 -0.9585 -0.2819
vn 0.0858 -0.9534 -0.2892
vn -0.0126 -0.9998 0.0134
vn -0.0145 -0.9997 0.0175
vn -0.0145 -0.9997 0.0183
vn 0.1557 -0.9168 -0.3678
vn 0.3612 -0.5081 -0.7819
vn 0.1717 -0.9115 -0.3738
vn 0.1851 -0.9038 -0.3858
vn 0.3387 -0.5252 -0.7807
vn 0.3514 -0.5966 -0.7215
vn 1.0000 -0.0059 -0.0000
vn -0.9912 0.0595 -0.1182
vn -0.7304 0.1648 -0.6629
vn -0.9883 0.0393 -0.1472
vn -0.9907 0.0015 -0.1362
vn -0.7795 -0.0135 -0.6262
vn -0.9954 -0.0935 -0.0191
vn -0.9994 -0.0343 -0.0076
vn -0.9964 0.0017 -0.0847
vn -0.7287 0.5358 -0.4265
vn -0.9958 0.0297 -0.0866
vn -0.9955 0.0401 -0.0855
vn -0.7429 0.5568 -0.3716
vn -0.9965 -0.0820 -0.0168
vn -0.9965 -0.0824 -0.0172
vn -0.9957 -0.0902 -0.0187
vn -0.9969 -0.0492 -0.0622
vn -0.9961 -0.0381 -0.0797
vn -0.9957 -0.0448 -0.0812
vn -0.9936 -0.1107 -0.0229
vn -0.8235 0.3405 -0.4537
vn -0.9948 -0.0595 -0.0828
vn -0.9944 -0.0609 -0.0862
vn -0.8081 0.3941 -0.4378
vn -0.9908 -0.1324 -0.0267
vn -0.8080 0.3941 -0.4381
vn -0.9944 -0.0610 -0.0866
vn -0.9943 -0.0605 -0.0873
vn -0.8066 0.3970 -0.4380
vn -0.9921 -0.1228 -0.0248
vn -0.9909 -0.1320 -0.0271
vn -0.9917 -0.1257 -0.0256
vn -0.8062 0.4077 -0.4287
vn -0.9947 -0.0561 -0.0866
vn -0.9956 -0.0399 -0.0851
vn -0.7950 0.4540 -0.4023
vn -0.5535 -0.8327 0.0145
vn -0.4970 -0.8677 0.0118
vn -0.4608 -0.8591 -0.2228
vn -0.5152 -0.8300 -0.2136
vn -0.6895 -0.7242 0.0107
vn -0.5952 -0.5473 0.5883
vn -0.6715 -0.7410 0.0061
vn -0.6527 -0.7575 0.0145
vn -0.6091 -0.7623 -0.2189
vn -0.5015 -0.6278 -0.5953
vn -0.6301 -0.7487 -0.2060
vn -0.6340 -0.7464 -0.2022
vn -0.6375 -0.7562 -0.1476
vn -0.4757 -0.6547 -0.5874
vn -0.5229 -0.6347 -0.5690
vn -0.6392 -0.7689 0.0164
vn -0.6035 -0.7972 0.0156
vn -0.4430 -0.7061 -0.5524
vn -0.5653 -0.7980 -0.2090
vn -1.0000 -0.0006 -0.0011
vn -0.9959 0.0414 -0.0809
vn -0.9955 0.0444 -0.0839
vn -0.9935 0.0519 -0.1011
vn -0.0099 -0.9999 0.0137
vn 0.1252 -0.9489 -0.2896
vn 0.1381 -0.9467 -0.2911
vn -0.0465 -0.8758 -0.4804
vn -0.0488 -0.9726 -0.2274
vn -0.3105 -0.9247 -0.2201
vn 0.0237 -0.9711 -0.2377
vn -0.0576 -0.9801 -0.1900
vn -0.2769 -0.9018 -0.3318
vn -0.0160 -0.9997 0.0210
vn -0.0172 -0.9996 0.0214
vn 0.1369 -0.9439 -0.3006
vn 0.1373 -0.9382 -0.3178
vn -0.0145 -0.9997 0.0195
vn 0.3331 -0.5510 -0.7651
vn 0.1461 -0.9270 -0.3453
vn -0.9931 -0.1151 -0.0236
vn -0.9933 -0.1133 -0.0229
vn -0.7659 0.5214 -0.3762
vn -0.9964 -0.0133 -0.0835
vn -0.0050 -0.9998 0.0198
vn -0.0103 -0.9997 0.0202
vn -0.0107 -0.9997 0.0198
vn -0.0092 -0.9601 -0.2796
vn -0.0088 -0.9644 -0.2643
vn -0.0038 -0.9685 -0.2491
vn -0.0092 -0.9998 0.0164
vn -0.0076 -0.9998 0.0164
vn -0.0164 -0.9573 -0.2887
vn -0.0313 -0.9560 -0.2918
vn 0.0008 -1.0000 0.0046
vn -0.0458 -0.9804 -0.1915
vn -0.0656 -0.9516 -0.3003
vn -0.0526 -0.9541 -0.2948
vn -0.7888 -0.0261 -0.6140
vn -0.9911 -0.0008 -0.1332
vn -0.9916 -0.0008 -0.1297
vn -0.1408 -0.0219 -0.9898
vn -0.2712 -0.9038 -0.3311
vn -0.7904 -0.6012 -0.1179
vn -0.7786 -0.5707 -0.2609
vn -0.0744 -0.9354 -0.3456
vn -0.2582 -0.9485 -0.1835
vn 0.0302 0.0344 -0.9990
vn 0.0794 0.0439 -0.9959
vn 0.1354 0.0238 -0.9905
vn -0.0053 -0.3060 -0.9520
vn 0.0282 -0.3008 -0.9533
vn 0.0717 -0.2976 -0.9520
vn 0.1175 -0.2944 -0.9484
vn -0.0854 -0.2412 -0.9667
vn -0.0732 -0.2794 -0.9574
vn -0.4325 -0.7506 -0.4996
vn -0.0591 -0.5226 -0.8505
vn -0.1099 -0.3414 -0.9335
vn -0.0717 -0.2467 -0.9664
vn -0.4805 -0.6210 -0.6193
vn -0.1110 -0.1982 -0.9739
vn -0.1286 -0.1979 -0.9717
vn -0.0858 -0.9961 0.0202
vn 0.0256 -0.9667 -0.2548
vn 0.0301 -0.0631 -0.9976
vn 0.0176 -0.0752 -0.9970
vn 0.0076 -0.0221 -0.9997
vn 0.0225 -0.0439 -0.9988
vn -0.0645 0.0881 -0.9940
vn 0.0000 -0.0013 -1.0000
vn 0.0530 -0.1156 -0.9919
vn -0.0633 0.0416 -0.9971
vn -0.0824 0.1264 -0.9885
vn -0.2708 0.5035 -0.8205
vn -0.2780 0.4683 -0.8387
vn 0.0732 0.9184 -0.3887
vn 0.0359 0.9308 -0.3638
vn 0.0664 0.8953 -0.4406
vn 0.0290 0.9080 -0.4180
vn 0.1457 0.6516 -0.7445
vn 0.1175 0.8428 -0.5252
vn 0.1316 0.6462 -0.7517
vn 0.0976 0.9080 -0.4074
vn 0.1061 0.8322 -0.5442
vn 0.0877 0.8966 -0.4341
vn 0.0916 0.9074 -0.4101
vn 0.0843 0.8880 -0.4520
vn 0.1529 0.5685 -0.8083
vn 0.1393 0.5696 -0.8100
vn -0.1064 0.8645 -0.4912
vn -0.0461 0.8674 -0.4954
vn -0.1610 0.9019 -0.4009
vn -0.0755 0.9010 -0.4272
vn -0.1232 0.1333 -0.9834
vn -0.1648 0.2870 -0.9436
vn -0.2125 0.3283 -0.9204
vn -0.1358 0.6177 -0.7746
vn -0.1389 0.5816 -0.8015
vn 0.0164 0.5315 -0.8469
vn -0.1083 0.5034 -0.8572
vn -0.1701 0.4917 -0.8540
vn -0.1148 0.8163 -0.5661
vn -0.1888 0.8548 -0.4833
vn 0.0011 -0.0244 -0.9997
vn -0.0042 -0.0282 -0.9996
vn 0.0099 -0.0374 -0.9993
vn 0.0038 -0.0410 -0.9992
vn 0.1537 0.9078 -0.3903
vn 0.1373 0.9173 -0.3738
vn 0.1358 0.9272 -0.3490
vn 0.1610 0.9858 -0.0484
vn 0.1571 0.9864 -0.0481
vn 0.1564 0.9853 -0.0691
vn 0.1549 0.9839 -0.0896
vn 0.1591 0.9847 -0.0717
vn 0.1442 0.9895 -0.0000
vn 0.1491 0.9885 -0.0233
vn 0.1495 0.9885 -0.0223
vn 0.1655 0.9753 -0.1461
vn 0.1675 0.9743 -0.1503
vn 0.1659 0.9753 -0.1457
vn 0.1648 0.9737 -0.1575
vn 0.1694 0.9736 -0.1530
vn 0.1686 0.9714 -0.1675
vn 0.1595 0.9794 -0.1240
vn 0.1595 0.9795 -0.1229
vn 0.1511 0.9762 -0.1553
vn 0.1514 0.9743 -0.1670
vn 0.0233 -0.0974 -0.9950
vn 0.0179 -0.0633 -0.9978
vn 0.0122 -0.0473 -0.9988
vn 0.1522 -0.2937 -0.9437
vn 0.1740 -0.3026 -0.9371
vn -0.3209 -0.0265 -0.9467
vn -0.3370 -0.0435 -0.9405
vn -0.1767 -0.0406 -0.9834
vn -0.1495 0.0627 -0.9868
vn -0.1350 0.0656 -0.9887
vn -0.0793 -0.0008 -0.9969
vn -0.0050 -0.0901 -0.9959
vn 0.0134 -0.0002 0.9999
vn 0.0202 -0.0002 0.9998
vn 0.0244 -0.0002 0.9997
vn 0.0271 -0.0002 0.9996
vn -0.0061 0.0000 1.0000
vn -0.0393 0.0002 0.9992
vn -0.2205 0.0013 0.9754
vn -0.2137 0.0013 0.9769
vn -0.1735 0.0011 0.9848
vn -0.1022 0.0006 0.9948
vn -0.0904 0.0006 0.9959
vn -0.1347 0.0008 0.9909
vn -0.2288 0.0013 0.9735
vn -0.1404 0.0010 0.9901
vn -0.1045 0.0006 0.9945
vn -0.1328 0.0008 0.9911
vn 0.0225 -0.0002 0.9997
vn -0.9841 -0.1045 -0.1434
vn -0.9940 -0.1068 -0.0217
vn -0.7094 -0.5752 0.4073
vn -0.9498 -0.2814 0.1370
vn -0.7097 -0.6909 -0.1377
vn -0.0561 -0.9857 -0.1587
vn 0.2751 -0.9316 -0.2377
vn 0.2388 -0.8059 -0.5417
vn 0.2777 -0.9432 -0.1823
vn 0.0686 -0.1558 0.9854
vn 0.2220 -0.7302 0.6461
vn 0.0111 -0.0002 0.9999
vn 0.2735 -0.9617 0.0202
vn 0.0210 -0.0385 -0.9990
vn -0.0038 0.0040 -1.0000
vn -0.0904 0.1389 -0.9862
vn -0.2354 0.4748 -0.8480
vn -0.2705 0.4599 -0.8458
vn -0.2849 0.4487 -0.8471
vn 0.0748 0.8843 -0.4609
vn 0.0427 0.8946 -0.4448
vn -0.0126 0.9067 -0.4216
vn 0.1320 0.6429 -0.7545
vn 0.1068 0.8265 -0.5527
vn 0.0900 0.8909 -0.4451
vn 0.0877 0.8789 -0.4688
vn 0.1412 0.7391 -0.6586
vn -0.1778 0.9158 -0.3602
vn -0.0946 0.9158 -0.3903
vn -0.2205 0.3395 -0.9144
vn -0.1690 0.7267 -0.6658
vn -0.1346 0.5703 -0.8103
vn -0.1362 0.5140 -0.8469
vn -0.1800 0.4968 -0.8490
vn -0.1968 0.8691 -0.4538
vn 0.0126 -0.0420 -0.9990
vn 0.0065 -0.0450 -0.9990
vn 0.1351 0.9311 -0.3389
vn 0.1335 0.9765 -0.1690
vn 0.1598 0.9845 -0.0721
vn 0.1549 0.9838 -0.0908
vn 0.1404 0.9901 -0.0002
vn 0.1492 0.9886 -0.0210
vn 0.1659 0.9756 -0.1438
vn 0.1705 0.9730 -0.1553
vn 0.1716 0.9694 -0.1755
vn 0.1584 0.9797 -0.1225
vn 0.1534 0.9722 -0.1767
vn 0.1011 -0.3833 -0.9181
vn 0.0133 -0.0002 0.9999
vn -0.1781 -0.0307 -0.9835
vn -0.1800 -0.1722 -0.9685
vn -0.1454 -0.6474 -0.7481
vn -0.2396 0.2112 -0.9476
vn 0.1850 0.5536 -0.8120
vn 0.1866 0.5568 -0.8094
vn -0.1278 0.7110 -0.6915
vn -0.1263 0.7548 -0.6436
vn -0.1293 0.7573 -0.6402
vn -0.1267 0.7564 -0.6417
vn -0.1247 0.8150 -0.5658
vn -0.1351 0.7719 -0.6212
vn -0.0565 0.8704 -0.4892
vn -0.0881 0.8561 -0.5092
vn 0.1659 0.5423 -0.8237
vn 0.1434 0.5188 -0.8428
vn 0.0881 0.5065 -0.8577
vn -0.0671 0.7913 -0.6078
vn -0.0488 -0.9842 -0.1701
vn -0.2628 -0.9511 0.1625
vn -0.0939 -0.8882 -0.4498
vn -0.0458 -0.9807 -0.1903
vn -0.0698 -0.9438 -0.3232
vn -0.1671 -0.0069 -0.9859
vn 0.3677 0.2489 -0.8960
vn 0.3976 0.2682 -0.8775
vn 0.1641 -0.1872 -0.9685
vn 0.4008 0.0143 -0.9160
vn 0.4027 0.0111 -0.9153
vn 0.1541 -0.0490 -0.9868
vn 0.1442 -0.0116 -0.9895
vn 0.4020 0.2365 -0.8846
vn 0.4408 -0.0082 -0.8976
vn 0.4214 0.0240 -0.9065
vn -0.6627 -0.7352 -0.1427
vn -0.3119 -0.1281 0.9414
vn -0.5722 -0.7952 -0.2007
vn -0.0888 -0.3129 -0.9456
vn 0.9885 0.1230 -0.0881
vn 0.9785 -0.1979 -0.0576
vn 0.2167 -0.9762 0.0038
vn 0.9853 0.1585 -0.0635
vn 0.2109 -0.9775 0.0057
vn 0.9942 -0.0420 -0.0988
vn 0.2857 -0.9583 -0.0000
vn 0.3394 -0.9406 -0.0084
vn 0.9781 -0.1659 -0.1255
vn 0.9694 -0.2245 -0.0988
vn 0.2094 -0.9778 0.0065
vn 0.3419 -0.9395 -0.0210
vn 0.2030 -0.9792 -0.0031
vn 0.2094 -0.9778 0.0061
vn 0.2091 -0.9779 0.0069
vn 0.2026 -0.9793 -0.0046
vn 0.2090 -0.9779 0.0065
vn 0.2044 -0.9789 -0.0041
vn 0.9529 0.3015 -0.0324
vn 0.9814 -0.1919 0.0002
vn 0.6930 0.7178 -0.0667
vn 0.6879 0.7188 -0.1000
vn 0.6204 0.7774 -0.1042
vn 0.9551 -0.0839 -0.2843
vn 0.5509 0.8180 -0.1656
vn 0.4902 0.8429 -0.2217
vn 0.8761 0.0296 -0.4812
vn 0.8302 0.0841 -0.5511
vn 0.4563 0.8627 -0.2179
vn 0.4307 0.8861 -0.1713
vn 0.8252 0.1092 -0.5542
vn 0.8339 0.1597 -0.5282
vn 0.3944 0.9127 -0.1072
vn 0.3662 0.9278 -0.0717
vn 0.8370 0.1996 -0.5095
vn 0.8007 0.2001 -0.5646
vn 0.3711 0.9220 -0.1106
vn 0.7696 -0.1271 -0.6258
vn 0.4411 0.8741 -0.2034
vn 0.4361 0.8650 -0.2480
vn 0.7337 -0.1371 -0.6655
vn 0.6901 -0.1854 -0.6996
vn 0.4478 0.8380 -0.3120
vn 0.4773 0.7685 -0.4261
vn 0.6246 -0.2846 -0.7272
vn 0.5187 -0.4760 -0.7102
vn 0.5317 0.5900 -0.6076
vn 0.3407 0.4082 -0.8469
vn 0.3304 0.4324 -0.8389
vn 0.1740 0.0794 -0.9815
vn 0.3359 0.3212 -0.8855
vn 0.3577 0.3640 -0.8600
vn 0.1267 0.0708 -0.9894
vn 0.1327 0.0589 -0.9894
vn 0.3502 0.3830 -0.8548
vn 0.3590 0.3872 -0.8492
vn 0.4210 0.7703 -0.4790
vn 0.2964 0.9550 -0.0076
vn 0.3120 0.9484 -0.0572
vn -0.6376 -0.7562 -0.1472
vn -0.6373 -0.7565 -0.1469
vn -0.2446 -0.1250 0.9615
vn -0.6496 -0.7601 0.0156
vn -0.6421 -0.7436 -0.1866
vn -0.0893 -0.1915 -0.9774
vn -0.0580 0.0004 0.9983
vn 0.3563 -0.9262 -0.1236
vn 0.1816 -0.9801 -0.0797
vn 0.3644 -0.8886 -0.2785
vn 0.1698 -0.9693 -0.1778
vn 0.3632 -0.8217 -0.4392
vn 0.3750 -0.8368 -0.3990
vn 0.3334 -0.8108 -0.4810
vn 0.1671 -0.9328 -0.3193
vn 0.1690 -0.9436 -0.2846
vn 0.1652 -0.9213 -0.3521
vn 0.3696 -0.8447 -0.3871
vn 0.3667 -0.8557 -0.3652
vn 0.1701 -0.9464 -0.2746
vn 0.1709 -0.9535 -0.2483
vn 0.3726 -0.8622 -0.3433
vn 0.1716 -0.9601 -0.2208
vn 0.3296 -0.8107 -0.4838
vn 0.1633 -0.9155 -0.3677
vn 0.2838 -0.8351 -0.4712
vn 0.1560 -0.9067 -0.3918
vn 0.1827 -0.9802 -0.0759
vn 0.1812 -0.9803 -0.0790
vn 0.1704 -0.9694 -0.1765
vn 0.1697 -0.9693 -0.1781
vn 0.1663 -0.9289 -0.3308
vn 0.1694 -0.9435 -0.2849
vn 0.1693 -0.9455 -0.2780
vn 0.1705 -0.9519 -0.2547
vn 0.1713 -0.9594 -0.2239
vn 0.1720 -0.9604 -0.2193
vn 0.1629 -0.9091 -0.3834
vn 0.1636 -0.9141 -0.3711
vn 0.1568 -0.9029 -0.4002
vn 0.1568 -0.8960 -0.4155
vn 0.2144 -0.8743 -0.4354
vn 0.1438 -0.9083 -0.3929
vn 0.1861 -0.9022 -0.3890
vn 0.1354 -0.9252 -0.3544
vn 0.1656 -0.9374 -0.3063
vn 0.1705 -0.9336 -0.3151
vn 0.1362 -0.9536 -0.2686
vn 0.1629 -0.9405 -0.2983
vn 0.1362 -0.9511 -0.2773
vn 0.1366 -0.9547 -0.2644
vn 0.1865 -0.9300 -0.3166
vn 0.1876 -0.9323 -0.3093
vn 0.1354 -0.9507 -0.2789
vn 0.1816 -0.9294 -0.3212
vn 0.1361 -0.9522 -0.2734
vn 0.1358 -0.9497 -0.2823
vn 0.1850 -0.9248 -0.3323
vn 0.1351 -0.9453 -0.2969
vn 0.1759 -0.9309 -0.3201
vn 0.1358 -0.9496 -0.2826
vn -0.0950 -0.9217 0.3761
vn -0.1083 -0.9884 0.1068
vn 0.1366 -0.9592 -0.2476
vn 0.1377 -0.9627 -0.2330
vn 0.2884 0.9568 -0.0355
vn 0.2831 0.9591 -0.0000
vn 0.2838 0.9587 0.0198
vn 0.1457 -0.8995 -0.4120
vn 0.1442 -0.9042 -0.4021
vn 0.1358 -0.9222 -0.3620
vn 0.1377 -0.9239 -0.3571
vn 0.1369 -0.9540 -0.2666
vn 0.1358 -0.9520 -0.2743
vn 0.1369 -0.9548 -0.2640
vn 0.1358 -0.9504 -0.2800
vn 0.1354 -0.9495 -0.2831
vn 0.1362 -0.9476 -0.2891
vn 0.1354 -0.9444 -0.2995
vn 0.1377 -0.9610 -0.2399
vn 0.2083 -0.9781 0.0032
vn 0.2083 -0.9781 0.0027
vn 0.2087 -0.9780 -0.0000
vn 0.2094 -0.9778 -0.0000
vn 0.0031 0.0889 0.9960
vn 0.0774 0.3940 0.9158
vn 0.0099 0.3828 0.9238
vn -0.0168 0.0873 0.9960
vn 0.0011 0.0002 1.0000
vn 0.0263 0.0971 0.9949
vn -0.0507 0.3681 0.9284
vn -0.0057 -0.0006 1.0000
vn 0.0099 0.0093 0.9999
vn -0.0347 0.0830 0.9959
vn -0.1110 0.3412 0.9334
vn -0.0393 0.0662 0.9970
vn -0.0095 -0.0029 1.0000
vn -0.1419 0.2906 0.9463
vn -0.0057 -0.0088 0.9999
vn -0.0267 0.0381 0.9989
vn -0.1346 0.2204 0.9661
vn -0.0084 0.0128 0.9999
vn 0.0057 -0.0204 0.9998
vn -0.1026 0.1589 0.9819
vn 0.0172 -0.0328 0.9993
vn -0.0195 -0.0950 0.9953
vn -0.0778 -0.2312 0.9698
vn -0.0259 -0.2822 0.9590
vn 0.0069 -0.0992 0.9950
vn -0.0279 -0.7344 0.6781
vn 0.0000 -0.3092 0.9510
vn -0.0786 -0.0326 0.9964
vn -0.0645 -0.7146 0.6965
vn -0.0065 -0.7589 0.6512
vn -0.0813 -0.2754 0.9579
vn -0.1290 -0.8047 0.5796
vn -0.2495 -0.7782 0.5763
vn -0.0748 -0.2618 0.9622
vn 0.0244 0.0366 0.9990
vn -0.0461 -0.2975 0.9536
vn -0.3154 -0.7519 0.5789
vn 0.0732 0.0484 0.9961
vn 0.0042 0.0105 0.9999
vn -0.0504 -0.2745 0.9603
vn -0.3529 -0.7423 0.5696
vn -0.0523 -0.2960 0.9538
vn 0.1320 0.0288 0.9908
vn -0.3979 -0.7330 0.5518
vn 0.1579 0.0124 0.9874
vn 0.1221 0.6700 0.7322
vn 0.0214 0.7392 0.6732
vn 0.0172 0.6580 0.7528
vn -0.0801 0.6253 0.7763
vn 0.1355 0.7494 0.6481
vn -0.0855 0.7019 0.7071
vn -0.1892 0.6398 0.7449
vn -0.1751 0.5707 0.8023
vn -0.2354 0.4964 0.8356
vn -0.2522 0.5628 0.7872
vn -0.0588 0.4546 0.8888
vn -0.2075 0.4474 0.8699
vn -0.1766 0.4778 0.8606
vn -0.0225 0.5184 0.8548
vn -0.2621 0.4536 0.8518
vn -0.1510 0.4867 0.8604
vn -0.1312 0.2508 0.9591
vn -0.2785 0.4427 0.8523
vn -0.2250 0.4684 0.8544
vn 0.3075 0.5226 0.7952
vn 0.2495 0.7029 0.6661
vn 0.2281 0.6244 0.7470
vn 0.2072 0.2980 0.9318
vn 0.1454 0.3646 0.9198
vn 0.3346 0.5997 0.7269
vn 0.4408 0.0690 0.8949
vn 0.4025 0.0332 0.9148
vn 0.2327 -0.6534 0.7204
vn 0.3258 -0.6091 0.7231
vn 0.3837 0.2619 0.8855
vn 0.2884 -0.0750 0.9546
vn 0.3516 -0.5973 0.7208
vn 0.4162 0.2785 0.8656
vn 0.2822 0.1613 0.9457
vn 0.2819 0.1817 0.9421
vn 0.3684 0.3189 0.8733
vn 0.3892 0.4575 0.7995
vn 0.3643 0.3948 0.8434
vn 0.2651 0.2225 0.9382
vn 0.3894 0.3656 0.8454
vn 0.3391 0.3265 0.8823
vn 0.3682 0.3622 0.8563
vn 0.3486 0.3221 0.8802
vn 0.2582 0.2069 0.9437
vn 0.2674 0.1976 0.9431
vn 0.3600 0.3665 0.8579
vn -0.1812 -0.1720 0.9683
vn -0.3464 -0.1677 0.9230
vn -0.6954 -0.4111 0.5894
vn -0.3507 -0.5812 0.7343
vn -0.3457 -0.0469 0.9372
vn -0.7730 -0.1589 0.6142
vn -0.1488 -0.6222 0.7686
vn -0.1805 -0.0471 0.9824
vn -0.7948 -0.0273 0.6062
vn 0.0397 0.4991 0.8656
vn -0.0355 0.2615 0.9646
vn -0.0183 0.3836 0.9233
vn -0.1060 0.1472 0.9834
vn 0.0370 0.4448 0.8949
vn -0.1385 0.0137 0.9903
vn 0.0141 0.8677 0.4969
vn 0.0401 0.8848 0.4642
vn 0.0641 0.8507 0.5217
vn 0.0706 0.8310 0.5518
vn 0.0904 0.8414 0.5328
vn 0.1007 0.8184 0.5657
vn -0.0099 0.8983 0.4392
vn 0.0721 0.8746 0.4795
vn 0.1194 0.8088 0.5758
vn -0.1362 0.6141 0.7774
vn 0.1984 0.5726 0.7954
vn -0.1511 0.5611 0.8138
vn -0.8251 0.2926 0.4833
vn -0.8263 0.2701 0.4942
vn -0.1930 0.5459 0.8153
vn 0.1999 0.6249 0.7546
vn 0.1911 0.5626 0.8043
vn -0.8843 0.2073 0.4183
vn 0.1137 0.9798 0.1644
vn 0.0839 0.9890 0.1219
vn 0.0736 0.9972 0.0145
vn 0.0973 0.9939 0.0528
vn 0.1606 0.9863 0.0385
vn 0.1160 0.9903 0.0769
vn 0.0442 0.9971 0.0616
vn 0.1503 0.9883 0.0277
vn 0.1682 0.9848 0.0439
vn 0.2311 0.9710 0.0614
vn 0.2754 0.9571 0.0898
vn 0.2292 0.9715 0.0605
vn 0.2284 0.9718 0.0593
vn 0.2834 0.9544 0.0940
vn 0.2697 0.9592 0.0851
vn 0.3120 0.9416 0.1268
vn 0.2956 0.9460 0.1331
vn 0.2986 0.9470 0.1182
vn 0.2899 0.9512 0.1060
vn 0.3090 0.9397 0.1463
vn 0.2892 0.9511 0.1089
vn 0.2869 0.9485 0.1341
vn 0.2808 0.9551 0.0946
vn 0.2800 0.9516 0.1270
vn 0.2910 0.9401 0.1773
vn 0.2869 0.9465 0.1480
vn 0.2880 0.9528 0.0958
vn 0.1553 0.9835 0.0926
vn 0.1598 0.9844 0.0734
vn 0.1606 0.9842 0.0744
vn 0.1560 0.9828 0.0984
vn 0.1610 0.9857 0.0488
vn 0.1610 0.9838 0.0792
vn 0.1553 0.9836 0.0916
vn 0.1617 0.9856 0.0488
vn 0.1610 0.9856 0.0517
vn 0.2258 0.9709 0.0801
vn 0.2540 0.9618 0.1025
vn 0.2556 0.9632 0.0826
vn 0.2304 0.9713 0.0595
vn 0.2629 0.9614 0.0813
vn 0.2571 0.9643 0.0639
vn 0.2197 0.9706 0.0980
vn 0.2647 0.9584 0.1066
vn 0.2654 0.9620 0.0637
vn 0.1495 0.9886 0.0204
vn 0.1495 0.9886 0.0191
vn 0.1484 0.9887 0.0190
vn 0.1553 0.9701 0.1867
vn 0.1717 0.9677 0.1847
vn 0.1568 0.9660 0.2055
vn 0.1354 0.9742 0.1803
vn 0.1518 0.9637 0.2195
vn 0.1366 0.9691 0.2052
vn 0.1717 0.9690 0.1778
vn 0.1762 0.9607 0.2144
vn 0.1305 0.9656 0.2247
vn 0.2281 0.9731 0.0320
vn 0.2548 0.9663 0.0374
vn 0.2659 0.9632 0.0381
vn 0.3540 0.8591 0.3696
vn 0.3326 0.9229 0.1938
vn 0.3487 0.8834 0.3130
vn 0.3609 0.8058 0.4695
vn 0.3486 0.8899 0.2941
vn 0.3555 0.8394 0.4112
vn 0.3422 0.9021 0.2628
vn 0.3311 0.9284 0.1686
vn 0.3541 0.8488 0.3926
vn 0.3353 0.9368 0.0999
vn 0.3987 0.9012 0.1698
vn 0.3953 0.9111 0.1169
vn 0.3334 0.9398 0.0752
vn 0.4543 0.8827 0.1205
vn 0.3967 0.9135 0.0904
vn 0.3410 0.9285 0.1471
vn 0.4357 0.8848 0.1650
vn 0.4731 0.8756 0.0979
vn 0.2858 0.9508 0.1200
vn 0.2818 0.9558 0.0841
vn 0.2835 0.9568 0.0643
vn 0.1915 0.9801 0.0526
vn 0.1846 0.9800 0.0748
vn 0.1602 0.9845 0.0708
vn 0.1785 0.9795 0.0934
vn 0.1621 0.9856 0.0484
vn 0.1602 0.9828 0.0914
vn 0.3303 0.9429 0.0431
vn 0.3941 0.9175 0.0542
vn 0.4882 0.8707 0.0599
vn 0.2853 0.9577 0.0379
vn 0.1892 0.9816 0.0254
vn 0.1625 0.9865 0.0215
vn 0.2983 0.7275 0.6178
vn 0.2754 0.8533 0.4428
vn 0.1891 0.9404 0.2826
vn 0.2091 0.8996 0.3835
vn 0.1800 0.9268 0.3295
vn 0.2491 0.7305 0.6359
vn 0.2643 0.8862 0.3806
vn 0.1515 0.9696 0.1923
vn 0.2342 0.7300 0.6421
vn 0.3296 0.8459 0.4192
vn 0.3338 0.8267 0.4529
vn 0.3455 0.7548 0.5576
vn 0.3446 0.9240 0.1656
vn 0.3617 0.9141 0.1834
vn 0.3776 0.8899 0.2558
vn 0.3643 0.8983 0.2455
vn 0.3541 0.8945 0.2729
vn 0.3558 0.9037 0.2382
vn 0.3778 0.9036 0.2021
vn 0.3597 0.8896 0.2815
vn 0.3533 0.8952 0.2718
vn 0.1019 0.8601 0.4999
vn 0.1064 0.8206 0.5615
vn 0.1156 0.8004 0.5883
vn 0.1266 0.8281 0.5460
vn 0.1389 0.6247 0.7684
vn 0.1400 0.7730 0.6188
vn 0.0896 0.8840 0.4588
vn 0.1320 0.6378 0.7588
vn 0.1595 0.6176 0.7702
vn 0.2423 0.6272 0.7402
vn 0.2098 0.8117 0.5451
vn 0.1873 0.9200 0.3444
vn 0.2300 0.7951 0.5612
vn 0.2813 0.7810 0.5576
vn 0.2571 0.6306 0.7323
vn 0.1743 0.9142 0.3659
vn 0.2350 0.9191 0.3163
vn 0.3006 0.6424 0.7050
vn 0.2777 0.9259 0.2559
vn 0.3288 0.8793 0.3445
vn 0.3220 0.8196 0.4740
vn 0.3433 0.7114 0.6132
vn 0.2938 0.9383 0.1825
vn 0.3533 0.8053 0.4761
vn 0.3006 0.9433 0.1411
vn 0.3235 0.9194 0.2236
vn 0.3292 0.9036 0.2742
vn 0.3493 0.8531 0.3875
vn 0.2968 0.9493 0.1041
vn 0.3414 0.8859 0.3139
vn 0.2868 0.9563 0.0570
vn 0.2903 0.9551 0.0589
vn 0.3067 0.9417 0.1385
vn 0.3215 0.9270 0.1933
vn 0.2846 0.9580 0.0356
vn 0.2941 0.9536 0.0651
vn 0.0874 0.8693 0.4865
vn 0.1022 0.8366 0.5383
vn 0.1286 0.8023 0.5829
vn 0.1416 0.9611 0.2371
vn 0.1435 0.9774 0.1555
vn 0.1869 0.9766 0.1068
vn 0.2713 0.9575 0.0977
vn 0.2380 0.9664 0.0969
vn 0.2874 0.9543 0.0821
vn 0.2880 0.9528 0.0965
vn 0.1392 0.5687 0.8107
vn 0.1442 0.5676 0.8106
vn 0.1434 0.7262 0.6724
vn 0.1629 0.5693 0.8058
vn 0.1408 0.7354 0.6629
vn 0.1858 0.6369 0.7483
vn 0.2517 0.5361 0.8057
vn 0.2640 0.5619 0.7839
vn 0.3059 0.6022 0.7374
vn 0.3460 0.8842 0.3138
vn 0.3559 0.8392 0.4112
vn 0.3624 0.7790 0.5117
vn 0.2987 0.9525 0.0588
vn 0.3269 0.9267 0.1854
vn 0.3307 0.9296 0.1630
vn 0.3105 0.9478 0.0725
vn 0.1354 0.9793 0.1503
vn 0.1392 0.9337 0.3298
vn 0.1392 0.9447 0.2968
vn 0.1377 0.9810 0.1369
vn 0.1316 0.9810 0.1427
vn 0.1335 0.9834 0.1230
vn 0.1350 0.9769 0.1656
vn 0.1507 0.7657 0.6253
vn 0.1542 0.9460 0.2852
vn 0.1442 0.7453 0.6509
vn 0.1865 0.7431 0.6426
vn 0.3411 0.9049 0.2545
vn 0.3368 0.9071 0.2525
vn 0.3188 0.9224 0.2181
vn 0.3308 0.9086 0.2549
vn 0.3125 0.9256 0.2137
vn 0.3044 0.9288 0.2115
vn 0.1690 0.9773 0.1278
vn 0.1454 0.9818 0.1221
vn 0.1602 0.9800 0.1183
vn 0.2202 0.9643 0.1473
vn 0.1529 0.9818 0.1129
vn 0.2152 0.9663 0.1413
vn 0.1522 0.9802 0.1270
vn 0.1373 0.9837 0.1165
vn 0.2125 0.9672 0.1389
vn 0.2785 0.9435 0.1797
vn 0.2766 0.9444 0.1780
vn 0.2739 0.9452 0.1778
vn 0.3177 0.9445 0.0839
vn 0.3223 0.9407 0.1062
vn 0.3239 0.9381 0.1228
vn 0.3200 0.9433 0.0882
vn 0.1865 0.6208 0.7614
vn 0.1862 0.7252 0.6629
vn 0.1702 0.7452 0.6448
vn 0.1572 0.7979 0.5820
vn 0.1732 0.7761 0.6063
vn 0.1697 0.7738 0.6103
vn 0.1568 0.7833 0.6015
vn 0.1495 0.7883 0.5968
vn 0.1648 0.7766 0.6080
vn 0.1483 0.7900 0.5949
vn 0.1335 0.8006 0.5841
vn 0.1205 0.8217 0.5570
vn 0.1316 0.8232 0.5523
vn 0.3494 0.6858 0.6385
vn 0.2857 0.9569 0.0519
vn 0.2816 0.9578 0.0574
vn 0.4039 0.6761 0.6162
vn 0.4282 0.8046 0.4114
vn 0.3997 0.8734 0.2781
vn 0.4211 0.8437 0.3328
vn 0.3989 0.8781 0.2641
vn 0.4002 0.7318 0.5517
vn 0.4095 0.8443 0.3457
vn 0.3867 0.8978 0.2107
vn 0.3770 0.7900 0.4834
vn 0.2938 0.9508 0.0984
vn 0.3330 0.9326 0.1388
vn 0.3536 0.9233 0.1499
vn 0.3410 0.9238 0.1739
vn 0.3029 0.9475 0.1026
vn 0.1480 0.9888 0.0181
vn 0.2357 0.9697 0.0635
vn 0.2396 0.9687 0.0652
vn 0.1526 0.9881 0.0187
vn -0.0103 0.9998 -0.0149
vn 0.0538 0.9982 -0.0258
vn 0.0500 0.9981 -0.0351
vn -0.0374 0.9984 -0.0416
vn -0.0088 0.9351 0.3542
vn -0.0912 0.9258 0.3668
vn -0.0999 0.9525 0.2876
vn 0.0164 0.9620 0.2724
vn -0.1744 0.9537 0.2452
vn -0.0809 0.9783 0.1907
vn -0.0153 0.9141 0.4053
vn -0.1713 0.9275 0.3322
vn -0.1587 0.9778 0.1370
vn 0.1389 0.8528 0.5034
vn 0.1270 0.8382 0.5304
vn 0.1392 0.8416 0.5218
vn 0.0458 0.8343 0.5494
vn 0.1590 0.8610 0.4831
vn 0.0320 0.8334 0.5518
vn -0.0328 0.9352 0.3526
vn -0.0400 0.9977 0.0540
vn -0.1114 0.9934 0.0282
vn -0.1228 0.9834 0.1339
vn -0.1766 0.9556 0.2359
vn -0.1137 0.8975 0.4261
vn -0.1541 0.8434 0.5148
vn 0.1213 0.9597 0.2536
vn 0.0851 0.9742 0.2092
vn 0.0616 0.9553 0.2892
vn 0.0378 0.9855 0.1654
vn 0.1003 0.9407 0.3242
vn 0.1667 0.9076 0.3853
vn 0.1469 0.9387 0.3119
vn 0.1224 0.9237 0.3631
vn 0.1328 0.9103 0.3922
vn 0.2293 0.6275 0.7441
vn 0.1954 0.8233 0.5329
vn 0.1564 0.8397 0.5201
vn 0.1881 0.6432 0.7422
vn 0.2228 0.7300 0.6461
vn 0.2376 0.5254 0.8170
vn 0.1942 0.5430 0.8170
vn 0.1404 0.9799 0.1419
vn 0.1724 0.9375 0.3023
vn 0.1541 0.9789 0.1340
vn 0.1446 0.9809 0.1301
vn 0.1487 0.9787 0.1415
vn 0.1381 0.9823 0.1264
vn 0.1598 0.9763 0.1461
vn 0.1472 0.9880 0.0463
vn 0.1518 0.9861 0.0681
vn 0.1518 0.9861 0.0673
vn 0.1572 0.9834 0.0902
vn 0.1480 0.9879 0.0469
vn 0.1553 0.9839 0.0889
vn 0.1514 0.9882 0.0221
vn 0.1477 0.9888 0.0233
vn 0.1903 0.0513 0.9804
vn 0.1480 0.0282 0.9886
vn 0.1777 0.0706 0.9815
vn 0.1686 0.0835 0.9821
vn 0.1590 0.0103 0.9872
vn 0.1385 0.0418 0.9895
vn 0.2640 0.1596 0.9512
vn 0.1774 0.0637 0.9821
vn 0.1389 0.0111 0.9902
vn 0.1732 0.0519 0.9835
vn 0.1670 0.0450 0.9849
vn 0.2742 0.1560 0.9489
vn 0.1503 0.0284 0.9882
vn 0.1293 0.0036 0.9916
vn 0.1701 0.9730 0.1560
vn 0.1709 0.9724 0.1587
vn 0.1655 0.9760 0.1415
vn 0.1759 0.9689 0.1739
vn 0.1656 0.9757 0.1436
vn 0.1648 0.9764 0.1398
vn 0.1572 0.9787 0.1324
vn 0.1610 0.9768 0.1411
vn 0.1637 0.9760 0.1434
vn 0.1648 0.9751 0.1487
vn 0.1609 0.9777 0.1352
vn 0.1648 0.9752 0.1476
vn 0.2216 0.9635 0.1505
vn 0.1732 0.9758 0.1337
vn 0.1755 0.9753 0.1338
vn 0.2213 0.9642 0.1459
vn 0.2972 0.9316 0.2091
vn 0.2701 0.9466 0.1762
vn 0.2655 0.9493 0.1685
vn 0.2884 0.9360 0.2017
vn 0.3673 0.8810 0.2983
vn 0.3247 0.9098 0.2586
vn 0.3164 0.9134 0.2562
vn 0.3672 0.8772 0.3094
vn 0.3978 0.8855 0.2400
vn 0.3981 0.8710 0.2878
vn 0.4085 0.8531 0.3245
vn 0.4163 0.8600 0.2951
vn 0.1595 0.9796 0.1222
vn 0.1591 0.9798 0.1215
vn 0.1606 0.9785 0.1291
vn 0.1614 0.9797 0.1187
vn 0.1629 0.9788 0.1240
vn 0.1621 0.9788 0.1249
vn 0.2190 0.9680 0.1228
vn 0.1770 0.9773 0.1163
vn 0.2754 0.9479 0.1603
vn 0.2579 0.9563 0.1377
vn 0.3567 0.9005 0.2486
vn 0.3017 0.9321 0.2003
vn 0.4273 0.8646 0.2644
vn 0.4077 0.8700 0.2773
vn 0.5659 0.8194 0.0914
vn 0.6055 0.7941 0.0526
vn 0.6634 0.7471 0.0427
vn 0.6122 0.7868 0.0784
vn 0.4792 0.8674 0.1345
vn 0.5229 0.8452 0.1104
vn 0.5573 0.8247 0.0959
vn 0.5038 0.8576 0.1032
vn 0.4258 0.8708 0.2459
vn 0.4476 0.8693 0.2099
vn 0.4595 0.8756 0.1489
vn 0.4307 0.8806 0.1978
vn 0.3777 0.9114 0.1635
vn 0.4017 0.8920 0.2074
vn 0.4010 0.8971 0.1856
vn 0.3759 0.9164 0.1373
vn 0.3322 0.9381 0.0985
vn 0.3505 0.9286 0.1218
vn 0.3438 0.9356 0.0809
vn 0.3205 0.9458 0.0519
vn 0.3270 0.9375 0.1193
vn 0.3185 0.9443 0.0827
vn 0.3221 0.9427 0.0873
vn 0.3173 0.9461 0.0652
vn 0.3193 0.9440 0.0837
vn 0.2880 0.9571 -0.0317
vn 0.2735 0.9596 -0.0655
vn 0.4329 0.8953 0.1048
vn 0.3762 0.9264 0.0168
vn 0.7915 0.0475 0.6093
vn 0.3491 0.9370 0.0154
vn 0.2762 0.9606 -0.0293
vn 0.7820 -0.0582 0.6205
vn 0.7773 0.1508 0.6108
vn 0.2876 0.9572 0.0334
vn 0.4493 0.8731 0.1891
vn 0.4543 0.8731 0.1772
vn 0.7664 -0.1352 0.6280
vn 0.2918 0.9550 0.0532
vn 0.7690 -0.1553 0.6201
vn 0.3006 0.9477 0.1074
vn 0.2942 0.9537 0.0630
vn 0.2968 0.9525 0.0687
vn 0.2910 0.9557 0.0447
vn 0.3029 0.9464 0.1118
vn 0.3006 0.9316 0.2043
vn 0.2998 0.9425 0.1476
vn 0.3037 0.9405 0.1522
vn 0.3029 0.9286 0.2144
vn 0.3334 0.9063 0.2598
vn 0.4002 0.8313 0.3857
vn 0.3312 0.8966 0.2940
vn 0.3281 0.8896 0.3178
vn 0.3925 0.8177 0.4211
vn 0.3861 0.2226 0.8952
vn 0.3525 0.3452 0.8698
vn 0.3563 0.3401 0.8703
vn 0.3876 0.2325 0.8920
vn 0.3304 0.4274 0.8415
vn 0.3609 0.3294 0.8725
vn 0.3849 0.2146 0.8977
vn 0.3239 0.4410 0.8370
vn 0.3400 0.4035 0.8495
vn 0.1381 0.0479 0.9893
vn 0.1686 0.0845 0.9821
vn 0.1694 0.0860 0.9818
vn 0.2548 0.2035 0.9453
vn 0.1389 0.0511 0.9890
vn 0.2518 0.1999 0.9469
vn -0.1244 0.4161 0.9008
vn 0.1850 0.4721 0.8619
vn -0.1144 0.4482 0.8866
vn -0.7855 0.2602 0.5615
vn -0.7843 0.2827 0.5522
vn -0.0943 0.5995 0.7948
vn 0.1476 0.4435 0.8841
vn 0.1954 0.6160 0.7631
vn -0.7536 0.3993 0.5222
vn -0.1682 0.4173 0.8931
vn 0.0786 0.4414 0.8939
vn -0.1473 0.4168 0.8970
vn -0.7457 0.2794 0.6048
vn -0.7648 0.2704 0.5848
vn 0.0378 0.7377 0.6740
vn 0.1396 0.7470 0.6500
vn 0.0549 0.7359 0.6749
vn -0.0588 0.7025 0.7092
vn 0.0694 0.7342 0.6754
vn -0.0328 0.7023 0.7111
vn 0.1362 0.7481 0.6495
vn 0.1431 0.7470 0.6493
vn -0.0126 0.7022 0.7119
vn -0.1500 0.6462 0.7483
vn -0.1137 0.6513 0.7503
vn -0.2041 0.5835 0.7861
vn -0.0855 0.6547 0.7510
vn -0.1598 0.5900 0.7914
vn -0.1186 0.5975 0.7930
vn 0.2281 0.7110 0.6652
vn 0.2663 0.6548 0.7074
vn 0.2147 0.7175 0.6626
vn 0.2052 0.7224 0.6604
vn 0.2945 0.6323 0.7166
vn 0.2468 0.6690 0.7011
vn 0.3999 0.2017 0.8941
vn 0.3959 0.1821 0.9000
vn 0.3938 0.1889 0.8996
vn 0.3939 0.1884 0.8996
vn 0.4033 0.1958 0.8939
vn 0.3948 0.1806 0.9008
vn 0.3374 0.5289 0.7787
vn 0.3147 0.5026 0.8052
vn 0.3010 0.5734 0.7620
vn 0.2765 0.6003 0.7504
vn 0.3470 0.4515 0.8220
vn 0.2949 0.5324 0.7934
vn 0.3425 0.4240 0.8384
vn 0.3319 0.4340 0.8376
vn 0.3251 0.4579 0.8274
vn 0.3155 0.4761 0.8209
vn 0.3421 0.4106 0.8452
vn 0.3263 0.4465 0.8332
vn 0.3636 0.3215 0.8743
vn 0.3326 0.3162 0.8885
vn 0.3369 0.2877 0.8965
vn 0.3800 0.2797 0.8817
vn 0.2560 0.1847 0.9489
vn 0.3501 0.2538 0.9017
vn 0.3548 0.3607 0.8626
vn 0.0004 0.0002 1.0000
vn -0.0004 0.0002 1.0000
vn 0.0076 0.0103 0.9999
vn -0.0053 -0.0008 1.0000
vn -0.0072 -0.0103 0.9999
vn -0.0114 -0.0032 0.9999
vn -0.0122 -0.0032 0.9999
vn -0.0114 -0.0124 0.9999
vn 0.0023 -0.3494 0.9370
vn 0.0084 -0.0633 0.9980
vn 0.0019 -0.3215 0.9469
vn -0.0015 -0.8195 0.5731
vn -0.0061 -0.7874 0.6164
vn 0.0069 -0.0484 0.9988
vn 0.0606 0.1035 0.9928
vn 0.0343 0.0320 0.9989
vn 0.1118 0.0935 0.9893
vn 0.0839 0.0401 0.9957
vn 0.1392 0.0196 0.9901
vn 0.1686 0.0650 0.9835
vn 0.1579 0.0113 0.9874
vn 0.1503 0.0237 0.9884
vn 0.1526 0.0187 0.9881
vn 0.1388 0.0402 0.9895
vn 0.1396 0.0393 0.9894
vn 0.1206 -0.2442 0.9622
vn 0.1320 -0.0217 0.9910
vn 0.1167 -0.3152 0.9418
vn 0.0774 -0.7516 0.6551
vn 0.1121 -0.4087 0.9057
vn 0.0702 -0.7984 0.5980
vn 0.1354 -0.0698 0.9883
vn 0.0603 -0.8502 0.5230
vn 0.1457 0.0465 0.9882
vn 0.1320 0.0673 0.9890
vn 0.1419 0.0553 0.9883
vn 0.1396 0.0624 0.9882
vn 0.1534 0.0153 0.9880
vn 0.1236 0.0853 0.9887
vn 0.1610 -0.0008 0.9870
vn -0.2850 0.4955 0.8205
vn -0.2312 0.3594 0.9041
vn -0.2498 0.4197 0.8726
vn -0.2891 0.4585 0.8403
vn -0.1411 0.0372 0.9893
vn -0.1789 -0.1579 0.9711
vn -0.1423 -0.1704 0.9750
vn -0.1167 -0.6885 0.7158
vn -0.1720 0.0187 0.9849
vn -0.1411 -0.6752 0.7240
vn 0.3487 0.3787 0.8573
vn 0.3628 0.3227 0.8742
vn 0.3859 0.2580 0.8857
vn -0.0763 0.7016 0.7085
vn 0.0275 0.7384 0.6738
vn 0.1351 0.7489 0.6488
vn -0.2293 0.5701 0.7889
vn -0.1755 0.6416 0.7467
vn 0.2407 0.7063 0.6657
vn 0.3182 0.6138 0.7225
vn 0.4120 0.0156 0.9110
vn 0.4124 0.2348 0.8802
vn 0.4306 0.0437 0.9015
vn 0.3323 -0.5806 0.7433
vn 0.3425 -0.5939 0.7280
vn 0.3692 0.4888 0.7904
vn 0.3738 0.4034 0.8352
vn 0.3585 0.3896 0.8483
vn 0.3525 0.3857 0.8526
vn -0.0759 0.5198 0.8509
vn -0.1339 0.5596 0.8179
vn -0.0729 0.5567 0.8275
vn 0.0542 0.5466 0.8356
vn -0.0919 0.6860 0.7218
vn 0.0648 0.5746 0.8159
vn -0.1331 0.5093 0.8502
vn -0.1659 0.7125 0.6818
vn 0.0561 0.6741 0.7365
vn 0.3250 0.4436 0.8352
vn 0.3403 0.4903 0.8024
vn 0.3438 0.5003 0.7947
vn 0.3495 0.5140 0.7834
vn 0.3926 0.6419 0.6587
vn 0.3844 0.6147 0.6887
vn 0.1499 0.8077 0.5702
vn 0.0725 0.8015 0.5936
vn 0.0641 0.9439 0.3239
vn -0.0137 0.7748 0.6321
vn 0.1564 0.9318 0.3277
vn -0.0870 0.7259 0.6822
vn -0.1190 0.6694 0.7333
vn 0.2598 0.7412 0.6190
vn 0.2133 0.7847 0.5820
vn 0.2349 0.9065 0.3507
vn 0.2938 0.8750 0.3848
vn 0.4122 0.1882 0.8914
vn 0.4043 0.1909 0.8945
vn 0.4134 0.1941 0.8896
vn 0.3773 0.1919 0.9060
vn 0.4288 0.1950 0.8821
vn 0.3761 0.1791 0.9091
vn 0.3193 0.6208 0.7160
vn 0.2952 0.6839 0.6671
vn 0.3436 0.8356 0.4287
vn 0.3417 0.5568 0.7571
vn -0.1354 0.5455 0.8271
vn -0.1824 0.5078 0.8420
vn -0.1816 0.5366 0.8240
vn -0.2415 0.5251 0.8160
vn -0.1374 0.5206 0.8427
vn -0.2445 0.4876 0.8381
vn 0.3299 0.9218 0.2037
vn 0.3055 0.9379 0.1644
vn 0.3600 0.9093 0.2088
vn 0.1541 0.9839 0.0900
vn 0.2411 0.9618 0.1299
vn 0.0534 0.9974 0.0479
vn -0.1960 0.8852 0.4220
vn -0.1965 0.9216 0.3348
vn -0.1717 0.7882 0.5910
vn -0.1724 0.7429 0.6468
vn 0.1793 0.7955 0.5788
vn 0.1530 0.7893 0.5947
vn 0.1656 0.6497 0.7420
vn 0.0389 0.7895 0.6125
vn -0.0511 0.9959 0.0744
vn 0.5757 0.3590 0.7346
vn 0.4139 0.7416 0.5280
vn 0.5281 0.2387 0.8150
vn 0.4328 -0.6379 0.6370
vn 0.5448 -0.5378 0.6434
vn 0.3925 0.4263 0.8150
vn 0.3460 0.8971 0.2747
vn 0.3433 0.9130 0.2203
vn 0.3383 0.8898 0.3064
vn 0.2376 0.9361 0.2594
vn 0.1694 0.9658 0.1961
vn 0.1419 0.9782 0.1515
vn 0.3059 0.9033 0.3007
vn 0.3357 0.9270 0.1674
vn 0.1362 0.9821 0.1301
vn 0.3734 0.9172 0.1387
vn 0.3098 0.9498 0.0447
vn 0.3609 0.9283 0.0898
vn 0.7461 0.1902 0.6381
vn 0.7516 0.1882 0.6322
vn -0.0149 -0.9817 0.1897
vn 0.1118 -0.9757 0.1885
vn -0.1549 -0.9700 0.1875
vn 0.2693 -0.9456 0.1826
vn 0.4138 -0.8939 0.1724
vn 0.5055 -0.8473 0.1633
vn 0.5363 -0.8288 0.1596
vn -0.3059 -0.9347 0.1810
vn -0.4024 -0.8987 0.1743
vn -0.3167 -0.9312 0.1803
vn -0.5799 -0.7997 0.1553
vn -0.6633 -0.7346 0.1430
vn -0.5802 -0.7995 0.1553
vn 0.0263 -0.9815 0.1896
vn 0.0175 -0.9817 0.1896
vn 0.0515 -0.9805 0.1894
vn 0.0797 -0.9796 0.1845
vn 0.0774 -0.9787 0.1904
vn 0.0797 -0.9795 0.1848
vn 0.0824 -0.9802 0.1801
vn 0.0797 -0.9795 0.1852
vn 0.0820 -0.9804 0.1789
vn 0.0771 -0.9787 0.1904
vn 0.0778 -0.9786 0.1903
vn 0.0820 -0.9804 0.1793
vn -0.9966 -0.0803 0.0170
vn -0.9937 -0.1100 0.0223
vn -0.9996 -0.0282 0.0065
vn -0.9964 -0.0828 0.0174
vn -0.9966 -0.0810 0.0168
vn -0.9964 -0.0828 0.0172
vn -0.9955 -0.0929 0.0193
vn -0.9966 -0.0807 0.0168
vn -0.9929 -0.1167 0.0240
vn -0.9909 -0.1322 0.0267
vn -0.9908 -0.1325 0.0269
vn -0.9907 -0.1331 0.0271
vn -0.9911 -0.1307 0.0267
vn -0.9911 -0.1307 0.0261
vn -0.9921 -0.1228 0.0252
vn -0.4722 -0.8654 0.1680
vn -0.5264 -0.8347 0.1617
vn -0.6609 -0.7371 0.1410
vn -0.6527 -0.7445 0.1406
vn -0.6420 -0.7526 0.1465
vn -0.6528 -0.7436 0.1447
vn -0.6523 -0.7440 0.1446
vn -0.6625 -0.7353 0.1429
vn -0.5776 -0.8013 0.1558
vn -0.5784 -0.8008 0.1558
vn -0.6213 -0.7688 0.1515
vn -0.5784 -0.8008 0.1553
vn -0.6224 -0.7683 0.1496
vn -0.6220 -0.7687 0.1494
vn -1.0000 0.0008 0.0011
vn 0.0778 -0.9788 0.1892
vn 0.0866 -0.9781 0.1891
vn 0.0847 -0.9783 0.1890
vn 0.0793 -0.9788 0.1886
vn 0.0797 -0.9788 0.1887
vn 0.0774 -0.9787 0.1899
vn 0.0778 -0.9788 0.1896
vn 0.0778 -0.9787 0.1898
vn -0.9933 -0.1135 0.0233
vn -0.0088 -0.9818 0.1898
vn -0.0099 -0.9817 0.1900
vn -0.0042 -0.9817 0.1902
vn -0.0134 -0.9817 0.1898
vn -0.0229 -0.9815 0.1900
vn -0.0366 -0.9812 0.1897
vn -0.0450 -0.9808 0.1896
vn -0.0370 -0.9812 0.1896
vn -0.0454 -0.9808 0.1896
vn -0.0458 -0.9808 0.1896
vn 0.0198 -0.1269 -0.9917
vn 0.0011 0.0000 -1.0000
vn -0.0008 -0.1286 -0.9917
vn 0.0862 -0.7045 -0.7045
vn -0.0099 -0.7111 -0.7031
vn -0.0191 -0.1257 -0.9919
vn 0.0061 0.0000 -1.0000
vn 0.0000 0.0000 -1.0000
vn -0.1121 -0.6986 -0.7066
vn 0.0771 -0.1266 -0.9890
vn 0.0137 -0.0002 -0.9999
vn 0.0481 -0.1255 -0.9909
vn 0.3216 -0.6559 -0.6829
vn 0.2086 -0.6838 -0.6992
vn 0.0206 -0.0002 -0.9998
vn 0.1118 -0.1318 -0.9850
vn 0.0252 -0.0002 -0.9997
vn 0.0999 -0.1286 -0.9867
vn 0.4238 -0.6239 -0.6566
vn 0.3975 -0.6304 -0.6668
vn 0.0271 -0.0002 -0.9996
vn -0.0080 0.0004 -1.0000
vn -0.0481 -0.1268 -0.9908
vn -0.2312 -0.6812 -0.6946
vn -0.1045 -0.1282 -0.9862
vn -0.0477 0.0004 -0.9989
vn -0.3387 -0.6599 -0.6707
vn -0.6302 -0.5194 -0.5772
vn -0.3345 -0.1186 -0.9349
vn -0.2323 0.0015 -0.9726
vn -0.3369 -0.1185 -0.9341
vn -0.3375 -0.1182 -0.9339
vn -0.6312 -0.5189 -0.5765
vn -0.2300 0.0013 -0.9732
vn -0.2323 0.0013 -0.9726
vn -0.6308 -0.5188 -0.5770
vn -0.1225 -0.1315 -0.9837
vn -0.1655 0.0010 -0.9862
vn -0.1652 -0.1307 -0.9776
vn -0.0896 -0.7180 -0.6902
vn -0.2896 -0.1265 -0.9488
vn -0.1183 -0.7238 -0.6798
vn -0.1228 0.0006 -0.9924
vn -0.2884 0.0017 -0.9575
vn -0.2037 -0.7247 -0.6583
vn -0.3982 -0.1202 -0.9094
vn -0.4212 0.0027 -0.9070
vn -0.4195 -0.1188 -0.8999
vn -0.2880 -0.7037 -0.6495
vn -0.4397 -0.1127 -0.8910
vn -0.3026 -0.7049 -0.6416
vn -0.4008 0.0025 -0.9162
vn -0.4414 0.0027 -0.8973
vn -0.3529 -0.6104 -0.7092
vn -0.1144 0.0008 -0.9934
vn -0.1819 -0.1251 -0.9753
vn -0.4360 -0.6247 -0.6478
vn -0.2269 -0.1242 -0.9660
vn -0.1488 0.0010 -0.9889
vn -0.4917 -0.5973 -0.6336
vn -0.5239 -0.5681 -0.6347
vn -0.1922 -0.1251 -0.9733
vn -0.0522 0.0004 -0.9986
vn -0.1590 -0.1274 -0.9790
vn -0.1499 -0.1281 -0.9804
vn -0.5180 -0.5702 -0.6376
vn -0.0923 0.0006 -0.9957
vn -0.0400 0.0002 -0.9992
vn -0.5177 -0.5717 -0.6365
vn -0.1342 0.0010 -0.9910
vn -0.2201 -0.1224 -0.9678
vn -0.5170 -0.5758 -0.6334
vn -0.4051 0.0025 -0.9143
vn -0.4040 -0.1198 -0.9069
vn -0.4391 -0.1169 -0.8908
vn -0.2887 -0.7095 -0.6429
vn -0.4418 0.0029 -0.8971
vn -0.3185 -0.6996 -0.6396
vn -0.1331 0.0006 -0.9911
vn -0.1431 -0.1369 -0.9802
vn -0.3495 -0.6893 -0.6346
vn -0.2235 -0.1417 -0.9644
vn -0.1225 -0.1313 -0.9837
vn -0.1473 -0.7229 -0.6750
vn -0.1675 0.0010 -0.9859
vn -0.1228 0.0008 -0.9924
vn -0.0900 -0.7179 -0.6903
vn -0.4325 0.0027 -0.9016
vn -0.4299 -0.1177 -0.8952
vn -0.4109 -0.1188 -0.9039
vn -0.3124 -0.6993 -0.6430
vn -0.4136 0.0025 -0.9105
vn -0.2987 -0.7006 -0.6480
vn -0.4014 0.0023 -0.9159
vn -0.3995 -0.1200 -0.9089
vn -0.2892 -0.7030 -0.6498
vn -0.0050 -0.1329 -0.9911
vn -0.0050 0.0000 -1.0000
vn -0.0057 -0.1329 -0.9911
vn -0.0107 -0.7198 -0.6941
vn -0.0050 -0.1333 -0.9911
vn -0.0034 0.0000 -1.0000
vn -0.0046 0.0000 -1.0000
vn -0.0069 -0.7205 -0.6934
vn 0.0733 -0.1332 -0.9884
vn 0.0221 -0.0002 -0.9998
vn 0.0210 -0.1331 -0.9909
vn 0.0450 -0.7242 -0.6881
vn 0.0084 -0.7236 -0.6902
vn 0.0744 -0.0006 -0.9972
vn 0.1354 -0.0008 -0.9908
vn 0.1190 -0.0008 -0.9929
vn 0.1484 -0.1017 -0.9837
vn 0.0744 -0.9901 -0.1192
vn 0.1652 -0.7317 -0.6613
vn 0.1152 -0.9932 -0.0195
vn -0.0149 -0.9997 -0.0198
vn -0.1591 -0.9871 -0.0198
vn -0.1534 -0.9576 0.2440
vn -0.0145 -0.9686 0.2483
vn -0.0134 -0.8109 0.5850
vn 0.1095 -0.9628 0.2472
vn 0.0893 -0.8046 0.5870
vn 0.4264 -0.9044 -0.0175
vn 0.2801 -0.9598 -0.0187
vn 0.2655 -0.9337 0.2401
vn 0.2175 -0.7864 0.5782
vn 0.4078 -0.8837 0.2297
vn 0.3372 -0.7499 0.5691
vn 0.5456 -0.8379 -0.0162
vn 0.5181 -0.8552 -0.0164
vn 0.4990 -0.8377 0.2218
vn 0.4158 -0.7153 0.5617
vn 0.5287 -0.8203 0.2180
vn 0.4438 -0.7044 0.5539
vn -0.3145 -0.9491 -0.0181
vn -0.4177 -0.9085 -0.0145
vn -0.3945 -0.8893 0.2312
vn -0.3018 -0.9235 0.2367
vn -0.6895 -0.7242 -0.0107
vn -0.6035 -0.7973 -0.0114
vn -0.3426 -0.9393 -0.0166
vn -0.5601 -0.5769 -0.5946
vn -0.6630 -0.7349 0.1427
vn -0.6493 -0.7344 0.1976
vn -0.6491 -0.7341 0.1995
vn -0.5044 -0.6665 0.5490
vn -0.6467 -0.7370 0.1964
vn -0.5126 -0.6738 0.5323
vn -0.4884 -0.6477 0.5848
vn -0.0084 -0.9998 -0.0198
vn -0.0069 -0.9999 -0.0141
vn -0.0050 -0.9999 -0.0088
vn 0.0858 -0.9534 0.2894
vn 0.0427 -0.9585 0.2820
vn 0.1201 -0.7136 0.6902
vn 0.0282 -0.9618 0.2724
vn -0.0137 -0.9997 -0.0189
vn -0.0145 -0.9997 -0.0175
vn -0.0122 -0.9998 -0.0132
vn 0.1846 -0.9036 0.3866
vn 0.1717 -0.9115 0.3738
vn 0.3613 -0.5080 0.7819
vn 0.1556 -0.9167 0.3679
vn 0.3514 -0.5966 0.7215
vn 0.3387 -0.5252 0.7806
vn -0.9883 0.0393 0.1476
vn -0.9906 0.0015 0.1370
vn -0.7305 0.1648 0.6628
vn -0.9912 0.0597 0.1178
vn -0.7800 -0.0135 0.6257
vn -0.9966 -0.0803 0.0166
vn -0.9954 -0.0933 0.0195
vn -0.9994 -0.0342 0.0078
vn -0.9955 0.0402 0.0858
vn -0.9957 0.0299 0.0872
vn -0.7287 0.5361 0.4261
vn -0.9964 0.0019 0.0849
vn -0.7432 0.5564 0.3716
vn -0.9964 -0.0826 0.0170
vn -0.9965 -0.0820 0.0174
vn -0.9957 -0.0904 0.0187
vn -0.9957 -0.0448 0.0809
vn -0.9961 -0.0381 0.0797
vn -0.9968 -0.0492 0.0625
vn -0.9936 -0.1107 0.0225
vn -0.9909 -0.1322 0.0269
vn -0.9944 -0.0608 0.0862
vn -0.9948 -0.0595 0.0827
vn -0.8237 0.3404 0.4534
vn -0.8079 0.3941 0.4381
vn -0.9908 -0.1324 0.0269
vn -0.9943 -0.0605 0.0873
vn -0.9944 -0.0610 0.0866
vn -0.8081 0.3941 0.4378
vn -0.8068 0.3967 0.4379
vn -0.9909 -0.1319 0.0265
vn -0.9917 -0.1257 0.0256
vn -0.9956 -0.0397 0.0849
vn -0.9946 -0.0561 0.0871
vn -0.8064 0.4074 0.4286
vn -0.7952 0.4542 0.4016
vn -0.4967 -0.8678 -0.0128
vn -0.5535 -0.8327 -0.0145
vn -0.5146 -0.8303 0.2142
vn -0.4608 -0.8590 0.2230
vn -0.6527 -0.7574 -0.0149
vn -0.6715 -0.7410 -0.0059
vn -0.5953 -0.5473 -0.5883
vn -0.6375 -0.7561 0.1480
vn -0.6341 -0.7463 0.2026
vn -0.6301 -0.7487 0.2061
vn -0.5013 -0.6276 0.5956
vn -0.6091 -0.7623 0.2188
vn -0.5233 -0.6345 0.5689
vn -0.4750 -0.6548 0.5879
vn -0.6035 -0.7972 -0.0156
vn -0.6392 -0.7689 -0.0164
vn -0.5653 -0.7980 0.2088
vn -0.4432 -0.7062 0.5521
vn -1.0000 -0.0004 0.0013
vn -0.9955 0.0444 0.0841
vn -0.9959 0.0414 0.0803
vn -0.9936 0.0519 0.1005
vn -0.0099 -0.9998 -0.0143
vn -0.0153 -0.9997 -0.0195
vn 0.1381 -0.9465 0.2917
vn 0.1251 -0.9488 0.2901
vn -0.0576 -0.9801 0.1898
vn 0.0233 -0.9711 0.2375
vn -0.0488 -0.9725 0.2279
vn -0.3105 -0.9247 0.2204
vn -0.0473 -0.8758 0.4803
vn -0.2762 -0.9020 0.3319
vn -0.0172 -0.9996 -0.0210
vn -0.0160 -0.9997 -0.0210
vn 0.1373 -0.9382 0.3178
vn 0.1370 -0.9440 0.3002
vn -0.0145 -0.9997 -0.0196
vn 0.1461 -0.9270 0.3455
vn 0.3331 -0.5509 0.7652
vn -0.9930 -0.1156 0.0235
vn -0.9964 -0.0134 0.0839
vn -0.7656 0.5213 0.3769
vn -0.0107 -0.9997 -0.0198
vn -0.0103 -0.9998 -0.0198
vn -0.0053 -0.9998 -0.0198
vn -0.0034 -0.9685 0.2489
vn -0.0088 -0.9644 0.2643
vn -0.0095 -0.9602 0.2792
vn -0.0076 -0.9998 -0.0160
vn -0.0095 -0.9998 -0.0166
vn -0.0164 -0.9573 0.2885
vn -0.0313 -0.9560 0.2918
vn -0.0458 -0.9804 0.1917
vn 0.0008 -1.0000 -0.0044
vn -0.0526 -0.9541 0.2948
vn -0.0656 -0.9516 0.3001
vn -0.9916 -0.0008 0.1295
vn -0.9911 -0.0008 0.1332
vn -0.7886 -0.0261 0.6144
vn -0.0461 -0.9807 0.1899
vn -0.1412 -0.0219 0.9897
vn -0.2582 -0.9485 0.1836
vn -0.0736 -0.9356 0.3453
vn -0.2716 -0.9038 0.3308
vn -0.7904 -0.6012 0.1175
vn -0.7788 -0.5706 0.2607
vn 0.0793 0.0441 0.9959
vn 0.0298 0.0343 0.9990
vn 0.1350 0.0238 0.9906
vn -0.0057 -0.3061 0.9520
vn 0.0290 -0.3009 0.9532
vn 0.0713 -0.2977 0.9520
vn 0.1175 -0.2942 0.9485
vn -0.0732 -0.2792 0.9574
vn -0.0855 -0.2412 0.9667
vn -0.1099 -0.3416 0.9334
vn -0.0587 -0.5223 0.8507
vn -0.4325 -0.7504 0.4998
vn -0.1290 -0.1976 0.9718
vn -0.1106 -0.1984 0.9739
vn -0.4804 -0.6214 0.6189
vn -0.0710 -0.2463 0.9666
vn -0.0572 -0.9802 0.1896
vn -0.1221 -0.1314 -0.9838
vn -0.0858 -0.9961 -0.0200
vn 0.0256 -0.9667 0.2546
vn 0.0221 -0.0439 0.9988
vn 0.0000 -0.0011 1.0000
vn -0.0649 0.0879 0.9940
vn 0.0076 -0.0221 0.9997
vn 0.0175 -0.0751 0.9970
vn 0.0301 -0.0631 0.9976
vn -0.0824 0.1265 0.9885
vn -0.0629 0.0416 0.9972
vn 0.0530 -0.1156 0.9919
vn -0.2784 0.4685 0.8384
vn -0.2697 0.5036 0.8208
vn 0.0290 0.9080 0.4180
vn 0.0359 0.9309 0.3635
vn 0.0664 0.8954 0.4403
vn 0.0732 0.9184 0.3889
vn 0.1316 0.6462 0.7517
vn 0.1057 0.8319 0.5447
vn 0.0980 0.9081 0.4070
vn 0.1178 0.8426 0.5255
vn 0.1461 0.6517 0.7442
vn 0.0885 0.8966 0.4339
vn 0.0839 0.8879 0.4524
vn 0.0916 0.9075 0.4100
vn 0.1392 0.5696 0.8101
vn 0.1530 0.5686 0.8083
vn -0.0748 0.9013 0.4268
vn -0.0458 0.8676 0.4951
vn -0.1610 0.9017 0.4012
vn -0.1064 0.8647 0.4909
vn -0.2125 0.3282 0.9204
vn -0.1648 0.2867 0.9437
vn -0.1228 0.1333 0.9834
vn -0.1392 0.5816 0.8015
vn -0.1358 0.6174 0.7748
vn -0.1701 0.4917 0.8540
vn -0.1083 0.5034 0.8572
vn 0.0160 0.5312 0.8471
vn -0.1888 0.8549 0.4832
vn -0.1145 0.8164 0.5660
vn 0.0095 -0.0372 0.9993
vn -0.0042 -0.0282 0.9996
vn 0.0011 -0.0244 0.9997
vn 0.0042 -0.0410 0.9992
vn 0.1358 0.9273 0.3488
vn 0.1373 0.9174 0.3736
vn 0.1537 0.9077 0.3904
vn 0.1591 0.9847 0.0709
vn 0.1549 0.9838 0.0898
vn 0.1572 0.9851 0.0692
vn 0.1571 0.9864 0.0481
vn 0.1545 0.9839 0.0903
vn 0.1495 0.9885 0.0219
vn 0.1491 0.9885 0.0233
vn 0.1701 0.9734 0.1535
vn 0.1648 0.9737 0.1575
vn 0.1675 0.9742 0.1511
vn 0.1659 0.9754 0.1450
vn 0.1655 0.9753 0.1465
vn 0.1686 0.9714 0.1674
vn 0.1591 0.9795 0.1232
vn 0.1595 0.9794 0.1240
vn 0.1514 0.9742 0.1672
vn 0.1507 0.9763 0.1555
vn 0.0122 -0.0473 0.9988
vn 0.0179 -0.0633 0.9978
vn 0.0237 -0.0975 0.9950
vn 0.1740 -0.3027 0.9371
vn 0.1526 -0.2940 0.9435
vn -0.1766 -0.0406 0.9834
vn -0.3371 -0.0435 0.9405
vn -0.3212 -0.0263 0.9466
vn -0.0794 -0.0008 0.9968
vn -0.1350 0.0656 0.9887
vn -0.1499 0.0627 0.9867
vn -0.0050 -0.0900 0.9959
vn 0.0198 -0.0002 -0.9998
vn 0.0248 -0.0002 -0.9997
vn -0.0065 0.0002 -1.0000
vn -0.0393 0.0002 -0.9992
vn -0.2129 0.0013 -0.9771
vn -0.2137 0.0013 -0.9769
vn -0.2209 0.0013 -0.9753
vn -0.1679 0.0010 -0.9858
vn -0.1735 0.0011 -0.9848
vn -0.1651 0.0010 -0.9863
vn -0.2891 0.0017 -0.9573
vn -0.1022 0.0006 -0.9948
vn -0.1495 0.0011 -0.9888
vn -0.1347 0.0008 -0.9909
vn -0.0397 0.0002 -0.9992
vn -0.0904 0.0006 -0.9959
vn -0.2304 0.0015 -0.9731
vn -0.2289 0.0013 -0.9735
vn -0.1339 0.0008 -0.9910
vn -0.1404 0.0008 -0.9901
vn -0.1045 0.0006 -0.9945
vn -0.1324 0.0008 -0.9912
vn -0.1328 0.0008 -0.9911
vn 0.0217 -0.0002 -0.9998
vn 0.0748 -0.0006 -0.9972
vn 0.1186 -0.0008 -0.9929
vn -0.9940 -0.1068 0.0219
vn -0.9841 -0.1045 0.1434
vn -0.7096 -0.6911 0.1375
vn -0.9498 -0.2814 -0.1368
vn -0.7095 -0.5750 -0.4074
vn -0.0561 -0.9858 0.1583
vn 0.2777 -0.9433 0.1821
vn 0.2751 -0.9316 0.2375
vn 0.2384 -0.8057 0.5423
vn 0.0107 -0.0002 -0.9999
vn 0.0683 -0.1558 -0.9854
vn 0.2212 -0.7303 -0.6463
vn 0.2731 -0.9618 -0.0198
vn -0.0908 0.1387 0.9862
vn -0.0031 0.0042 1.0000
vn 0.0202 -0.0385 0.9991
vn -0.2850 0.4488 0.8469
vn -0.2709 0.4601 0.8456
vn -0.2357 0.4747 0.8480
vn -0.0126 0.9066 0.4217
vn 0.0431 0.8946 0.4448
vn 0.0744 0.8842 0.4611
vn 0.0892 0.8911 0.4449
vn 0.1068 0.8266 0.5525
vn 0.1319 0.6427 0.7546
vn 0.0874 0.8792 0.4684
vn 0.1412 0.7390 0.6587
vn -0.0942 0.9159 0.3902
vn -0.1781 0.9155 0.3607
vn -0.2205 0.3396 0.9144
vn -0.1361 0.5140 0.8469
vn -0.1346 0.5706 0.8101
vn -0.1689 0.7267 0.6659
vn -0.1800 0.4968 0.8490
vn -0.1960 0.8692 0.4540
vn 0.0065 -0.0450 0.9990
vn 0.0126 -0.0420 0.9990
vn 0.1331 0.9766 0.1690
vn 0.1347 0.9311 0.3390
vn 0.1602 0.9844 0.0725
vn 0.1549 0.9837 0.0912
vn 0.1610 0.9857 0.0490
vn 0.1491 0.9886 0.0208
vn 0.1716 0.9694 0.1755
vn 0.1705 0.9730 0.1553
vn 0.1656 0.9756 0.1440
vn 0.1587 0.9797 0.1225
vn 0.1534 0.9723 0.1766
vn 0.1011 -0.3832 0.9181
vn -0.1450 -0.6474 0.7483
vn -0.1800 -0.1720 0.9685
vn -0.1785 -0.0307 0.9835
vn -0.2391 0.2111 0.9478
vn 0.1865 0.5564 0.8097
vn 0.1850 0.5536 0.8120
vn -0.1278 0.7112 0.6913
vn -0.1267 0.7548 0.6436
vn -0.1267 0.7561 0.6421
vn -0.1301 0.7573 0.6400
vn -0.1351 0.7719 0.6212
vn -0.1244 0.8152 0.5657
vn -0.0881 0.8559 0.5096
vn -0.0580 0.8700 0.4896
vn 0.1438 0.5188 0.8427
vn 0.1660 0.5425 0.8235
vn 0.0885 0.5067 0.8576
vn -0.0671 0.7912 0.6079
vn -0.2625 -0.9512 -0.1623
vn -0.0488 -0.9843 0.1697
vn -0.0458 -0.9807 0.1903
vn -0.0946 -0.8873 0.4514
vn -0.0458 -0.9806 0.1907
vn -0.0702 -0.9436 0.3237
vn -0.1674 -0.0069 0.9859
vn 0.3978 0.2683 0.8774
vn 0.3678 0.2488 0.8960
vn 0.1633 -0.1869 0.9687
vn 0.4029 0.0111 0.9152
vn 0.4013 0.0141 0.9158
vn 0.1442 -0.0116 0.9895
vn 0.1541 -0.0490 0.9868
vn 0.4021 0.2365 0.8845
vn 0.4212 0.0240 0.9067
vn 0.4410 -0.0080 0.8975
vn -0.6629 -0.7350 0.1428
vn -0.3124 -0.1282 -0.9413
vn -0.5721 -0.7952 0.2008
vn -0.0881 -0.3131 0.9456
vn 0.9942 -0.0420 0.0988
vn 0.2071 -0.9783 -0.0031
vn 0.9852 0.1594 0.0631
vn 0.9885 0.1228 0.0883
vn 0.9875 -0.1480 0.0547
vn 0.2106 -0.9776 -0.0061
vn 0.3419 -0.9395 0.0206
vn 0.2094 -0.9778 -0.0069
vn 0.3391 -0.9407 0.0084
vn 0.9781 -0.1659 0.1260
vn 0.9695 -0.2245 0.0986
vn 0.2030 -0.9792 0.0029
vn 0.2030 -0.9792 0.0050
vn 0.2091 -0.9779 -0.0061
vn 0.2094 -0.9778 -0.0065
vn 0.2094 -0.9778 -0.0063
vn 0.2044 -0.9789 0.0044
vn 0.2090 -0.9779 -0.0061
vn 0.6931 0.7179 0.0660
vn 0.9529 0.3015 0.0324
vn 0.6204 0.7773 0.1043
vn 0.6880 0.7189 0.0996
vn 0.4903 0.8430 0.2215
vn 0.5509 0.8180 0.1654
vn 0.9551 -0.0839 0.2843
vn 0.8760 0.0294 0.4815
vn 0.4307 0.8861 0.1712
vn 0.4562 0.8625 0.2190
vn 0.8302 0.0843 0.5511
vn 0.8251 0.1093 0.5543
vn 0.3662 0.9278 0.0718
vn 0.3944 0.9128 0.1062
vn 0.8337 0.1599 0.5286
vn 0.8369 0.1996 0.5097
vn 0.3708 0.9221 0.1103
vn 0.8007 0.2001 0.5647
vn 0.4361 0.8650 0.2480
vn 0.4414 0.8738 0.2040
vn 0.7695 -0.1272 0.6259
vn 0.7340 -0.1368 0.6653
vn 0.4766 0.7688 0.4264
vn 0.4475 0.8383 0.3115
vn 0.6903 -0.1853 0.6994
vn 0.6240 -0.2844 0.7278
vn 0.5315 0.5899 0.6078
vn 0.5188 -0.4761 0.7101
vn 0.3304 0.4325 0.8389
vn 0.3407 0.4082 0.8469
vn 0.1736 0.0794 0.9816
vn 0.3575 0.3642 0.8600
vn 0.3356 0.3210 0.8856
vn 0.1320 0.0587 0.9895
vn 0.1266 0.0706 0.9894
vn 0.3502 0.3830 0.8548
vn 0.3590 0.3872 0.8492
vn 0.4207 0.7705 0.4789
vn 0.3120 0.9483 0.0575
vn 0.2964 0.9550 0.0076
vn -0.6373 -0.7564 0.1471
vn -0.6376 -0.7562 0.1470
vn -0.2445 -0.1248 -0.9616
vn -0.6494 -0.7603 -0.0158
vn -0.6424 -0.7435 0.1860
vn -0.0893 -0.1917 0.9774
vn -0.0584 0.0006 -0.9983
vn 0.3644 -0.8886 0.2787
vn 0.1816 -0.9801 0.0799
vn 0.3563 -0.9262 0.1236
vn 0.1698 -0.9693 0.1778
vn 0.3632 -0.8216 0.4393
vn 0.3337 -0.8107 0.4811
vn 0.1671 -0.9329 0.3189
vn 0.3750 -0.8368 0.3989
vn 0.1652 -0.9213 0.3520
vn 0.1690 -0.9435 0.2849
vn 0.1701 -0.9465 0.2743
vn 0.3696 -0.8448 0.3869
vn 0.3669 -0.8554 0.3656
vn 0.1709 -0.9534 0.2487
vn 0.1716 -0.9602 0.2203
vn 0.3726 -0.8621 0.3434
vn 0.2838 -0.8351 0.4712
vn 0.1633 -0.9156 0.3675
vn 0.3301 -0.8106 0.4836
vn 0.1560 -0.9066 0.3920
vn 0.1705 -0.9696 0.1756
vn 0.1812 -0.9802 0.0794
vn 0.1827 -0.9802 0.0759
vn 0.1697 -0.9692 0.1783
vn 0.1663 -0.9289 0.3310
vn 0.1694 -0.9435 0.2849
vn 0.1694 -0.9456 0.2779
vn 0.1701 -0.9521 0.2542
vn 0.1720 -0.9603 0.2197
vn 0.1713 -0.9594 0.2239
vn 0.1568 -0.9028 0.4005
vn 0.1636 -0.9142 0.3709
vn 0.1629 -0.9091 0.3834
vn 0.1568 -0.8959 0.4157
vn 0.1861 -0.9023 0.3889
vn 0.1438 -0.9083 0.3928
vn 0.2144 -0.8741 0.4360
vn 0.1354 -0.9253 0.3543
vn 0.1629 -0.9403 0.2987
vn 0.1362 -0.9536 0.2685
vn 0.1656 -0.9375 0.3060
vn 0.1705 -0.9337 0.3149
vn 0.1366 -0.9547 0.2644
vn 0.1362 -0.9512 0.2768
vn 0.1816 -0.9294 0.3214
vn 0.1355 -0.9508 0.2787
vn 0.1866 -0.9301 0.3165
vn 0.1873 -0.9326 0.3086
vn 0.1358 -0.9497 0.2823
vn 0.1362 -0.9522 0.2733
vn 0.1351 -0.9452 0.2972
vn 0.1850 -0.9247 0.3328
vn 0.1358 -0.9496 0.2826
vn 0.1759 -0.9309 0.3201
vn -0.0946 -0.9217 -0.3762
vn -0.1080 -0.9884 -0.1064
vn 0.1366 -0.9590 0.2482
vn 0.1373 -0.9629 0.2325
vn 0.2831 0.9591 -0.0001
vn 0.2884 0.9568 0.0357
vn 0.2838 0.9587 -0.0200
vn 0.1358 -0.9223 0.3618
vn 0.1442 -0.9040 0.4026
vn 0.1457 -0.8995 0.4119
vn 0.1377 -0.9239 0.3569
vn 0.1369 -0.9541 0.2665
vn 0.1369 -0.9548 0.2640
vn 0.1358 -0.9520 0.2745
vn 0.1358 -0.9505 0.2794
vn 0.1358 -0.9494 0.2831
vn 0.1354 -0.9444 0.2996
vn 0.1358 -0.9477 0.2890
vn 0.1358 -0.9498 0.2820
vn 0.1377 -0.9612 0.2392
vn 0.2083 -0.9781 -0.0032
# 2898 vertex normals

vt 0.1250 0.9875 0.0000
vt 0.5000 0.8575 0.0000
vt 0.5000 0.9875 0.0000
vt 0.1250 0.9969 0.0000
vt 0.5000 0.9969 0.0000
vt 0.8750 0.9875 0.0000
vt 0.1250 0.8575 0.0000
vt 0.8750 0.8575 0.0000
vt 0.8750 0.9969 0.0000
vt 1.0000 0.8575 0.0000
vt 1.0000 0.9875 0.0000
vt 1.0000 0.9969 0.0000
vt 1.0000 0.8656 0.0000
vt 1.0000 0.8901 0.0000
vt 1.0000 0.9147 0.0000
vt 1.0000 0.8903 0.0000
vt 1.0000 0.9220 0.0000
vt 1.0000 0.8654 0.0000
vt 0.1250 0.0049 0.0000
vt 0.0000 0.1292 0.0000
vt 0.0000 0.0049 0.0000
vt 0.1250 0.0012 0.0000
vt 0.0000 0.0012 0.0000
vt 0.1250 0.1292 0.0000
vt 0.5000 1.0000 0.0000
vt 0.8750 1.0000 0.0000
vt 0.1250 1.0000 0.0000
vt 1.0000 1.0000 0.0000
vt 0.0000 1.0000 0.0000
vt 0.0000 0.9969 0.0000
vt 0.3247 1.0000 0.0000
vt 0.0796 1.0000 0.0000
vt 0.3184 1.0000 0.0000
vt 0.6121 1.0000 0.0000
vt 0.3360 1.0000 0.0000
vt 0.6026 1.0000 0.0000
vt 0.0812 1.0000 0.0000
vt 0.0840 1.0000 0.0000
vt 0.6290 1.0000 0.0000
vt 0.6250 1.0000 0.0000
vt 0.7369 1.0000 0.0000
vt 0.6055 1.0000 0.0000
vt 0.7375 1.0000 0.0000
vt 0.4839 1.0000 0.0000
vt 0.7180 1.0000 0.0000
vt 0.7500 1.0000 0.0000
vt 0.7362 1.0000 0.0000
vt 0.0096 1.0000 0.0000
vt 0.0127 1.0000 0.0000
vt 0.0072 1.0000 0.0000
vt 0.0024 1.0000 0.0000
vt 0.0049 1.0000 0.0000
vt 0.0169 1.0000 0.0000
vt 0.0086 1.0000 0.0000
vt 0.1581 1.0000 0.0000
vt 0.0755 1.0000 0.0000
vt 0.1545 1.0000 0.0000
vt 0.2583 1.0000 0.0000
vt 0.1467 1.0000 0.0000
vt 0.2574 1.0000 0.0000
vt 0.0810 1.0000 0.0000
vt 0.0692 1.0000 0.0000
vt 0.2481 1.0000 0.0000
vt 0.3750 1.0000 0.0000
vt 0.3626 1.0000 0.0000
vt 0.8118 1.0000 0.0000
vt 0.8936 1.0000 0.0000
vt 0.8249 1.0000 0.0000
vt 0.8227 1.0000 0.0000
vt 0.8882 1.0000 0.0000
vt 0.8903 1.0000 0.0000
vt 0.1657 1.0000 0.0000
vt 0.0867 1.0000 0.0000
vt 0.1619 1.0000 0.0000
vt 0.2500 1.0000 0.0000
vt 0.2592 1.0000 0.0000
vt 0.0815 1.0000 0.0000
vt 0.8858 1.0000 0.0000
vt 0.8197 1.0000 0.0000
vt 0.8163 1.0000 0.0000
vt 0.8826 1.0000 0.0000
vt 0.3444 1.0000 0.0000
vt 0.6479 1.0000 0.0000
vt 0.3546 1.0000 0.0000
vt 0.3623 1.0000 0.0000
vt 0.0144 1.0000 0.0000
vt 0.6888 1.0000 0.0000
vt 0.6526 1.0000 0.0000
vt 0.0288 1.0000 0.0000
vt 0.0120 1.0000 0.0000
vt 0.0211 1.0000 0.0000
vt 0.0130 1.0000 0.0000
vt 0.0636 1.0000 0.0000
vt 0.0352 1.0000 0.0000
vt 0.0053 1.0000 0.0000
vt 0.0631 1.0000 0.0000
vt 0.0143 1.0000 0.0000
vt 0.0235 1.0000 0.0000
vt 0.1124 1.0000 0.0000
vt 0.0265 1.0000 0.0000
vt 0.3373 1.0000 0.0000
vt 0.3343 1.0000 0.0000
vt 0.6746 1.0000 0.0000
vt 0.3314 1.0000 0.0000
vt 0.6265 1.0000 0.0000
vt 0.0828 1.0000 0.0000
vt 0.6221 1.0000 0.0000
vt 0.0822 1.0000 0.0000
vt 0.3286 1.0000 0.0000
vt 0.6179 1.0000 0.0000
vt 0.4270 1.0000 0.0000
vt 0.1223 1.0000 0.0000
vt 0.4214 1.0000 0.0000
vt 0.7280 1.0000 0.0000
vt 0.4159 1.0000 0.0000
vt 0.6807 1.0000 0.0000
vt 0.1260 1.0000 0.0000
vt 0.1185 1.0000 0.0000
vt 0.7132 1.0000 0.0000
vt 0.0007 1.0000 0.0000
vt 0.0003 1.0000 0.0000
vt 0.9643 1.0000 0.0000
vt 0.9626 1.0000 0.0000
vt 0.9618 1.0000 0.0000
vt 0.9332 1.0000 0.0000
vt 0.9635 1.0000 0.0000
vt 0.1310 1.0000 0.0000
vt 0.1686 1.0000 0.0000
vt 0.0957 1.0000 0.0000
vt 0.0477 1.0000 0.0000
vt 0.0351 1.0000 0.0000
vt 0.2304 1.0000 0.0000
vt 0.2666 1.0000 0.0000
vt 0.3943 1.0000 0.0000
vt 0.4806 1.0000 0.0000
vt 0.4019 1.0000 0.0000
vt 0.7156 1.0000 0.0000
vt 0.5813 1.0000 0.0000
vt 0.1510 1.0000 0.0000
vt 0.6699 1.0000 0.0000
vt 0.7688 1.0000 0.0000
vt 0.2966 1.0000 0.0000
vt 0.1690 1.0000 0.0000
vt 0.0609 1.0000 0.0000
vt 0.0027 1.0000 0.0000
vt 0.0048 1.0000 0.0000
vt 0.0011 1.0000 0.0000
vt 0.0019 1.0000 0.0000
vt 0.1010 1.0000 0.0000
vt 0.1186 1.0000 0.0000
vt 0.4742 1.0000 0.0000
vt 0.4040 1.0000 0.0000
vt 0.7310 1.0000 0.0000
vt 0.8363 1.0000 0.0000
vt 0.9760 1.0000 0.0000
vt 0.9590 1.0000 0.0000
vt 0.9936 1.0000 0.0000
vt 0.9996 1.0000 0.0000
vt 0.9986 1.0000 0.0000
vt 0.8745 1.0000 0.0000
vt 0.9742 1.0000 0.0000
vt 0.8729 1.0000 0.0000
vt 0.9999 1.0000 0.0000
vt 0.8360 1.0000 0.0000
vt 0.9546 1.0000 0.0000
vt 0.8184 1.0000 0.0000
vt 0.8247 1.0000 0.0000
vt 0.9562 1.0000 0.0000
vt 0.9572 1.0000 0.0000
vt 0.8286 1.0000 0.0000
vt 0.8314 1.0000 0.0000
vt 0.9578 1.0000 0.0000
vt 0.9586 1.0000 0.0000
vt 0.8343 1.0000 0.0000
vt 0.8373 1.0000 0.0000
vt 0.8566 1.0000 0.0000
vt 0.9651 1.0000 0.0000
vt 0.8603 1.0000 0.0000
vt 0.8640 1.0000 0.0000
vt 0.8444 1.0000 0.0000
vt 0.8474 1.0000 0.0000
vt 0.8497 1.0000 0.0000
vt 0.8570 1.0000 0.0000
vt 0.9691 1.0000 0.0000
vt 0.8764 1.0000 0.0000
vt 0.8988 1.0000 0.0000
vt 0.9747 1.0000 0.0000
vt 0.9482 1.0000 0.0000
vt 0.9875 1.0000 0.0000
vt 0.9499 1.0000 0.0000
vt 0.9477 1.0000 0.0000
vt 0.9870 1.0000 0.0000
vt 0.9869 1.0000 0.0000
vt 0.9862 1.0000 0.0000
vt 0.9447 1.0000 0.0000
vt 0.9413 1.0000 0.0000
vt 0.0000 0.9875 0.0000
vt 0.0000 0.8575 0.0000
vt 0.9786 1.0000 0.0000
vt 0.9270 1.0000 0.0000
vt 0.9146 1.0000 0.0000
vt 0.8065 1.0000 0.0000
vt 0.9817 1.0000 0.0000
vt 0.8365 1.0000 0.0000
vt 0.7112 1.0000 0.0000
vt 0.6534 1.0000 0.0000
vt 0.4999 1.0000 0.0000
vt 0.5793 1.0000 0.0000
vt 0.4690 1.0000 0.0000
vt 0.3911 1.0000 0.0000
vt 0.3065 1.0000 0.0000
vt 0.3710 1.0000 0.0000
vt 0.2757 1.0000 0.0000
vt 0.2260 1.0000 0.0000
vt 0.1522 1.0000 0.0000
vt 0.1872 1.0000 0.0000
vt 0.1097 1.0000 0.0000
vt 0.0876 1.0000 0.0000
vt 0.0392 1.0000 0.0000
vt 0.0511 1.0000 0.0000
vt 0.9848 1.0000 0.0000
vt 0.9394 1.0000 0.0000
vt 0.8664 1.0000 0.0000
vt 0.7690 1.0000 0.0000
vt 0.6586 1.0000 0.0000
vt 0.5470 1.0000 0.0000
vt 0.4355 1.0000 0.0000
vt 0.3253 1.0000 0.0000
vt 0.2219 1.0000 0.0000
vt 0.1306 1.0000 0.0000
vt 0.0611 1.0000 0.0000
vt 0.0411 1.0000 0.0000
vt 0.0098 1.0000 0.0000
vt 0.0373 1.0000 0.0000
vt 0.0334 1.0000 0.0000
vt 0.0008 1.0000 0.0000
vt 0.0088 1.0000 0.0000
vt 0.0078 1.0000 0.0000
vt 0.0297 1.0000 0.0000
vt 0.0262 1.0000 0.0000
vt 0.0069 1.0000 0.0000
vt 0.0060 1.0000 0.0000
vt 0.0229 1.0000 0.0000
vt 0.0191 1.0000 0.0000
vt 0.0050 1.0000 0.0000
vt 0.0037 1.0000 0.0000
vt 0.0139 1.0000 0.0000
vt 0.0087 1.0000 0.0000
vt 0.0023 1.0000 0.0000
vt 0.0012 1.0000 0.0000
vt 0.0044 1.0000 0.0000
vt 0.0016 1.0000 0.0000
vt 0.0004 1.0000 0.0000
vt 0.0002 1.0000 0.0000
vt 0.0006 1.0000 0.0000
vt 0.0022 1.0000 0.0000
vt 0.1250 0.4924 0.0000
vt 0.5000 0.1292 0.0000
vt 0.5000 0.4924 0.0000
vt 0.8750 0.4924 0.0000
vt 0.8750 0.1292 0.0000
vt 1.0000 0.1292 0.0000
vt 1.0000 0.4924 0.0000
vt 1.0000 0.5250 0.0000
vt 1.0000 0.1782 0.0000
vt 1.0000 0.5239 0.0000
vt 1.0000 0.6236 0.0000
vt 1.0000 0.1848 0.0000
vt 1.0000 0.7506 0.0000
vt 1.0000 0.3593 0.0000
vt 1.0000 0.5816 0.0000
vt 0.0000 0.4924 0.0000
vt 0.4996 1.0000 0.0000
vt 0.1249 1.0000 0.0000
vt 0.1246 1.0000 0.0000
vt 0.4986 1.0000 0.0000
vt 0.9040 1.0000 0.0000
vt 0.0196 1.0000 0.0000
vt 0.0147 1.0000 0.0000
vt 0.0100 1.0000 0.0000
vt 0.6544 1.0000 0.0000
vt 0.3652 1.0000 0.0000
vt 0.0294 1.0000 0.0000
vt 0.0245 1.0000 0.0000
vt 0.0056 1.0000 0.0000
vt 0.8505 1.0000 0.0000
vt 0.0001 1.0000 0.0000
vt 0.1250 0.0000 0.0000
vt 0.5000 0.0000 0.0000
vt 0.8750 0.0000 0.0000
vt 1.0000 0.0000 0.0000
vt 1.0000 0.0008 0.0000
vt 0.0000 0.0000 0.0000
vt 1.0000 0.1267 0.0000
vt 1.0000 0.4907 0.0000
vt 1.0000 0.8570 0.0000
vt 0.5000 0.0012 0.0000
vt 0.8750 0.0012 0.0000
vt 1.0000 0.0012 0.0000
vt 1.0000 0.0094 0.0000
vt 1.0000 0.0339 0.0000
vt 1.0000 0.0592 0.0000
vt 0.0000 0.0022 0.0000
vt 0.5000 0.0049 0.0000
vt 0.8750 0.0049 0.0000
vt 1.0000 0.0049 0.0000
vt 1.0000 0.0375 0.0000
vt 1.0000 0.9508 0.0000
vt 1.0000 0.9302 0.0000
vt 1.0000 0.9684 0.0000
vt 1.0000 0.6230 0.0000
vt 1.0000 0.3251 0.0000
vt 1.0000 0.7213 0.0000
vt 1.0000 0.4727 0.0000
vt 1.0000 0.8658 0.0000
vt 1.0000 0.7835 0.0000
vt 1.0000 0.1355 0.0000
vt 1.0000 0.2342 0.0000
vt 1.0000 0.0032 0.0000
vt 1.0000 0.0697 0.0000
vt 1.0000 0.9231 0.0000
vt 1.0000 0.7551 0.0000
vt 1.0000 0.5236 0.0000
vt 1.0000 0.2692 0.0000
# 324 texture coords

o Capote
g Capote
usemtl Capote_cofre_01___Default
s 2
f 1/1/1 2/2/2 3/3/3 
f 3/3/3 4/4/4 1/1/1 
f 5/5/5 4/4/4 3/3/3 
f 3/3/3 6/6/6 5/5/5 
f 1/1/1 7/7/7 2/2/2 
f 6/6/6 3/3/3 2/2/2 
f 2/2/2 8/8/8 6/6/6 
f 6/6/6 9/9/9 5/5/5 
f 6/6/6 10/10/10 11/11/11 
f 11/11/11 9/9/9 6/6/6 
f 12/12/12 9/9/9 11/11/11 
f 11/11/11 13/11/13 12/12/12 
f 6/6/6 8/8/8 10/10/10 
f 13/11/13 11/11/11 10/10/10 
f 10/10/10 14/13/14 13/11/13 
f 13/11/13 15/12/15 12/12/12 
f 13/11/13 16/14/16 17/11/17 
f 17/11/17 15/12/15 13/11/13 
f 18/12/18 15/12/15 17/11/17 
f 17/11/17 19/11/19 18/12/18 
f 13/11/13 14/13/14 16/14/16 
f 19/11/19 17/11/17 16/14/16 
f 16/14/16 20/15/20 19/11/19 
f 19/11/19 21/12/21 18/12/18 
f 22/16/22 23/11/23 24/11/24 
f 24/11/24 25/17/25 22/16/22 
f 24/11/24 26/12/26 27/11/27 
f 27/11/27 25/17/25 24/11/24 
f 22/16/22 28/18/28 23/11/23 
f 26/12/26 24/11/24 23/11/23 
f 23/11/23 29/12/29 26/12/26 
f 26/12/26 30/12/30 27/11/27 
f 31/19/31 32/20/32 33/21/33 
f 33/21/33 34/22/34 31/19/31 
f 35/23/35 34/22/34 33/21/33 
f 33/21/33 36/21/36 35/23/35 
f 31/19/31 37/24/37 32/20/32 
f 36/21/36 33/21/33 32/20/32 
f 32/20/32 38/20/38 36/21/36 
f 36/21/36 39/23/39 35/23/35 
f 36/21/36 40/20/40 41/21/41 
f 41/21/41 39/23/39 36/21/36 
f 42/23/42 39/23/39 41/21/41 
f 41/21/41 43/21/43 42/23/42 
f 36/21/36 38/20/38 40/20/40 
f 43/21/43 41/21/41 40/20/40 
f 40/20/40 44/20/44 43/21/43 
f 43/21/43 45/23/45 42/23/42 
f 46/25/46 4/4/4 5/5/5 
f 5/5/5 47/26/47 46/25/46 
f 48/25/48 49/27/49 4/4/4 
f 4/4/4 46/25/46 48/25/48 
f 5/5/5 9/9/9 47/26/47 
f 48/25/48 46/25/46 47/26/47 
f 47/26/47 50/26/50 48/25/48 
f 48/25/48 51/27/51 49/27/49 
f 52/28/52 9/9/9 12/12/12 
f 12/12/12 53/28/53 52/28/52 
f 54/28/54 47/26/47 9/9/9 
f 9/9/9 52/28/52 54/28/54 
f 12/12/12 15/12/15 53/28/53 
f 55/28/55 54/28/54 52/28/52 
f 52/28/52 53/28/53 55/28/55 
f 54/28/54 50/26/50 47/26/47 
f 56/28/56 57/28/57 58/28/58 
f 58/28/58 59/28/59 56/28/56 
f 58/28/58 60/28/60 61/28/61 
f 61/28/61 59/28/59 58/28/58 
f 56/28/56 62/28/62 57/28/57 
f 63/28/63 60/28/60 58/28/58 
f 58/28/58 57/28/57 63/28/63 
f 60/28/60 64/28/64 61/28/61 
f 65/29/65 66/30/66 67/30/67 
f 67/30/67 49/27/49 65/29/65 
f 68/29/68 69/29/69 66/30/66 
f 66/30/66 65/29/65 68/29/68 
f 67/30/67 4/4/4 49/27/49 
f 51/27/51 68/29/68 65/29/65 
f 65/29/65 49/27/49 51/27/51 
f 68/29/68 70/29/70 69/29/69 
f 71/29/71 72/29/72 73/30/73 
f 73/30/73 74/30/74 71/29/71 
f 75/29/75 73/30/73 72/29/72 
f 72/29/72 76/29/76 75/29/75 
f 74/30/74 77/30/77 71/29/71 
f 78/29/78 76/29/76 72/29/72 
f 72/29/72 71/29/71 78/29/78 
f 76/29/76 79/29/79 75/29/75 
f 80/29/80 81/30/81 82/30/82 
f 82/30/82 69/29/69 80/29/80 
f 83/29/83 84/29/84 81/30/81 
f 81/30/81 80/29/80 83/29/83 
f 82/30/82 66/30/66 69/29/69 
f 70/29/70 83/29/83 80/29/80 
f 80/29/80 69/29/69 70/29/70 
f 83/29/83 85/29/85 84/29/84 
f 86/30/86 84/29/84 87/29/87 
f 87/29/87 88/30/88 86/30/86 
f 89/29/89 90/29/90 88/30/88 
f 88/30/88 87/29/87 89/29/89 
f 86/30/86 81/30/81 84/29/84 
f 85/29/85 89/29/89 87/29/87 
f 87/29/87 84/29/84 85/29/85 
f 89/29/89 91/29/91 90/29/90 
f 92/28/92 93/28/93 94/28/94 
f 94/28/94 95/28/95 92/28/92 
f 94/28/94 93/28/93 96/28/96 
f 96/28/96 97/28/97 94/28/94 
f 95/28/95 98/28/98 92/28/92 
f 96/28/96 93/28/93 92/28/92 
f 92/28/92 99/28/99 96/28/96 
f 96/28/96 100/28/100 97/28/97 
f 59/28/59 61/28/61 101/28/101 
f 101/28/101 102/28/102 59/28/59 
f 102/28/102 103/28/103 104/28/104 
f 104/28/104 59/28/59 102/28/102 
f 61/28/61 64/28/64 101/28/101 
f 105/28/105 103/28/103 102/28/102 
f 102/28/102 101/28/101 105/28/105 
f 103/28/103 106/28/106 104/28/104 
f 107/28/107 108/28/108 109/28/109 
f 109/28/109 110/28/110 107/28/107 
f 109/28/109 111/28/111 112/28/112 
f 112/28/112 110/28/110 109/28/109 
f 107/28/107 113/28/113 108/28/108 
f 111/28/111 109/28/109 108/28/108 
f 108/28/108 114/28/114 111/28/111 
f 111/28/111 115/28/115 112/28/112 
f 116/28/116 117/28/117 118/28/118 
f 118/28/118 119/28/119 116/28/116 
f 116/28/116 120/28/120 121/28/121 
f 121/28/121 117/28/117 116/28/116 
f 118/28/118 122/28/122 119/28/119 
f 120/28/120 116/28/116 119/28/119 
f 119/28/119 123/28/123 120/28/120 
f 120/28/120 124/28/124 121/28/121 
f 125/31/125 126/32/126 127/33/127 
f 127/33/127 128/34/128 125/31/125 
f 129/35/129 130/36/130 128/34/128 
f 128/34/128 127/33/127 129/35/129 
f 125/31/125 131/37/131 126/32/126 
f 132/38/132 129/35/129 127/33/127 
f 127/33/127 126/32/126 132/38/132 
f 129/35/129 133/39/133 130/36/130 
f 126/32/126 134/29/134 135/29/135 
f 135/29/135 132/38/132 126/32/126 
f 135/29/135 136/29/136 137/29/137 
f 137/29/137 132/38/132 135/29/135 
f 126/32/126 131/37/131 134/29/134 
f 136/29/136 135/29/135 134/29/134 
f 134/29/134 138/29/138 136/29/136 
f 136/29/136 139/29/139 137/29/137 
f 136/29/136 140/29/140 141/29/141 
f 141/29/141 139/29/139 136/29/136 
f 141/29/141 142/29/142 143/29/143 
f 143/29/143 139/29/139 141/29/141 
f 136/29/136 138/29/138 140/29/140 
f 142/29/142 141/29/141 140/29/140 
f 140/29/140 144/29/144 142/29/142 
f 142/29/142 145/29/145 143/29/143 
f 146/29/146 142/29/142 147/29/147 
f 147/29/147 148/29/148 146/29/146 
f 147/29/147 149/29/149 150/29/150 
f 150/29/150 148/29/148 147/29/147 
f 146/29/146 145/29/145 142/29/142 
f 144/29/144 149/29/149 147/29/147 
f 147/29/147 142/29/142 144/29/144 
f 149/29/149 151/29/151 150/29/150 
f 152/28/152 153/28/153 154/28/154 
f 154/28/154 155/28/155 152/28/152 
f 154/28/154 156/28/156 157/28/157 
f 157/28/157 155/28/155 154/28/154 
f 152/28/152 158/28/158 153/28/153 
f 156/28/156 154/28/154 153/28/153 
f 153/28/153 159/28/159 156/28/156 
f 156/28/156 160/28/160 157/28/157 
f 161/40/161 162/25/162 163/40/163 
f 163/40/163 164/41/164 161/40/161 
f 163/40/163 165/42/165 166/43/166 
f 166/43/166 164/41/164 163/40/163 
f 161/40/161 167/25/167 162/25/162 
f 168/44/168 165/42/165 163/40/163 
f 163/40/163 162/25/162 168/44/168 
f 165/42/165 169/45/169 166/43/166 
f 170/28/170 171/28/171 172/28/172 
f 172/28/172 158/28/158 170/28/170 
f 172/28/172 173/28/173 153/28/153 
f 153/28/153 158/28/158 172/28/172 
f 170/28/170 174/28/174 171/28/171 
f 173/28/173 172/28/172 171/28/171 
f 171/28/171 175/28/171 173/28/173 
f 173/28/173 159/28/159 153/28/153 
f 176/28/175 177/28/176 178/28/177 
f 178/28/177 179/28/178 176/28/175 
f 179/28/178 180/28/179 181/28/180 
f 181/28/180 176/28/175 179/28/178 
f 177/28/176 182/28/181 178/28/177 
f 183/28/182 180/28/179 179/28/178 
f 179/28/178 178/28/177 183/28/182 
f 180/28/179 184/28/183 181/28/180 
f 185/40/184 186/25/185 187/40/186 
f 187/40/186 188/46/187 185/40/184 
f 187/40/186 161/40/161 189/47/188 
f 189/47/188 188/46/187 187/40/186 
f 185/40/184 190/25/189 186/25/185 
f 167/25/167 161/40/161 187/40/186 
f 187/40/186 186/25/185 167/25/167 
f 161/40/161 164/41/164 189/47/188 
f 191/48/190 192/49/191 193/50/192 
f 193/50/192 194/51/193 191/48/190 
f 193/50/192 195/52/194 196/29/195 
f 196/29/195 194/51/193 193/50/192 
f 191/48/190 197/53/196 192/49/191 
f 195/52/194 193/50/192 192/49/191 
f 192/49/191 198/54/197 195/52/194 
f 195/52/194 199/29/198 196/29/195 
f 200/55/199 201/56/200 202/57/201 
f 202/57/201 203/58/202 200/55/199 
f 202/57/201 204/59/203 205/60/204 
f 205/60/204 203/58/202 202/57/201 
f 200/55/199 206/61/205 201/56/200 
f 207/62/206 204/59/203 202/57/201 
f 202/57/201 201/56/200 207/62/206 
f 204/59/203 208/63/207 205/60/204 
f 209/64/208 205/60/204 210/64/209 
f 210/64/209 167/25/167 209/64/208 
f 210/64/209 211/65/210 162/25/162 
f 162/25/162 167/25/167 210/64/209 
f 209/64/208 203/58/202 205/60/204 
f 208/63/207 211/65/210 210/64/209 
f 210/64/209 205/60/204 208/63/207 
f 211/65/210 168/44/168 162/25/162 
f 212/66/211 213/67/212 214/68/213 
f 214/68/213 169/45/169 212/66/211 
f 214/68/213 215/69/214 166/43/166 
f 166/43/166 169/45/169 214/68/213 
f 212/66/211 216/70/215 213/67/212 
f 217/71/216 215/69/214 214/68/213 
f 214/68/213 213/67/212 217/71/216 
f 215/69/214 164/41/164 166/43/166 
f 218/72/217 219/73/218 220/74/219 
f 220/74/219 221/75/220 218/72/217 
f 220/74/219 200/55/199 222/76/221 
f 222/76/221 221/75/220 220/74/219 
f 218/72/217 223/77/222 219/73/218 
f 206/61/205 200/55/199 220/74/219 
f 220/74/219 219/73/218 206/61/205 
f 200/55/199 203/58/202 222/76/221 
f 224/64/223 222/76/221 225/64/224 
f 225/64/224 190/25/189 224/64/223 
f 225/64/224 209/64/208 186/25/185 
f 186/25/185 190/25/189 225/64/224 
f 224/64/223 221/75/220 222/76/221 
f 203/58/202 209/64/208 225/64/224 
f 225/64/224 222/76/221 203/58/202 
f 209/64/208 167/25/167 186/25/185 
f 215/69/214 226/78/225 227/79/226 
f 227/79/226 164/41/164 215/69/214 
f 227/79/226 228/80/227 189/47/188 
f 189/47/188 164/41/164 227/79/226 
f 215/69/214 217/71/216 226/78/225 
f 229/81/228 228/80/227 227/79/226 
f 227/79/226 226/78/225 229/81/228 
f 228/80/227 188/46/187 189/47/188 
f 230/82/229 231/83/230 232/84/231 
f 232/84/231 233/29/232 230/82/229 
f 234/85/233 235/86/234 233/29/232 
f 233/29/232 232/84/231 234/85/233 
f 230/82/229 236/87/235 231/83/230 
f 237/88/236 234/85/233 232/84/231 
f 232/84/231 231/83/230 237/88/236 
f 234/85/233 238/89/237 235/86/234 
f 239/29/238 235/86/234 240/90/239 
f 240/90/239 194/51/193 239/29/238 
f 241/91/240 191/48/190 194/51/193 
f 194/51/193 240/90/239 241/91/240 
f 239/29/238 233/29/232 235/86/234 
f 238/89/237 241/91/240 240/90/239 
f 240/90/239 235/86/234 238/89/237 
f 241/91/240 197/53/196 191/48/190 
f 242/92/241 243/93/242 244/94/243 
f 244/94/243 245/95/244 242/92/241 
f 246/96/245 247/97/246 245/95/244 
f 245/95/244 244/94/243 246/96/245 
f 242/92/241 248/98/247 243/93/242 
f 249/99/248 246/96/245 244/94/243 
f 244/94/243 243/93/242 249/99/248 
f 246/96/245 250/100/249 247/97/246 
f 251/28/250 252/28/251 253/28/252 
f 253/28/252 254/28/253 251/28/250 
f 253/28/252 255/28/254 256/28/255 
f 256/28/255 254/28/253 253/28/252 
f 251/28/250 257/28/256 252/28/251 
f 255/28/254 253/28/252 252/28/251 
f 252/28/251 258/28/257 255/28/254 
f 255/28/254 259/28/258 256/28/255 
f 260/101/259 261/29/260 262/102/261 
f 262/102/261 263/103/262 260/101/259 
f 264/104/263 265/105/264 263/103/262 
f 263/103/262 262/102/261 264/104/263 
f 260/101/259 266/29/265 261/29/260 
f 267/106/266 264/104/263 262/102/261 
f 262/102/261 261/29/260 267/106/266 
f 264/104/263 268/107/267 265/105/264 
f 261/29/260 269/29/268 270/29/269 
f 270/29/269 267/106/266 261/29/260 
f 270/29/269 271/29/270 272/29/271 
f 272/29/271 267/106/266 270/29/269 
f 261/29/260 266/29/265 269/29/268 
f 271/29/270 270/29/269 269/29/268 
f 269/29/268 273/29/272 271/29/270 
f 271/29/270 274/29/273 272/29/271 
f 271/29/270 275/29/274 276/29/275 
f 276/29/275 274/29/273 271/29/270 
f 276/29/275 277/29/276 278/29/277 
f 278/29/277 274/29/273 276/29/275 
f 271/29/270 273/29/272 275/29/274 
f 277/29/276 276/29/275 275/29/274 
f 275/29/274 279/29/278 277/29/276 
f 277/29/276 280/29/279 278/29/277 
f 277/29/276 281/29/280 282/29/281 
f 282/29/281 280/29/279 277/29/276 
f 282/29/281 283/29/282 284/29/283 
f 284/29/283 280/29/279 282/29/281 
f 277/29/276 279/29/278 281/29/280 
f 283/29/282 282/29/281 281/29/280 
f 281/29/280 285/29/284 283/29/282 
f 283/29/282 286/29/285 284/29/283 
f 287/28/286 256/28/255 288/28/287 
f 288/28/287 113/28/113 287/28/286 
f 288/28/287 289/28/288 108/28/108 
f 108/28/108 113/28/113 288/28/287 
f 287/28/286 254/28/253 256/28/255 
f 289/28/288 288/28/287 256/28/255 
f 256/28/255 259/28/258 289/28/288 
f 289/28/288 114/28/114 108/28/108 
f 264/104/263 290/108/289 291/109/290 
f 291/109/290 268/107/267 264/104/263 
f 125/31/125 292/110/291 268/107/267 
f 268/107/267 291/109/290 125/31/125 
f 264/104/263 267/106/266 290/108/289 
f 131/37/131 125/31/125 291/109/290 
f 291/109/290 290/108/289 131/37/131 
f 125/31/125 128/34/128 292/110/291 
f 290/108/289 272/29/271 293/29/292 
f 293/29/292 131/37/131 290/108/289 
f 293/29/292 294/29/293 134/29/134 
f 134/29/134 131/37/131 293/29/292 
f 290/108/289 267/106/266 272/29/271 
f 294/29/293 293/29/292 272/29/271 
f 272/29/271 274/29/273 294/29/293 
f 294/29/293 138/29/138 134/29/134 
f 294/29/293 278/29/277 295/29/294 
f 295/29/294 138/29/138 294/29/293 
f 295/29/294 296/29/295 140/29/140 
f 140/29/140 138/29/138 295/29/294 
f 294/29/293 274/29/273 278/29/277 
f 296/29/295 295/29/294 278/29/277 
f 278/29/277 280/29/279 296/29/295 
f 296/29/295 144/29/144 140/29/140 
f 297/28/296 298/28/297 299/28/298 
f 299/28/298 257/28/256 297/28/296 
f 299/28/298 300/28/299 252/28/251 
f 252/28/251 257/28/256 299/28/298 
f 297/28/296 301/28/300 298/28/297 
f 300/28/299 299/28/298 298/28/297 
f 298/28/297 302/28/301 300/28/299 
f 300/28/299 258/28/257 252/28/251 
f 230/111/229 303/112/302 304/113/303 
f 304/113/303 236/114/235 230/111/229 
f 260/115/259 305/116/304 236/114/235 
f 236/114/235 304/113/303 260/115/259 
f 230/111/229 233/117/232 303/112/302 
f 266/118/265 260/115/259 304/113/303 
f 304/113/303 303/112/302 266/118/265 
f 260/115/259 263/119/262 305/116/304 
f 306/29/305 196/29/195 307/29/306 
f 307/29/306 273/29/272 306/29/305 
f 307/29/306 308/29/307 275/29/274 
f 275/29/274 273/29/272 307/29/306 
f 306/29/305 194/51/193 196/29/195 
f 308/29/307 307/29/306 196/29/195 
f 196/29/195 199/29/198 308/29/307 
f 308/29/307 279/29/278 275/29/274 
f 308/29/307 309/120/308 310/29/309 
f 310/29/309 279/29/278 308/29/307 
f 310/29/309 311/29/310 281/29/280 
f 281/29/280 279/29/278 310/29/309 
f 308/29/307 199/29/198 309/120/308 
f 311/29/310 310/29/309 309/120/308 
f 309/120/308 312/121/311 311/29/310 
f 311/29/310 285/29/284 281/29/280 
f 313/28/312 314/122/313 315/123/314 
f 315/123/314 316/124/315 313/28/312 
f 317/28/316 314/122/313 313/28/312 
f 313/28/312 318/28/317 317/28/316 
f 315/123/314 319/125/318 316/124/315 
f 320/28/319 321/28/320 313/28/312 
f 313/28/312 322/126/321 320/28/319 
f 313/28/312 316/124/315 322/126/321 
f 320/28/319 323/28/322 321/28/320 
f 313/28/312 321/28/320 318/28/317 
f 324/127/323 325/128/324 326/129/325 
f 326/129/325 327/130/326 324/127/323 
f 326/129/325 243/93/242 328/131/327 
f 328/131/327 327/130/326 326/129/325 
f 324/127/323 329/132/328 325/128/324 
f 243/93/242 326/129/325 325/128/324 
f 325/128/324 249/99/248 243/93/242 
f 243/93/242 248/98/247 328/131/327 
f 330/133/329 331/134/330 332/135/331 
f 332/135/331 333/136/332 330/133/329 
f 332/135/331 334/137/333 335/138/334 
f 335/138/334 333/136/332 332/135/331 
f 330/133/329 336/139/335 331/134/330 
f 334/137/333 332/135/331 331/134/330 
f 331/134/330 337/140/336 334/137/333 
f 334/137/333 338/141/337 335/138/334 
f 330/133/329 339/142/338 340/143/339 
f 340/143/339 336/139/335 330/133/329 
f 340/143/339 324/127/323 341/144/340 
f 341/144/340 336/139/335 340/143/339 
f 330/133/329 333/136/332 339/142/338 
f 324/127/323 340/143/339 339/142/338 
f 339/142/338 329/132/328 324/127/323 
f 324/127/323 327/130/326 341/144/340 
f 309/120/308 195/52/194 342/145/341 
f 342/145/341 312/121/311 309/120/308 
f 343/146/342 344/147/343 312/121/311 
f 312/121/311 342/145/341 343/146/342 
f 309/120/308 199/29/198 195/52/194 
f 198/54/197 343/146/342 342/145/341 
f 342/145/341 195/52/194 198/54/197 
f 343/146/342 345/148/344 344/147/343 
f 251/28/250 346/28/345 347/28/346 
f 347/28/346 257/28/256 251/28/250 
f 347/28/346 348/28/347 349/28/348 
f 349/28/348 257/28/256 347/28/346 
f 251/28/250 254/28/253 346/28/345 
f 348/28/347 347/28/346 346/28/345 
f 346/28/345 350/28/349 348/28/347 
f 348/28/347 124/28/124 349/28/348 
f 287/28/286 351/28/350 352/28/351 
f 352/28/351 254/28/253 287/28/286 
f 352/28/351 353/28/352 346/28/345 
f 346/28/345 254/28/253 352/28/351 
f 287/28/286 113/28/113 351/28/350 
f 353/28/352 352/28/351 351/28/350 
f 351/28/350 354/28/353 353/28/352 
f 353/28/352 350/28/349 346/28/345 
f 107/28/107 355/28/354 356/28/355 
f 356/28/355 113/28/113 107/28/107 
f 356/28/355 357/28/356 351/28/350 
f 351/28/350 113/28/113 356/28/355 
f 107/28/107 110/28/110 355/28/354 
f 357/28/356 356/28/355 355/28/354 
f 355/28/354 358/28/357 357/28/356 
f 357/28/356 354/28/353 351/28/350 
f 239/29/238 306/29/305 359/29/358 
f 359/29/358 233/29/232 239/29/238 
f 269/29/268 303/29/302 233/29/232 
f 233/29/232 359/29/358 269/29/268 
f 239/29/238 194/51/193 306/29/305 
f 273/29/272 269/29/268 359/29/358 
f 359/29/358 306/29/305 273/29/272 
f 269/29/268 266/29/265 303/29/302 
f 296/29/295 284/29/283 360/29/359 
f 360/29/359 144/29/144 296/29/295 
f 360/29/359 361/29/360 149/29/149 
f 149/29/149 144/29/144 360/29/359 
f 296/29/295 280/29/279 284/29/283 
f 361/29/360 360/29/359 284/29/283 
f 284/29/283 286/29/285 361/29/360 
f 361/29/360 151/29/151 149/29/149 
f 362/29/361 363/29/362 364/29/363 
f 364/29/363 365/29/364 362/29/361 
f 366/29/365 367/29/366 365/29/364 
f 365/29/364 364/29/363 366/29/365 
f 362/29/361 368/29/367 363/29/362 
f 369/29/368 366/29/365 364/29/363 
f 364/29/363 363/29/362 369/29/368 
f 366/29/365 370/29/369 367/29/366 
f 371/29/370 372/29/371 373/29/372 
f 373/29/372 145/29/145 371/29/370 
f 373/29/372 374/29/373 143/29/143 
f 143/29/143 145/29/145 373/29/372 
f 371/29/370 369/29/368 372/29/371 
f 374/29/373 373/29/372 372/29/371 
f 372/29/371 375/29/374 374/29/373 
f 374/29/373 139/29/139 143/29/143 
f 374/29/373 376/29/375 377/29/376 
f 377/29/376 139/29/139 374/29/373 
f 377/29/376 378/149/377 137/29/137 
f 137/29/137 139/29/139 377/29/376 
f 374/29/373 375/29/374 376/29/375 
f 378/149/377 377/29/376 376/29/375 
f 376/29/375 379/150/378 378/149/377 
f 378/149/377 132/38/132 137/29/137 
f 378/149/377 380/151/379 381/152/380 
f 381/152/380 132/38/132 378/149/377 
f 381/152/380 382/153/381 129/35/129 
f 129/35/129 132/38/132 381/152/380 
f 378/149/377 379/150/378 380/151/379 
f 382/153/381 381/152/380 380/151/379 
f 380/151/379 383/154/382 382/153/381 
f 382/153/381 133/39/133 129/35/129 
f 384/155/383 385/28/384 386/28/385 
f 386/28/385 387/156/386 384/155/383 
f 386/28/385 388/28/387 389/28/388 
f 389/28/388 387/156/386 386/28/385 
f 384/155/383 390/157/389 385/28/384 
f 388/28/387 386/28/385 385/28/384 
f 385/28/384 391/28/390 388/28/387 
f 388/28/387 392/28/391 389/28/388 
f 393/28/392 394/28/393 395/28/394 
f 395/28/394 110/28/110 393/28/392 
f 395/28/394 396/28/395 355/28/354 
f 355/28/354 110/28/110 395/28/394 
f 393/28/392 397/28/396 394/28/393 
f 396/28/395 395/28/394 394/28/393 
f 394/28/393 398/28/397 396/28/395 
f 396/28/395 358/28/357 355/28/354 
f 399/158/398 400/158/399 401/159/400 
f 401/159/400 402/160/401 399/158/398 
f 403/161/402 404/162/403 402/160/401 
f 402/160/401 401/159/400 403/161/402 
f 399/158/398 405/163/404 400/158/399 
f 390/157/389 403/161/402 401/159/400 
f 401/159/400 400/158/399 390/157/389 
f 403/161/402 383/154/382 404/162/403 
f 406/164/405 407/165/406 408/166/407 
f 408/166/407 133/39/133 406/164/405 
f 409/167/408 130/36/130 133/39/133 
f 133/39/133 408/166/407 409/167/408 
f 406/164/405 387/156/386 407/165/406 
f 410/168/409 409/167/408 408/166/407 
f 408/166/407 407/165/406 410/168/409 
f 409/167/408 128/34/128 130/36/130 
f 409/167/408 411/169/410 412/170/411 
f 412/170/411 128/34/128 409/167/408 
f 413/171/412 292/110/291 128/34/128 
f 128/34/128 412/170/411 413/171/412 
f 409/167/408 410/168/409 411/169/410 
f 414/172/413 413/171/412 412/170/411 
f 412/170/411 411/169/410 414/172/413 
f 413/171/412 268/107/267 292/110/291 
f 413/171/412 415/173/414 416/174/415 
f 416/174/415 268/107/267 413/171/412 
f 417/175/416 265/105/264 268/107/267 
f 268/107/267 416/174/415 417/175/416 
f 413/171/412 414/172/413 415/173/414 
f 418/124/417 417/175/416 416/174/415 
f 416/174/415 415/173/414 418/124/417 
f 417/175/416 263/103/262 265/105/264 
f 417/176/416 419/177/418 420/178/419 
f 420/178/419 263/119/262 417/176/416 
f 421/179/420 305/116/304 263/119/262 
f 263/119/262 420/178/419 421/179/420 
f 417/176/416 418/124/417 419/177/418 
f 322/126/321 421/179/420 420/178/419 
f 420/178/419 419/177/418 322/126/321 
f 421/179/420 236/114/235 305/116/304 
f 421/180/420 316/124/315 422/181/421 
f 422/181/421 236/87/235 421/180/420 
f 423/182/422 231/83/230 236/87/235 
f 236/87/235 422/181/421 423/182/422 
f 421/180/420 322/126/321 316/124/315 
f 319/125/318 423/182/422 422/181/421 
f 422/181/421 316/124/315 319/125/318 
f 423/182/422 237/88/236 231/83/230 
f 424/183/423 425/184/424 426/185/425 
f 426/185/425 337/140/336 424/183/423 
f 426/185/425 427/186/426 334/137/333 
f 334/137/333 337/140/336 426/185/425 
f 424/183/423 314/122/313 425/184/424 
f 428/187/427 427/186/426 426/185/425 
f 426/185/425 425/184/424 428/187/427 
f 427/186/426 338/141/337 334/137/333 
f 216/70/215 429/188/428 430/189/429 
f 430/189/429 431/190/430 216/70/215 
f 431/190/430 432/191/431 213/67/212 
f 213/67/212 216/70/215 431/190/430 
f 429/188/428 433/192/432 430/189/429 
f 434/193/433 432/191/431 431/190/430 
f 431/190/430 430/189/429 434/193/433 
f 432/191/431 217/71/216 213/67/212 
f 432/191/431 435/194/434 436/195/435 
f 436/195/435 217/71/216 432/191/431 
f 436/195/435 437/196/436 226/78/225 
f 226/78/225 217/71/216 436/195/435 
f 432/191/431 434/193/433 435/194/434 
f 438/28/437 437/196/436 436/195/435 
f 436/195/435 435/194/434 438/28/437 
f 437/196/436 229/81/228 226/78/225 
f 86/30/86 439/197/438 440/197/439 
f 440/197/439 81/30/81 86/30/86 
f 441/198/440 442/197/441 81/30/81 
f 81/30/81 440/197/439 441/198/440 
f 86/30/86 88/30/88 439/197/438 
f 443/198/442 441/198/440 440/197/439 
f 440/197/439 439/197/438 443/198/442 
f 441/198/440 444/198/443 442/197/441 
f 445/30/444 446/197/445 447/197/446 
f 447/197/446 448/30/447 445/30/444 
f 449/198/448 450/197/449 448/30/447 
f 448/30/447 447/197/446 449/198/448 
f 445/30/444 77/30/77 446/197/445 
f 451/198/450 449/198/448 447/197/446 
f 447/197/446 446/197/445 451/198/450 
f 449/198/448 452/198/451 450/197/449 
f 453/28/452 454/28/453 455/28/454 
f 455/28/454 183/28/182 453/28/452 
f 455/28/454 456/28/455 180/28/179 
f 180/28/179 183/28/182 455/28/454 
f 453/28/452 457/28/456 454/28/453 
f 456/28/455 455/28/454 454/28/453 
f 454/28/453 458/28/457 456/28/455 
f 456/28/455 184/28/183 180/28/179 
f 459/199/458 460/200/459 461/201/460 
f 461/201/460 428/187/427 459/199/458 
f 461/201/460 462/202/461 427/186/426 
f 427/186/426 428/187/427 461/201/460 
f 459/199/458 463/203/462 460/200/459 
f 462/202/461 461/201/460 460/200/459 
f 460/200/459 464/204/463 462/202/461 
f 462/202/461 338/141/337 427/186/426 
f 462/202/461 465/205/464 466/206/465 
f 466/206/465 338/141/337 462/202/461 
f 466/206/465 467/207/466 335/138/334 
f 335/138/334 338/141/337 466/206/465 
f 462/202/461 464/204/463 465/205/464 
f 467/207/466 466/206/465 465/205/464 
f 465/205/464 468/208/467 467/207/466 
f 467/207/466 333/136/332 335/138/334 
f 467/207/466 469/209/468 470/210/469 
f 470/210/469 333/136/332 467/207/466 
f 470/210/469 471/211/470 339/142/338 
f 339/142/338 333/136/332 470/210/469 
f 467/207/466 468/208/467 469/209/468 
f 471/211/470 470/210/469 469/209/468 
f 469/209/468 472/212/471 471/211/470 
f 471/211/470 329/132/328 339/142/338 
f 471/211/470 473/213/472 474/214/473 
f 474/214/473 329/132/328 471/211/470 
f 474/214/473 475/215/474 325/128/324 
f 325/128/324 329/132/328 474/214/473 
f 471/211/470 472/212/471 473/213/472 
f 475/215/474 474/214/473 473/213/472 
f 473/213/472 476/216/475 475/215/474 
f 475/215/474 249/99/248 325/128/324 
f 475/215/474 477/217/476 478/218/477 
f 478/218/477 249/99/248 475/215/474 
f 478/218/477 479/219/478 246/96/245 
f 246/96/245 249/99/248 478/218/477 
f 475/215/474 476/216/475 477/217/476 
f 479/219/478 478/218/477 477/217/476 
f 477/217/476 480/220/479 479/219/478 
f 479/219/478 250/100/249 246/96/245 
f 481/28/480 157/28/157 482/28/481 
f 482/28/481 457/28/456 481/28/480 
f 482/28/481 483/28/482 454/28/453 
f 454/28/453 457/28/456 482/28/481 
f 481/28/480 155/28/155 157/28/157 
f 483/28/482 482/28/481 157/28/157 
f 157/28/157 160/28/160 483/28/482 
f 483/28/482 458/28/457 454/28/453 
f 484/221/483 429/188/428 485/222/484 
f 485/222/484 463/203/462 484/221/483 
f 485/222/484 486/223/485 460/200/459 
f 460/200/459 463/203/462 485/222/484 
f 484/221/483 433/192/432 429/188/428 
f 486/223/485 485/222/484 429/188/428 
f 429/188/428 216/70/215 486/223/485 
f 486/223/485 464/204/463 460/200/459 
f 486/223/485 212/66/211 487/224/486 
f 487/224/486 464/204/463 486/223/485 
f 487/224/486 488/225/487 465/205/464 
f 465/205/464 464/204/463 487/224/486 
f 486/223/485 216/70/215 212/66/211 
f 488/225/487 487/224/486 212/66/211 
f 212/66/211 169/45/169 488/225/487 
f 488/225/487 468/208/467 465/205/464 
f 488/225/487 165/42/165 489/226/488 
f 489/226/488 468/208/467 488/225/487 
f 489/226/488 490/227/489 469/209/468 
f 469/209/468 468/208/467 489/226/488 
f 488/225/487 169/45/169 165/42/165 
f 490/227/489 489/226/488 165/42/165 
f 165/42/165 168/44/168 490/227/489 
f 490/227/489 472/212/471 469/209/468 
f 490/227/489 211/65/210 491/228/490 
f 491/228/490 472/212/471 490/227/489 
f 491/228/490 492/229/491 473/213/472 
f 473/213/472 472/212/471 491/228/490 
f 490/227/489 168/44/168 211/65/210 
f 492/229/491 491/228/490 211/65/210 
f 211/65/210 208/63/207 492/229/491 
f 492/229/491 476/216/475 473/213/472 
f 492/229/491 204/59/203 493/230/492 
f 493/230/492 476/216/475 492/229/491 
f 493/230/492 494/231/493 477/217/476 
f 477/217/476 476/216/475 493/230/492 
f 492/229/491 208/63/207 204/59/203 
f 494/231/493 493/230/492 204/59/203 
f 204/59/203 207/62/206 494/231/493 
f 494/231/493 480/220/479 477/217/476 
f 495/232/494 496/233/495 497/234/496 
f 497/234/496 223/77/222 495/232/494 
f 497/234/496 498/235/497 219/73/218 
f 219/73/218 223/77/222 497/234/496 
f 495/232/494 499/236/498 496/233/495 
f 500/237/499 498/235/497 497/234/496 
f 497/234/496 496/233/495 500/237/499 
f 498/235/497 206/61/205 219/73/218 
f 498/235/497 501/238/500 502/239/501 
f 502/239/501 206/61/205 498/235/497 
f 502/239/501 503/240/502 201/56/200 
f 201/56/200 206/61/205 502/239/501 
f 498/235/497 500/237/499 501/238/500 
f 504/241/503 503/240/502 502/239/501 
f 502/239/501 501/238/500 504/241/503 
f 503/240/502 207/62/206 201/56/200 
f 503/240/502 505/242/504 506/243/505 
f 506/243/505 207/62/206 503/240/502 
f 506/243/505 507/244/506 494/231/493 
f 494/231/493 207/62/206 506/243/505 
f 503/240/502 504/241/503 505/242/504 
f 508/245/507 507/244/506 506/243/505 
f 506/243/505 505/242/504 508/245/507 
f 507/244/506 480/220/479 494/231/493 
f 507/244/506 509/246/508 510/247/509 
f 510/247/509 480/220/479 507/244/506 
f 511/248/510 479/219/478 480/220/479 
f 480/220/479 510/247/509 511/248/510 
f 507/244/506 508/245/507 509/246/508 
f 512/249/511 511/248/510 510/247/509 
f 510/247/509 509/246/508 512/249/511 
f 511/248/510 250/100/249 479/219/478 
f 511/248/510 513/250/512 514/251/513 
f 514/251/513 250/100/249 511/248/510 
f 515/252/514 247/97/246 250/100/249 
f 250/100/249 514/251/513 515/252/514 
f 511/248/510 512/249/511 513/250/512 
f 516/253/515 515/252/514 514/251/513 
f 514/251/513 513/250/512 516/253/515 
f 515/252/514 245/95/244 247/97/246 
f 515/252/514 517/254/516 518/120/517 
f 518/120/517 245/95/244 515/252/514 
f 519/255/518 520/256/519 245/95/244 
f 245/95/244 518/120/517 519/255/518 
f 515/252/514 516/253/515 517/254/516 
f 521/254/520 519/255/518 518/120/517 
f 518/120/517 517/254/516 521/254/520 
f 519/255/518 345/148/344 520/256/519 
f 522/29/521 523/29/522 524/29/523 
f 524/29/523 525/29/524 522/29/521 
f 526/29/525 527/29/526 522/29/521 
f 522/29/521 525/29/524 526/29/525 
f 523/29/522 528/29/527 524/29/523 
f 529/29/528 526/29/525 525/29/524 
f 525/29/524 524/29/523 529/29/528 
f 526/29/525 530/29/529 527/29/526 
f 526/29/525 531/29/530 532/29/531 
f 532/29/531 530/29/529 526/29/525 
f 533/29/532 534/29/533 530/29/529 
f 530/29/529 532/29/531 533/29/532 
f 526/29/525 529/29/528 531/29/530 
f 535/29/534 533/29/532 532/29/531 
f 532/29/531 531/29/530 535/29/534 
f 533/29/532 536/29/535 534/29/533 
f 537/29/536 538/29/537 539/29/538 
f 539/29/538 286/29/285 537/29/536 
f 540/29/539 361/29/360 286/29/285 
f 286/29/285 539/29/538 540/29/539 
f 537/29/536 536/29/535 538/29/537 
f 541/29/540 540/29/539 539/29/538 
f 539/29/538 538/29/537 541/29/540 
f 540/29/539 151/29/151 361/29/360 
f 151/29/151 540/29/539 542/29/541 
f 542/29/541 543/29/542 151/29/151 
f 543/29/542 544/29/543 150/29/150 
f 150/29/150 151/29/151 543/29/542 
f 540/29/539 541/29/540 542/29/541 
f 545/29/544 544/29/543 543/29/542 
f 543/29/542 542/29/541 545/29/544 
f 544/29/543 148/29/148 150/29/150 
f 148/29/148 544/29/543 546/29/545 
f 546/29/545 547/29/546 148/29/148 
f 547/29/546 548/29/547 549/29/548 
f 549/29/548 148/29/148 547/29/546 
f 544/29/543 545/29/544 546/29/545 
f 550/29/549 548/29/547 547/29/546 
f 547/29/546 546/29/545 550/29/549 
f 548/29/547 370/29/369 549/29/548 
f 551/29/550 552/29/551 553/29/552 
f 553/29/552 554/29/553 551/29/550 
f 554/29/553 555/29/554 556/29/555 
f 556/29/555 551/29/550 554/29/553 
f 552/29/551 557/29/556 553/29/552 
f 558/29/557 555/29/554 554/29/553 
f 554/29/553 553/29/552 558/29/557 
f 555/29/554 559/29/558 556/29/555 
f 560/30/559 561/197/560 562/197/561 
f 562/197/561 88/30/88 560/30/559 
f 562/197/561 563/198/562 439/197/438 
f 439/197/438 88/30/88 562/197/561 
f 560/30/559 564/30/563 561/197/560 
f 565/198/564 563/198/562 562/197/561 
f 562/197/561 561/197/560 565/198/564 
f 563/198/562 443/198/442 439/197/438 
f 566/28/565 567/28/566 568/28/567 
f 568/28/567 569/28/568 566/28/565 
f 567/28/566 570/28/569 571/28/570 
f 571/28/570 568/28/567 567/28/566 
f 569/28/568 572/28/571 566/28/565 
f 570/28/569 567/28/566 566/28/565 
f 566/28/565 573/28/572 570/28/569 
f 570/28/569 574/28/573 571/28/570 
f 575/28/574 571/28/570 576/28/575 
f 576/28/575 577/28/576 575/28/574 
f 576/28/575 578/28/577 579/28/578 
f 579/28/578 577/28/576 576/28/575 
f 575/28/574 568/28/567 571/28/570 
f 574/28/573 578/28/577 576/28/575 
f 576/28/575 571/28/570 574/28/573 
f 578/28/577 106/28/106 579/28/578 
f 580/26/579 581/25/580 582/25/581 
f 582/25/581 583/26/582 580/26/579 
f 582/25/581 584/27/583 585/25/584 
f 585/25/584 583/26/582 582/25/581 
f 580/26/579 586/26/585 581/25/580 
f 584/27/583 582/25/581 581/25/580 
f 581/25/580 587/27/586 584/27/583 
f 584/27/583 588/27/587 585/25/584 
f 589/28/588 590/28/589 591/28/590 
f 591/28/590 592/28/591 589/28/588 
f 591/28/590 580/26/579 593/28/592 
f 593/28/592 592/28/591 591/28/590 
f 589/28/588 594/28/593 590/28/589 
f 580/26/579 591/28/590 590/28/589 
f 590/28/589 586/26/585 580/26/579 
f 580/26/579 583/26/582 593/28/592 
f 584/27/583 595/29/594 596/29/595 
f 596/29/595 588/27/587 584/27/583 
f 596/29/595 597/29/596 598/29/597 
f 598/29/597 588/27/587 596/29/595 
f 584/27/583 587/27/586 595/29/594 
f 597/29/596 596/29/595 595/29/594 
f 595/29/594 599/29/598 597/29/596 
f 597/29/596 600/29/599 598/29/597 
f 556/29/555 601/29/600 602/29/601 
f 602/29/601 551/29/550 556/29/555 
f 602/29/601 603/29/602 604/29/603 
f 604/29/603 551/29/550 602/29/601 
f 556/29/555 559/29/558 601/29/600 
f 603/29/602 602/29/601 601/29/600 
f 601/29/600 605/29/604 603/29/602 
f 603/29/602 606/29/605 604/29/603 
f 597/29/596 607/29/606 608/29/607 
f 608/29/607 600/29/599 597/29/596 
f 608/29/607 609/29/608 610/29/609 
f 610/29/609 600/29/599 608/29/607 
f 597/29/596 599/29/598 607/29/606 
f 609/29/608 608/29/607 607/29/606 
f 607/29/606 611/29/610 609/29/608 
f 609/29/608 612/29/611 610/29/609 
f 609/29/608 613/29/612 614/29/613 
f 614/29/613 612/29/611 609/29/608 
f 614/29/613 615/29/614 616/29/615 
f 616/29/615 612/29/611 614/29/613 
f 609/29/608 611/29/610 613/29/612 
f 615/29/614 614/29/613 613/29/612 
f 613/29/612 617/29/616 615/29/614 
f 615/29/614 618/29/617 616/29/615 
f 619/29/618 620/30/619 621/29/620 
f 621/29/620 622/29/621 619/29/618 
f 621/29/620 623/29/622 624/29/623 
f 624/29/623 622/29/621 621/29/620 
f 619/29/618 448/30/447 620/30/619 
f 623/29/622 621/29/620 620/30/619 
f 620/30/619 564/30/563 623/29/622 
f 623/29/622 625/29/624 624/29/623 
f 626/257/625 627/258/626 628/259/627 
f 628/259/627 7/7/7 626/257/625 
f 628/259/627 629/260/628 2/2/2 
f 2/2/2 7/7/7 628/259/627 
f 626/257/625 37/24/37 627/258/626 
f 629/260/628 628/259/627 627/258/626 
f 627/258/626 630/261/628 629/260/628 
f 629/260/628 8/8/8 2/2/2 
f 629/260/628 631/262/629 632/263/630 
f 632/263/630 8/8/8 629/260/628 
f 632/263/630 633/264/631 10/10/10 
f 10/10/10 8/8/8 632/263/630 
f 629/260/628 630/261/628 631/262/629 
f 633/264/631 632/263/630 631/262/629 
f 631/262/629 634/265/632 633/264/631 
f 633/264/631 14/13/14 10/10/10 
f 635/266/633 22/16/22 636/267/634 
f 636/267/634 637/268/635 635/266/633 
f 636/267/634 638/269/636 639/270/637 
f 639/270/637 637/268/635 636/267/634 
f 635/266/633 28/18/28 22/16/22 
f 25/17/25 638/269/636 636/267/634 
f 636/267/634 22/16/22 25/17/25 
f 638/269/636 640/271/638 639/270/637 
f 7/7/7 1/1/1 67/30/67 
f 67/30/67 641/197/639 7/7/7 
f 642/198/640 7/7/7 641/197/639 
f 641/197/639 643/197/641 642/198/640 
f 1/1/1 4/4/4 67/30/67 
f 643/197/641 641/197/639 67/30/67 
f 67/30/67 66/30/66 643/197/641 
f 643/197/641 644/198/642 642/198/640 
f 643/197/641 82/30/82 645/197/643 
f 645/197/643 644/198/642 643/197/641 
f 645/197/643 442/197/441 646/198/644 
f 646/198/644 644/198/642 645/197/643 
f 643/197/641 66/30/66 82/30/82 
f 442/197/441 645/197/643 82/30/82 
f 82/30/82 81/30/81 442/197/441 
f 442/197/441 444/198/443 646/198/644 
f 647/272/645 648/20/646 649/272/647 
f 649/272/647 443/198/442 647/272/645 
f 649/272/647 650/272/648 441/198/440 
f 441/198/440 443/198/442 649/272/647 
f 647/272/645 651/20/649 648/20/646 
f 650/272/648 649/272/647 648/20/646 
f 648/20/646 44/20/44 650/272/648 
f 650/272/648 444/198/443 441/198/440 
f 652/272/650 653/20/651 654/272/652 
f 654/272/652 655/198/653 652/272/650 
f 654/272/652 656/272/654 657/198/655 
f 657/198/655 655/198/653 654/272/652 
f 652/272/650 658/20/656 653/20/651 
f 656/272/654 654/272/652 653/20/651 
f 653/20/651 659/20/657 656/272/654 
f 656/272/654 451/198/450 657/198/655 
f 660/272/658 661/20/659 662/272/660 
f 662/272/660 452/198/451 660/272/658 
f 662/272/660 663/272/661 664/198/662 
f 664/198/662 452/198/451 662/272/660 
f 660/272/658 665/20/663 661/20/659 
f 663/272/661 662/272/660 661/20/659 
f 661/20/659 666/20/664 663/272/661 
f 663/272/661 565/198/564 664/198/662 
f 53/28/53 18/12/18 667/28/665 
f 667/28/665 55/28/55 53/28/53 
f 667/28/665 668/28/666 669/28/667 
f 669/28/667 55/28/55 667/28/665 
f 53/28/53 15/12/15 18/12/18 
f 668/28/666 667/28/665 18/12/18 
f 18/12/18 21/12/21 668/28/666 
f 668/28/666 670/28/668 669/28/667 
f 26/12/26 671/28/669 672/28/670 
f 672/28/670 30/12/30 26/12/26 
f 672/28/670 673/28/671 674/28/672 
f 674/28/672 30/12/30 672/28/670 
f 26/12/26 29/12/29 671/28/669 
f 673/28/671 672/28/670 671/28/669 
f 671/28/669 675/28/673 673/28/671 
f 673/28/671 676/28/674 674/28/672 
f 677/29/675 624/29/623 678/29/676 
f 678/29/676 551/29/550 677/29/675 
f 678/29/676 679/29/677 552/29/551 
f 552/29/551 551/29/550 678/29/676 
f 677/29/675 622/29/621 624/29/623 
f 679/29/677 678/29/676 624/29/623 
f 624/29/623 625/29/624 679/29/677 
f 679/29/677 557/29/556 552/29/551 
f 680/27/678 48/25/48 681/25/679 
f 681/25/679 588/27/587 680/27/678 
f 681/25/679 682/26/680 585/25/584 
f 585/25/584 588/27/587 681/25/679 
f 680/27/678 51/27/51 48/25/48 
f 682/26/680 681/25/679 48/25/48 
f 48/25/48 50/26/50 682/26/680 
f 682/26/680 583/26/582 585/25/584 
f 682/26/680 54/28/54 683/28/681 
f 683/28/681 583/26/582 682/26/680 
f 683/28/681 684/28/682 593/28/592 
f 593/28/592 583/26/582 683/28/681 
f 682/26/680 50/26/50 54/28/54 
f 684/28/682 683/28/681 54/28/54 
f 54/28/54 55/28/55 684/28/682 
f 684/28/682 592/28/591 593/28/592 
f 685/29/683 68/29/68 686/29/684 
f 686/29/684 600/29/599 685/29/683 
f 686/29/684 680/27/678 598/29/597 
f 598/29/597 600/29/599 686/29/684 
f 685/29/683 70/29/70 68/29/68 
f 680/27/678 686/29/684 68/29/68 
f 68/29/68 51/27/51 680/27/678 
f 680/27/678 588/27/587 598/29/597 
f 687/29/685 76/29/76 688/29/686 
f 688/29/686 689/29/687 687/29/685 
f 688/29/686 690/29/688 691/29/689 
f 691/29/689 689/29/687 688/29/686 
f 687/29/685 79/29/79 76/29/76 
f 690/29/688 688/29/686 76/29/76 
f 76/29/76 78/29/78 690/29/688 
f 690/29/688 606/29/605 691/29/689 
f 692/29/690 83/29/83 693/29/691 
f 693/29/691 612/29/611 692/29/690 
f 693/29/691 685/29/683 610/29/609 
f 610/29/609 612/29/611 693/29/691 
f 692/29/690 85/29/85 83/29/83 
f 685/29/683 693/29/691 83/29/83 
f 83/29/83 70/29/70 685/29/683 
f 685/29/683 600/29/599 610/29/609 
f 694/29/692 89/29/89 695/29/693 
f 695/29/693 618/29/617 694/29/692 
f 695/29/693 692/29/690 616/29/615 
f 616/29/615 618/29/617 695/29/693 
f 694/29/692 91/29/91 89/29/89 
f 692/29/690 695/29/693 89/29/89 
f 89/29/89 85/29/85 692/29/690 
f 692/29/690 612/29/611 616/29/615 
f 696/28/694 697/28/695 698/28/696 
f 698/28/696 699/28/697 696/28/694 
f 699/28/697 700/28/698 701/28/699 
f 701/28/699 696/28/694 699/28/697 
f 697/28/695 702/28/700 698/28/696 
f 703/28/701 700/28/698 699/28/697 
f 699/28/697 698/28/696 703/28/701 
f 700/28/698 704/28/702 701/28/699 
f 705/29/703 617/29/616 706/29/704 
f 706/29/704 707/29/705 705/29/703 
f 705/29/703 708/29/706 709/29/707 
f 709/29/707 617/29/616 705/29/703 
f 706/29/704 365/29/364 707/29/705 
f 708/29/706 705/29/703 707/29/705 
f 707/29/705 710/29/708 708/29/706 
f 708/29/706 558/29/557 709/29/707 
f 711/26/709 712/273/710 713/25/711 
f 713/25/711 586/26/585 711/26/709 
f 713/25/711 714/27/712 581/25/580 
f 581/25/580 586/26/585 713/25/711 
f 711/26/709 402/160/401 712/273/710 
f 714/27/712 713/25/711 712/273/710 
f 712/273/710 715/274/713 714/27/712 
f 714/27/712 587/27/586 581/25/580 
f 716/28/714 399/158/398 717/28/715 
f 717/28/715 594/28/593 716/28/714 
f 717/28/715 711/26/709 590/28/589 
f 590/28/589 594/28/593 717/28/715 
f 716/28/714 405/163/404 399/158/398 
f 711/26/709 717/28/715 399/158/398 
f 399/158/398 402/160/401 711/26/709 
f 711/26/709 586/26/585 590/28/589 
f 714/27/712 718/29/716 719/29/717 
f 719/29/717 587/27/586 714/27/712 
f 719/29/717 720/29/718 595/29/594 
f 595/29/594 587/27/586 719/29/717 
f 714/27/712 715/274/713 718/29/716 
f 720/29/718 719/29/717 718/29/716 
f 718/29/716 721/29/719 720/29/718 
f 720/29/718 599/29/598 595/29/594 
f 722/29/720 723/29/721 724/29/722 
f 724/29/722 559/29/558 722/29/720 
f 724/29/722 725/29/723 601/29/600 
f 601/29/600 559/29/558 724/29/722 
f 722/29/720 726/29/724 723/29/721 
f 725/29/723 724/29/722 723/29/721 
f 723/29/721 727/29/725 725/29/723 
f 725/29/723 605/29/604 601/29/600 
f 720/29/718 728/29/726 729/29/727 
f 729/29/727 599/29/598 720/29/718 
f 729/29/727 730/29/728 607/29/606 
f 607/29/606 599/29/598 729/29/727 
f 720/29/718 721/29/719 728/29/726 
f 730/29/728 729/29/727 728/29/726 
f 728/29/726 368/29/367 730/29/728 
f 730/29/728 611/29/610 607/29/606 
f 730/29/728 362/29/361 731/29/729 
f 731/29/729 611/29/610 730/29/728 
f 731/29/729 706/29/704 613/29/612 
f 613/29/612 611/29/610 731/29/729 
f 730/29/728 368/29/367 362/29/361 
f 706/29/704 731/29/729 362/29/361 
f 362/29/361 365/29/364 706/29/704 
f 706/29/704 617/29/616 613/29/612 
f 589/28/588 732/28/730 733/28/731 
f 733/28/731 594/28/593 589/28/588 
f 733/28/731 734/28/732 735/28/733 
f 735/28/733 594/28/593 733/28/731 
f 589/28/588 592/28/591 732/28/730 
f 734/28/732 733/28/731 732/28/730 
f 732/28/730 736/28/734 734/28/732 
f 734/28/732 737/28/735 735/28/733 
f 371/29/370 146/29/146 738/29/736 
f 738/29/736 369/29/368 371/29/370 
f 738/29/736 549/29/548 366/29/365 
f 366/29/365 369/29/368 738/29/736 
f 371/29/370 145/29/145 146/29/146 
f 549/29/548 738/29/736 146/29/146 
f 146/29/146 148/29/148 549/29/548 
f 549/29/548 370/29/369 366/29/365 
f 363/29/362 728/29/726 739/29/737 
f 739/29/737 369/29/368 363/29/362 
f 739/29/737 740/29/738 372/29/371 
f 372/29/371 369/29/368 739/29/737 
f 363/29/362 368/29/367 728/29/726 
f 740/29/738 739/29/737 728/29/726 
f 728/29/726 721/29/719 740/29/738 
f 740/29/738 375/29/374 372/29/371 
f 740/29/738 718/29/716 741/29/739 
f 741/29/739 375/29/374 740/29/738 
f 741/29/739 742/275/740 376/29/375 
f 376/29/375 375/29/374 741/29/739 
f 740/29/738 721/29/719 718/29/716 
f 742/275/740 741/29/739 718/29/716 
f 718/29/716 715/274/713 742/275/740 
f 742/275/740 379/150/378 376/29/375 
f 742/275/740 712/273/710 743/276/741 
f 743/276/741 379/150/378 742/275/740 
f 743/276/741 404/162/403 380/151/379 
f 380/151/379 379/150/378 743/276/741 
f 742/275/740 715/274/713 712/273/710 
f 404/162/403 743/276/741 712/273/710 
f 712/273/710 402/160/401 404/162/403 
f 404/162/403 383/154/382 380/151/379 
f 400/158/399 744/28/742 745/28/743 
f 745/28/743 390/157/389 400/158/399 
f 745/28/743 746/28/744 385/28/384 
f 385/28/384 390/157/389 745/28/743 
f 400/158/399 405/163/404 744/28/742 
f 746/28/744 745/28/743 744/28/742 
f 744/28/742 747/28/745 746/28/744 
f 746/28/744 391/28/390 385/28/384 
f 748/28/746 749/28/747 750/28/748 
f 750/28/748 397/28/396 748/28/746 
f 750/28/748 751/28/749 394/28/393 
f 394/28/393 397/28/396 750/28/748 
f 748/28/746 702/28/700 749/28/747 
f 751/28/749 750/28/748 749/28/747 
f 749/28/747 573/28/572 751/28/749 
f 751/28/749 398/28/397 394/28/393 
f 384/155/383 406/164/405 752/277/750 
f 752/277/750 390/157/389 384/155/383 
f 752/277/750 382/153/381 403/161/402 
f 403/161/402 390/157/389 752/277/750 
f 384/155/383 387/156/386 406/164/405 
f 382/153/381 752/277/750 406/164/405 
f 406/164/405 133/39/133 382/153/381 
f 382/153/381 383/154/382 403/161/402 
f 753/29/751 754/29/752 755/29/753 
f 755/29/753 756/29/754 753/29/751 
f 753/29/751 757/29/755 758/29/756 
f 758/29/756 754/29/752 753/29/751 
f 755/29/753 726/29/724 756/29/754 
f 757/29/755 753/29/751 756/29/754 
f 756/29/754 710/29/708 757/29/755 
f 757/29/755 550/29/549 758/29/756 
f 759/278/757 328/131/327 760/279/758 
f 760/279/758 197/53/196 759/278/757 
f 192/49/191 197/53/196 760/279/758 
f 760/279/758 761/280/759 192/49/191 
f 759/278/757 327/130/326 328/131/327 
f 761/280/759 760/279/758 328/131/327 
f 328/131/327 248/98/247 761/280/759 
f 761/280/759 198/54/197 192/49/191 
f 762/281/760 331/134/330 763/282/761 
f 763/282/761 237/88/236 762/281/760 
f 763/282/761 764/283/762 234/85/233 
f 234/85/233 237/88/236 763/282/761 
f 762/281/760 337/140/336 331/134/330 
f 764/283/762 763/282/761 331/134/330 
f 331/134/330 336/139/335 764/283/762 
f 764/283/762 238/89/237 234/85/233 
f 764/283/762 341/144/340 765/284/763 
f 765/284/763 238/89/237 764/283/762 
f 765/284/763 759/278/757 241/91/240 
f 241/91/240 238/89/237 765/284/763 
f 764/283/762 336/139/335 341/144/340 
f 759/278/757 765/284/763 341/144/340 
f 341/144/340 327/130/326 759/278/757 
f 759/278/757 197/53/196 241/91/240 
f 761/280/759 242/92/241 766/285/764 
f 766/285/764 198/54/197 761/280/759 
f 766/285/764 520/256/519 343/146/342 
f 343/146/342 198/54/197 766/285/764 
f 761/280/759 248/98/247 242/92/241 
f 520/256/519 766/285/764 242/92/241 
f 242/92/241 245/95/244 520/256/519 
f 520/256/519 345/148/344 343/146/342 
f 315/123/314 424/183/423 767/286/765 
f 767/286/765 319/125/318 315/123/314 
f 767/286/765 762/281/760 423/182/422 
f 423/182/422 319/125/318 767/286/765 
f 315/123/314 314/122/313 424/183/423 
f 762/281/760 767/286/765 424/183/423 
f 424/183/423 337/140/336 762/281/760 
f 762/281/760 237/88/236 423/182/422 
f 768/29/766 523/29/522 769/29/767 
f 769/29/767 770/29/768 768/29/766 
f 769/29/767 771/287/769 772/29/770 
f 772/29/770 770/29/768 769/29/767 
f 768/29/766 528/29/527 523/29/522 
f 771/287/769 769/29/767 523/29/522 
f 523/29/522 522/29/521 771/287/769 
f 771/287/769 521/254/520 772/29/770 
f 773/288/771 774/289/772 775/289/772 
f 775/289/772 776/288/771 773/288/771 
f 775/289/772 777/290/773 778/289/772 
f 778/289/772 776/288/771 775/289/772 
f 773/288/771 779/288/771 774/289/772 
f 777/290/773 775/289/772 774/289/772 
f 774/289/772 780/290/773 777/290/773 
f 777/290/773 781/290/773 778/289/772 
f 777/290/773 782/291/774 783/291/774 
f 783/291/774 781/290/773 777/290/773 
f 783/291/774 784/291/775 785/291/774 
f 785/291/774 781/290/773 783/291/774 
f 777/290/773 780/290/773 782/291/774 
f 784/291/775 783/291/774 782/291/774 
f 782/291/774 786/291/775 784/291/775 
f 784/291/775 787/291/775 785/291/774 
f 784/291/775 788/291/776 789/291/776 
f 789/291/776 787/291/775 784/291/775 
f 789/291/776 790/292/777 791/291/776 
f 791/291/776 787/291/775 789/291/776 
f 784/291/775 786/291/775 788/291/776 
f 790/292/777 789/291/776 788/291/776 
f 788/291/776 792/292/777 790/292/777 
f 790/292/777 793/292/777 791/291/776 
f 794/293/778 795/293/779 796/293/779 
f 796/293/779 797/293/778 794/293/778 
f 796/293/779 773/288/771 798/293/779 
f 798/293/779 797/293/778 796/293/779 
f 794/293/778 799/293/778 795/293/779 
f 779/288/771 773/288/771 796/293/779 
f 796/293/779 795/293/779 779/288/771 
f 773/288/771 776/288/771 798/293/779 
f 800/23/780 801/293/781 802/293/781 
f 802/293/781 803/23/780 800/23/780 
f 804/293/782 805/293/783 803/23/780 
f 803/23/780 802/293/781 804/293/782 
f 800/23/780 806/23/780 801/293/781 
f 807/293/782 804/293/782 802/293/781 
f 802/293/781 801/293/781 807/293/782 
f 804/293/782 808/293/782 805/293/783 
f 809/30/784 810/197/785 811/197/785 
f 811/197/785 812/30/784 809/30/784 
f 811/197/785 813/198/786 814/197/785 
f 814/197/785 812/30/784 811/197/785 
f 809/30/784 815/30/784 810/197/785 
f 816/198/786 813/198/786 811/197/785 
f 811/197/785 810/197/785 816/198/786 
f 813/198/786 817/198/786 814/197/785 
f 818/29/787 819/29/788 820/29/789 
f 820/29/789 821/29/790 818/29/787 
f 820/29/789 822/29/791 823/29/792 
f 823/29/792 821/29/790 820/29/789 
f 818/29/787 824/29/787 819/29/788 
f 822/29/791 820/29/789 819/29/788 
f 819/29/788 825/29/793 822/29/791 
f 822/29/791 826/29/794 823/29/792 
f 827/28/795 828/28/796 829/28/795 
f 829/28/795 830/28/796 827/28/795 
f 829/28/795 831/28/796 832/28/796 
f 832/28/796 830/28/796 829/28/795 
f 827/28/795 833/28/796 828/28/796 
f 831/28/796 829/28/795 828/28/796 
f 828/28/796 834/28/796 831/28/796 
f 831/28/796 835/28/796 832/28/796 
f 836/28/797 837/28/798 838/28/798 
f 838/28/798 839/28/797 836/28/797 
f 838/28/798 840/28/799 841/28/798 
f 841/28/798 839/28/797 838/28/798 
f 836/28/797 842/28/797 837/28/798 
f 840/28/799 838/28/798 837/28/798 
f 837/28/798 843/28/799 840/28/799 
f 840/28/799 844/28/799 841/28/798 
f 845/28/800 846/28/801 847/28/802 
f 847/28/802 848/28/800 845/28/800 
f 847/28/802 849/28/803 850/28/802 
f 850/28/802 848/28/800 847/28/802 
f 845/28/800 851/28/800 846/28/801 
f 849/28/803 847/28/802 846/28/801 
f 846/28/801 852/28/803 849/28/803 
f 849/28/803 853/28/804 850/28/802 
f 854/28/805 855/28/806 856/28/806 
f 856/28/806 857/28/805 854/28/805 
f 856/28/806 845/28/800 858/28/806 
f 858/28/806 857/28/805 856/28/806 
f 854/28/805 859/28/805 855/28/806 
f 845/28/800 856/28/806 855/28/806 
f 855/28/806 851/28/800 845/28/800 
f 845/28/800 848/28/800 858/28/806 
f 860/28/807 861/28/808 862/28/808 
f 862/28/808 863/28/807 860/28/807 
f 862/28/808 854/28/805 864/28/808 
f 864/28/808 863/28/807 862/28/808 
f 860/28/807 865/28/807 861/28/808 
f 854/28/805 862/28/808 861/28/808 
f 861/28/808 859/28/805 854/28/805 
f 854/28/805 857/28/805 864/28/808 
f 866/28/809 867/28/810 868/28/810 
f 868/28/810 869/28/809 866/28/809 
f 868/28/810 860/28/807 870/28/810 
f 870/28/810 869/28/809 868/28/810 
f 866/28/809 871/28/809 867/28/810 
f 860/28/807 868/28/810 867/28/810 
f 867/28/810 865/28/807 860/28/807 
f 860/28/807 863/28/807 870/28/810 
f 872/293/811 873/293/812 874/293/812 
f 874/293/812 875/293/811 872/293/811 
f 874/293/812 794/293/778 876/293/812 
f 876/293/812 875/293/811 874/293/812 
f 872/293/811 877/293/811 873/293/812 
f 799/293/778 794/293/778 874/293/812 
f 874/293/812 873/293/812 799/293/778 
f 794/293/778 797/293/778 876/293/812 
f 878/293/813 879/293/814 880/293/815 
f 880/293/815 881/293/816 878/293/813 
f 882/293/817 883/293/818 881/293/816 
f 881/293/816 880/293/815 882/293/817 
f 878/293/813 884/293/819 879/293/814 
f 885/293/817 882/293/817 880/293/815 
f 880/293/815 879/293/814 885/293/817 
f 882/293/817 886/293/817 883/293/818 
f 887/293/820 888/293/821 889/293/822 
f 889/293/822 890/293/823 887/293/820 
f 889/293/822 872/293/811 891/293/824 
f 891/293/824 890/293/823 889/293/822 
f 887/293/820 892/293/825 888/293/821 
f 877/293/811 872/293/811 889/293/822 
f 889/293/822 888/293/821 877/293/811 
f 872/293/811 875/293/811 891/293/824 
f 893/28/796 894/28/826 895/28/826 
f 895/28/826 896/28/796 893/28/796 
f 895/28/826 836/28/797 897/28/826 
f 897/28/826 896/28/796 895/28/826 
f 893/28/796 898/28/796 894/28/826 
f 836/28/797 895/28/826 894/28/826 
f 894/28/826 842/28/797 836/28/797 
f 836/28/797 839/28/797 897/28/826 
f 831/28/796 899/28/796 900/28/796 
f 900/28/796 835/28/796 831/28/796 
f 900/28/796 893/28/796 901/28/796 
f 901/28/796 835/28/796 900/28/796 
f 831/28/796 834/28/796 899/28/796 
f 893/28/796 900/28/796 899/28/796 
f 899/28/796 898/28/796 893/28/796 
f 893/28/796 896/28/796 901/28/796 
f 902/29/827 903/29/828 904/29/828 
f 904/29/828 905/29/827 902/29/827 
f 904/29/828 809/30/784 906/29/828 
f 906/29/828 905/29/827 904/29/828 
f 902/29/827 907/29/827 903/29/828 
f 815/30/784 809/30/784 904/29/828 
f 904/29/828 903/29/828 815/30/784 
f 809/30/784 812/30/784 906/29/828 
f 813/198/786 908/272/786 909/272/786 
f 909/272/786 817/198/786 813/198/786 
f 909/272/786 910/20/786 911/272/786 
f 911/272/786 817/198/786 909/272/786 
f 813/198/786 816/198/786 908/272/786 
f 912/20/786 910/20/786 909/272/786 
f 909/272/786 908/272/786 912/20/786 
f 910/20/786 913/20/786 911/272/786 
f 914/29/829 915/29/830 916/29/831 
f 916/29/831 917/29/831 914/29/829 
f 917/29/831 902/29/827 918/29/831 
f 918/29/831 914/29/829 917/29/831 
f 915/29/830 919/29/830 916/29/831 
f 907/29/827 902/29/827 917/29/831 
f 917/29/831 916/29/831 907/29/827 
f 902/29/827 905/29/827 918/29/831 
f 822/29/791 920/29/832 921/29/833 
f 921/29/833 826/29/794 822/29/791 
f 921/29/833 915/29/830 922/29/834 
f 922/29/834 826/29/794 921/29/833 
f 822/29/791 825/29/793 920/29/832 
f 915/29/830 921/29/833 920/29/832 
f 920/29/832 919/29/830 915/29/830 
f 915/29/830 914/29/829 922/29/834 
f 840/28/799 923/28/835 924/28/835 
f 924/28/835 844/28/799 840/28/799 
f 924/28/835 866/28/809 925/28/835 
f 925/28/835 844/28/799 924/28/835 
f 840/28/799 843/28/799 923/28/835 
f 866/28/809 924/28/835 923/28/835 
f 923/28/835 871/28/809 866/28/809 
f 866/28/809 869/28/809 925/28/835 
f 926/294/836 927/295/837 928/295/837 
f 928/295/837 929/294/836 926/294/836 
f 928/295/837 930/296/838 931/295/837 
f 931/295/837 929/294/836 928/295/837 
f 926/294/836 932/294/836 927/295/837 
f 930/296/838 928/295/837 927/295/837 
f 927/295/837 933/296/838 930/296/838 
f 930/296/838 934/296/838 931/295/837 
f 930/296/838 935/11/839 936/11/839 
f 936/11/839 934/296/838 930/296/838 
f 936/11/839 937/12/840 938/11/839 
f 938/11/839 934/296/838 936/11/839 
f 930/296/838 933/296/838 935/11/839 
f 937/12/840 936/11/839 935/11/839 
f 935/11/839 939/12/840 937/12/840 
f 937/12/840 940/12/840 938/11/839 
f 937/12/840 941/28/841 942/28/842 
f 942/28/842 940/12/840 937/12/840 
f 942/28/842 943/28/843 944/28/842 
f 944/28/842 940/12/840 942/28/842 
f 937/12/840 939/12/840 941/28/841 
f 943/28/843 942/28/842 941/28/841 
f 941/28/841 945/28/844 943/28/843 
f 943/28/843 946/28/845 944/28/842 
f 947/28/796 827/28/795 948/28/795 
f 948/28/795 949/28/796 947/28/796 
f 948/28/795 950/28/796 951/28/795 
f 951/28/795 949/28/796 948/28/795 
f 947/28/796 833/28/796 827/28/795 
f 950/28/796 948/28/795 827/28/795 
f 827/28/795 830/28/796 950/28/796 
f 950/28/796 952/28/796 951/28/795 
f 946/28/845 943/28/843 953/28/846 
f 953/28/846 954/28/846 946/28/845 
f 954/28/846 955/28/846 956/28/846 
f 956/28/846 946/28/845 954/28/846 
f 943/28/843 945/28/844 953/28/846 
f 957/28/846 955/28/846 954/28/846 
f 954/28/846 953/28/846 957/28/846 
f 955/28/846 958/28/846 956/28/846 
f 959/289/847 960/290/848 961/289/849 
f 961/289/849 962/288/850 959/289/847 
f 963/289/851 964/290/852 960/290/848 
f 960/290/848 959/289/847 963/289/851 
f 961/289/849 965/288/853 962/288/850 
f 963/289/851 959/289/847 962/288/850 
f 962/288/850 966/288/854 963/289/851 
f 963/289/851 967/290/855 964/290/852 
f 968/291/856 969/291/857 970/291/858 
f 970/291/858 964/290/852 968/291/856 
f 968/291/856 971/291/859 972/291/860 
f 972/291/860 969/291/857 968/291/856 
f 970/291/858 960/290/848 964/290/852 
f 971/291/859 968/291/856 964/290/852 
f 964/290/852 967/290/855 971/291/859 
f 971/291/859 973/291/861 972/291/860 
f 974/291/862 975/292/863 976/291/864 
f 976/291/864 972/291/860 974/291/862 
f 974/291/862 977/291/865 978/292/866 
f 978/292/866 975/292/863 974/291/862 
f 976/291/864 969/291/857 972/291/860 
f 977/291/865 974/291/862 972/291/860 
f 972/291/860 973/291/861 977/291/865 
f 977/291/865 979/292/867 978/292/866 
f 980/293/868 965/288/853 981/293/869 
f 981/293/869 982/293/870 980/293/868 
f 983/293/871 962/288/850 965/288/853 
f 965/288/853 980/293/868 983/293/871 
f 981/293/869 984/293/872 982/293/870 
f 985/293/873 983/293/871 980/293/868 
f 980/293/868 982/293/870 985/293/873 
f 983/293/871 966/288/854 962/288/850 
f 986/293/874 987/293/875 988/293/876 
f 988/293/876 989/293/877 986/293/874 
f 990/293/878 991/293/879 989/293/877 
f 989/293/877 988/293/876 990/293/878 
f 986/293/874 992/293/874 987/293/875 
f 993/293/880 990/293/878 988/293/876 
f 988/293/876 987/293/875 993/293/880 
f 990/293/878 994/293/881 991/293/879 
f 995/197/882 996/30/883 997/197/884 
f 997/197/884 998/198/885 995/197/882 
f 997/197/884 999/197/886 1000/198/887 
f 1000/198/887 998/198/885 997/197/884 
f 995/197/882 1001/30/888 996/30/883 
f 999/197/886 997/197/884 996/30/883 
f 996/30/883 1002/30/889 999/197/886 
f 999/197/886 1003/198/890 1000/198/887 
f 1004/29/891 1005/29/892 1006/29/893 
f 1006/29/893 1007/29/894 1004/29/891 
f 1006/29/893 1008/29/895 1009/29/896 
f 1009/29/896 1007/29/894 1006/29/893 
f 1004/29/891 1010/29/897 1005/29/892 
f 1008/29/895 1006/29/893 1005/29/892 
f 1005/29/892 1011/29/898 1008/29/895 
f 1008/29/895 1012/29/899 1009/29/896 
f 1013/293/900 984/293/872 1014/293/901 
f 1014/293/901 1015/293/902 1013/293/900 
f 1016/293/903 982/293/870 984/293/872 
f 984/293/872 1013/293/900 1016/293/903 
f 1014/293/901 1017/293/904 1015/293/902 
f 1018/293/905 1016/293/903 1013/293/900 
f 1013/293/900 1015/293/902 1018/293/905 
f 1016/293/903 985/293/873 982/293/870 
f 1019/293/906 1020/293/907 1021/293/908 
f 1021/293/908 1022/293/909 1019/293/906 
f 1023/293/910 1024/293/911 1022/293/909 
f 1022/293/909 1021/293/908 1023/293/910 
f 1019/293/906 1025/293/912 1020/293/907 
f 1026/293/913 1023/293/910 1021/293/908 
f 1021/293/908 1020/293/907 1026/293/913 
f 1023/293/910 1027/293/914 1024/293/911 
f 1028/293/915 1017/293/904 1029/293/916 
f 1029/293/916 1024/293/911 1028/293/915 
f 1030/293/917 1015/293/902 1017/293/904 
f 1017/293/904 1028/293/915 1030/293/917 
f 1029/293/916 1022/293/909 1024/293/911 
f 1027/293/914 1030/293/917 1028/293/915 
f 1028/293/915 1024/293/911 1027/293/914 
f 1030/293/917 1018/293/905 1015/293/902 
f 1031/29/918 1032/29/919 1033/29/920 
f 1033/29/920 1001/30/888 1031/29/918 
f 996/30/883 1001/30/888 1033/29/920 
f 1033/29/920 1034/29/921 996/30/883 
f 1031/29/918 1035/29/922 1032/29/919 
f 1034/29/921 1033/29/920 1032/29/919 
f 1032/29/919 1036/29/898 1034/29/921 
f 1034/29/921 1002/30/889 996/30/883 
f 1037/20/887 1038/21/923 1039/23/924 
f 1039/23/924 1040/21/925 1037/20/887 
f 1039/23/924 1038/21/923 1041/21/926 
f 1041/21/926 1042/23/927 1039/23/924 
f 1040/21/925 1043/20/885 1037/20/887 
f 1041/21/926 1038/21/923 1037/20/887 
f 1037/20/887 1044/20/890 1041/21/926 
f 1041/21/926 1045/23/928 1042/23/927 
f 1046/29/929 1047/29/930 1048/29/931 
f 1048/29/931 1035/29/922 1046/29/929 
f 1048/29/931 1049/29/932 1032/29/919 
f 1032/29/919 1035/29/922 1048/29/931 
f 1046/29/929 1050/29/933 1047/29/930 
f 1049/29/932 1048/29/931 1047/29/930 
f 1047/29/930 1051/29/934 1049/29/932 
f 1049/29/932 1036/29/898 1032/29/919 
f 1052/29/935 1009/29/896 1053/29/936 
f 1053/29/936 1050/29/933 1052/29/935 
f 1054/29/937 1047/29/930 1050/29/933 
f 1050/29/933 1053/29/936 1054/29/937 
f 1052/29/935 1007/29/894 1009/29/896 
f 1054/29/937 1053/29/936 1009/29/896 
f 1009/29/896 1012/29/899 1054/29/937 
f 1054/29/937 1051/29/934 1047/29/930 
f 1055/295/938 1056/294/939 1057/295/940 
f 1057/295/940 1058/296/941 1055/295/938 
f 1057/295/940 1059/295/942 1060/296/943 
f 1060/296/943 1058/296/941 1057/295/940 
f 1055/295/938 1061/294/944 1056/294/939 
f 1059/295/942 1057/295/940 1056/294/939 
f 1056/294/939 1062/294/945 1059/295/942 
f 1059/295/942 1063/296/946 1060/296/943 
f 1064/11/947 1060/296/943 1065/11/948 
f 1065/11/948 1066/12/949 1064/11/947 
f 1065/11/948 1067/11/950 1068/12/951 
f 1068/12/951 1066/12/949 1065/11/948 
f 1064/11/947 1058/296/941 1060/296/943 
f 1067/11/950 1065/11/948 1060/296/943 
f 1060/296/943 1063/296/946 1067/11/950 
f 1067/11/950 1069/12/952 1068/12/951 
f 1070/28/953 1068/12/951 1071/28/954 
f 1071/28/954 1072/28/955 1070/28/953 
f 1071/28/954 1073/28/956 1074/28/957 
f 1074/28/957 1072/28/955 1071/28/954 
f 1070/28/953 1066/12/949 1068/12/951 
f 1073/28/956 1071/28/954 1068/12/951 
f 1068/12/951 1069/12/952 1073/28/956 
f 1073/28/956 1075/28/957 1074/28/957 
f 1076/288/958 961/289/849 1077/289/959 
f 1077/289/959 779/288/771 1076/288/958 
f 1077/289/959 1078/290/960 774/289/772 
f 774/289/772 779/288/771 1077/289/959 
f 1076/288/958 965/288/853 961/289/849 
f 1078/290/960 1077/289/959 961/289/849 
f 961/289/849 960/290/848 1078/290/960 
f 1078/290/960 780/290/773 774/289/772 
f 1079/290/961 1080/297/962 1081/289/963 
f 1081/289/963 781/290/773 1079/290/961 
f 1081/289/963 1082/288/964 778/289/772 
f 778/289/772 781/290/773 1081/289/963 
f 1079/290/961 1083/298/965 1080/297/962 
f 1082/288/964 1081/289/963 1080/297/962 
f 1080/297/962 34/22/34 1082/288/964 
f 1082/288/964 776/288/771 778/289/772 
f 1078/290/960 970/291/858 1084/291/966 
f 1084/291/966 780/290/773 1078/290/960 
f 1084/291/966 1085/291/967 782/291/774 
f 782/291/774 780/290/773 1084/291/966 
f 1078/290/960 960/290/848 970/291/858 
f 1085/291/967 1084/291/966 970/291/858 
f 970/291/858 969/291/857 1085/291/967 
f 1085/291/967 786/291/775 782/291/774 
f 1086/291/968 1087/299/969 1088/291/970 
f 1088/291/970 787/291/775 1086/291/968 
f 1088/291/970 1079/290/961 785/291/774 
f 785/291/774 787/291/775 1088/291/970 
f 1086/291/968 1089/300/971 1087/299/969 
f 1079/290/961 1088/291/970 1087/299/969 
f 1087/299/969 1083/298/965 1079/290/961 
f 1079/290/961 781/290/773 785/291/774 
f 1085/291/967 976/291/864 1090/291/972 
f 1090/291/972 786/291/775 1085/291/967 
f 1090/291/972 1091/292/973 788/291/776 
f 788/291/776 786/291/775 1090/291/972 
f 1085/291/967 969/291/857 976/291/864 
f 1091/292/973 1090/291/972 976/291/864 
f 976/291/864 975/292/863 1091/292/973 
f 1091/292/973 792/292/777 788/291/776 
f 1092/292/974 1093/301/975 1094/291/976 
f 1094/291/976 793/292/777 1092/292/974 
f 1094/291/976 1086/291/968 791/291/776 
f 791/291/776 793/292/777 1094/291/976 
f 1092/292/974 1095/302/977 1093/301/975 
f 1086/291/968 1094/291/976 1093/301/975 
f 1093/301/975 1089/300/971 1086/291/968 
f 1086/291/968 787/291/775 791/291/776 
f 1096/293/978 981/293/869 1097/293/979 
f 1097/293/979 799/293/778 1096/293/978 
f 1097/293/979 1076/288/958 795/293/779 
f 795/293/779 799/293/778 1097/293/979 
f 1096/293/978 984/293/872 981/293/869 
f 1076/288/958 1097/293/979 981/293/869 
f 981/293/869 965/288/853 1076/288/958 
f 1076/288/958 779/288/771 795/293/779 
f 1082/288/964 35/23/35 1098/293/980 
f 1098/293/980 776/288/771 1082/288/964 
f 1098/293/980 1099/293/981 798/293/779 
f 798/293/779 776/288/771 1098/293/980 
f 1082/288/964 34/22/34 35/23/35 
f 1099/293/981 1098/293/980 35/23/35 
f 35/23/35 39/23/39 1099/293/981 
f 1099/293/981 797/293/778 798/293/779 
f 1100/293/982 806/23/780 1101/23/983 
f 1101/23/983 1102/293/984 1100/293/982 
f 1100/293/982 1103/293/985 801/293/781 
f 801/293/781 806/23/780 1100/293/982 
f 1101/23/983 1039/23/924 1102/293/984 
f 1103/293/985 1100/293/982 1102/293/984 
f 1102/293/984 992/293/874 1103/293/985 
f 1103/293/985 807/293/782 801/293/781 
f 881/293/816 1104/293/986 1105/23/987 
f 1105/23/987 1106/293/988 881/293/816 
f 1106/293/988 1107/293/989 1108/293/990 
f 1108/293/990 881/293/816 1106/293/988 
f 1104/293/986 1109/23/991 1105/23/987 
f 1110/23/992 1107/293/989 1106/293/988 
f 1106/293/988 1105/23/987 1110/23/992 
f 1107/293/989 808/293/782 1108/293/990 
f 1111/30/993 995/197/882 1112/197/994 
f 1112/197/994 815/30/784 1111/30/993 
f 1112/197/994 1113/198/995 810/197/785 
f 810/197/785 815/30/784 1112/197/994 
f 1111/30/993 1001/30/888 995/197/882 
f 998/198/885 1113/198/995 1112/197/994 
f 1112/197/994 995/197/882 998/198/885 
f 1113/198/995 816/198/786 810/197/785 
f 1114/198/996 1115/197/997 1116/197/998 
f 1116/197/998 817/198/786 1114/198/996 
f 1116/197/998 1117/30/999 814/197/785 
f 814/197/785 817/198/786 1116/197/998 
f 1114/198/996 655/198/653 1115/197/997 
f 73/30/73 1117/30/999 1116/197/998 
f 1116/197/998 1115/197/997 73/30/73 
f 1117/30/999 812/30/784 814/197/785 
f 1118/29/1000 1004/29/891 1119/29/1001 
f 1119/29/1001 824/29/787 1118/29/1000 
f 1119/29/1001 1120/29/1002 819/29/788 
f 819/29/788 824/29/787 1119/29/1001 
f 1118/29/1000 1010/29/897 1004/29/891 
f 1007/29/894 1120/29/1002 1119/29/1001 
f 1119/29/1001 1004/29/891 1007/29/894 
f 1120/29/1002 825/29/793 819/29/788 
f 1121/29/1003 1122/29/1004 1123/29/1005 
f 1123/29/1005 826/29/794 1121/29/1003 
f 1123/29/1005 1124/29/1006 823/29/792 
f 823/29/792 826/29/794 1123/29/1005 
f 1121/29/1003 1125/29/1007 1122/29/1004 
f 1126/29/1008 1124/29/1006 1123/29/1005 
f 1123/29/1005 1122/29/1004 1126/29/1008 
f 1124/29/1006 821/29/790 823/29/792 
f 1127/28/796 833/28/796 1128/28/1009 
f 1128/28/1009 1129/28/796 1127/28/796 
f 828/28/796 833/28/796 1127/28/796 
f 1127/28/796 1130/28/796 828/28/796 
f 1128/28/1009 1131/28/796 1129/28/796 
f 1130/28/796 1127/28/796 1129/28/796 
f 1129/28/796 1132/28/796 1130/28/796 
f 1130/28/796 834/28/796 828/28/796 
f 1133/28/1010 1134/28/1011 1135/28/1012 
f 1135/28/1012 835/28/796 1133/28/1010 
f 832/28/796 835/28/796 1135/28/1012 
f 1135/28/1012 1136/28/1013 832/28/796 
f 1133/28/1010 577/28/576 1134/28/1011 
f 1137/28/1014 1136/28/1013 1135/28/1012 
f 1135/28/1012 1134/28/1011 1137/28/1014 
f 1136/28/1013 830/28/796 832/28/796 
f 1138/28/797 1139/28/1015 1140/28/798 
f 1140/28/798 842/28/797 1138/28/797 
f 1140/28/798 1141/28/799 837/28/798 
f 837/28/798 842/28/797 1140/28/798 
f 1138/28/797 1142/28/1016 1139/28/1015 
f 1141/28/799 1140/28/798 1139/28/1015 
f 1139/28/1015 1143/28/799 1141/28/799 
f 1141/28/799 843/28/799 837/28/798 
f 1144/28/1017 1145/28/1018 1146/28/1019 
f 1146/28/1019 844/28/799 1144/28/1017 
f 1146/28/1019 1147/28/1020 841/28/798 
f 841/28/798 844/28/799 1146/28/1019 
f 1144/28/1017 1148/28/1021 1145/28/1018 
f 1146/28/1019 1145/28/1018 572/28/571 
f 572/28/571 1147/28/1020 1146/28/1019 
f 1147/28/1020 839/28/797 841/28/798 
f 1149/28/800 1150/28/1022 1151/28/1023 
f 1151/28/1023 851/28/800 1149/28/800 
f 1151/28/1023 1152/28/803 846/28/801 
f 846/28/801 851/28/800 1151/28/1023 
f 1149/28/800 1153/28/1024 1150/28/1022 
f 1152/28/803 1151/28/1023 1150/28/1022 
f 1150/28/1022 1154/28/803 1152/28/803 
f 1152/28/803 852/28/803 846/28/801 
f 1155/28/1025 118/28/118 1156/28/1026 
f 1156/28/1026 853/28/804 1155/28/1025 
f 1156/28/1026 1157/28/1027 850/28/802 
f 850/28/802 853/28/804 1156/28/1026 
f 1155/28/1025 122/28/122 118/28/118 
f 1157/28/1027 1156/28/1026 118/28/118 
f 118/28/118 117/28/117 1157/28/1027 
f 1157/28/1027 848/28/800 850/28/802 
f 1158/28/805 1159/28/1028 1160/28/806 
f 1160/28/806 859/28/805 1158/28/805 
f 1160/28/806 1149/28/800 855/28/806 
f 855/28/806 859/28/805 1160/28/806 
f 1158/28/805 1161/28/805 1159/28/1028 
f 1149/28/800 1160/28/806 1159/28/1028 
f 1159/28/1028 1153/28/1024 1149/28/800 
f 1149/28/800 851/28/800 855/28/806 
f 1157/28/1027 1162/28/1029 1163/28/1030 
f 1163/28/1030 848/28/800 1157/28/1027 
f 1163/28/1030 1164/28/1031 858/28/806 
f 858/28/806 848/28/800 1163/28/1030 
f 1157/28/1027 117/28/117 1162/28/1029 
f 1164/28/1031 1163/28/1030 1162/28/1029 
f 1162/28/1029 1165/28/1032 1164/28/1031 
f 1164/28/1031 857/28/805 858/28/806 
f 1166/28/807 1167/28/1033 1168/28/808 
f 1168/28/808 865/28/807 1166/28/807 
f 1168/28/808 1158/28/805 861/28/808 
f 861/28/808 865/28/807 1168/28/808 
f 1166/28/807 1169/28/807 1167/28/1033 
f 1158/28/805 1168/28/808 1167/28/1033 
f 1167/28/1033 1161/28/805 1158/28/805 
f 1158/28/805 859/28/805 861/28/808 
f 1164/28/1031 1170/28/1034 1171/28/1035 
f 1171/28/1035 857/28/805 1164/28/1031 
f 1171/28/1035 1172/28/1036 864/28/808 
f 864/28/808 857/28/805 1171/28/1035 
f 1164/28/1031 1165/28/1032 1170/28/1034 
f 1172/28/1036 1171/28/1035 1170/28/1034 
f 1170/28/1034 1173/28/1037 1172/28/1036 
f 1172/28/1036 863/28/807 864/28/808 
f 1174/28/1038 1175/28/1039 1176/28/810 
f 1176/28/810 871/28/809 1174/28/1038 
f 1176/28/810 1166/28/807 867/28/810 
f 867/28/810 871/28/809 1176/28/810 
f 1174/28/1038 1177/28/1040 1175/28/1039 
f 1166/28/807 1176/28/810 1175/28/1039 
f 1175/28/1039 1169/28/807 1166/28/807 
f 1166/28/807 865/28/807 867/28/810 
f 1172/28/1036 1178/28/1041 1179/28/1042 
f 1179/28/1042 863/28/807 1172/28/1036 
f 1179/28/1042 1180/28/1043 870/28/810 
f 870/28/810 863/28/807 1179/28/1042 
f 1172/28/1036 1173/28/1037 1178/28/1041 
f 1180/28/1043 1179/28/1042 1178/28/1041 
f 1178/28/1041 1181/28/1044 1180/28/1043 
f 1180/28/1043 869/28/809 870/28/810 
f 877/293/811 1182/293/1045 1014/293/901 
f 1014/293/901 1183/293/1046 877/293/811 
f 1183/293/1046 1096/293/978 873/293/812 
f 873/293/812 877/293/811 1183/293/1046 
f 1182/293/1045 1017/293/904 1014/293/901 
f 1096/293/978 1183/293/1046 1014/293/901 
f 1014/293/901 984/293/872 1096/293/978 
f 1096/293/978 799/293/778 873/293/812 
f 797/293/778 1099/293/981 42/23/42 
f 42/23/42 1184/293/1047 797/293/778 
f 1184/293/1047 1185/293/1048 876/293/812 
f 876/293/812 797/293/778 1184/293/1047 
f 1099/293/981 39/23/39 42/23/42 
f 45/23/45 1185/293/1048 1184/293/1047 
f 1184/293/1047 42/23/42 45/23/45 
f 1185/293/1048 875/293/811 876/293/812 
f 1186/293/1049 1187/293/1050 1188/293/1051 
f 1188/293/1051 884/293/819 1186/293/1049 
f 1188/293/1051 1189/293/1052 879/293/814 
f 879/293/814 884/293/819 1188/293/1051 
f 1186/293/1049 989/293/877 1187/293/1050 
f 1189/293/1052 1188/293/1051 1187/293/1050 
f 1187/293/1050 1025/293/912 1189/293/1052 
f 1189/293/1052 885/293/817 879/293/814 
f 890/293/823 1190/293/1053 1191/23/1054 
f 1191/23/1054 1192/293/1055 890/293/823 
f 1192/293/1055 1193/293/1056 1194/293/1057 
f 1194/293/1057 890/293/823 1192/293/1055 
f 1190/293/1053 1195/23/1058 1191/23/1054 
f 1196/23/1059 1193/293/1056 1192/293/1055 
f 1192/293/1055 1191/23/1054 1196/23/1059 
f 1193/293/1056 886/293/817 1194/293/1057 
f 1197/293/1060 1029/293/916 1198/293/1061 
f 1198/293/1061 892/293/825 1197/293/1060 
f 1198/293/1061 1182/293/1045 888/293/821 
f 888/293/821 892/293/825 1198/293/1061 
f 1197/293/1060 1022/293/909 1029/293/916 
f 1182/293/1045 1198/293/1061 1029/293/916 
f 1029/293/916 1017/293/904 1182/293/1045 
f 1182/293/1045 877/293/811 888/293/821 
f 875/293/811 1185/293/1048 1199/23/1062 
f 1199/23/1062 1200/293/1063 875/293/811 
f 1200/293/1063 1190/293/1053 891/293/824 
f 891/293/824 875/293/811 1200/293/1063 
f 1185/293/1048 45/23/45 1199/23/1062 
f 1195/23/1058 1190/293/1053 1200/293/1063 
f 1200/293/1063 1199/23/1062 1195/23/1058 
f 1190/293/1053 890/293/823 891/293/824 
f 1201/28/796 1202/28/1064 1203/28/826 
f 1203/28/826 898/28/796 1201/28/796 
f 1203/28/826 1138/28/797 894/28/826 
f 894/28/826 898/28/796 1203/28/826 
f 1201/28/796 1204/28/796 1202/28/1064 
f 1138/28/797 1203/28/826 1202/28/1064 
f 1202/28/1064 1142/28/1016 1138/28/797 
f 1138/28/797 842/28/797 894/28/826 
f 1147/28/1020 569/28/568 1205/28/1065 
f 1205/28/1065 839/28/797 1147/28/1020 
f 1205/28/1065 1206/28/1066 897/28/826 
f 897/28/826 839/28/797 1205/28/1065 
f 1147/28/1020 572/28/571 569/28/568 
f 1206/28/1066 1205/28/1065 569/28/568 
f 569/28/568 568/28/567 1206/28/1066 
f 1206/28/1066 896/28/796 897/28/826 
f 1130/28/796 1207/28/796 1208/28/796 
f 1208/28/796 834/28/796 1130/28/796 
f 1208/28/796 1201/28/796 899/28/796 
f 899/28/796 834/28/796 1208/28/796 
f 1130/28/796 1132/28/796 1207/28/796 
f 1201/28/796 1208/28/796 1207/28/796 
f 1207/28/796 1204/28/796 1201/28/796 
f 1201/28/796 898/28/796 899/28/796 
f 1206/28/1066 575/28/574 1209/28/1067 
f 1209/28/1067 896/28/796 1206/28/1066 
f 1209/28/1067 1133/28/1010 901/28/796 
f 901/28/796 896/28/796 1209/28/1067 
f 1206/28/1066 568/28/567 575/28/574 
f 1133/28/1010 1209/28/1067 575/28/574 
f 575/28/574 577/28/576 1133/28/1010 
f 1133/28/1010 835/28/796 901/28/796 
f 907/29/827 1210/29/959 1031/29/918 
f 1031/29/918 1211/29/1068 907/29/827 
f 1211/29/1068 1111/30/993 903/29/828 
f 903/29/828 907/29/827 1211/29/1068 
f 1210/29/959 1035/29/922 1031/29/918 
f 1001/30/888 1111/30/993 1211/29/1068 
f 1211/29/1068 1031/29/918 1001/30/888 
f 1111/30/993 815/30/784 903/29/828 
f 1117/30/999 75/29/75 1212/29/1069 
f 1212/29/1069 812/30/784 1117/30/999 
f 1212/29/1069 1213/29/1070 906/29/828 
f 906/29/828 812/30/784 1212/29/1069 
f 1117/30/999 73/30/73 75/29/75 
f 79/29/79 1213/29/1070 1212/29/1069 
f 1212/29/1069 75/29/75 79/29/79 
f 1213/29/1070 905/29/827 906/29/828 
f 1113/198/995 1214/272/885 1215/272/995 
f 1215/272/995 816/198/786 1113/198/995 
f 1215/272/995 1216/20/995 908/272/786 
f 908/272/786 816/198/786 1215/272/995 
f 1113/198/995 998/198/885 1214/272/885 
f 1043/20/885 1216/20/995 1215/272/995 
f 1215/272/995 1214/272/885 1043/20/885 
f 1216/20/995 912/20/786 908/272/786 
f 1217/21/1071 1218/21/1072 803/23/780 
f 803/23/780 1219/23/1073 1217/21/1071 
f 1218/21/1072 1220/20/1074 1221/21/1075 
f 1221/21/1075 803/23/780 1218/21/1072 
f 1219/23/1073 1222/303/1076 1217/21/1071 
f 658/20/656 1220/20/1074 1218/21/1072 
f 1218/21/1072 1217/21/1071 658/20/656 
f 1220/20/1074 913/20/786 1221/21/1075 
f 919/29/830 1223/29/1077 1046/29/929 
f 1046/29/929 1224/29/1078 919/29/830 
f 1224/29/1078 1210/29/959 916/29/831 
f 916/29/831 919/29/830 1224/29/1078 
f 1223/29/1077 1050/29/933 1046/29/929 
f 1035/29/922 1210/29/959 1224/29/1078 
f 1224/29/1078 1046/29/929 1035/29/922 
f 1210/29/959 907/29/827 916/29/831 
f 905/29/827 1213/29/1070 687/29/685 
f 687/29/685 1225/29/1079 905/29/827 
f 1225/29/1079 1226/29/1080 918/29/831 
f 918/29/831 905/29/827 1225/29/1079 
f 1213/29/1070 79/29/79 687/29/685 
f 689/29/687 1226/29/1080 1225/29/1079 
f 1225/29/1079 687/29/685 689/29/687 
f 1226/29/1080 914/29/829 918/29/831 
f 1120/29/1002 1052/29/935 1227/29/1081 
f 1227/29/1081 825/29/793 1120/29/1002 
f 1227/29/1081 1223/29/1077 920/29/832 
f 920/29/832 825/29/793 1227/29/1081 
f 1120/29/1002 1007/29/894 1052/29/935 
f 1223/29/1077 1227/29/1081 1052/29/935 
f 1052/29/935 1050/29/933 1223/29/1077 
f 1223/29/1077 919/29/830 920/29/832 
f 914/29/829 1226/29/1080 1228/29/1082 
f 1228/29/1082 1229/29/1083 914/29/829 
f 1229/29/1083 1121/29/1003 922/29/834 
f 922/29/834 914/29/829 1229/29/1083 
f 1226/29/1080 689/29/687 1228/29/1082 
f 1125/29/1007 1121/29/1003 1229/29/1083 
f 1229/29/1083 1228/29/1082 1125/29/1007 
f 1121/29/1003 826/29/794 922/29/834 
f 1141/28/799 1230/28/1084 1231/28/1085 
f 1231/28/1085 843/28/799 1141/28/799 
f 1231/28/1085 1174/28/1038 923/28/835 
f 923/28/835 843/28/799 1231/28/1085 
f 1141/28/799 1143/28/799 1230/28/1084 
f 1174/28/1038 1231/28/1085 1230/28/1084 
f 1230/28/1084 1177/28/1040 1174/28/1038 
f 1174/28/1038 871/28/809 923/28/835 
f 1180/28/1043 1232/28/1086 1233/28/1087 
f 1233/28/1087 869/28/809 1180/28/1043 
f 1233/28/1087 1144/28/1017 925/28/835 
f 925/28/835 869/28/809 1233/28/1087 
f 1180/28/1043 1181/28/1044 1232/28/1086 
f 1144/28/1017 1233/28/1087 1232/28/1086 
f 1232/28/1086 1148/28/1021 1144/28/1017 
f 1144/28/1017 844/28/799 925/28/835 
f 1234/294/1088 1055/295/938 1235/295/1089 
f 1235/295/1089 932/294/836 1234/294/1088 
f 1235/295/1089 1236/296/1090 927/295/837 
f 927/295/837 932/294/836 1235/295/1089 
f 1234/294/1088 1061/294/944 1055/295/938 
f 1236/296/1090 1235/295/1089 1055/295/938 
f 1055/295/938 1058/296/941 1236/296/1090 
f 1236/296/1090 933/296/838 927/295/837 
f 1237/296/1091 635/266/633 1238/295/1092 
f 1238/295/1092 934/296/838 1237/296/1091 
f 1238/295/1092 1239/294/1093 931/295/837 
f 931/295/837 934/296/838 1238/295/1092 
f 1237/296/1091 28/18/28 635/266/633 
f 1239/294/1093 1238/295/1092 635/266/633 
f 635/266/633 637/268/635 1239/294/1093 
f 1239/294/1093 929/294/836 931/295/837 
f 1236/296/1090 1064/11/947 1240/11/1094 
f 1240/11/1094 933/296/838 1236/296/1090 
f 1240/11/1094 1241/12/1095 935/11/839 
f 935/11/839 933/296/838 1240/11/1094 
f 1236/296/1090 1058/296/941 1064/11/947 
f 1241/12/1095 1240/11/1094 1064/11/947 
f 1064/11/947 1066/12/949 1241/12/1095 
f 1241/12/1095 939/12/840 935/11/839 
f 1242/11/1096 940/12/840 1243/12/1097 
f 1243/12/1097 23/11/23 1242/11/1096 
f 1242/11/1096 1237/296/1091 938/11/839 
f 938/11/839 940/12/840 1242/11/1096 
f 1243/12/1097 29/12/29 23/11/23 
f 1237/296/1091 1242/11/1096 23/11/23 
f 23/11/23 28/18/28 1237/296/1091 
f 1237/296/1091 934/296/838 938/11/839 
f 1241/12/1095 1070/28/953 1244/28/1098 
f 1244/28/1098 939/12/840 1241/12/1095 
f 1244/28/1098 1245/28/1099 941/28/841 
f 941/28/841 939/12/840 1244/28/1098 
f 1241/12/1095 1066/12/949 1070/28/953 
f 1072/28/955 1245/28/1099 1244/28/1098 
f 1244/28/1098 1070/28/953 1072/28/955 
f 1245/28/1099 945/28/844 941/28/841 
f 1246/28/1100 671/28/669 1247/28/1101 
f 1247/28/1101 946/28/845 1246/28/1100 
f 1247/28/1101 1243/12/1097 944/28/842 
f 944/28/842 946/28/845 1247/28/1101 
f 1246/28/1100 675/28/673 671/28/669 
f 1243/12/1097 1247/28/1101 671/28/669 
f 671/28/669 29/12/29 1243/12/1097 
f 1243/12/1097 940/12/840 944/28/842 
f 830/28/796 1136/28/1013 1248/28/1102 
f 1248/28/1102 1249/28/1103 830/28/796 
f 1249/28/1103 1250/28/1104 950/28/796 
f 950/28/796 830/28/796 1249/28/1103 
f 1136/28/1013 1137/28/1014 1248/28/1102 
f 98/28/98 1250/28/1104 1249/28/1103 
f 1249/28/1103 1248/28/1102 98/28/98 
f 1250/28/1104 952/28/796 950/28/796 
f 1251/28/843 945/28/844 1245/28/1099 
f 1245/28/1099 1252/28/1105 1251/28/843 
f 1251/28/843 1253/28/846 953/28/846 
f 953/28/846 945/28/844 1251/28/843 
f 1245/28/1099 1072/28/955 1252/28/1105 
f 1252/28/846 1253/28/846 1251/28/843 
f 1253/28/846 957/28/846 953/28/846 
f 97/28/97 1254/28/1106 1255/28/1107 
f 1255/28/1107 1256/28/1108 97/28/97 
f 1254/28/1106 1257/28/1109 1258/28/1110 
f 1258/28/1110 1255/28/1107 1254/28/1106 
f 1256/28/1108 94/28/94 97/28/97 
f 1257/28/1109 1254/28/1106 97/28/97 
f 97/28/97 100/28/100 1257/28/1109 
f 1257/28/1109 958/28/846 1258/28/1110 
f 626/257/625 642/198/640 1259/272/1111 
f 1259/272/1111 37/24/37 626/257/625 
f 1259/272/1111 1260/272/1112 32/20/32 
f 32/20/32 37/24/37 1259/272/1111 
f 626/257/625 7/7/7 642/198/640 
f 1260/272/1112 1259/272/1111 642/198/640 
f 642/198/640 644/198/642 1260/272/1112 
f 1260/272/1112 38/20/38 32/20/32 
f 1260/272/1112 646/198/644 1261/272/1113 
f 1261/272/1113 38/20/38 1260/272/1112 
f 1261/272/1113 650/272/648 40/20/40 
f 40/20/40 38/20/38 1261/272/1113 
f 1260/272/1112 644/198/642 646/198/644 
f 650/272/648 1261/272/1113 646/198/644 
f 646/198/644 444/198/443 650/272/648 
f 650/272/648 44/20/44 40/20/40 
f 31/19/31 1080/297/962 1262/304/1114 
f 1262/304/1114 37/24/37 31/19/31 
f 627/258/626 37/24/37 1262/304/1114 
f 1262/304/1114 1263/305/1115 627/258/626 
f 31/19/31 34/22/34 1080/297/962 
f 1263/305/1115 1262/304/1114 1080/297/962 
f 1080/297/962 1083/298/965 1263/305/1115 
f 1263/305/1115 630/261/628 627/258/626 
f 1263/305/1115 1087/299/969 1264/306/1116 
f 1264/306/1116 630/261/628 1263/305/1115 
f 631/262/629 630/261/628 1264/306/1116 
f 1264/306/1116 1265/307/1117 631/262/629 
f 1263/305/1115 1083/298/965 1087/299/969 
f 1265/307/1117 1264/306/1116 1087/299/969 
f 1087/299/969 1089/300/971 1265/307/1117 
f 1265/307/1117 634/265/632 631/262/629 
f 1266/21/1118 1199/23/1062 1267/21/1119 
f 1267/21/1119 651/20/649 1266/21/1118 
f 1267/21/1119 43/21/43 648/20/646 
f 648/20/646 651/20/649 1267/21/1119 
f 1266/21/1118 1195/23/1058 1199/23/1062 
f 43/21/43 1267/21/1119 1199/23/1062 
f 1199/23/1062 45/23/45 43/21/43 
f 43/21/43 44/20/44 648/20/646 
f 1268/23/1120 1269/21/1121 658/20/656 
f 658/20/656 1217/21/1071 1268/23/1120 
f 1269/21/1121 1270/21/1122 653/20/651 
f 653/20/651 658/20/656 1269/21/1121 
f 1217/21/1071 1222/303/1076 1268/23/1120 
f 1270/21/1122 1269/21/1121 1268/23/1120 
f 1268/23/1120 1110/23/992 1270/21/1122 
f 1270/21/1122 659/20/657 653/20/651 
f 1271/21/1123 1272/23/1124 1273/21/1125 
f 1273/21/1125 665/20/663 1271/21/1123 
f 1273/21/1125 1274/21/1126 661/20/659 
f 661/20/659 665/20/663 1273/21/1125 
f 1271/21/1123 1109/23/991 1272/23/1124 
f 1196/23/1059 1274/21/1126 1273/21/1125 
f 1273/21/1125 1272/23/1124 1196/23/1059 
f 1274/21/1126 666/20/664 661/20/659 
f 1275/21/1075 800/23/780 1276/21/1075 
f 1276/21/1075 912/20/786 1275/21/1075 
f 1276/21/1075 1221/21/1075 910/20/786 
f 910/20/786 912/20/786 1276/21/1075 
f 1275/21/1075 806/23/780 800/23/780 
f 1221/21/1075 1276/21/1075 800/23/780 
f 800/23/780 803/23/780 1221/21/1075 
f 1221/21/1075 913/20/786 910/20/786 
f 1214/272/885 1000/198/887 1277/272/887 
f 1277/272/887 1043/20/885 1214/272/885 
f 1277/272/887 1278/272/890 1037/20/887 
f 1037/20/887 1043/20/885 1277/272/887 
f 1214/272/885 998/198/885 1000/198/887 
f 1278/272/890 1277/272/887 1000/198/887 
f 1000/198/887 1003/198/890 1278/272/890 
f 1278/272/890 1044/20/890 1037/20/887 
f 1279/21/1127 1043/20/885 1040/21/925 
f 1040/21/925 1101/23/983 1279/21/1127 
f 1279/21/1127 1275/21/1075 1216/20/995 
f 1216/20/995 1043/20/885 1279/21/1127 
f 1040/21/925 1039/23/924 1101/23/983 
f 1275/21/1075 1279/21/1127 1101/23/983 
f 1101/23/983 806/23/780 1275/21/1075 
f 1275/21/1075 912/20/786 1216/20/995 
f 652/272/650 1114/198/996 1280/272/1128 
f 1280/272/1128 658/20/656 652/272/650 
f 1280/272/1128 911/272/786 1220/20/1074 
f 1220/20/1074 658/20/656 1280/272/1128 
f 652/272/650 655/198/653 1114/198/996 
f 911/272/786 1280/272/1128 1114/198/996 
f 1114/198/996 817/198/786 911/272/786 
f 911/272/786 913/20/786 1220/20/1074 
f 1281/308/1129 1282/11/1130 1283/11/1131 
f 1283/11/1131 1284/309/1132 1281/308/1129 
f 1285/12/1133 1286/11/1134 1284/309/1132 
f 1284/309/1132 1283/11/1131 1285/12/1133 
f 1281/308/1129 1287/310/1135 1282/11/1130 
f 1285/12/1133 1283/11/1131 1282/11/1130 
f 1282/11/1130 1288/12/1136 1285/12/1133 
f 1285/12/1133 1289/12/1137 1286/11/1134 
f 732/28/730 684/28/682 1290/28/1138 
f 1290/28/1138 736/28/734 732/28/730 
f 1290/28/1138 669/28/667 1291/28/1139 
f 1291/28/1139 736/28/734 1290/28/1138 
f 732/28/730 592/28/591 684/28/682 
f 55/28/55 669/28/667 1290/28/1138 
f 1290/28/1138 684/28/682 55/28/55 
f 669/28/667 670/28/668 1291/28/1139 
f 1292/28/1140 407/165/406 1293/28/1141 
f 1293/28/1141 1294/28/1142 1292/28/1140 
f 1293/28/1141 389/28/388 1295/28/1143 
f 1295/28/1143 1294/28/1142 1293/28/1141 
f 1292/28/1140 410/168/409 407/165/406 
f 387/156/386 389/28/388 1293/28/1141 
f 1293/28/1141 407/165/406 387/156/386 
f 389/28/388 392/28/391 1295/28/1143 
f 1296/28/1144 415/173/414 1297/28/1145 
f 1297/28/1145 1298/28/1146 1296/28/1144 
f 1299/28/1147 1300/28/1148 1298/28/1146 
f 1298/28/1146 1297/28/1145 1299/28/1147 
f 1296/28/1144 418/124/417 415/173/414 
f 414/172/413 1299/28/1147 1297/28/1145 
f 1297/28/1145 415/173/414 414/172/413 
f 1299/28/1147 1301/28/1149 1300/28/1148 
f 1299/28/1147 411/169/410 1302/28/1150 
f 1302/28/1150 1301/28/1149 1299/28/1147 
f 1292/28/1140 1303/28/1151 1301/28/1149 
f 1301/28/1149 1302/28/1150 1292/28/1140 
f 1299/28/1147 414/172/413 411/169/410 
f 410/168/409 1292/28/1140 1302/28/1150 
f 1302/28/1150 411/169/410 410/168/409 
f 1292/28/1140 1294/28/1142 1303/28/1151 
f 320/28/319 419/177/418 1304/28/1152 
f 1304/28/1152 323/28/322 320/28/319 
f 1296/28/1144 1305/28/1153 323/28/322 
f 323/28/322 1304/28/1152 1296/28/1144 
f 320/28/319 322/126/321 419/177/418 
f 418/124/417 1296/28/1144 1304/28/1152 
f 1304/28/1152 419/177/418 418/124/417 
f 1296/28/1144 1298/28/1146 1305/28/1153 
f 1306/28/1154 393/28/392 1307/28/1155 
f 1307/28/1155 1308/28/1156 1306/28/1154 
f 1307/28/1155 112/28/112 1309/28/1157 
f 1309/28/1157 1308/28/1156 1307/28/1155 
f 1306/28/1154 397/28/396 393/28/392 
f 110/28/110 112/28/112 1307/28/1155 
f 1307/28/1155 393/28/392 110/28/110 
f 112/28/112 115/28/115 1309/28/1157 
f 1285/12/1133 1310/28/1158 1311/28/1159 
f 1311/28/1159 1289/12/1137 1285/12/1133 
f 1311/28/1159 60/28/60 1312/28/1160 
f 1312/28/1160 1289/12/1137 1311/28/1159 
f 1285/12/1133 1288/12/1136 1310/28/1158 
f 60/28/60 1311/28/1159 1310/28/1158 
f 1310/28/1158 64/28/64 60/28/60 
f 60/28/60 63/28/63 1312/28/1160 
f 744/28/742 716/28/714 1313/28/1161 
f 1313/28/1161 747/28/745 744/28/742 
f 1313/28/1161 735/28/733 1314/28/1162 
f 1314/28/1162 747/28/745 1313/28/1161 
f 744/28/742 405/163/404 716/28/714 
f 735/28/733 1313/28/1161 716/28/714 
f 716/28/714 594/28/593 735/28/733 
f 735/28/733 737/28/735 1314/28/1162 
f 56/28/56 1315/28/1163 1316/28/1164 
f 1316/28/1164 62/28/62 56/28/56 
f 1316/28/1164 701/28/699 1317/28/1165 
f 1317/28/1165 62/28/62 1316/28/1164 
f 56/28/56 59/28/59 1315/28/1163 
f 701/28/699 1316/28/1164 1315/28/1163 
f 1315/28/1163 696/28/694 701/28/699 
f 701/28/699 704/28/702 1317/28/1165 
f 1318/28/1166 703/28/701 698/28/696 
f 698/28/696 748/28/746 1318/28/1166 
f 1306/28/1154 1319/28/1167 703/28/701 
f 703/28/701 1318/28/1166 1306/28/1154 
f 698/28/696 702/28/700 748/28/746 
f 397/28/396 1306/28/1154 1318/28/1166 
f 1318/28/1166 748/28/746 397/28/396 
f 1306/28/1154 1308/28/1156 1319/28/1167 
f 16/14/16 633/264/631 1320/311/1168 
f 1320/311/1168 20/15/20 16/14/16 
f 1320/311/1168 1321/312/1169 1322/313/1170 
f 1322/313/1170 20/15/20 1320/311/1168 
f 16/14/16 14/13/14 633/264/631 
f 634/265/632 1321/312/1169 1320/311/1168 
f 1320/311/1168 633/264/631 634/265/632 
f 1321/312/1169 1323/314/1171 1322/313/1170 
f 298/28/297 1324/28/1172 1325/28/1173 
f 1325/28/1173 302/28/301 298/28/297 
f 177/28/176 1326/28/1174 302/28/301 
f 302/28/301 1325/28/1173 177/28/176 
f 298/28/297 301/28/300 1324/28/1172 
f 182/28/181 177/28/176 1325/28/1173 
f 1325/28/1173 1324/28/1172 182/28/181 
f 177/28/176 176/28/175 1326/28/1174 
f 1327/28/1175 1328/28/1176 430/189/429 
f 430/189/429 1329/28/1177 1327/28/1175 
f 1329/28/1177 1330/28/1178 1331/28/1179 
f 1331/28/1179 1327/28/1175 1329/28/1177 
f 1328/28/1176 434/193/433 430/189/429 
f 433/192/432 1330/28/1178 1329/28/1177 
f 1329/28/1177 430/189/429 433/192/432 
f 1330/28/1178 1332/28/740 1331/28/1179 
f 1333/28/1180 435/194/434 1334/28/1181 
f 1334/28/1181 1335/28/171 1333/28/1180 
f 1334/28/1181 1328/28/1176 1336/28/1182 
f 1336/28/1182 1335/28/171 1334/28/1181 
f 1333/28/1180 438/28/437 435/194/434 
f 434/193/433 1328/28/1176 1334/28/1181 
f 1334/28/1181 435/194/434 434/193/433 
f 1328/28/1176 1327/28/1175 1336/28/1182 
f 1337/28/1183 459/199/458 1338/28/1184 
f 1338/28/1184 1339/28/1185 1337/28/1183 
f 1338/28/1184 1340/28/1186 1341/28/1187 
f 1341/28/1187 1339/28/1185 1338/28/1184 
f 1337/28/1183 463/203/462 459/199/458 
f 428/187/427 1340/28/1186 1338/28/1184 
f 1338/28/1184 459/199/458 428/187/427 
f 1340/28/1186 1342/28/1188 1341/28/1187 
f 1332/28/740 1330/28/1178 484/221/483 
f 484/221/483 1343/28/1189 1332/28/740 
f 1343/28/1189 1337/28/1183 1344/28/1190 
f 1344/28/1190 1332/28/740 1343/28/1189 
f 1330/28/1178 433/192/432 484/221/483 
f 463/203/462 1337/28/1183 1343/28/1189 
f 1343/28/1189 484/221/483 463/203/462 
f 1337/28/1183 1339/28/1185 1344/28/1190 
f 1342/28/1188 1340/28/1186 425/184/424 
f 425/184/424 1345/28/1191 1342/28/1188 
f 1345/28/1191 317/28/316 1346/28/1192 
f 1346/28/1192 1342/28/1188 1345/28/1191 
f 1340/28/1186 428/187/427 425/184/424 
f 314/122/313 317/28/316 1345/28/1191 
f 1345/28/1191 425/184/424 314/122/313 
f 317/28/316 318/28/317 1346/28/1192 
f 1347/308/1193 1281/308/1129 1348/315/1194 
f 1348/315/1194 25/17/25 1347/308/1193 
f 1348/315/1194 1349/316/1195 638/269/636 
f 638/269/636 25/17/25 1348/315/1194 
f 1347/308/1193 1287/310/1135 1281/308/1129 
f 1349/316/1195 1348/315/1194 1281/308/1129 
f 1281/308/1129 1284/309/1132 1349/316/1195 
f 1349/316/1195 640/271/638 638/269/636 
f 1265/307/1117 1093/301/975 1350/317/1196 
f 1350/317/1196 634/265/632 1265/307/1117 
f 1350/317/1196 1351/318/1197 1321/312/1169 
f 1321/312/1169 634/265/632 1350/317/1196 
f 1265/307/1117 1089/300/971 1093/301/975 
f 1351/318/1197 1350/317/1196 1093/301/975 
f 1093/301/975 1095/302/977 1351/318/1197 
f 1351/318/1197 1323/314/1171 1321/312/1169 
f 1248/28/1102 1352/28/1198 1353/28/1199 
f 1353/28/1199 98/28/98 1248/28/1102 
f 1353/28/1199 1354/28/1200 92/28/92 
f 92/28/92 98/28/98 1353/28/1199 
f 1248/28/1102 1137/28/1014 1352/28/1198 
f 105/28/105 1354/28/1200 1353/28/1199 
f 1353/28/1199 1352/28/1198 105/28/105 
f 1354/28/1200 99/28/99 92/28/92 
f 1355/28/1201 1310/28/1158 1356/28/1202 
f 1356/28/1202 676/28/674 1355/28/1201 
f 1356/28/1202 1357/12/1203 674/28/672 
f 674/28/672 676/28/674 1356/28/1202 
f 1355/28/1201 64/28/64 1310/28/1158 
f 1357/12/1203 1356/28/1202 1310/28/1158 
f 1310/28/1158 1288/12/1136 1357/12/1203 
f 1357/12/1203 30/12/30 674/28/672 
f 1358/11/1204 30/12/30 1357/12/1203 
f 1357/12/1203 1282/11/1130 1358/11/1204 
f 1358/11/1204 1347/308/1193 27/11/27 
f 27/11/27 30/12/30 1358/11/1204 
f 1357/12/1203 1288/12/1136 1282/11/1130 
f 1347/308/1193 1358/11/1204 1282/11/1130 
f 1282/11/1130 1287/310/1135 1347/308/1193 
f 1347/308/1193 25/17/25 27/11/27 
f 1359/288/854 1360/289/851 1361/289/851 
f 1361/289/851 966/288/854 1359/288/854 
f 963/289/851 966/288/854 1361/289/851 
f 1361/289/851 1362/290/855 963/289/851 
f 1359/288/854 1363/288/854 1360/289/851 
f 1364/290/855 1362/290/855 1361/289/851 
f 1361/289/851 1360/289/851 1364/290/855 
f 1362/290/855 967/290/855 963/289/851 
f 967/290/855 1362/290/855 1365/291/1205 
f 1365/291/1205 1366/291/859 967/290/855 
f 971/291/859 967/290/855 1366/291/859 
f 1366/291/859 1367/291/861 971/291/859 
f 1362/290/855 1364/290/855 1365/291/1205 
f 1368/291/1206 1367/291/861 1366/291/859 
f 1366/291/859 1365/291/1205 1368/291/1206 
f 1367/291/861 973/291/861 971/291/859 
f 973/291/861 1367/291/861 1369/291/1207 
f 1369/291/1207 1370/291/865 973/291/861 
f 1370/291/865 1371/292/867 977/291/865 
f 977/291/865 973/291/861 1370/291/865 
f 1367/291/861 1368/291/1206 1369/291/1207 
f 1372/292/1208 1371/292/867 1370/291/865 
f 1370/291/865 1369/291/1207 1372/292/1208 
f 1371/292/867 979/292/867 977/291/865 
f 1373/293/873 1374/293/1209 1375/293/871 
f 1375/293/871 985/293/873 1373/293/873 
f 983/293/871 985/293/873 1375/293/871 
f 1375/293/871 1359/288/854 983/293/871 
f 1373/293/873 1376/293/1210 1374/293/1209 
f 1359/288/854 1375/293/871 1374/293/1209 
f 1374/293/1209 1363/288/854 1359/288/854 
f 1359/288/854 966/288/854 983/293/871 
f 1377/23/928 1378/293/1211 1379/293/1212 
f 1379/293/1212 1045/23/928 1377/23/928 
f 1379/293/1212 1380/293/880 1381/293/1212 
f 1381/293/1212 1045/23/928 1379/293/1212 
f 1377/23/928 1382/23/1213 1378/293/1211 
f 1380/293/880 1379/293/1212 1378/293/1211 
f 1378/293/1211 1383/293/880 1380/293/880 
f 1380/293/880 993/293/880 1381/293/1212 
f 1384/30/889 1385/197/886 1386/197/886 
f 1386/197/886 1002/30/889 1384/30/889 
f 1386/197/886 1387/198/890 999/197/886 
f 999/197/886 1002/30/889 1386/197/886 
f 1384/30/889 1388/30/889 1385/197/886 
f 1387/198/890 1386/197/886 1385/197/886 
f 1385/197/886 1389/198/890 1387/198/890 
f 1387/198/890 1003/198/890 999/197/886 
f 1390/29/898 1391/29/895 1392/29/895 
f 1392/29/895 1011/29/898 1390/29/898 
f 1392/29/895 1393/29/899 1008/29/895 
f 1008/29/895 1011/29/898 1392/29/895 
f 1390/29/898 1394/29/898 1391/29/895 
f 1393/29/899 1392/29/895 1391/29/895 
f 1391/29/895 1395/29/899 1393/29/899 
f 1393/29/899 1012/29/899 1008/29/895 
f 1396/293/905 1397/293/1214 1398/293/903 
f 1398/293/903 1018/293/905 1396/293/905 
f 1398/293/903 1373/293/873 1016/293/903 
f 1016/293/903 1018/293/905 1398/293/903 
f 1396/293/905 1399/293/905 1397/293/1214 
f 1373/293/873 1398/293/903 1397/293/1214 
f 1397/293/1214 1376/293/1210 1373/293/873 
f 1373/293/873 985/293/873 1016/293/903 
f 1400/293/881 1401/293/1215 1402/293/1216 
f 1402/293/1216 994/293/881 1400/293/881 
f 1402/293/1216 1403/293/913 1404/293/1216 
f 1404/293/1216 994/293/881 1402/293/1216 
f 1400/293/881 1405/293/1217 1401/293/1215 
f 1403/293/913 1402/293/1216 1401/293/1215 
f 1401/293/1215 1406/293/913 1403/293/913 
f 1403/293/913 1026/293/913 1404/293/1216 
f 1407/293/914 1408/293/1218 1409/293/917 
f 1409/293/917 1027/293/914 1407/293/914 
f 1409/293/917 1396/293/905 1030/293/917 
f 1030/293/917 1027/293/914 1409/293/917 
f 1407/293/914 1410/293/1219 1408/293/1218 
f 1396/293/905 1409/293/917 1408/293/1218 
f 1408/293/1218 1399/293/905 1396/293/905 
f 1396/293/905 1018/293/905 1030/293/917 
f 1411/29/898 1412/29/921 1413/29/921 
f 1413/29/921 1036/29/898 1411/29/898 
f 1413/29/921 1384/30/889 1034/29/921 
f 1034/29/921 1036/29/898 1413/29/921 
f 1411/29/898 1414/29/898 1412/29/921 
f 1384/30/889 1413/29/921 1412/29/921 
f 1412/29/921 1388/30/889 1384/30/889 
f 1384/30/889 1002/30/889 1034/29/921 
f 1415/20/890 1416/21/1220 1417/21/926 
f 1417/21/926 1044/20/890 1415/20/890 
f 1417/21/926 1377/23/928 1041/21/926 
f 1041/21/926 1044/20/890 1417/21/926 
f 1415/20/890 1418/20/890 1416/21/1220 
f 1377/23/928 1417/21/926 1416/21/1220 
f 1416/21/1220 1382/23/1213 1377/23/928 
f 1377/23/928 1045/23/928 1041/21/926 
f 1419/29/934 1420/29/932 1421/29/932 
f 1421/29/932 1051/29/934 1419/29/934 
f 1421/29/932 1411/29/898 1049/29/932 
f 1049/29/932 1051/29/934 1421/29/932 
f 1419/29/934 1422/29/934 1420/29/932 
f 1411/29/898 1421/29/932 1420/29/932 
f 1420/29/932 1414/29/898 1411/29/898 
f 1411/29/898 1036/29/898 1049/29/932 
f 1393/29/899 1423/29/937 1424/29/937 
f 1424/29/937 1012/29/899 1393/29/899 
f 1424/29/937 1419/29/934 1054/29/937 
f 1054/29/937 1012/29/899 1424/29/937 
f 1393/29/899 1395/29/899 1423/29/937 
f 1419/29/934 1424/29/937 1423/29/937 
f 1423/29/937 1422/29/934 1419/29/934 
f 1419/29/934 1051/29/934 1054/29/937 
f 1425/294/945 1426/295/942 1427/295/942 
f 1427/295/942 1062/294/945 1425/294/945 
f 1427/295/942 1428/296/946 1059/295/942 
f 1059/295/942 1062/294/945 1427/295/942 
f 1425/294/945 1429/294/945 1426/295/942 
f 1428/296/946 1427/295/942 1426/295/942 
f 1426/295/942 1430/296/946 1428/296/946 
f 1428/296/946 1063/296/946 1059/295/942 
f 1428/296/946 1431/11/1221 1432/11/950 
f 1432/11/950 1063/296/946 1428/296/946 
f 1432/11/950 1433/12/952 1067/11/950 
f 1067/11/950 1063/296/946 1432/11/950 
f 1428/296/946 1430/296/946 1431/11/1221 
f 1433/12/952 1432/11/950 1431/11/1221 
f 1431/11/1221 1434/12/952 1433/12/952 
f 1433/12/952 1069/12/952 1067/11/950 
f 1433/12/952 1435/28/956 1436/28/956 
f 1436/28/956 1069/12/952 1433/12/952 
f 1436/28/956 1437/28/957 1073/28/956 
f 1073/28/956 1069/12/952 1436/28/956 
f 1433/12/952 1434/12/952 1435/28/956 
f 1437/28/957 1436/28/956 1435/28/956 
f 1435/28/956 1438/28/957 1437/28/957 
f 1437/28/957 1075/28/957 1073/28/956 
f 1387/198/890 1439/272/890 1440/272/890 
f 1440/272/890 1003/198/890 1387/198/890 
f 1440/272/890 1415/20/890 1278/272/890 
f 1278/272/890 1003/198/890 1440/272/890 
f 1387/198/890 1389/198/890 1439/272/890 
f 1415/20/890 1440/272/890 1439/272/890 
f 1439/272/890 1418/20/890 1415/20/890 
f 1415/20/890 1044/20/890 1278/272/890 
f 95/28/95 1256/28/1108 1441/28/1222 
f 1441/28/1222 98/28/98 95/28/95 
f 1441/28/1222 1442/28/1223 1250/28/1104 
f 1250/28/1104 98/28/98 1441/28/1222 
f 95/28/95 94/28/94 1256/28/1108 
f 1442/28/1223 1441/28/1222 1256/28/1108 
f 1256/28/1108 1255/28/1107 1442/28/1223 
f 1442/28/1223 952/28/796 1250/28/1104 
f 1442/28/1223 1443/28/1224 1444/28/1225 
f 1444/28/1225 952/28/796 1442/28/1223 
f 1444/28/1225 1445/28/1226 951/28/795 
f 951/28/795 952/28/796 1444/28/1225 
f 1442/28/1223 1255/28/1107 1443/28/1224 
f 1443/28/1224 1446/28/1227 1445/28/1226 
f 1445/28/1226 1444/28/1225 1443/28/1224 
f 1445/28/1226 949/28/796 951/28/795 
f 1447/319/1228 637/268/635 1448/320/1229 
f 1448/320/1229 1092/292/974 1447/319/1228 
f 1447/319/1228 1449/319/1230 1239/294/1093 
f 1239/294/1093 637/268/635 1447/319/1228 
f 1448/320/1229 1095/302/977 1092/292/974 
f 793/292/777 1449/319/1230 1447/319/1228 
f 1447/319/1228 1092/292/974 793/292/777 
f 1449/319/1230 929/294/836 1239/294/1093 
f 1450/319/1231 1061/294/944 1451/319/1232 
f 1451/319/1232 978/292/866 1450/319/1231 
f 1450/319/1231 1452/319/1233 1056/294/939 
f 1056/294/939 1061/294/944 1450/319/1231 
f 1451/319/1232 975/292/863 978/292/866 
f 1452/319/1233 1450/319/1231 978/292/866 
f 978/292/866 979/292/867 1452/319/1233 
f 1452/319/1233 1062/294/945 1056/294/939 
f 1449/319/1230 790/292/777 1453/319/1230 
f 1453/319/1230 929/294/836 1449/319/1230 
f 1453/319/1230 1454/319/1230 926/294/836 
f 926/294/836 929/294/836 1453/319/1230 
f 1449/319/1230 793/292/777 790/292/777 
f 792/292/777 1454/319/1230 1453/319/1230 
f 1453/319/1230 790/292/777 792/292/777 
f 1454/319/1230 932/294/836 926/294/836 
f 1454/319/1230 1091/292/973 1455/319/1234 
f 1455/319/1234 932/294/836 1454/319/1230 
f 1455/319/1234 1451/319/1232 1234/294/1088 
f 1234/294/1088 932/294/836 1455/319/1234 
f 1454/319/1230 792/292/777 1091/292/973 
f 1451/319/1232 1455/319/1234 1091/292/973 
f 1091/292/973 975/292/863 1451/319/1232 
f 1451/319/1232 1061/294/944 1234/294/1088 
f 1456/321/1235 1286/11/1134 1457/11/1236 
f 1457/11/1236 20/15/20 1456/321/1235 
f 1457/11/1236 1458/12/1237 19/11/19 
f 19/11/19 20/15/20 1457/11/1236 
f 1456/321/1235 1284/309/1132 1286/11/1134 
f 1458/12/1237 1457/11/1236 1286/11/1134 
f 1286/11/1134 1289/12/1137 1458/12/1237 
f 1458/12/1237 21/12/21 19/11/19 
f 1459/28/1238 1291/28/1139 1460/28/1239 
f 1460/28/1239 62/28/62 1459/28/1238 
f 1460/28/1239 1461/28/1240 57/28/57 
f 57/28/57 62/28/62 1460/28/1239 
f 1459/28/1238 736/28/734 1291/28/1139 
f 670/28/668 1461/28/1240 1460/28/1239 
f 1460/28/1239 1291/28/1139 670/28/668 
f 1461/28/1240 63/28/63 57/28/57 
f 1462/28/1241 1295/28/1143 1463/28/1242 
f 1463/28/1242 114/28/114 1462/28/1241 
f 1463/28/1242 1464/28/1243 111/28/111 
f 111/28/111 114/28/114 1463/28/1242 
f 1462/28/1241 1294/28/1142 1295/28/1143 
f 392/28/391 1464/28/1243 1463/28/1242 
f 1463/28/1242 1295/28/1143 392/28/391 
f 1464/28/1243 115/28/115 111/28/111 
f 1465/28/1244 1300/28/1148 1466/28/1245 
f 1466/28/1245 258/28/257 1465/28/1244 
f 1467/28/1246 255/28/254 258/28/257 
f 258/28/257 1466/28/1245 1467/28/1246 
f 1465/28/1244 1298/28/1146 1300/28/1148 
f 1301/28/1149 1467/28/1246 1466/28/1245 
f 1466/28/1245 1300/28/1148 1301/28/1149 
f 1467/28/1246 259/28/258 255/28/254 
f 1467/28/1246 1303/28/1151 1468/28/1247 
f 1468/28/1247 259/28/258 1467/28/1246 
f 1462/28/1241 289/28/288 259/28/258 
f 259/28/258 1468/28/1247 1462/28/1241 
f 1467/28/1246 1301/28/1149 1303/28/1151 
f 1294/28/1142 1462/28/1241 1468/28/1247 
f 1468/28/1247 1303/28/1151 1294/28/1142 
f 1462/28/1241 114/28/114 289/28/288 
f 1469/28/1248 1305/28/1153 1470/28/299 
f 1470/28/299 302/28/301 1469/28/1248 
f 1470/28/299 1465/28/1244 300/28/299 
f 300/28/299 302/28/301 1470/28/299 
f 1469/28/1248 323/28/322 1305/28/1153 
f 1298/28/1146 1465/28/1244 1470/28/299 
f 1470/28/299 1305/28/1153 1298/28/1146 
f 1465/28/1244 258/28/257 300/28/299 
f 391/28/390 1471/28/1249 1309/28/1157 
f 1309/28/1157 1472/28/1250 391/28/390 
f 1472/28/1250 1464/28/1243 388/28/387 
f 388/28/387 391/28/390 1472/28/1250 
f 1471/28/1249 1308/28/1156 1309/28/1157 
f 115/28/115 1464/28/1243 1472/28/1250 
f 1472/28/1250 1309/28/1157 115/28/115 
f 1464/28/1243 392/28/391 388/28/387 
f 1458/12/1237 1312/28/1160 1473/28/1251 
f 1473/28/1251 21/12/21 1458/12/1237 
f 1473/28/1251 1461/28/1240 668/28/666 
f 668/28/666 21/12/21 1473/28/1251 
f 1458/12/1237 1289/12/1137 1312/28/1160 
f 63/28/63 1461/28/1240 1473/28/1251 
f 1473/28/1251 1312/28/1160 63/28/63 
f 1461/28/1240 670/28/668 668/28/666 
f 1474/28/1252 1314/28/1162 1475/28/1253 
f 1475/28/1253 703/28/701 1474/28/1252 
f 1475/28/1253 1476/28/1254 700/28/698 
f 700/28/698 703/28/701 1475/28/1253 
f 1474/28/1252 747/28/745 1314/28/1162 
f 1476/28/1254 1475/28/1253 1314/28/1162 
f 1314/28/1162 737/28/735 1476/28/1254 
f 1476/28/1254 704/28/702 700/28/698 
f 1459/28/1238 1317/28/1165 1477/28/1255 
f 1477/28/1255 736/28/734 1459/28/1238 
f 1477/28/1255 1476/28/1254 734/28/732 
f 734/28/732 736/28/734 1477/28/1255 
f 1459/28/1238 62/28/62 1317/28/1165 
f 1476/28/1254 1477/28/1255 1317/28/1165 
f 1317/28/1165 704/28/702 1476/28/1254 
f 1476/28/1254 737/28/735 734/28/732 
f 1474/28/1252 1319/28/1167 1478/28/1256 
f 1478/28/1256 747/28/745 1474/28/1252 
f 1478/28/1256 1471/28/1249 746/28/744 
f 746/28/744 747/28/745 1478/28/1256 
f 1474/28/1252 703/28/701 1319/28/1167 
f 1308/28/1156 1471/28/1249 1478/28/1256 
f 1478/28/1256 1319/28/1167 1308/28/1156 
f 1471/28/1249 391/28/390 746/28/744 
f 1456/321/1235 1322/313/1170 1479/322/1257 
f 1479/322/1257 1284/309/1132 1456/321/1235 
f 1479/322/1257 1480/323/1258 1349/316/1195 
f 1349/316/1195 1284/309/1132 1479/322/1257 
f 1456/321/1235 20/15/20 1322/313/1170 
f 1323/314/1171 1480/323/1258 1479/322/1257 
f 1479/322/1257 1322/313/1170 1323/314/1171 
f 1480/323/1258 640/271/638 1349/316/1195 
f 1469/28/1248 1326/28/1174 1481/28/1259 
f 1481/28/1259 323/28/322 1469/28/1248 
f 1481/28/1259 1482/28/1260 321/28/320 
f 321/28/320 323/28/322 1481/28/1259 
f 1469/28/1248 302/28/301 1326/28/1174 
f 176/28/175 1482/28/1260 1481/28/1259 
f 1481/28/1259 1326/28/1174 176/28/175 
f 1482/28/1260 318/28/317 321/28/320 
f 159/28/159 1483/28/153 1331/28/1179 
f 1331/28/1179 1484/28/1261 159/28/159 
f 156/28/156 159/28/159 1484/28/1261 
f 1484/28/1261 1485/28/1262 156/28/156 
f 1483/28/153 1327/28/1175 1331/28/1179 
f 1332/28/740 1485/28/1262 1484/28/1261 
f 1484/28/1261 1331/28/1179 1332/28/740 
f 1485/28/1262 160/28/160 156/28/156 
f 1486/28/1263 1336/28/1182 1487/28/1264 
f 1487/28/1264 175/28/171 1486/28/1263 
f 173/28/173 175/28/171 1487/28/1264 
f 1487/28/1264 1483/28/153 173/28/173 
f 1486/28/1263 1335/28/171 1336/28/1182 
f 1327/28/1175 1483/28/153 1487/28/1264 
f 1487/28/1264 1336/28/1182 1327/28/1175 
f 1483/28/153 159/28/159 173/28/173 
f 458/28/457 1488/28/1265 1341/28/1187 
f 1341/28/1187 1489/28/1266 458/28/457 
f 1489/28/1266 1490/28/1267 456/28/455 
f 456/28/455 458/28/457 1489/28/1266 
f 1488/28/1265 1339/28/1185 1341/28/1187 
f 1342/28/1188 1490/28/1267 1489/28/1266 
f 1489/28/1266 1341/28/1187 1342/28/1188 
f 1490/28/1267 184/28/183 456/28/455 
f 160/28/160 1485/28/1262 1344/28/1190 
f 1344/28/1190 1491/28/1268 160/28/160 
f 1491/28/1268 1488/28/1265 483/28/482 
f 483/28/482 160/28/160 1491/28/1268 
f 1485/28/1262 1332/28/740 1344/28/1190 
f 1339/28/1185 1488/28/1265 1491/28/1268 
f 1491/28/1268 1344/28/1190 1339/28/1185 
f 1488/28/1265 458/28/457 483/28/482 
f 184/28/183 1490/28/1267 1346/28/1192 
f 1346/28/1192 1492/28/1269 184/28/183 
f 1492/28/1269 1482/28/1260 181/28/180 
f 181/28/180 184/28/183 1492/28/1269 
f 1490/28/1267 1342/28/1188 1346/28/1192 
f 318/28/317 1482/28/1260 1492/28/1269 
f 1492/28/1269 1346/28/1192 318/28/317 
f 1482/28/1260 176/28/175 181/28/180 
f 1493/324/1270 640/271/638 1480/323/1258 
f 1480/323/1258 1351/318/1197 1493/324/1270 
f 1493/324/1270 1448/320/1229 639/270/637 
f 639/270/637 640/271/638 1493/324/1270 
f 1480/323/1258 1323/314/1171 1351/318/1197 
f 1095/302/977 1448/320/1229 1493/324/1270 
f 1493/324/1270 1351/318/1197 1095/302/977 
f 1448/320/1229 637/268/635 639/270/637 
f 1452/319/1233 1371/292/867 1494/319/1233 
f 1494/319/1233 1062/294/945 1452/319/1233 
f 1494/319/1233 1495/319/1271 1425/294/945 
f 1425/294/945 1062/294/945 1494/319/1233 
f 1452/319/1233 979/292/867 1371/292/867 
f 1495/319/1271 1494/319/1233 1371/292/867 
f 1371/292/867 1372/292/1208 1495/319/1271 
f 1495/319/1271 1429/294/945 1425/294/945 
f 1496/28/1272 673/28/671 1497/28/1273 
f 1497/28/1273 99/28/99 1496/28/1272 
f 1498/28/1274 96/28/96 99/28/99 
f 99/28/99 1497/28/1273 1498/28/1274 
f 1496/28/1272 676/28/674 673/28/671 
f 675/28/673 1498/28/1274 1497/28/1273 
f 1497/28/1273 673/28/671 675/28/673 
f 1498/28/1274 100/28/100 96/28/96 
f 1352/28/1198 1134/28/1011 1499/28/1275 
f 1499/28/1275 105/28/105 1352/28/1198 
f 1499/28/1275 579/28/578 103/28/103 
f 103/28/103 105/28/105 1499/28/1275 
f 1352/28/1198 1137/28/1014 1134/28/1011 
f 579/28/578 1499/28/1275 1134/28/1011 
f 1134/28/1011 577/28/576 579/28/578 
f 579/28/578 106/28/106 103/28/103 
f 1500/28/1276 297/28/296 1501/28/1277 
f 1501/28/1277 123/28/123 1500/28/1276 
f 1501/28/1277 349/28/348 120/28/120 
f 120/28/120 123/28/123 1501/28/1277 
f 1500/28/1276 301/28/300 297/28/296 
f 349/28/348 1501/28/1277 297/28/296 
f 297/28/296 257/28/256 349/28/348 
f 349/28/348 124/28/124 120/28/120 
f 1502/28/1278 350/28/349 1503/28/1279 
f 1503/28/1279 1162/28/1029 1502/28/1278 
f 1502/28/1278 121/28/121 348/28/347 
f 348/28/347 350/28/349 1502/28/1278 
f 1503/28/1279 1165/28/1032 1162/28/1029 
f 121/28/121 1502/28/1278 1162/28/1029 
f 1162/28/1029 117/28/117 121/28/121 
f 121/28/121 124/28/124 348/28/347 
f 1504/28/1280 1170/28/1034 1505/28/1281 
f 1505/28/1281 354/28/353 1504/28/1280 
f 1505/28/1281 1503/28/1279 353/28/352 
f 353/28/352 354/28/353 1505/28/1281 
f 1504/28/1280 1173/28/1037 1170/28/1034 
f 1503/28/1279 1505/28/1281 1170/28/1034 
f 1170/28/1034 1165/28/1032 1503/28/1279 
f 1503/28/1279 350/28/349 353/28/352 
f 1506/28/1282 1178/28/1041 1507/28/1283 
f 1507/28/1283 358/28/357 1506/28/1282 
f 1507/28/1283 1504/28/1280 357/28/356 
f 357/28/356 358/28/357 1507/28/1283 
f 1506/28/1282 1181/28/1044 1178/28/1041 
f 1504/28/1280 1507/28/1283 1178/28/1041 
f 1178/28/1041 1173/28/1037 1504/28/1280 
f 1504/28/1280 354/28/353 357/28/356 
f 1508/28/1284 1232/28/1086 1509/28/1285 
f 1509/28/1285 398/28/397 1508/28/1284 
f 1509/28/1285 1506/28/1282 396/28/395 
f 396/28/395 398/28/397 1509/28/1285 
f 1508/28/1284 1148/28/1021 1232/28/1086 
f 1506/28/1282 1509/28/1285 1232/28/1086 
f 1232/28/1086 1181/28/1044 1506/28/1282 
f 1506/28/1282 358/28/357 396/28/395 
f 1510/28/1286 573/28/572 749/28/747 
f 749/28/747 697/28/695 1510/28/1286 
f 1510/28/1286 1511/28/1287 570/28/569 
f 570/28/569 573/28/572 1510/28/1286 
f 749/28/747 702/28/700 697/28/695 
f 1511/28/1287 1510/28/1286 697/28/695 
f 697/28/695 696/28/694 1511/28/1287 
f 1511/28/1287 574/28/573 570/28/569 
f 1511/28/1287 1315/28/1163 1512/28/1288 
f 1512/28/1288 574/28/573 1511/28/1287 
f 1512/28/1288 104/28/104 578/28/577 
f 578/28/577 574/28/573 1512/28/1288 
f 1511/28/1287 696/28/694 1315/28/1163 
f 104/28/104 1512/28/1288 1315/28/1163 
f 1315/28/1163 59/28/59 104/28/104 
f 104/28/104 106/28/106 578/28/577 
f 1513/28/1289 573/28/572 566/28/565 
f 566/28/565 1145/28/1018 1513/28/1289 
f 1513/28/1289 1508/28/1284 751/28/749 
f 751/28/749 573/28/572 1513/28/1289 
f 566/28/565 572/28/571 1145/28/1018 
f 1508/28/1284 1513/28/1289 1145/28/1018 
f 1145/28/1018 1148/28/1021 1508/28/1284 
f 1508/28/1284 398/28/397 751/28/749 
f 1514/28/1290 1443/28/1224 1515/28/1291 
f 1515/28/1291 957/28/846 1514/28/1290 
f 1515/28/1291 1258/28/1110 955/28/846 
f 955/28/846 957/28/846 1515/28/1291 
f 1514/28/1290 1446/28/1227 1443/28/1224 
f 1258/28/1110 1515/28/1291 1443/28/1224 
f 1443/28/1224 1255/28/1107 1258/28/1110 
f 1258/28/1110 958/28/846 955/28/846 
f 1516/28/1292 1517/28/1293 1252/28/846 
f 1253/28/846 1252/28/846 1517/28/1293 
f 1517/28/1293 1514/28/1290 1253/28/846 
f 1516/28/1292 1446/28/1227 1514/28/1290 
f 1514/28/1290 1517/28/1293 1516/28/1292 
f 1514/28/1290 957/28/846 1253/28/846 
f 1498/28/1274 1246/28/1100 1518/28/1294 
f 1518/28/1294 100/28/100 1498/28/1274 
f 956/28/846 1257/28/1109 100/28/100 
f 100/28/100 1518/28/1294 956/28/846 
f 1498/28/1274 675/28/673 1246/28/1100 
f 946/28/845 956/28/846 1518/28/1294 
f 1518/28/1294 1246/28/1100 946/28/845 
f 956/28/846 958/28/846 1257/28/1109 
f 101/28/101 1355/28/1201 1519/28/1295 
f 1519/28/1295 105/28/105 101/28/101 
f 1519/28/1295 1496/28/1272 1354/28/1200 
f 1354/28/1200 105/28/105 1519/28/1295 
f 101/28/101 64/28/64 1355/28/1201 
f 676/28/674 1496/28/1272 1519/28/1295 
f 1519/28/1295 1355/28/1201 676/28/674 
f 1496/28/1272 99/28/99 1354/28/1200 
f 445/30/444 619/29/618 1520/29/1296 
f 1520/29/1296 77/30/77 445/30/444 
f 1521/29/1297 71/29/71 77/30/77 
f 77/30/77 1520/29/1296 1521/29/1297 
f 445/30/444 448/30/447 619/29/618 
f 622/29/621 1521/29/1297 1520/29/1296 
f 1520/29/1296 619/29/618 622/29/621 
f 1521/29/1297 78/29/78 71/29/71 
f 1115/197/997 1522/197/1298 77/30/77 
f 77/30/77 74/30/74 1115/197/997 
f 657/198/655 446/197/445 77/30/77 
f 77/30/77 1522/197/1298 657/198/655 
f 74/30/74 73/30/73 1115/197/997 
f 655/198/653 657/198/655 1522/197/1298 
f 1522/197/1298 1115/197/997 655/198/653 
f 657/198/655 451/198/450 446/197/445 
f 605/29/604 1523/29/1299 1228/29/1082 
f 1228/29/1082 1524/29/1300 605/29/604 
f 1524/29/1300 691/29/689 603/29/602 
f 603/29/602 605/29/604 1524/29/1300 
f 1523/29/1299 1125/29/1007 1228/29/1082 
f 689/29/687 691/29/689 1524/29/1300 
f 1524/29/1300 1228/29/1082 689/29/687 
f 691/29/689 606/29/605 603/29/602 
f 1525/20/1301 660/272/658 1526/272/1302 
f 1526/272/1302 659/20/657 1525/20/1301 
f 1526/272/1302 449/198/448 656/272/654 
f 656/272/654 659/20/657 1526/272/1302 
f 1525/20/1301 665/20/663 660/272/658 
f 452/198/451 449/198/448 1526/272/1302 
f 1526/272/1302 660/272/658 452/198/451 
f 449/198/448 451/198/450 656/272/654 
f 1521/29/1297 677/29/675 1527/29/1303 
f 1527/29/1303 78/29/78 1521/29/1297 
f 1527/29/1303 604/29/603 690/29/688 
f 690/29/688 78/29/78 1527/29/1303 
f 1521/29/1297 622/29/621 677/29/675 
f 551/29/550 604/29/603 1527/29/1303 
f 1527/29/1303 677/29/675 551/29/550 
f 604/29/603 606/29/605 690/29/688 
f 1528/29/1304 1122/29/1004 1529/29/1305 
f 1529/29/1305 727/29/725 1528/29/1304 
f 1529/29/1305 1523/29/1299 725/29/723 
f 725/29/723 727/29/725 1529/29/1305 
f 1528/29/1304 1126/29/1008 1122/29/1004 
f 1125/29/1007 1523/29/1299 1529/29/1305 
f 1529/29/1305 1122/29/1004 1125/29/1007 
f 1523/29/1299 605/29/604 725/29/723 
f 1530/293/1306 878/293/813 1531/293/1306 
f 1531/293/1306 807/293/782 1530/293/1306 
f 1531/293/1306 1108/293/990 804/293/782 
f 804/293/782 807/293/782 1531/293/1306 
f 1530/293/1306 884/293/819 878/293/813 
f 1108/293/990 1531/293/1306 878/293/813 
f 878/293/813 881/293/816 1108/293/990 
f 1108/293/990 808/293/782 804/293/782 
f 1532/293/1307 992/293/874 1102/293/984 
f 1102/293/984 1042/23/927 1532/293/1307 
f 1381/293/1212 987/293/875 992/293/874 
f 992/293/874 1532/293/1307 1381/293/1212 
f 1102/293/984 1039/23/924 1042/23/927 
f 1045/23/928 1381/293/1212 1532/293/1307 
f 1532/293/1307 1042/23/927 1045/23/928 
f 1381/293/1212 993/293/880 987/293/875 
f 986/293/874 1186/293/1049 1533/293/985 
f 1533/293/985 992/293/874 986/293/874 
f 1533/293/985 1530/293/1306 1103/293/985 
f 1103/293/985 992/293/874 1533/293/985 
f 986/293/874 989/293/877 1186/293/1049 
f 1530/293/1306 1533/293/985 1186/293/1049 
f 1186/293/1049 884/293/819 1530/293/1306 
f 1530/293/1306 807/293/782 1103/293/985 
f 1534/293/1308 1110/23/992 1268/23/1120 
f 1268/23/1120 1219/23/1073 1534/293/1308 
f 1534/293/1308 805/293/783 1107/293/989 
f 1107/293/989 1110/23/992 1534/293/1308 
f 1268/23/1120 1222/303/1076 1219/23/1073 
f 805/293/783 1534/293/1308 1219/23/1073 
f 1219/23/1073 803/23/780 805/293/783 
f 805/293/783 808/293/782 1107/293/989 
f 1105/23/987 1271/21/1123 1535/21/1309 
f 1535/21/1309 1110/23/992 1105/23/987 
f 1525/20/1301 1270/21/1122 1110/23/992 
f 1110/23/992 1535/21/1309 1525/20/1301 
f 1105/23/987 1109/23/991 1271/21/1123 
f 665/20/663 1525/20/1301 1535/21/1309 
f 1535/21/1309 1271/21/1123 665/20/663 
f 1525/20/1301 659/20/657 1270/21/1122 
f 1536/293/880 1400/293/881 1537/293/878 
f 1537/293/878 1383/293/880 1536/293/880 
f 1537/293/878 990/293/878 1380/293/880 
f 1380/293/880 1383/293/880 1537/293/878 
f 1536/293/880 1405/293/1217 1400/293/881 
f 994/293/881 990/293/878 1537/293/878 
f 1537/293/878 1400/293/881 994/293/881 
f 990/293/878 993/293/880 1380/293/880 
f 1538/287/1310 1539/29/1311 1540/29/1312 
f 1540/29/1312 1541/29/1313 1538/287/1310 
f 1542/29/1314 1543/29/1315 1538/287/1310 
f 1538/287/1310 1541/29/1313 1542/29/1314 
f 1539/29/1311 1544/29/1316 1540/29/1312 
f 1541/29/1313 1540/29/1312 1542/29/1314 
f 1545/29/1317 1546/287/1318 1547/287/1319 
f 1547/287/1319 1543/29/1315 1545/29/1317 
f 1545/29/1317 1548/29/1320 1549/29/1321 
f 1549/29/1321 1546/287/1318 1545/29/1317 
f 1547/287/1319 1538/287/1310 1543/29/1315 
f 1548/29/1320 1545/29/1317 1543/29/1315 
f 1543/29/1315 1542/29/1314 1548/29/1320 
f 1548/29/1320 1550/29/1322 1549/29/1321 
f 1542/29/1314 1551/29/1323 1552/29/1320 
f 1552/29/1320 1553/29/1324 1542/29/1314 
f 1553/29/1324 1554/29/1325 1548/29/1320 
f 1548/29/1320 1542/29/1314 1553/29/1324 
f 1551/29/1323 1555/29/1326 1552/29/1320 
f 1556/29/1327 1554/29/1325 1553/29/1324 
f 1553/29/1324 1552/29/1320 1556/29/1327 
f 1554/29/1325 1550/29/1322 1548/29/1320 
f 1557/253/1328 499/236/498 1558/253/1329 
f 1558/253/1329 1539/29/1311 1557/253/1328 
f 1557/253/1328 1559/121/1330 496/233/495 
f 496/233/495 499/236/498 1557/253/1328 
f 1558/253/1329 1544/29/1316 1539/29/1311 
f 1559/121/1330 1557/253/1328 1539/29/1311 
f 1539/29/1311 1538/287/1310 1559/121/1330 
f 1559/121/1330 500/237/499 496/233/495 
f 500/237/499 1559/121/1330 1547/287/1319 
f 1547/287/1319 1560/121/1331 500/237/499 
f 1560/121/1331 1561/121/1332 501/238/500 
f 501/238/500 500/237/499 1560/121/1331 
f 1559/121/1330 1538/287/1310 1547/287/1319 
f 1561/121/1332 1560/121/1331 1547/287/1319 
f 1547/287/1319 1546/287/1318 1561/121/1332 
f 1561/121/1332 504/241/503 501/238/500 
f 504/241/503 1561/121/1332 1562/287/1333 
f 1562/287/1333 1563/254/1334 504/241/503 
f 1563/254/1334 1564/254/1335 505/242/504 
f 505/242/504 504/241/503 1563/254/1334 
f 1561/121/1332 1546/287/1318 1562/287/1333 
f 1565/29/1336 1564/254/1335 1563/254/1334 
f 1563/254/1334 1562/287/1333 1565/29/1336 
f 1564/254/1335 508/245/507 505/242/504 
f 508/245/507 1564/254/1335 1566/29/1337 
f 1566/29/1337 1567/287/1338 508/245/507 
f 1567/287/1338 1568/287/1339 509/246/508 
f 509/246/508 508/245/507 1567/287/1338 
f 1564/254/1335 1565/29/1336 1566/29/1337 
f 1569/29/1340 1568/287/1339 1567/287/1338 
f 1567/287/1338 1566/29/1337 1569/29/1340 
f 1568/287/1339 512/249/511 509/246/508 
f 512/249/511 1568/287/1339 1570/29/1341 
f 1570/29/1341 1571/29/1342 512/249/511 
f 1571/29/1342 1572/29/1343 513/250/512 
f 513/250/512 512/249/511 1571/29/1342 
f 1568/287/1339 1569/29/1340 1570/29/1341 
f 1573/29/1344 1572/29/1343 1571/29/1342 
f 1571/29/1342 1570/29/1341 1573/29/1344 
f 1572/29/1343 516/253/515 513/250/512 
f 1572/29/1343 1574/29/1345 1575/29/1346 
f 1575/29/1346 516/253/515 1572/29/1343 
f 772/29/770 517/254/516 516/253/515 
f 516/253/515 1575/29/1346 772/29/770 
f 1572/29/1343 1573/29/1344 1574/29/1345 
f 770/29/768 772/29/770 1575/29/1346 
f 1575/29/1346 1574/29/1345 770/29/768 
f 772/29/770 521/254/520 517/254/516 
f 536/29/535 533/29/532 1576/29/1347 
f 1576/29/1347 1577/29/1348 536/29/535 
f 1577/29/1348 1578/29/1349 538/29/537 
f 538/29/537 536/29/535 1577/29/1348 
f 533/29/532 535/29/534 1576/29/1347 
f 1579/29/1350 1578/29/1349 1577/29/1348 
f 1577/29/1348 1576/29/1347 1579/29/1350 
f 1578/29/1349 541/29/540 538/29/537 
f 541/29/540 1578/29/1349 1580/29/1351 
f 1580/29/1351 1581/29/1352 541/29/540 
f 1581/29/1352 1582/29/1353 542/29/541 
f 542/29/541 541/29/540 1581/29/1352 
f 1578/29/1349 1579/29/1350 1580/29/1351 
f 1582/29/1353 1581/29/1352 1580/29/1351 
f 1580/29/1351 1583/29/1354 1582/29/1353 
f 1582/29/1353 545/29/544 542/29/541 
f 545/29/544 1582/29/1353 1584/29/1355 
f 1584/29/1355 1585/29/1356 545/29/544 
f 1585/29/1356 758/29/756 546/29/545 
f 546/29/545 545/29/544 1585/29/1356 
f 1582/29/1353 1583/29/1354 1584/29/1355 
f 758/29/756 1585/29/1356 1584/29/1355 
f 1584/29/1355 754/29/752 758/29/756 
f 758/29/756 550/29/549 546/29/545 
f 557/29/556 1586/29/1357 615/29/614 
f 615/29/614 1587/29/1358 557/29/556 
f 1587/29/1358 709/29/707 553/29/552 
f 553/29/552 557/29/556 1587/29/1358 
f 1586/29/1357 618/29/617 615/29/614 
f 617/29/616 709/29/707 1587/29/1358 
f 1587/29/1358 615/29/614 617/29/616 
f 709/29/707 558/29/557 553/29/552 
f 1588/197/1359 564/30/563 620/30/619 
f 620/30/619 450/197/449 1588/197/1359 
f 1588/197/1359 664/198/662 561/197/560 
f 561/197/560 564/30/563 1588/197/1359 
f 620/30/619 448/30/447 450/197/449 
f 452/198/451 664/198/662 1588/197/1359 
f 1588/197/1359 450/197/449 452/198/451 
f 664/198/662 565/198/564 561/197/560 
f 560/30/559 90/29/90 1589/29/1360 
f 1589/29/1360 564/30/563 560/30/559 
f 1589/29/1360 1590/29/1361 623/29/622 
f 623/29/622 564/30/563 1589/29/1360 
f 560/30/559 88/30/88 90/29/90 
f 91/29/91 1590/29/1361 1589/29/1360 
f 1589/29/1360 90/29/90 91/29/91 
f 1590/29/1361 625/29/624 623/29/622 
f 666/20/664 1591/20/1362 647/272/645 
f 647/272/645 1592/272/1363 666/20/664 
f 1592/272/1363 563/198/562 663/272/661 
f 663/272/661 666/20/664 1592/272/1363 
f 1591/20/1362 651/20/649 647/272/645 
f 443/198/442 563/198/562 1592/272/1363 
f 1592/272/1363 647/272/645 443/198/442 
f 563/198/562 565/198/564 663/272/661 
f 625/29/624 1590/29/1361 694/29/692 
f 694/29/692 1593/29/1364 625/29/624 
f 1593/29/1364 1586/29/1357 679/29/677 
f 679/29/677 625/29/624 1593/29/1364 
f 1590/29/1361 91/29/91 694/29/692 
f 618/29/617 1586/29/1357 1593/29/1364 
f 1593/29/1364 694/29/692 618/29/617 
f 1586/29/1357 557/29/556 679/29/677 
f 1594/29/1365 710/29/708 756/29/754 
f 756/29/754 722/29/720 1594/29/1365 
f 1594/29/1365 555/29/554 708/29/706 
f 708/29/706 710/29/708 1594/29/1365 
f 756/29/754 726/29/724 722/29/720 
f 559/29/558 555/29/554 1594/29/1365 
f 1594/29/1365 722/29/720 559/29/558 
f 555/29/554 558/29/557 708/29/706 
f 707/29/705 367/29/366 1595/29/1366 
f 1595/29/1366 710/29/708 707/29/705 
f 548/29/547 757/29/755 710/29/708 
f 710/29/708 1595/29/1366 548/29/547 
f 707/29/705 365/29/364 367/29/366 
f 370/29/369 548/29/547 1595/29/1366 
f 1595/29/1366 367/29/366 370/29/369 
f 548/29/547 550/29/549 757/29/755 
f 1596/287/1367 344/147/343 1597/121/1368 
f 1597/121/1368 522/29/521 1596/287/1367 
f 519/255/518 771/287/769 522/29/521 
f 522/29/521 1597/121/1368 519/255/518 
f 1596/287/1367 312/121/311 344/147/343 
f 345/148/344 519/255/518 1597/121/1368 
f 1597/121/1368 344/147/343 345/148/344 
f 519/255/518 521/254/520 771/287/769 
f 1598/293/1369 887/293/820 1599/293/1370 
f 1599/293/1370 885/293/817 1598/293/1369 
f 1599/293/1370 1194/293/1057 882/293/817 
f 882/293/817 885/293/817 1599/293/1370 
f 1598/293/1369 892/293/825 887/293/820 
f 1194/293/1057 1599/293/1370 887/293/820 
f 887/293/820 890/293/823 1194/293/1057 
f 1194/293/1057 886/293/817 882/293/817 
f 1187/293/1050 991/293/879 1600/293/1371 
f 1600/293/1371 1025/293/912 1187/293/1050 
f 1600/293/1371 1404/293/1216 1020/293/907 
f 1020/293/907 1025/293/912 1600/293/1371 
f 1187/293/1050 989/293/877 991/293/879 
f 994/293/881 1404/293/1216 1600/293/1371 
f 1600/293/1371 991/293/879 994/293/881 
f 1404/293/1216 1026/293/913 1020/293/907 
f 1019/293/906 1197/293/1060 1601/293/1372 
f 1601/293/1372 1025/293/912 1019/293/906 
f 1601/293/1372 1598/293/1369 1189/293/1052 
f 1189/293/1052 1025/293/912 1601/293/1372 
f 1019/293/906 1022/293/909 1197/293/1060 
f 1598/293/1369 1601/293/1372 1197/293/1060 
f 1197/293/1060 892/293/825 1598/293/1369 
f 1598/293/1369 885/293/817 1189/293/1052 
f 1602/293/1373 1196/23/1059 1272/23/1124 
f 1272/23/1124 1104/293/986 1602/293/1373 
f 1193/293/1056 1196/23/1059 1602/293/1373 
f 1602/293/1373 883/293/818 1193/293/1056 
f 1272/23/1124 1109/23/991 1104/293/986 
f 883/293/818 1602/293/1373 1104/293/986 
f 1104/293/986 881/293/816 883/293/818 
f 883/293/818 886/293/817 1193/293/1056 
f 1191/23/1054 1266/21/1118 1603/21/1374 
f 1603/21/1374 1196/23/1059 1191/23/1054 
f 1274/21/1126 1196/23/1059 1603/21/1374 
f 1603/21/1374 1591/20/1362 1274/21/1126 
f 1191/23/1054 1195/23/1058 1266/21/1118 
f 651/20/649 1591/20/1362 1603/21/1374 
f 1603/21/1374 1266/21/1118 651/20/649 
f 1591/20/1362 666/20/664 1274/21/1126 
f 1604/293/1375 1407/293/914 1605/293/910 
f 1605/293/910 1406/293/913 1604/293/1375 
f 1605/293/910 1023/293/910 1403/293/913 
f 1403/293/913 1406/293/913 1605/293/910 
f 1604/293/1375 1410/293/1219 1407/293/914 
f 1027/293/914 1023/293/910 1605/293/910 
f 1605/293/910 1407/293/914 1027/293/914 
f 1023/293/910 1026/293/913 1403/293/913 
f 1606/29/1376 1565/29/1336 1562/287/1333 
f 1562/287/1333 1549/29/1321 1606/29/1376 
f 1607/29/1377 1608/29/1378 1565/29/1336 
f 1565/29/1336 1606/29/1376 1607/29/1377 
f 1562/287/1333 1546/287/1318 1549/29/1321 
f 1607/29/1377 1606/29/1376 1549/29/1321 
f 1549/29/1321 1550/29/1322 1607/29/1377 
f 1607/29/1377 1609/29/1379 1608/29/1378 
f 1610/29/1380 770/29/768 1574/29/1345 
f 1574/29/1345 1611/29/1381 1610/29/1380 
f 1612/29/1382 770/29/768 1610/29/1380 
f 1610/29/1380 1613/29/1383 1612/29/1382 
f 1574/29/1345 1573/29/1344 1611/29/1381 
f 1614/29/1384 1613/29/1383 1610/29/1380 
f 1610/29/1380 1611/29/1381 1614/29/1384 
f 1613/29/1383 1615/29/1385 1612/29/1382 
f 1616/29/1386 1573/29/1344 1570/29/1341 
f 1570/29/1341 1617/29/1387 1616/29/1386 
f 1618/29/1388 1611/29/1381 1573/29/1344 
f 1573/29/1344 1616/29/1386 1618/29/1388 
f 1570/29/1341 1569/29/1340 1617/29/1387 
f 1619/29/1389 1618/29/1388 1616/29/1386 
f 1616/29/1386 1617/29/1387 1619/29/1389 
f 1618/29/1388 1614/29/1384 1611/29/1381 
f 1620/29/1390 1569/29/1340 1566/29/1337 
f 1566/29/1337 1608/29/1378 1620/29/1390 
f 1621/29/1391 1617/29/1387 1569/29/1340 
f 1569/29/1340 1620/29/1390 1621/29/1391 
f 1566/29/1337 1565/29/1336 1608/29/1378 
f 1609/29/1379 1621/29/1391 1620/29/1390 
f 1620/29/1390 1608/29/1378 1609/29/1379 
f 1621/29/1391 1619/29/1389 1617/29/1387 
f 1622/29/1392 528/29/527 768/29/766 
f 768/29/766 1612/29/1382 1622/29/1392 
f 1623/29/1393 1624/29/1394 528/29/527 
f 528/29/527 1622/29/1392 1623/29/1393 
f 768/29/766 770/29/768 1612/29/1382 
f 1615/29/1385 1623/29/1393 1622/29/1392 
f 1622/29/1392 1612/29/1382 1615/29/1385 
f 1623/29/1393 1625/29/1395 1624/29/1394 
f 1554/29/1325 1626/29/1396 1627/29/1397 
f 1627/29/1397 1550/29/1322 1554/29/1325 
f 1627/29/1397 1628/29/1398 1607/29/1377 
f 1607/29/1377 1550/29/1322 1627/29/1397 
f 1554/29/1325 1556/29/1327 1626/29/1396 
f 1628/29/1398 1627/29/1397 1626/29/1396 
f 1626/29/1396 1629/29/1399 1628/29/1398 
f 1628/29/1398 1609/29/1379 1607/29/1377 
f 1630/29/1384 1631/29/1400 1632/29/1383 
f 1632/29/1383 1614/29/1384 1630/29/1384 
f 1632/29/1383 1633/29/1385 1613/29/1383 
f 1613/29/1383 1614/29/1384 1632/29/1383 
f 1630/29/1384 1634/29/1401 1631/29/1400 
f 1633/29/1385 1632/29/1383 1631/29/1400 
f 1631/29/1400 1635/29/1385 1633/29/1385 
f 1633/29/1385 1615/29/1385 1613/29/1383 
f 1636/29/1389 1637/29/1402 1638/29/1388 
f 1638/29/1388 1619/29/1389 1636/29/1389 
f 1638/29/1388 1630/29/1384 1618/29/1388 
f 1618/29/1388 1619/29/1389 1638/29/1388 
f 1636/29/1389 1639/29/1403 1637/29/1402 
f 1630/29/1384 1638/29/1388 1637/29/1402 
f 1637/29/1402 1634/29/1401 1630/29/1384 
f 1630/29/1384 1614/29/1384 1618/29/1388 
f 1628/29/1398 1640/29/1404 1641/29/1405 
f 1641/29/1405 1609/29/1379 1628/29/1398 
f 1641/29/1405 1636/29/1389 1621/29/1391 
f 1621/29/1391 1609/29/1379 1641/29/1405 
f 1628/29/1398 1629/29/1399 1640/29/1404 
f 1636/29/1389 1641/29/1405 1640/29/1404 
f 1640/29/1404 1639/29/1403 1636/29/1389 
f 1636/29/1389 1619/29/1389 1621/29/1391 
f 1633/29/1385 1642/29/1406 1643/29/1407 
f 1643/29/1407 1615/29/1385 1633/29/1385 
f 1643/29/1407 1644/29/1408 1623/29/1393 
f 1623/29/1393 1615/29/1385 1643/29/1407 
f 1633/29/1385 1635/29/1385 1642/29/1406 
f 1644/29/1408 1643/29/1407 1642/29/1406 
f 1642/29/1406 1645/29/1409 1644/29/1408 
f 1644/29/1408 1625/29/1395 1623/29/1393 
f 524/29/523 1624/29/1394 1646/29/1410 
f 1646/29/1410 529/29/528 524/29/523 
f 1647/29/1411 1648/29/1412 529/29/528 
f 529/29/528 1646/29/1410 1647/29/1411 
f 524/29/523 528/29/527 1624/29/1394 
f 1625/29/1395 1647/29/1411 1646/29/1410 
f 1646/29/1410 1624/29/1394 1625/29/1395 
f 1647/29/1411 1649/29/1413 1648/29/1412 
f 1650/29/1414 754/29/752 1584/29/1355 
f 1584/29/1355 1651/29/1415 1650/29/1414 
f 1652/29/1416 1653/29/1417 754/29/752 
f 754/29/752 1650/29/1414 1652/29/1416 
f 1584/29/1355 1583/29/1354 1651/29/1415 
f 1654/29/1418 1652/29/1416 1650/29/1414 
f 1650/29/1414 1651/29/1415 1654/29/1418 
f 1652/29/1416 1655/29/1419 1653/29/1417 
f 1656/29/1420 1579/29/1350 1576/29/1347 
f 1576/29/1347 1657/29/1421 1656/29/1420 
f 1658/29/1422 1659/29/1423 1579/29/1350 
f 1579/29/1350 1656/29/1420 1658/29/1422 
f 1576/29/1347 535/29/534 1657/29/1421 
f 1660/29/1424 1658/29/1422 1656/29/1420 
f 1656/29/1420 1657/29/1421 1660/29/1424 
f 1658/29/1422 1661/29/1425 1659/29/1423 
f 531/29/530 1648/29/1412 1662/29/1426 
f 1662/29/1426 535/29/534 531/29/530 
f 1663/29/1427 1657/29/1421 535/29/534 
f 535/29/534 1662/29/1426 1663/29/1427 
f 531/29/530 529/29/528 1648/29/1412 
f 1649/29/1413 1663/29/1427 1662/29/1426 
f 1662/29/1426 1648/29/1412 1649/29/1413 
f 1663/29/1427 1660/29/1424 1657/29/1421 
f 1664/29/1428 1583/29/1354 1580/29/1351 
f 1580/29/1351 1659/29/1423 1664/29/1428 
f 1665/29/1429 1651/29/1415 1583/29/1354 
f 1583/29/1354 1664/29/1428 1665/29/1429 
f 1580/29/1351 1579/29/1350 1659/29/1423 
f 1661/29/1425 1665/29/1429 1664/29/1428 
f 1664/29/1428 1659/29/1423 1661/29/1425 
f 1665/29/1429 1654/29/1418 1651/29/1415 
f 1666/29/1430 726/29/724 755/29/753 
f 755/29/753 1653/29/1417 1666/29/1430 
f 1667/29/1431 726/29/724 1666/29/1430 
f 1666/29/1430 1668/29/1432 1667/29/1431 
f 755/29/753 754/29/752 1653/29/1417 
f 1655/29/1419 1668/29/1432 1666/29/1430 
f 1666/29/1430 1653/29/1417 1655/29/1419 
f 1668/29/1432 1669/29/1433 1667/29/1431 
f 537/29/536 283/29/282 1670/29/1434 
f 1670/29/1434 536/29/535 537/29/536 
f 1671/29/1435 534/29/533 536/29/535 
f 536/29/535 1670/29/1434 1671/29/1435 
f 537/29/536 286/29/285 283/29/282 
f 285/29/284 1671/29/1435 1670/29/1434 
f 1670/29/1434 283/29/282 285/29/284 
f 1671/29/1435 530/29/529 534/29/533 
f 1671/29/1435 311/29/310 1672/29/1436 
f 1672/29/1436 530/29/529 1671/29/1435 
f 1596/287/1367 527/29/526 530/29/529 
f 530/29/529 1672/29/1436 1596/287/1367 
f 1671/29/1435 285/29/284 311/29/310 
f 312/121/311 1596/287/1367 1672/29/1436 
f 1672/29/1436 311/29/310 312/121/311 
f 1596/287/1367 522/29/521 527/29/526 
f 1644/29/1408 1673/29/1437 1674/29/1438 
f 1674/29/1438 1625/29/1395 1644/29/1408 
f 1674/29/1438 1675/29/1439 1647/29/1411 
f 1647/29/1411 1625/29/1395 1674/29/1438 
f 1644/29/1408 1645/29/1409 1673/29/1437 
f 1675/29/1439 1674/29/1438 1673/29/1437 
f 1673/29/1437 1676/29/1440 1675/29/1439 
f 1675/29/1439 1649/29/1413 1647/29/1411 
f 1677/29/1418 1678/29/1441 1679/29/1416 
f 1679/29/1416 1654/29/1418 1677/29/1418 
f 1652/29/1416 1654/29/1418 1679/29/1416 
f 1679/29/1416 1680/29/1419 1652/29/1416 
f 1677/29/1418 1681/29/1442 1678/29/1441 
f 1680/29/1419 1679/29/1416 1678/29/1441 
f 1678/29/1441 1682/29/1443 1680/29/1419 
f 1680/29/1419 1655/29/1419 1652/29/1416 
f 1683/29/1424 1684/29/1444 1685/29/1422 
f 1685/29/1422 1660/29/1424 1683/29/1424 
f 1685/29/1422 1686/29/1425 1658/29/1422 
f 1658/29/1422 1660/29/1424 1685/29/1422 
f 1683/29/1424 1687/29/1442 1684/29/1444 
f 1686/29/1425 1685/29/1422 1684/29/1444 
f 1684/29/1444 1688/29/1445 1686/29/1425 
f 1686/29/1425 1661/29/1425 1658/29/1422 
f 1675/29/1439 1689/29/1446 1690/29/1447 
f 1690/29/1447 1649/29/1413 1675/29/1439 
f 1690/29/1447 1683/29/1424 1663/29/1427 
f 1663/29/1427 1649/29/1413 1690/29/1447 
f 1675/29/1439 1676/29/1440 1689/29/1446 
f 1683/29/1424 1690/29/1447 1689/29/1446 
f 1689/29/1446 1687/29/1442 1683/29/1424 
f 1683/29/1424 1660/29/1424 1663/29/1427 
f 1686/29/1425 1691/29/1425 1692/29/1429 
f 1692/29/1429 1661/29/1425 1686/29/1425 
f 1692/29/1429 1677/29/1418 1665/29/1429 
f 1665/29/1429 1661/29/1425 1692/29/1429 
f 1686/29/1425 1688/29/1445 1691/29/1425 
f 1677/29/1418 1692/29/1429 1691/29/1425 
f 1691/29/1425 1681/29/1442 1677/29/1418 
f 1677/29/1418 1654/29/1418 1665/29/1429 
f 1680/29/1419 1693/29/1448 1694/29/1432 
f 1694/29/1432 1655/29/1419 1680/29/1419 
f 1694/29/1432 1695/29/1433 1668/29/1432 
f 1668/29/1432 1655/29/1419 1694/29/1432 
f 1680/29/1419 1682/29/1443 1693/29/1448 
f 1695/29/1433 1694/29/1432 1693/29/1448 
f 1693/29/1448 1696/29/1433 1695/29/1433 
f 1695/29/1433 1669/29/1433 1668/29/1432 
f 1697/29/1449 1551/29/1323 1698/29/1450 
f 1698/29/1450 1699/29/1451 1697/29/1449 
f 1698/29/1450 1540/29/1312 1700/29/1452 
f 1700/29/1452 1699/29/1451 1698/29/1450 
f 1697/29/1449 1555/29/1326 1551/29/1323 
f 1540/29/1312 1698/29/1450 1551/29/1323 
f 1551/29/1323 1542/29/1314 1540/29/1312 
f 1540/29/1312 1544/29/1316 1700/29/1452 
f 1701/3/1453 1702/4/1454 1703/5/1455 
f 1703/5/1455 1704/6/1456 1701/3/1453 
f 1705/2/1457 1706/1/1458 1702/4/1454 
f 1702/4/1454 1701/3/1453 1705/2/1457 
f 1703/5/1455 1707/9/1459 1704/6/1456 
f 1705/2/1457 1701/3/1453 1704/6/1456 
f 1704/6/1456 1708/8/1460 1705/2/1457 
f 1705/2/1457 1709/7/1461 1706/1/1458 
f 1710/11/1462 1707/9/1459 1711/12/1463 
f 1711/12/1463 1712/11/1464 1710/11/1462 
f 1713/10/1465 1704/6/1456 1707/9/1459 
f 1707/9/1459 1710/11/1462 1713/10/1465 
f 1711/12/1463 1714/12/1466 1712/11/1464 
f 1713/10/1465 1710/11/1462 1712/11/1464 
f 1712/11/1464 1715/13/1467 1713/10/1465 
f 1713/10/1465 1708/8/1460 1704/6/1456 
f 1716/11/1468 1714/12/1466 1717/12/1469 
f 1717/12/1469 1718/11/1470 1716/11/1468 
f 1716/11/1468 1719/14/1471 1712/11/1464 
f 1712/11/1464 1714/12/1466 1716/11/1468 
f 1717/12/1469 1720/12/1472 1718/11/1470 
f 1719/14/1471 1716/11/1468 1718/11/1470 
f 1718/11/1470 1721/15/1473 1719/14/1471 
f 1719/14/1471 1715/13/1467 1712/11/1464 
f 1722/11/1474 1723/12/1475 1724/11/1476 
f 1724/11/1476 1725/17/1477 1722/11/1474 
f 1724/11/1476 1726/11/1478 1727/16/1479 
f 1727/16/1479 1725/17/1477 1724/11/1476 
f 1722/11/1474 1728/12/1480 1723/12/1475 
f 1726/11/1478 1724/11/1476 1723/12/1475 
f 1723/12/1475 1729/12/1481 1726/11/1478 
f 1726/11/1478 1730/18/1482 1727/16/1479 
f 1731/21/1483 1732/22/1484 1733/23/1485 
f 1733/23/1485 1734/21/1486 1731/21/1483 
f 1731/21/1483 1735/20/1487 1736/19/1488 
f 1736/19/1488 1732/22/1484 1731/21/1483 
f 1733/23/1485 1737/23/1489 1734/21/1486 
f 1735/20/1487 1731/21/1483 1734/21/1486 
f 1734/21/1486 1738/20/1490 1735/20/1487 
f 1735/20/1487 1739/24/1491 1736/19/1488 
f 1740/21/1492 1737/23/1489 1741/23/1493 
f 1741/23/1493 1742/21/1494 1740/21/1492 
f 1740/21/1492 1743/20/1495 1734/21/1486 
f 1734/21/1486 1737/23/1489 1740/21/1492 
f 1741/23/1493 1744/23/1496 1742/21/1494 
f 1743/20/1495 1740/21/1492 1742/21/1494 
f 1742/21/1494 1745/20/1497 1743/20/1495 
f 1743/20/1495 1738/20/1490 1734/21/1486 
f 1746/27/1498 1747/25/1499 1748/25/1500 
f 1748/25/1500 1702/4/1454 1746/27/1498 
f 1703/5/1455 1702/4/1454 1748/25/1500 
f 1748/25/1500 1749/26/1501 1703/5/1455 
f 1746/27/1498 1750/27/1502 1747/25/1499 
f 1749/26/1501 1748/25/1500 1747/25/1499 
f 1747/25/1499 1751/26/1503 1749/26/1501 
f 1749/26/1501 1707/9/1459 1703/5/1455 
f 1749/26/1501 1752/28/1504 1753/28/1505 
f 1753/28/1505 1707/9/1459 1749/26/1501 
f 1711/12/1463 1707/9/1459 1753/28/1505 
f 1753/28/1505 1754/28/1506 1711/12/1463 
f 1749/26/1501 1751/26/1503 1752/28/1504 
f 1755/28/1507 1754/28/1506 1753/28/1505 
f 1753/28/1505 1752/28/1504 1755/28/1507 
f 1754/28/1506 1714/12/1466 1711/12/1463 
f 1756/28/1508 1757/28/1509 1758/28/1510 
f 1758/28/1510 1759/28/1511 1756/28/1508 
f 1758/28/1510 1760/28/1512 1761/28/1513 
f 1761/28/1513 1759/28/1511 1758/28/1510 
f 1756/28/1508 1762/28/1514 1757/28/1509 
f 1763/28/1515 1760/28/1512 1758/28/1510 
f 1758/28/1510 1757/28/1509 1763/28/1515 
f 1760/28/1512 1764/28/1516 1761/28/1513 
f 1765/29/1517 1766/29/1518 1767/29/1519 
f 1767/29/1519 1768/30/1520 1765/29/1517 
f 1769/30/1521 1768/30/1520 1767/29/1519 
f 1767/29/1519 1746/27/1498 1769/30/1521 
f 1765/29/1517 1770/29/1522 1766/29/1518 
f 1750/27/1502 1746/27/1498 1767/29/1519 
f 1767/29/1519 1766/29/1518 1750/27/1502 
f 1746/27/1498 1702/4/1454 1769/30/1521 
f 1771/29/1523 1772/29/1524 1773/30/1525 
f 1773/30/1525 1774/29/1526 1771/29/1523 
f 1773/30/1525 1772/29/1524 1775/29/1527 
f 1775/29/1527 1776/30/1528 1773/30/1525 
f 1774/29/1526 1777/29/1529 1771/29/1523 
f 1778/29/1530 1775/29/1527 1772/29/1524 
f 1772/29/1524 1771/29/1523 1778/29/1530 
f 1775/29/1527 1779/30/1531 1776/30/1528 
f 1780/30/1532 1781/29/1533 1782/29/1534 
f 1782/29/1534 1783/29/1535 1780/30/1532 
f 1784/30/1536 1780/30/1532 1783/29/1535 
f 1783/29/1535 1765/29/1517 1784/30/1536 
f 1781/29/1533 1785/29/1537 1782/29/1534 
f 1770/29/1522 1765/29/1517 1783/29/1535 
f 1783/29/1535 1782/29/1534 1770/29/1522 
f 1765/29/1517 1768/30/1520 1784/30/1536 
f 1786/29/1538 1787/29/1539 1788/29/1540 
f 1788/29/1540 1789/30/1541 1786/29/1538 
f 1788/29/1540 1781/29/1533 1790/30/1542 
f 1790/30/1542 1789/30/1541 1788/29/1540 
f 1786/29/1538 1791/29/1543 1787/29/1539 
f 1785/29/1537 1781/29/1533 1788/29/1540 
f 1788/29/1540 1787/29/1539 1785/29/1537 
f 1781/29/1533 1780/30/1532 1790/30/1542 
f 1792/28/1544 1793/28/1545 1794/28/1546 
f 1794/28/1546 1795/28/1547 1792/28/1544 
f 1794/28/1546 1793/28/1545 1796/28/1548 
f 1796/28/1548 1797/28/1549 1794/28/1546 
f 1795/28/1547 1798/28/1550 1792/28/1544 
f 1796/28/1548 1793/28/1545 1792/28/1544 
f 1792/28/1544 1799/28/1551 1796/28/1548 
f 1796/28/1548 1800/28/1552 1797/28/1549 
f 1801/28/1553 1802/28/1554 1803/28/1555 
f 1803/28/1555 1759/28/1511 1801/28/1553 
f 1804/28/1556 1756/28/1508 1759/28/1511 
f 1759/28/1511 1803/28/1555 1804/28/1556 
f 1801/28/1553 1805/28/1557 1802/28/1554 
f 1806/28/1558 1804/28/1556 1803/28/1555 
f 1803/28/1555 1802/28/1554 1806/28/1558 
f 1804/28/1556 1762/28/1514 1756/28/1508 
f 1807/28/1559 1808/28/1560 1809/28/1561 
f 1809/28/1561 1810/28/1562 1807/28/1559 
f 1809/28/1561 1811/28/1563 1812/28/1564 
f 1812/28/1564 1810/28/1562 1809/28/1561 
f 1807/28/1559 1813/28/1565 1808/28/1560 
f 1811/28/1563 1809/28/1561 1808/28/1560 
f 1808/28/1560 1814/28/1566 1811/28/1563 
f 1811/28/1563 1815/28/1567 1812/28/1564 
f 1816/28/1568 1817/28/1569 1818/28/1570 
f 1818/28/1570 1819/28/1571 1816/28/1568 
f 1820/28/1572 1819/28/1571 1818/28/1570 
f 1818/28/1570 1821/28/1573 1820/28/1572 
f 1816/28/1568 1822/28/1574 1817/28/1569 
f 1821/28/1573 1818/28/1570 1817/28/1569 
f 1817/28/1569 1823/28/1575 1821/28/1573 
f 1821/28/1573 1824/28/1576 1820/28/1572 
f 1825/34/1577 1826/36/1578 1827/35/1579 
f 1827/35/1579 1828/33/1580 1825/34/1577 
f 1828/33/1580 1829/32/1581 1830/31/1582 
f 1830/31/1582 1825/34/1577 1828/33/1580 
f 1826/36/1578 1831/39/1583 1827/35/1579 
f 1832/38/1584 1829/32/1581 1828/33/1580 
f 1828/33/1580 1827/35/1579 1832/38/1584 
f 1829/32/1581 1833/37/1585 1830/31/1582 
f 1834/29/1586 1835/29/1587 1836/29/1588 
f 1836/29/1588 1832/38/1584 1834/29/1586 
f 1836/29/1588 1837/29/1589 1829/32/1581 
f 1829/32/1581 1832/38/1584 1836/29/1588 
f 1834/29/1586 1838/29/1590 1835/29/1587 
f 1837/29/1589 1836/29/1588 1835/29/1587 
f 1835/29/1587 1839/29/1591 1837/29/1589 
f 1837/29/1589 1833/37/1585 1829/32/1581 
f 1840/29/1592 1841/29/1593 1842/29/1594 
f 1842/29/1594 1838/29/1590 1840/29/1592 
f 1842/29/1594 1843/29/1595 1835/29/1587 
f 1835/29/1587 1838/29/1590 1842/29/1594 
f 1840/29/1592 1844/29/1596 1841/29/1593 
f 1843/29/1595 1842/29/1594 1841/29/1593 
f 1841/29/1593 1845/29/1597 1843/29/1595 
f 1843/29/1595 1839/29/1591 1835/29/1587 
f 1846/29/1598 1847/29/1599 1848/29/1600 
f 1848/29/1600 1849/29/1601 1846/29/1598 
f 1848/29/1600 1841/29/1593 1850/29/1602 
f 1850/29/1602 1849/29/1601 1848/29/1600 
f 1846/29/1598 1851/29/1603 1847/29/1599 
f 1845/29/1597 1841/29/1593 1848/29/1600 
f 1848/29/1600 1847/29/1599 1845/29/1597 
f 1841/29/1593 1844/29/1596 1850/29/1602 
f 1852/28/1604 1853/28/1605 1854/28/1606 
f 1854/28/1606 1855/28/1607 1852/28/1604 
f 1854/28/1606 1856/28/1608 1857/28/1609 
f 1857/28/1609 1855/28/1607 1854/28/1606 
f 1852/28/1604 1858/28/1610 1853/28/1605 
f 1856/28/1608 1854/28/1606 1853/28/1605 
f 1853/28/1605 1859/28/1611 1856/28/1608 
f 1856/28/1608 1860/28/1612 1857/28/1609 
f 1861/43/1613 1862/42/1614 1863/40/1615 
f 1863/40/1615 1864/41/1616 1861/43/1613 
f 1863/40/1615 1865/25/1617 1866/40/1618 
f 1866/40/1618 1864/41/1616 1863/40/1615 
f 1861/43/1613 1867/45/1619 1862/42/1614 
f 1868/44/1620 1865/25/1617 1863/40/1615 
f 1863/40/1615 1862/42/1614 1868/44/1620 
f 1865/25/1617 1869/25/1621 1866/40/1618 
f 1856/28/1608 1870/28/1622 1871/28/1623 
f 1871/28/1623 1860/28/1612 1856/28/1608 
f 1871/28/1623 171/28/171 1872/28/1624 
f 1872/28/1624 1860/28/1612 1871/28/1623 
f 1856/28/1608 1859/28/1611 1870/28/1622 
f 171/28/171 1871/28/1623 1870/28/1622 
f 1870/28/1622 175/28/171 171/28/171 
f 171/28/171 174/28/174 1872/28/1624 
f 1873/28/1625 1874/28/1626 1875/28/1627 
f 1875/28/1627 1876/28/1628 1873/28/1625 
f 1877/28/1629 1878/28/1630 1876/28/1628 
f 1876/28/1628 1875/28/1627 1877/28/1629 
f 1873/28/1625 1879/28/1631 1874/28/1626 
f 1880/28/1632 1877/28/1629 1875/28/1627 
f 1875/28/1627 1874/28/1626 1880/28/1632 
f 1877/28/1629 1881/28/1633 1878/28/1630 
f 1882/47/1634 1866/40/1618 1883/40/1635 
f 1883/40/1635 188/46/187 1882/47/1634 
f 1883/40/1635 1884/25/1636 185/40/184 
f 185/40/184 188/46/187 1883/40/1635 
f 1882/47/1634 1864/41/1616 1866/40/1618 
f 1869/25/1621 1884/25/1636 1883/40/1635 
f 1883/40/1635 1866/40/1618 1869/25/1621 
f 1884/25/1636 190/25/189 185/40/184 
f 1885/29/1637 1886/52/1638 1887/50/1639 
f 1887/50/1639 1888/51/1640 1885/29/1637 
f 1887/50/1639 1889/49/1641 1890/48/1642 
f 1890/48/1642 1888/51/1640 1887/50/1639 
f 1885/29/1637 1891/29/1643 1886/52/1638 
f 1889/49/1641 1887/50/1639 1886/52/1638 
f 1886/52/1638 1892/54/1644 1889/49/1641 
f 1889/49/1641 1893/53/1645 1890/48/1642 
f 1894/60/1646 1895/59/1647 1896/57/1648 
f 1896/57/1648 1897/58/1649 1894/60/1646 
f 1896/57/1648 1898/56/1650 1899/55/1651 
f 1899/55/1651 1897/58/1649 1896/57/1648 
f 1894/60/1646 1900/63/1652 1895/59/1647 
f 1901/62/1653 1898/56/1650 1896/57/1648 
f 1896/57/1648 1895/59/1647 1901/62/1653 
f 1898/56/1650 1902/61/1654 1899/55/1651 
f 1865/25/1617 1903/65/1655 1904/64/1656 
f 1904/64/1656 1869/25/1621 1865/25/1617 
f 1904/64/1656 1894/60/1646 1905/64/1657 
f 1905/64/1657 1869/25/1621 1904/64/1656 
f 1865/25/1617 1868/44/1620 1903/65/1655 
f 1900/63/1652 1894/60/1646 1904/64/1656 
f 1904/64/1656 1903/65/1655 1900/63/1652 
f 1894/60/1646 1897/58/1649 1905/64/1657 
f 1861/43/1613 1906/69/1658 1907/68/1659 
f 1907/68/1659 1867/45/1619 1861/43/1613 
f 1907/68/1659 1908/67/1660 1909/66/1661 
f 1909/66/1661 1867/45/1619 1907/68/1659 
f 1861/43/1613 1864/41/1616 1906/69/1658 
f 1910/71/1662 1908/67/1660 1907/68/1659 
f 1907/68/1659 1906/69/1658 1910/71/1662 
f 1908/67/1660 1911/70/1663 1909/66/1661 
f 1912/76/1664 1899/55/1651 1913/74/1665 
f 1913/74/1665 221/75/220 1912/76/1664 
f 1913/74/1665 1914/73/1666 218/72/217 
f 218/72/217 221/75/220 1913/74/1665 
f 1912/76/1664 1897/58/1649 1899/55/1651 
f 1902/61/1654 1914/73/1666 1913/74/1665 
f 1913/74/1665 1899/55/1651 1902/61/1654 
f 1914/73/1666 223/77/222 218/72/217 
f 1884/25/1636 1905/64/1657 1915/64/1667 
f 1915/64/1667 190/25/189 1884/25/1636 
f 1915/64/1667 1912/76/1664 224/64/223 
f 224/64/223 190/25/189 1915/64/1667 
f 1884/25/1636 1869/25/1621 1905/64/1657 
f 1897/58/1649 1912/76/1664 1915/64/1667 
f 1915/64/1667 1905/64/1657 1897/58/1649 
f 1912/76/1664 221/75/220 224/64/223 
f 1882/47/1634 228/80/227 1916/79/1668 
f 1916/79/1668 1864/41/1616 1882/47/1634 
f 1916/79/1668 1917/78/1669 1906/69/1658 
f 1906/69/1658 1864/41/1616 1916/79/1668 
f 1882/47/1634 188/46/187 228/80/227 
f 229/81/228 1917/78/1669 1916/79/1668 
f 1916/79/1668 228/80/227 229/81/228 
f 1917/78/1669 1910/71/1662 1906/69/1658 
f 1918/29/1670 1919/86/1671 1920/85/1672 
f 1920/85/1672 1921/84/1673 1918/29/1670 
f 1921/84/1673 1922/83/1674 1923/82/1675 
f 1923/82/1675 1918/29/1670 1921/84/1673 
f 1919/86/1671 1924/89/1676 1920/85/1672 
f 1925/88/1677 1922/83/1674 1921/84/1673 
f 1921/84/1673 1920/85/1672 1925/88/1677 
f 1922/83/1674 1926/87/1678 1923/82/1675 
f 1888/51/1640 1890/48/1642 1927/91/1679 
f 1927/91/1679 1928/90/1680 1888/51/1640 
f 1928/90/1680 1919/86/1671 1929/29/1681 
f 1929/29/1681 1888/51/1640 1928/90/1680 
f 1890/48/1642 1893/53/1645 1927/91/1679 
f 1924/89/1676 1919/86/1671 1928/90/1680 
f 1928/90/1680 1927/91/1679 1924/89/1676 
f 1919/86/1671 1918/29/1670 1929/29/1681 
f 1930/95/1682 1931/97/1683 1932/96/1684 
f 1932/96/1684 1933/94/1685 1930/95/1682 
f 1933/94/1685 1934/93/1686 1935/92/1687 
f 1935/92/1687 1930/95/1682 1933/94/1685 
f 1931/97/1683 1936/100/1688 1932/96/1684 
f 1937/99/1689 1934/93/1686 1933/94/1685 
f 1933/94/1685 1932/96/1684 1937/99/1689 
f 1934/93/1686 1938/98/1690 1935/92/1687 
f 1939/28/1691 1940/28/1692 1941/28/1693 
f 1941/28/1693 1942/28/1694 1939/28/1691 
f 1941/28/1693 1943/28/1695 1944/28/1696 
f 1944/28/1696 1942/28/1694 1941/28/1693 
f 1939/28/1691 1945/28/1697 1940/28/1692 
f 1943/28/1695 1941/28/1693 1940/28/1692 
f 1940/28/1692 1946/28/1698 1943/28/1695 
f 1943/28/1695 1947/28/1699 1944/28/1696 
f 1948/103/1700 1949/105/1701 1950/104/1702 
f 1950/104/1702 1951/102/1703 1948/103/1700 
f 1951/102/1703 1952/29/1704 1953/101/1705 
f 1953/101/1705 1948/103/1700 1951/102/1703 
f 1949/105/1701 1954/107/1706 1950/104/1702 
f 1955/106/1707 1952/29/1704 1951/102/1703 
f 1951/102/1703 1950/104/1702 1955/106/1707 
f 1952/29/1704 1956/29/1708 1953/101/1705 
f 1957/29/1709 1958/29/1710 1959/29/1711 
f 1959/29/1711 1955/106/1707 1957/29/1709 
f 1959/29/1711 1960/29/1712 1952/29/1704 
f 1952/29/1704 1955/106/1707 1959/29/1711 
f 1957/29/1709 1961/29/1713 1958/29/1710 
f 1960/29/1712 1959/29/1711 1958/29/1710 
f 1958/29/1710 1962/29/1714 1960/29/1712 
f 1960/29/1712 1956/29/1708 1952/29/1704 
f 1963/29/1715 1964/29/1716 1965/29/1717 
f 1965/29/1717 1961/29/1713 1963/29/1715 
f 1965/29/1717 1966/29/1718 1958/29/1710 
f 1958/29/1710 1961/29/1713 1965/29/1717 
f 1963/29/1715 1967/29/1719 1964/29/1716 
f 1966/29/1718 1965/29/1717 1964/29/1716 
f 1964/29/1716 1968/29/1720 1966/29/1718 
f 1966/29/1718 1962/29/1714 1958/29/1710 
f 1969/29/1721 1970/29/1722 1971/29/1723 
f 1971/29/1723 1967/29/1719 1969/29/1721 
f 1971/29/1723 1972/29/1724 1964/29/1716 
f 1964/29/1716 1967/29/1719 1971/29/1723 
f 1969/29/1721 1973/29/1725 1970/29/1722 
f 1972/29/1724 1971/29/1723 1970/29/1722 
f 1970/29/1722 1974/29/1726 1972/29/1724 
f 1972/29/1724 1968/29/1720 1964/29/1716 
f 1811/28/1563 1975/28/1727 1976/28/1728 
f 1976/28/1728 1815/28/1567 1811/28/1563 
f 1976/28/1728 1939/28/1691 1977/28/1729 
f 1977/28/1729 1815/28/1567 1976/28/1728 
f 1811/28/1563 1814/28/1566 1975/28/1727 
f 1939/28/1691 1976/28/1728 1975/28/1727 
f 1975/28/1727 1945/28/1697 1939/28/1691 
f 1939/28/1691 1942/28/1694 1977/28/1729 
f 1954/107/1706 1978/110/1730 1830/31/1582 
f 1830/31/1582 1979/109/1731 1954/107/1706 
f 1979/109/1731 1980/108/1732 1950/104/1702 
f 1950/104/1702 1954/107/1706 1979/109/1731 
f 1978/110/1730 1825/34/1577 1830/31/1582 
f 1833/37/1585 1980/108/1732 1979/109/1731 
f 1979/109/1731 1830/31/1582 1833/37/1585 
f 1980/108/1732 1955/106/1707 1950/104/1702 
f 1837/29/1589 1981/29/1733 1982/29/1734 
f 1982/29/1734 1833/37/1585 1837/29/1589 
f 1982/29/1734 1957/29/1709 1980/108/1732 
f 1980/108/1732 1833/37/1585 1982/29/1734 
f 1837/29/1589 1839/29/1591 1981/29/1733 
f 1957/29/1709 1982/29/1734 1981/29/1733 
f 1981/29/1733 1961/29/1713 1957/29/1709 
f 1957/29/1709 1955/106/1707 1980/108/1732 
f 1843/29/1595 1983/29/1735 1984/29/1736 
f 1984/29/1736 1839/29/1591 1843/29/1595 
f 1984/29/1736 1963/29/1715 1981/29/1733 
f 1981/29/1733 1839/29/1591 1984/29/1736 
f 1843/29/1595 1845/29/1597 1983/29/1735 
f 1963/29/1715 1984/29/1736 1983/29/1735 
f 1983/29/1735 1967/29/1719 1963/29/1715 
f 1963/29/1715 1961/29/1713 1981/29/1733 
f 1943/28/1695 1985/28/1737 1986/28/1738 
f 1986/28/1738 1947/28/1699 1943/28/1695 
f 1986/28/1738 1987/28/1739 1988/28/1740 
f 1988/28/1740 1947/28/1699 1986/28/1738 
f 1943/28/1695 1946/28/1698 1985/28/1737 
f 1987/28/1739 1986/28/1738 1985/28/1737 
f 1985/28/1737 1989/28/1741 1987/28/1739 
f 1987/28/1739 1990/28/1742 1988/28/1740 
f 1926/114/1678 1991/116/1743 1953/115/1705 
f 1953/115/1705 1992/113/1744 1926/114/1678 
f 1992/113/1744 1993/112/1745 1923/111/1675 
f 1923/111/1675 1926/114/1678 1992/113/1744 
f 1991/116/1743 1948/119/1700 1953/115/1705 
f 1956/118/1708 1993/112/1745 1992/113/1744 
f 1992/113/1744 1953/115/1705 1956/118/1708 
f 1993/112/1745 1918/117/1670 1923/111/1675 
f 1966/29/1718 1994/29/1746 1995/29/1747 
f 1995/29/1747 1962/29/1714 1966/29/1718 
f 1995/29/1747 1885/29/1637 1996/29/1748 
f 1996/29/1748 1962/29/1714 1995/29/1747 
f 1966/29/1718 1968/29/1720 1994/29/1746 
f 1885/29/1637 1995/29/1747 1994/29/1746 
f 1994/29/1746 1891/29/1643 1885/29/1637 
f 1885/29/1637 1888/51/1640 1996/29/1748 
f 1972/29/1724 1997/29/1749 1998/29/1750 
f 1998/29/1750 1968/29/1720 1972/29/1724 
f 1998/29/1750 1999/120/1751 1994/29/1746 
f 1994/29/1746 1968/29/1720 1998/29/1750 
f 1972/29/1724 1974/29/1726 1997/29/1749 
f 1999/120/1751 1998/29/1750 1997/29/1749 
f 1997/29/1749 2000/121/1752 1999/120/1751 
f 1999/120/1751 1891/29/1643 1994/29/1746 
f 2001/28/1753 2002/28/1754 2003/28/1755 
f 2003/28/1755 2004/122/1756 2001/28/1753 
f 2005/123/1757 2004/122/1756 2003/28/1755 
f 2003/28/1755 2006/125/1758 2005/123/1757 
f 2001/28/1753 2007/28/1759 2002/28/1754 
f 2008/28/1760 2009/124/1761 2003/28/1755 
f 2003/28/1755 2010/28/1762 2008/28/1760 
f 2003/28/1755 2002/28/1754 2010/28/1762 
f 2008/28/1760 2011/126/1763 2009/124/1761 
f 2003/28/1755 2009/124/1761 2006/125/1758 
f 2012/131/1764 1934/93/1686 2013/129/1765 
f 2013/129/1765 2014/130/1766 2012/131/1764 
f 2013/129/1765 2015/128/1767 2016/127/1768 
f 2016/127/1768 2014/130/1766 2013/129/1765 
f 2012/131/1764 1938/98/1690 1934/93/1686 
f 2015/128/1767 2013/129/1765 1934/93/1686 
f 1934/93/1686 1937/99/1689 2015/128/1767 
f 2015/128/1767 2017/132/1769 2016/127/1768 
f 2018/138/1770 2019/137/1771 2020/135/1772 
f 2020/135/1772 2021/136/1773 2018/138/1770 
f 2020/135/1772 2022/134/1774 2023/133/1775 
f 2023/133/1775 2021/136/1773 2020/135/1772 
f 2018/138/1770 2024/141/1776 2019/137/1771 
f 2022/134/1774 2020/135/1772 2019/137/1771 
f 2019/137/1771 2025/140/1777 2022/134/1774 
f 2022/134/1774 2026/139/1778 2023/133/1775 
f 2027/144/1779 2016/127/1768 2028/143/1780 
f 2028/143/1780 2026/139/1778 2027/144/1779 
f 2028/143/1780 2029/142/1781 2023/133/1775 
f 2023/133/1775 2026/139/1778 2028/143/1780 
f 2027/144/1779 2014/130/1766 2016/127/1768 
f 2029/142/1781 2028/143/1780 2016/127/1768 
f 2016/127/1768 2017/132/1769 2029/142/1781 
f 2029/142/1781 2021/136/1773 2023/133/1775 
f 2000/121/1752 2030/147/1782 2031/146/1783 
f 2031/146/1783 2032/145/1784 2000/121/1752 
f 2032/145/1784 1886/52/1638 1999/120/1751 
f 1999/120/1751 2000/121/1752 2032/145/1784 
f 2030/147/1782 2033/148/1785 2031/146/1783 
f 1892/54/1644 1886/52/1638 2032/145/1784 
f 2032/145/1784 2031/146/1783 1892/54/1644 
f 1886/52/1638 1891/29/1643 1999/120/1751 
f 2034/28/1786 2035/28/1787 2036/28/1788 
f 2036/28/1788 1947/28/1699 2034/28/1786 
f 2036/28/1788 2037/28/1789 1944/28/1696 
f 1944/28/1696 1947/28/1699 2036/28/1788 
f 2034/28/1786 1822/28/1574 2035/28/1787 
f 2037/28/1789 2036/28/1788 2035/28/1787 
f 2035/28/1787 2038/28/1790 2037/28/1789 
f 2037/28/1789 1942/28/1694 1944/28/1696 
f 2037/28/1789 2039/28/1791 2040/28/1792 
f 2040/28/1792 1942/28/1694 2037/28/1789 
f 2040/28/1792 2041/28/1793 1977/28/1729 
f 1977/28/1729 1942/28/1694 2040/28/1792 
f 2037/28/1789 2038/28/1790 2039/28/1791 
f 2041/28/1793 2040/28/1792 2039/28/1791 
f 2039/28/1791 2042/28/1794 2041/28/1793 
f 2041/28/1793 1815/28/1567 1977/28/1729 
f 2041/28/1793 2043/28/1795 2044/28/1796 
f 2044/28/1796 1815/28/1567 2041/28/1793 
f 2044/28/1796 2045/28/1797 1812/28/1564 
f 1812/28/1564 1815/28/1567 2044/28/1796 
f 2041/28/1793 2042/28/1794 2043/28/1795 
f 2045/28/1797 2044/28/1796 2043/28/1795 
f 2043/28/1795 2046/28/1798 2045/28/1797 
f 2045/28/1797 1810/28/1562 1812/28/1564 
f 1918/29/1670 1993/29/1745 1960/29/1712 
f 1960/29/1712 2047/29/1799 1918/29/1670 
f 2047/29/1799 1996/29/1748 1929/29/1681 
f 1929/29/1681 1918/29/1670 2047/29/1799 
f 1993/29/1745 1956/29/1708 1960/29/1712 
f 1962/29/1714 1996/29/1748 2047/29/1799 
f 2047/29/1799 1960/29/1712 1962/29/1714 
f 1996/29/1748 1888/51/1640 1929/29/1681 
f 1847/29/1599 2048/29/1800 2049/29/1801 
f 2049/29/1801 1845/29/1597 1847/29/1599 
f 2049/29/1801 1969/29/1721 1983/29/1735 
f 1983/29/1735 1845/29/1597 2049/29/1801 
f 1847/29/1599 1851/29/1603 2048/29/1800 
f 1969/29/1721 2049/29/1801 2048/29/1800 
f 2048/29/1800 1973/29/1725 1969/29/1721 
f 1969/29/1721 1967/29/1719 1983/29/1735 
f 2050/29/1802 2051/29/1803 2052/29/1804 
f 2052/29/1804 2053/29/1805 2050/29/1802 
f 2053/29/1805 2054/29/1806 2055/29/1807 
f 2055/29/1807 2050/29/1802 2053/29/1805 
f 2051/29/1803 2056/29/1808 2052/29/1804 
f 2057/29/1809 2054/29/1806 2053/29/1805 
f 2053/29/1805 2052/29/1804 2057/29/1809 
f 2054/29/1806 2058/29/1810 2055/29/1807 
f 1840/29/1592 2059/29/1811 2060/29/1812 
f 2060/29/1812 1844/29/1596 1840/29/1592 
f 2060/29/1812 2061/29/1813 2062/29/1814 
f 2062/29/1814 1844/29/1596 2060/29/1812 
f 1840/29/1592 1838/29/1590 2059/29/1811 
f 2061/29/1813 2060/29/1812 2059/29/1811 
f 2059/29/1811 2063/29/1815 2061/29/1813 
f 2061/29/1813 2057/29/1809 2062/29/1814 
f 1834/29/1586 2064/149/1816 2065/29/1817 
f 2065/29/1817 1838/29/1590 1834/29/1586 
f 2065/29/1817 2066/29/1818 2059/29/1811 
f 2059/29/1811 1838/29/1590 2065/29/1817 
f 1834/29/1586 1832/38/1584 2064/149/1816 
f 2066/29/1818 2065/29/1817 2064/149/1816 
f 2064/149/1816 2067/150/1819 2066/29/1818 
f 2066/29/1818 2063/29/1815 2059/29/1811 
f 1827/35/1579 2068/153/1820 2069/152/1821 
f 2069/152/1821 1832/38/1584 1827/35/1579 
f 2069/152/1821 2070/151/1822 2064/149/1816 
f 2064/149/1816 1832/38/1584 2069/152/1821 
f 1827/35/1579 1831/39/1583 2068/153/1820 
f 2070/151/1822 2069/152/1821 2068/153/1820 
f 2068/153/1820 2071/154/1823 2070/151/1822 
f 2070/151/1822 2067/150/1819 2064/149/1816 
f 2072/28/1824 2073/28/1825 2074/28/1826 
f 2074/28/1826 2075/156/1827 2072/28/1824 
f 2074/28/1826 2076/28/1828 2077/155/1829 
f 2077/155/1829 2075/156/1827 2074/28/1826 
f 2072/28/1824 2078/28/1830 2073/28/1825 
f 2076/28/1828 2074/28/1826 2073/28/1825 
f 2073/28/1825 2079/28/1831 2076/28/1828 
f 2076/28/1828 2080/157/1832 2077/155/1829 
f 2045/28/1797 2081/28/1833 2082/28/1834 
f 2082/28/1834 1810/28/1562 2045/28/1797 
f 2082/28/1834 2083/28/1835 2084/28/1836 
f 2084/28/1836 1810/28/1562 2082/28/1834 
f 2045/28/1797 2046/28/1798 2081/28/1833 
f 2083/28/1835 2082/28/1834 2081/28/1833 
f 2081/28/1833 2085/28/1837 2083/28/1835 
f 2083/28/1835 2086/28/1838 2084/28/1836 
f 2087/160/1839 2088/162/1840 2089/161/1841 
f 2089/161/1841 2090/159/1842 2087/160/1839 
f 2090/159/1842 2091/158/1843 2092/158/1844 
f 2092/158/1844 2087/160/1839 2090/159/1842 
f 2088/162/1840 2071/154/1823 2089/161/1841 
f 2080/157/1832 2091/158/1843 2090/159/1842 
f 2090/159/1842 2089/161/1841 2080/157/1832 
f 2091/158/1843 2093/163/1845 2092/158/1844 
f 1831/39/1583 1826/36/1578 2094/167/1846 
f 2094/167/1846 2095/166/1847 1831/39/1583 
f 2095/166/1847 2096/165/1848 2097/164/1849 
f 2097/164/1849 1831/39/1583 2095/166/1847 
f 1826/36/1578 1825/34/1577 2094/167/1846 
f 2098/168/1850 2096/165/1848 2095/166/1847 
f 2095/166/1847 2094/167/1846 2098/168/1850 
f 2096/165/1848 2075/156/1827 2097/164/1849 
f 1825/34/1577 1978/110/1730 2099/171/1851 
f 2099/171/1851 2100/170/1852 1825/34/1577 
f 2100/170/1852 2101/169/1853 2094/167/1846 
f 2094/167/1846 1825/34/1577 2100/170/1852 
f 1978/110/1730 1954/107/1706 2099/171/1851 
f 2102/172/1854 2101/169/1853 2100/170/1852 
f 2100/170/1852 2099/171/1851 2102/172/1854 
f 2101/169/1853 2098/168/1850 2094/167/1846 
f 1954/107/1706 1949/105/1701 2103/175/1855 
f 2103/175/1855 2104/174/1856 1954/107/1706 
f 2104/174/1856 2105/173/1857 2099/171/1851 
f 2099/171/1851 1954/107/1706 2104/174/1856 
f 1949/105/1701 1948/103/1700 2103/175/1855 
f 2106/124/1858 2105/173/1857 2104/174/1856 
f 2104/174/1856 2103/175/1855 2106/124/1858 
f 2105/173/1857 2102/172/1854 2099/171/1851 
f 1948/119/1700 1991/116/1743 2107/179/1859 
f 2107/179/1859 2108/178/1860 1948/119/1700 
f 2108/178/1860 2109/177/1861 2103/176/1855 
f 2103/176/1855 1948/119/1700 2108/178/1860 
f 1991/116/1743 1926/114/1678 2107/179/1859 
f 2011/126/1763 2109/177/1861 2108/178/1860 
f 2108/178/1860 2107/179/1859 2011/126/1763 
f 2109/177/1861 2106/124/1858 2103/176/1855 
f 1926/87/1678 1922/83/1674 2110/182/1862 
f 2110/182/1862 2111/181/1863 1926/87/1678 
f 2111/181/1863 2009/124/1761 2107/180/1859 
f 2107/180/1859 1926/87/1678 2111/181/1863 
f 1922/83/1674 1925/88/1677 2110/182/1862 
f 2006/125/1758 2009/124/1761 2111/181/1863 
f 2111/181/1863 2110/182/1862 2006/125/1758 
f 2009/124/1761 2011/126/1763 2107/180/1859 
f 2019/137/1771 2112/186/1864 2113/185/1865 
f 2113/185/1865 2025/140/1777 2019/137/1771 
f 2113/185/1865 2114/184/1866 2115/183/1867 
f 2115/183/1867 2025/140/1777 2113/185/1865 
f 2019/137/1771 2024/141/1776 2112/186/1864 
f 2116/187/1868 2114/184/1866 2113/185/1865 
f 2113/185/1865 2112/186/1864 2116/187/1868 
f 2114/184/1866 2004/122/1756 2115/183/1867 
f 1908/67/1660 2117/191/1869 2118/190/1870 
f 2118/190/1870 1911/70/1663 1908/67/1660 
f 2119/189/1871 2120/188/1872 1911/70/1663 
f 1911/70/1663 2118/190/1870 2119/189/1871 
f 1908/67/1660 1910/71/1662 2117/191/1869 
f 2121/193/1873 2119/189/1871 2118/190/1870 
f 2118/190/1870 2117/191/1869 2121/193/1873 
f 2119/189/1871 2122/192/1874 2120/188/1872 
f 1917/78/1669 437/196/436 2123/195/1875 
f 2123/195/1875 1910/71/1662 1917/78/1669 
f 2123/195/1875 2124/194/1876 2117/191/1869 
f 2117/191/1869 1910/71/1662 2123/195/1875 
f 1917/78/1669 229/81/228 437/196/436 
f 438/28/437 2124/194/1876 2123/195/1875 
f 2123/195/1875 437/196/436 438/28/437 
f 2124/194/1876 2121/193/1873 2117/191/1869 
f 1780/30/1532 2125/197/1877 2126/198/1878 
f 2126/198/1878 2127/197/1879 1780/30/1532 
f 2127/197/1879 2128/197/1880 1790/30/1542 
f 1790/30/1542 1780/30/1532 2127/197/1879 
f 2125/197/1877 2129/198/1881 2126/198/1878 
f 2130/198/1882 2128/197/1880 2127/197/1879 
f 2127/197/1879 2126/198/1878 2130/198/1882 
f 2128/197/1880 1789/30/1541 1790/30/1542 
f 2131/30/1883 2132/197/1884 2133/198/1885 
f 2133/198/1885 2134/197/1886 2131/30/1883 
f 2134/197/1886 2135/197/1887 2136/30/1888 
f 2136/30/1888 2131/30/1883 2134/197/1886 
f 2132/197/1884 2137/198/1889 2133/198/1885 
f 2138/198/1890 2135/197/1887 2134/197/1886 
f 2134/197/1886 2133/198/1885 2138/198/1890 
f 2135/197/1887 1779/30/1531 2136/30/1888 
f 1874/28/1626 2139/28/1891 2140/28/1892 
f 2140/28/1892 1880/28/1632 1874/28/1626 
f 2140/28/1892 2141/28/1893 2142/28/1894 
f 2142/28/1894 1880/28/1632 2140/28/1892 
f 1874/28/1626 1879/28/1631 2139/28/1891 
f 2141/28/1893 2140/28/1892 2139/28/1891 
f 2139/28/1891 2143/28/1895 2141/28/1893 
f 2141/28/1893 2144/28/1896 2142/28/1894 
f 2112/186/1864 2145/202/1897 2146/201/1898 
f 2146/201/1898 2116/187/1868 2112/186/1864 
f 2146/201/1898 2147/200/1899 2148/199/1900 
f 2148/199/1900 2116/187/1868 2146/201/1898 
f 2112/186/1864 2024/141/1776 2145/202/1897 
f 2147/200/1899 2146/201/1898 2145/202/1897 
f 2145/202/1897 2149/204/1901 2147/200/1899 
f 2147/200/1899 2150/203/1902 2148/199/1900 
f 2018/138/1770 2151/207/1903 2152/206/1904 
f 2152/206/1904 2024/141/1776 2018/138/1770 
f 2152/206/1904 2153/205/1905 2145/202/1897 
f 2145/202/1897 2024/141/1776 2152/206/1904 
f 2018/138/1770 2021/136/1773 2151/207/1903 
f 2153/205/1905 2152/206/1904 2151/207/1903 
f 2151/207/1903 2154/208/1906 2153/205/1905 
f 2153/205/1905 2149/204/1901 2145/202/1897 
f 2029/142/1781 2155/211/1907 2156/210/1908 
f 2156/210/1908 2021/136/1773 2029/142/1781 
f 2156/210/1908 2157/209/1909 2151/207/1903 
f 2151/207/1903 2021/136/1773 2156/210/1908 
f 2029/142/1781 2017/132/1769 2155/211/1907 
f 2157/209/1909 2156/210/1908 2155/211/1907 
f 2155/211/1907 2158/212/1910 2157/209/1909 
f 2157/209/1909 2154/208/1906 2151/207/1903 
f 2015/128/1767 2159/215/1911 2160/214/1912 
f 2160/214/1912 2017/132/1769 2015/128/1767 
f 2160/214/1912 2161/213/1913 2155/211/1907 
f 2155/211/1907 2017/132/1769 2160/214/1912 
f 2015/128/1767 1937/99/1689 2159/215/1911 
f 2161/213/1913 2160/214/1912 2159/215/1911 
f 2159/215/1911 2162/216/1914 2161/213/1913 
f 2161/213/1913 2158/212/1910 2155/211/1907 
f 1932/96/1684 2163/219/1915 2164/218/1916 
f 2164/218/1916 1937/99/1689 1932/96/1684 
f 2164/218/1916 2165/217/1917 2159/215/1911 
f 2159/215/1911 1937/99/1689 2164/218/1916 
f 1932/96/1684 1936/100/1688 2163/219/1915 
f 2165/217/1917 2164/218/1916 2163/219/1915 
f 2163/219/1915 2166/220/1918 2165/217/1917 
f 2165/217/1917 2162/216/1914 2159/215/1911 
f 2141/28/1893 2167/28/1919 2168/28/1920 
f 2168/28/1920 2144/28/1896 2141/28/1893 
f 2168/28/1920 1852/28/1604 2169/28/1921 
f 2169/28/1921 2144/28/1896 2168/28/1920 
f 2141/28/1893 2143/28/1895 2167/28/1919 
f 1852/28/1604 2168/28/1920 2167/28/1919 
f 2167/28/1919 1858/28/1610 1852/28/1604 
f 1852/28/1604 1855/28/1607 2169/28/1921 
f 2147/200/1899 2170/223/1922 2171/222/1923 
f 2171/222/1923 2150/203/1902 2147/200/1899 
f 2171/222/1923 2120/188/1872 2172/221/1924 
f 2172/221/1924 2150/203/1902 2171/222/1923 
f 2147/200/1899 2149/204/1901 2170/223/1922 
f 2120/188/1872 2171/222/1923 2170/223/1922 
f 2170/223/1922 1911/70/1663 2120/188/1872 
f 2120/188/1872 2122/192/1874 2172/221/1924 
f 2153/205/1905 2173/225/1925 2174/224/1926 
f 2174/224/1926 2149/204/1901 2153/205/1905 
f 2174/224/1926 1909/66/1661 2170/223/1922 
f 2170/223/1922 2149/204/1901 2174/224/1926 
f 2153/205/1905 2154/208/1906 2173/225/1925 
f 1909/66/1661 2174/224/1926 2173/225/1925 
f 2173/225/1925 1867/45/1619 1909/66/1661 
f 1909/66/1661 1911/70/1663 2170/223/1922 
f 2157/209/1909 2175/227/1927 2176/226/1928 
f 2176/226/1928 2154/208/1906 2157/209/1909 
f 2176/226/1928 1862/42/1614 2173/225/1925 
f 2173/225/1925 2154/208/1906 2176/226/1928 
f 2157/209/1909 2158/212/1910 2175/227/1927 
f 1862/42/1614 2176/226/1928 2175/227/1927 
f 2175/227/1927 1868/44/1620 1862/42/1614 
f 1862/42/1614 1867/45/1619 2173/225/1925 
f 2161/213/1913 2177/229/1929 2178/228/1930 
f 2178/228/1930 2158/212/1910 2161/213/1913 
f 2178/228/1930 1903/65/1655 2175/227/1927 
f 2175/227/1927 2158/212/1910 2178/228/1930 
f 2161/213/1913 2162/216/1914 2177/229/1929 
f 1903/65/1655 2178/228/1930 2177/229/1929 
f 2177/229/1929 1900/63/1652 1903/65/1655 
f 1903/65/1655 1868/44/1620 2175/227/1927 
f 2165/217/1917 2179/231/1931 2180/230/1932 
f 2180/230/1932 2162/216/1914 2165/217/1917 
f 2180/230/1932 1895/59/1647 2177/229/1929 
f 2177/229/1929 2162/216/1914 2180/230/1932 
f 2165/217/1917 2166/220/1918 2179/231/1931 
f 1895/59/1647 2180/230/1932 2179/231/1931 
f 2179/231/1931 1901/62/1653 1895/59/1647 
f 1895/59/1647 1900/63/1652 2177/229/1929 
f 1914/73/1666 2181/235/1933 2182/234/1934 
f 2182/234/1934 223/77/222 1914/73/1666 
f 2182/234/1934 2183/233/1935 495/232/494 
f 495/232/494 223/77/222 2182/234/1934 
f 1914/73/1666 1902/61/1654 2181/235/1933 
f 2184/237/1936 2183/233/1935 2182/234/1934 
f 2182/234/1934 2181/235/1933 2184/237/1936 
f 2183/233/1935 499/236/498 495/232/494 
f 1898/56/1650 2185/240/1937 2186/239/1938 
f 2186/239/1938 1902/61/1654 1898/56/1650 
f 2186/239/1938 2187/238/1939 2181/235/1933 
f 2181/235/1933 1902/61/1654 2186/239/1938 
f 1898/56/1650 1901/62/1653 2185/240/1937 
f 2188/241/1940 2187/238/1939 2186/239/1938 
f 2186/239/1938 2185/240/1937 2188/241/1940 
f 2187/238/1939 2184/237/1936 2181/235/1933 
f 2179/231/1931 2189/244/1941 2190/243/1942 
f 2190/243/1942 1901/62/1653 2179/231/1931 
f 2190/243/1942 2191/242/1943 2185/240/1937 
f 2185/240/1937 1901/62/1653 2190/243/1942 
f 2179/231/1931 2166/220/1918 2189/244/1941 
f 2192/245/1944 2191/242/1943 2190/243/1942 
f 2190/243/1942 2189/244/1941 2192/245/1944 
f 2191/242/1943 2188/241/1940 2185/240/1937 
f 2166/220/1918 2163/219/1915 2193/248/1945 
f 2193/248/1945 2194/247/1946 2166/220/1918 
f 2194/247/1946 2195/246/1947 2189/244/1941 
f 2189/244/1941 2166/220/1918 2194/247/1946 
f 2163/219/1915 1936/100/1688 2193/248/1945 
f 2196/249/1948 2195/246/1947 2194/247/1946 
f 2194/247/1946 2193/248/1945 2196/249/1948 
f 2195/246/1947 2192/245/1944 2189/244/1941 
f 1936/100/1688 1931/97/1683 2197/252/1949 
f 2197/252/1949 2198/251/1950 1936/100/1688 
f 2198/251/1950 2199/250/1951 2193/248/1945 
f 2193/248/1945 1936/100/1688 2198/251/1950 
f 1931/97/1683 1930/95/1682 2197/252/1949 
f 2200/253/1952 2199/250/1951 2198/251/1950 
f 2198/251/1950 2197/252/1949 2200/253/1952 
f 2199/250/1951 2196/249/1948 2193/248/1945 
f 1930/95/1682 2201/256/1953 2202/255/1954 
f 2202/255/1954 2203/120/1955 1930/95/1682 
f 2203/120/1955 2204/254/1956 2197/252/1949 
f 2197/252/1949 1930/95/1682 2203/120/1955 
f 2201/256/1953 2033/148/1785 2202/255/1954 
f 2205/254/1957 2204/254/1956 2203/120/1955 
f 2203/120/1955 2202/255/1954 2205/254/1957 
f 2204/254/1956 2200/253/1952 2197/252/1949 
f 2206/29/1958 2207/29/1959 2208/29/1960 
f 2208/29/1960 2209/29/1961 2206/29/1958 
f 2210/29/1962 2211/29/1963 2206/29/1958 
f 2206/29/1958 2209/29/1961 2210/29/1962 
f 2207/29/1959 2212/29/1964 2208/29/1960 
f 2213/29/1965 2210/29/1962 2209/29/1961 
f 2209/29/1961 2208/29/1960 2213/29/1965 
f 2210/29/1962 2214/29/1966 2211/29/1963 
f 2212/29/1964 2215/29/1967 2216/29/1968 
f 2216/29/1968 2217/29/1969 2212/29/1964 
f 2217/29/1969 2218/29/1970 2208/29/1960 
f 2208/29/1960 2212/29/1964 2217/29/1969 
f 2215/29/1967 2219/29/1971 2216/29/1968 
f 2220/29/1972 2218/29/1970 2217/29/1969 
f 2217/29/1969 2216/29/1968 2220/29/1972 
f 2218/29/1970 2213/29/1965 2208/29/1960 
f 1973/29/1725 2048/29/1800 2221/29/1973 
f 2221/29/1973 2222/29/1974 1973/29/1725 
f 2222/29/1974 2223/29/1975 2224/29/1976 
f 2224/29/1976 1973/29/1725 2222/29/1974 
f 2048/29/1800 1851/29/1603 2221/29/1973 
f 2225/29/1977 2223/29/1975 2222/29/1974 
f 2222/29/1974 2221/29/1973 2225/29/1977 
f 2223/29/1975 2219/29/1971 2224/29/1976 
f 1846/29/1598 2226/29/1978 2227/29/1979 
f 2227/29/1979 1851/29/1603 1846/29/1598 
f 2228/29/1980 2221/29/1973 1851/29/1603 
f 1851/29/1603 2227/29/1979 2228/29/1980 
f 1846/29/1598 1849/29/1601 2226/29/1978 
f 2229/29/1981 2228/29/1980 2227/29/1979 
f 2227/29/1979 2226/29/1978 2229/29/1981 
f 2228/29/1980 2225/29/1977 2221/29/1973 
f 2230/29/1982 2231/29/1983 2232/29/1984 
f 2232/29/1984 1849/29/1601 2230/29/1982 
f 2233/29/1985 2226/29/1978 1849/29/1601 
f 1849/29/1601 2232/29/1984 2233/29/1985 
f 2230/29/1982 2056/29/1808 2231/29/1983 
f 2234/29/1986 2233/29/1985 2232/29/1984 
f 2232/29/1984 2231/29/1983 2234/29/1986 
f 2233/29/1985 2229/29/1981 2226/29/1978 
f 2235/29/1987 2236/29/1988 2237/29/1989 
f 2237/29/1989 2238/29/1990 2235/29/1987 
f 2239/29/1991 2240/29/1992 2238/29/1990 
f 2238/29/1990 2237/29/1989 2239/29/1991 
f 2235/29/1987 2241/29/1993 2236/29/1988 
f 2242/29/1994 2239/29/1991 2237/29/1989 
f 2237/29/1989 2236/29/1988 2242/29/1994 
f 2239/29/1991 2243/29/1995 2240/29/1992 
f 2128/197/1880 2244/198/1996 2245/197/1997 
f 2245/197/1997 1789/30/1541 2128/197/1880 
f 2245/197/1997 2246/197/1998 2247/30/1999 
f 2247/30/1999 1789/30/1541 2245/197/1997 
f 2128/197/1880 2130/198/1882 2244/198/1996 
f 2248/198/2000 2246/197/1998 2245/197/1997 
f 2245/197/1997 2244/198/1996 2248/198/2000 
f 2246/197/1998 2249/30/2001 2247/30/1999 
f 2250/28/2002 2251/28/2003 2252/28/2004 
f 2252/28/2004 2253/28/2005 2250/28/2002 
f 2254/28/2006 2253/28/2005 2252/28/2004 
f 2252/28/2004 2255/28/2007 2254/28/2006 
f 2250/28/2002 2256/28/2008 2251/28/2003 
f 2255/28/2007 2252/28/2004 2251/28/2003 
f 2251/28/2003 2257/28/2009 2255/28/2007 
f 2255/28/2007 2258/28/2010 2254/28/2006 
f 2259/28/2011 2260/28/2012 2261/28/2013 
f 2261/28/2013 2262/28/2014 2259/28/2011 
f 2261/28/2013 2250/28/2002 2263/28/2015 
f 2263/28/2015 2262/28/2014 2261/28/2013 
f 2259/28/2011 1805/28/1557 2260/28/2012 
f 2256/28/2008 2250/28/2002 2261/28/2013 
f 2261/28/2013 2260/28/2012 2256/28/2008 
f 2250/28/2002 2253/28/2005 2263/28/2015 
f 2264/25/2016 2265/27/2017 2266/25/2018 
f 2266/25/2018 2267/26/2019 2264/25/2016 
f 2266/25/2018 2268/25/2020 2269/26/2021 
f 2269/26/2021 2267/26/2019 2266/25/2018 
f 2264/25/2016 2270/27/2022 2265/27/2017 
f 2268/25/2020 2266/25/2018 2265/27/2017 
f 2265/27/2017 2271/27/2023 2268/25/2020 
f 2268/25/2020 2272/26/2024 2269/26/2021 
f 2273/28/2025 2269/26/2021 2274/28/2026 
f 2274/28/2026 2275/28/2027 2273/28/2025 
f 2274/28/2026 2276/28/2028 2277/28/2029 
f 2277/28/2029 2275/28/2027 2274/28/2026 
f 2273/28/2025 2267/26/2019 2269/26/2021 
f 2276/28/2028 2274/28/2026 2269/26/2021 
f 2269/26/2021 2272/26/2024 2276/28/2028 
f 2276/28/2028 2278/28/2030 2277/28/2029 
f 2279/29/2031 2280/29/2032 2281/29/2033 
f 2281/29/2033 2270/27/2022 2279/29/2031 
f 2281/29/2033 2282/29/2034 2265/27/2017 
f 2265/27/2017 2270/27/2022 2281/29/2033 
f 2279/29/2031 2283/29/2035 2280/29/2032 
f 2282/29/2034 2281/29/2033 2280/29/2032 
f 2280/29/2032 2284/29/2036 2282/29/2034 
f 2282/29/2034 2271/27/2023 2265/27/2017 
f 2285/29/2037 2286/29/2038 2287/29/2039 
f 2287/29/2039 2238/29/1990 2285/29/2037 
f 2287/29/2039 2288/29/2040 2235/29/1987 
f 2235/29/1987 2238/29/1990 2287/29/2039 
f 2285/29/2037 2289/29/2041 2286/29/2038 
f 2288/29/2040 2287/29/2039 2286/29/2038 
f 2286/29/2038 2290/29/2042 2288/29/2040 
f 2288/29/2040 2241/29/1993 2235/29/1987 
f 2291/29/2043 2292/29/2044 2293/29/2045 
f 2293/29/2045 2283/29/2035 2291/29/2043 
f 2293/29/2045 2294/29/2046 2280/29/2032 
f 2280/29/2032 2283/29/2035 2293/29/2045 
f 2291/29/2043 2295/29/2047 2292/29/2044 
f 2294/29/2046 2293/29/2045 2292/29/2044 
f 2292/29/2044 2296/29/2048 2294/29/2046 
f 2294/29/2046 2284/29/2036 2280/29/2032 
f 2297/29/2049 2298/29/2050 2299/29/2051 
f 2299/29/2051 2295/29/2047 2297/29/2049 
f 2299/29/2051 2300/29/2052 2292/29/2044 
f 2292/29/2044 2295/29/2047 2299/29/2051 
f 2297/29/2049 2301/29/2053 2298/29/2050 
f 2300/29/2052 2299/29/2051 2298/29/2050 
f 2298/29/2050 2302/29/2054 2300/29/2052 
f 2300/29/2052 2296/29/2048 2292/29/2044 
f 2303/29/2055 2304/29/2056 2305/29/2057 
f 2305/29/2057 2306/29/2058 2303/29/2055 
f 2305/29/2057 2307/30/2059 2308/29/2060 
f 2308/29/2060 2306/29/2058 2305/29/2057 
f 2303/29/2055 2309/29/2061 2304/29/2056 
f 2307/30/2059 2305/29/2057 2304/29/2056 
f 2304/29/2056 2249/30/2001 2307/30/2059 
f 2307/30/2059 2131/30/1883 2308/29/2060 
f 1705/2/1457 2310/260/1460 2311/259/2062 
f 2311/259/2062 1709/7/1461 1705/2/1457 
f 2311/259/2062 2312/258/2063 2313/257/2064 
f 2313/257/2064 1709/7/1461 2311/259/2062 
f 1705/2/1457 1708/8/1460 2310/260/1460 
f 2312/258/2063 2311/259/2062 2310/260/1460 
f 2310/260/1460 2314/261/2065 2312/258/2063 
f 2312/258/2063 1739/24/1491 2313/257/2064 
f 1713/10/1465 2315/264/2066 2316/263/2067 
f 2316/263/2067 1708/8/1460 1713/10/1465 
f 2316/263/2067 2317/262/2068 2310/260/1460 
f 2310/260/1460 1708/8/1460 2316/263/2067 
f 1713/10/1465 1715/13/1467 2315/264/2066 
f 2317/262/2068 2316/263/2067 2315/264/2066 
f 2315/264/2066 2318/265/2069 2317/262/2068 
f 2317/262/2068 2314/261/2065 2310/260/1460 
f 2319/270/2070 2320/269/2071 2321/267/2072 
f 2321/267/2072 2322/268/2073 2319/270/2070 
f 2321/267/2072 1727/16/1479 2323/266/2074 
f 2323/266/2074 2322/268/2073 2321/267/2072 
f 2319/270/2070 2324/271/2075 2320/269/2071 
f 1725/17/1477 1727/16/1479 2321/267/2072 
f 2321/267/2072 2320/269/2071 1725/17/1477 
f 1727/16/1479 1730/18/1482 2323/266/2074 
f 2325/197/2076 1709/7/1461 2326/198/2077 
f 2326/198/2077 2327/197/2078 2325/197/2076 
f 1769/30/1521 1706/1/1458 1709/7/1461 
f 1709/7/1461 2325/197/2076 1769/30/1521 
f 2326/198/2077 2328/198/2079 2327/197/2078 
f 1769/30/1521 2325/197/2076 2327/197/2078 
f 2327/197/2078 1768/30/1520 1769/30/1521 
f 1769/30/1521 1702/4/1454 1706/1/1458 
f 2329/198/2080 2125/197/1877 2330/197/2081 
f 2330/197/2081 2328/198/2079 2329/198/2080 
f 2330/197/2081 1784/30/1536 2327/197/2078 
f 2327/197/2078 2328/198/2079 2330/197/2081 
f 2329/198/2080 2129/198/1881 2125/197/1877 
f 1784/30/1536 2330/197/2081 2125/197/1877 
f 2125/197/1877 1780/30/1532 1784/30/1536 
f 1784/30/1536 1768/30/1520 2327/197/2078 
f 2126/198/1878 2331/272/2082 2332/272/2083 
f 2332/272/2083 2130/198/1882 2126/198/1878 
f 2332/272/2083 2333/20/2084 2334/272/2085 
f 2334/272/2085 2130/198/1882 2332/272/2083 
f 2126/198/1878 2129/198/1881 2331/272/2082 
f 2333/20/2084 2332/272/2083 2331/272/2082 
f 2331/272/2082 1745/20/1497 2333/20/2084 
f 2333/20/2084 2335/20/2086 2334/272/2085 
f 2336/198/2087 2337/272/2088 2338/272/2089 
f 2338/272/2089 2339/198/2090 2336/198/2087 
f 2338/272/2089 2340/20/2091 2341/272/2092 
f 2341/272/2092 2339/198/2090 2338/272/2089 
f 2336/198/2087 2138/198/1890 2337/272/2088 
f 2340/20/2091 2338/272/2089 2337/272/2088 
f 2337/272/2088 2342/20/2093 2340/20/2091 
f 2340/20/2091 2343/20/2094 2341/272/2092 
f 2344/198/2095 2345/272/2096 2346/272/2097 
f 2346/272/2097 2137/198/1889 2344/198/2095 
f 2346/272/2097 2347/20/2098 2348/272/2099 
f 2348/272/2099 2137/198/1889 2346/272/2097 
f 2344/198/2095 2248/198/2000 2345/272/2096 
f 2347/20/2098 2346/272/2097 2345/272/2096 
f 2345/272/2096 2349/20/2100 2347/20/2098 
f 2347/20/2098 2350/20/2101 2348/272/2099 
f 2351/28/2102 2352/28/2103 2353/28/2104 
f 2353/28/2104 1755/28/1507 2351/28/2102 
f 2353/28/2104 1717/12/1469 1754/28/1506 
f 1754/28/1506 1755/28/1507 2353/28/2104 
f 2351/28/2102 2354/28/2105 2352/28/2103 
f 1717/12/1469 2353/28/2104 2352/28/2103 
f 2352/28/2103 1720/12/1472 1717/12/1469 
f 1717/12/1469 1714/12/1466 1754/28/1506 
f 2355/28/2106 2356/28/2107 2357/28/2108 
f 2357/28/2108 1728/12/1480 2355/28/2106 
f 2357/28/2108 2358/28/2109 1723/12/1475 
f 1723/12/1475 1728/12/1480 2357/28/2108 
f 2355/28/2106 2359/28/2110 2356/28/2107 
f 2358/28/2109 2357/28/2108 2356/28/2107 
f 2356/28/2107 2360/28/2111 2358/28/2109 
f 2358/28/2109 1729/12/1481 1723/12/1475 
f 2240/29/1992 2361/29/2112 2362/29/2113 
f 2362/29/2113 2238/29/1990 2240/29/1992 
f 2362/29/2113 2303/29/2055 2363/29/2114 
f 2363/29/2114 2238/29/1990 2362/29/2113 
f 2240/29/1992 2243/29/1995 2361/29/2112 
f 2303/29/2055 2362/29/2113 2361/29/2112 
f 2361/29/2112 2309/29/2061 2303/29/2055 
f 2303/29/2055 2306/29/2058 2363/29/2114 
f 2264/25/2016 2364/26/2115 2365/25/2116 
f 2365/25/2116 2270/27/2022 2264/25/2016 
f 2365/25/2116 1747/25/1499 2366/27/2117 
f 2366/27/2117 2270/27/2022 2365/25/2116 
f 2264/25/2016 2267/26/2019 2364/26/2115 
f 1747/25/1499 2365/25/2116 2364/26/2115 
f 2364/26/2115 1751/26/1503 1747/25/1499 
f 1747/25/1499 1750/27/1502 2366/27/2117 
f 2273/28/2025 2367/28/2118 2368/28/2119 
f 2368/28/2119 2267/26/2019 2273/28/2025 
f 2368/28/2119 1752/28/1504 2364/26/2115 
f 2364/26/2115 2267/26/2019 2368/28/2119 
f 2273/28/2025 2275/28/2027 2367/28/2118 
f 1752/28/1504 2368/28/2119 2367/28/2118 
f 2367/28/2118 1755/28/1507 1752/28/1504 
f 1752/28/1504 1751/26/1503 2364/26/2115 
f 2279/29/2031 2366/27/2117 2369/29/2120 
f 2369/29/2120 2283/29/2035 2279/29/2031 
f 2369/29/2120 1766/29/1518 2370/29/2121 
f 2370/29/2121 2283/29/2035 2369/29/2120 
f 2279/29/2031 2270/27/2022 2366/27/2117 
f 1766/29/1518 2369/29/2120 2366/27/2117 
f 2366/27/2117 1750/27/1502 1766/29/1518 
f 1766/29/1518 1770/29/1522 2370/29/2121 
f 2371/29/2122 2372/29/2123 2373/29/2124 
f 2373/29/2124 2374/29/2125 2371/29/2122 
f 2373/29/2124 1771/29/1523 2375/29/2126 
f 2375/29/2126 2374/29/2125 2373/29/2124 
f 2371/29/2122 2289/29/2041 2372/29/2123 
f 1771/29/1523 2373/29/2124 2372/29/2123 
f 2372/29/2123 1778/29/1530 1771/29/1523 
f 1771/29/1523 1777/29/1529 2375/29/2126 
f 2291/29/2043 2370/29/2121 2376/29/2127 
f 2376/29/2127 2295/29/2047 2291/29/2043 
f 2376/29/2127 1782/29/1534 2377/29/2128 
f 2377/29/2128 2295/29/2047 2376/29/2127 
f 2291/29/2043 2283/29/2035 2370/29/2121 
f 1782/29/1534 2376/29/2127 2370/29/2121 
f 2370/29/2121 1770/29/1522 1782/29/1534 
f 1782/29/1534 1785/29/1537 2377/29/2128 
f 2297/29/2049 2377/29/2128 2378/29/2129 
f 2378/29/2129 2301/29/2053 2297/29/2049 
f 2378/29/2129 1787/29/1539 2379/29/2130 
f 2379/29/2130 2301/29/2053 2378/29/2129 
f 2297/29/2049 2295/29/2047 2377/29/2128 
f 1787/29/1539 2378/29/2129 2377/29/2128 
f 2377/29/2128 1785/29/1537 1787/29/1539 
f 1787/29/1539 1791/29/1543 2379/29/2130 
f 2380/28/2131 2381/28/2132 2382/28/2133 
f 2382/28/2133 2383/28/2134 2380/28/2131 
f 2384/28/2135 2385/28/2136 2383/28/2134 
f 2383/28/2134 2382/28/2133 2384/28/2135 
f 2380/28/2131 2386/28/2137 2381/28/2132 
f 2387/28/2138 2384/28/2135 2382/28/2133 
f 2382/28/2133 2381/28/2132 2387/28/2138 
f 2384/28/2135 2388/28/2139 2385/28/2136 
f 2389/29/2140 2390/29/2141 2391/29/2142 
f 2391/29/2142 2302/29/2054 2389/29/2140 
f 2392/29/2143 2302/29/2054 2391/29/2142 
f 2391/29/2142 2393/29/2144 2392/29/2143 
f 2389/29/2140 2242/29/1994 2390/29/2141 
f 2393/29/2144 2391/29/2142 2390/29/2141 
f 2390/29/2141 2394/29/2145 2393/29/2144 
f 2393/29/2144 2050/29/1802 2392/29/2143 
f 2268/25/2020 2395/27/2146 2396/25/2147 
f 2396/25/2147 2272/26/2024 2268/25/2020 
f 2396/25/2147 2397/273/2148 2398/26/2149 
f 2398/26/2149 2272/26/2024 2396/25/2147 
f 2268/25/2020 2271/27/2023 2395/27/2146 
f 2397/273/2148 2396/25/2147 2395/27/2146 
f 2395/27/2146 2399/274/2150 2397/273/2148 
f 2397/273/2148 2087/160/1839 2398/26/2149 
f 2276/28/2028 2398/26/2149 2400/28/2151 
f 2400/28/2151 2278/28/2030 2276/28/2028 
f 2092/158/1844 2401/28/2152 2278/28/2030 
f 2278/28/2030 2400/28/2151 2092/158/1844 
f 2276/28/2028 2272/26/2024 2398/26/2149 
f 2092/158/1844 2400/28/2151 2398/26/2149 
f 2398/26/2149 2087/160/1839 2092/158/1844 
f 2092/158/1844 2093/163/1845 2401/28/2152 
f 2282/29/2034 2402/29/2153 2403/29/2154 
f 2403/29/2154 2271/27/2023 2282/29/2034 
f 2403/29/2154 2404/29/2155 2395/27/2146 
f 2395/27/2146 2271/27/2023 2403/29/2154 
f 2282/29/2034 2284/29/2036 2402/29/2153 
f 2404/29/2155 2403/29/2154 2402/29/2153 
f 2402/29/2153 2405/29/2156 2404/29/2155 
f 2404/29/2155 2399/274/2150 2395/27/2146 
f 2288/29/2040 2406/29/2157 2407/29/2158 
f 2407/29/2158 2241/29/1993 2288/29/2040 
f 2407/29/2158 2408/29/2159 2409/29/2160 
f 2409/29/2160 2241/29/1993 2407/29/2158 
f 2288/29/2040 2290/29/2042 2406/29/2157 
f 2408/29/2159 2407/29/2158 2406/29/2157 
f 2406/29/2157 2410/29/2161 2408/29/2159 
f 2408/29/2159 2411/29/2162 2409/29/2160 
f 2294/29/2046 2412/29/2163 2413/29/2164 
f 2413/29/2164 2284/29/2036 2294/29/2046 
f 2413/29/2164 2414/29/2165 2402/29/2153 
f 2402/29/2153 2284/29/2036 2413/29/2164 
f 2294/29/2046 2296/29/2048 2412/29/2163 
f 2414/29/2165 2413/29/2164 2412/29/2163 
f 2412/29/2163 2058/29/1810 2414/29/2165 
f 2414/29/2165 2405/29/2156 2402/29/2153 
f 2300/29/2052 2392/29/2143 2415/29/2166 
f 2415/29/2166 2296/29/2048 2300/29/2052 
f 2415/29/2166 2055/29/1807 2412/29/2163 
f 2412/29/2163 2296/29/2048 2415/29/2166 
f 2300/29/2052 2302/29/2054 2392/29/2143 
f 2055/29/1807 2415/29/2166 2392/29/2143 
f 2392/29/2143 2050/29/1802 2055/29/1807 
f 2055/29/1807 2058/29/1810 2412/29/2163 
f 2416/28/2167 2417/28/2168 2418/28/2169 
f 2418/28/2169 2278/28/2030 2416/28/2167 
f 2418/28/2169 2419/28/2170 2277/28/2029 
f 2277/28/2029 2278/28/2030 2418/28/2169 
f 2416/28/2167 2420/28/2171 2417/28/2168 
f 2419/28/2170 2418/28/2169 2417/28/2168 
f 2417/28/2168 2421/28/2172 2419/28/2170 
f 2419/28/2170 2275/28/2027 2277/28/2029 
f 2052/29/1804 2230/29/1982 2422/29/2173 
f 2422/29/2173 2057/29/1809 2052/29/1804 
f 2422/29/2173 1850/29/1602 2062/29/1814 
f 2062/29/1814 2057/29/1809 2422/29/2173 
f 2052/29/1804 2056/29/1808 2230/29/1982 
f 1850/29/1602 2422/29/2173 2230/29/1982 
f 2230/29/1982 1849/29/1601 1850/29/1602 
f 1850/29/1602 1844/29/1596 2062/29/1814 
f 2061/29/1813 2423/29/2174 2424/29/2175 
f 2424/29/2175 2057/29/1809 2061/29/1813 
f 2424/29/2175 2414/29/2165 2054/29/1806 
f 2054/29/1806 2057/29/1809 2424/29/2175 
f 2061/29/1813 2063/29/1815 2423/29/2174 
f 2414/29/2165 2424/29/2175 2423/29/2174 
f 2423/29/2174 2405/29/2156 2414/29/2165 
f 2414/29/2165 2058/29/1810 2054/29/1806 
f 2066/29/1818 2425/275/2176 2426/29/2177 
f 2426/29/2177 2063/29/1815 2066/29/1818 
f 2426/29/2177 2404/29/2155 2423/29/2174 
f 2423/29/2174 2063/29/1815 2426/29/2177 
f 2066/29/1818 2067/150/1819 2425/275/2176 
f 2404/29/2155 2426/29/2177 2425/275/2176 
f 2425/275/2176 2399/274/2150 2404/29/2155 
f 2404/29/2155 2405/29/2156 2423/29/2174 
f 2070/151/1822 2088/162/1840 2427/276/2178 
f 2427/276/2178 2067/150/1819 2070/151/1822 
f 2427/276/2178 2397/273/2148 2425/275/2176 
f 2425/275/2176 2067/150/1819 2427/276/2178 
f 2070/151/1822 2071/154/1823 2088/162/1840 
f 2397/273/2148 2427/276/2178 2088/162/1840 
f 2088/162/1840 2087/160/1839 2397/273/2148 
f 2397/273/2148 2399/274/2150 2425/275/2176 
f 2076/28/1828 2428/28/2179 2429/28/2180 
f 2429/28/2180 2080/157/1832 2076/28/1828 
f 2429/28/2180 2430/28/2181 2091/158/1843 
f 2091/158/1843 2080/157/1832 2429/28/2180 
f 2076/28/1828 2079/28/1831 2428/28/2179 
f 2430/28/2181 2429/28/2180 2428/28/2179 
f 2428/28/2179 2431/28/2182 2430/28/2181 
f 2430/28/2181 2093/163/1845 2091/158/1843 
f 2083/28/1835 2432/28/2183 2433/28/2184 
f 2433/28/2184 2086/28/1838 2083/28/1835 
f 2433/28/2184 2434/28/2185 2435/28/2186 
f 2435/28/2186 2086/28/1838 2433/28/2184 
f 2083/28/1835 2085/28/1837 2432/28/2183 
f 2434/28/2185 2433/28/2184 2432/28/2183 
f 2432/28/2183 2257/28/2009 2434/28/2185 
f 2434/28/2185 2388/28/2139 2435/28/2186 
f 2089/161/1841 2068/153/1820 2436/277/2187 
f 2436/277/2187 2080/157/1832 2089/161/1841 
f 2436/277/2187 2097/164/1849 2077/155/1829 
f 2077/155/1829 2080/157/1832 2436/277/2187 
f 2089/161/1841 2071/154/1823 2068/153/1820 
f 2097/164/1849 2436/277/2187 2068/153/1820 
f 2068/153/1820 1831/39/1583 2097/164/1849 
f 2097/164/1849 2075/156/1827 2077/155/1829 
f 2437/29/2188 2438/29/2189 2439/29/2190 
f 2439/29/2190 2440/29/2191 2437/29/2188 
f 2441/29/2192 2440/29/2191 2439/29/2190 
f 2439/29/2190 2442/29/2193 2441/29/2192 
f 2437/29/2188 2234/29/1986 2438/29/2189 
f 2442/29/2193 2439/29/2190 2438/29/2189 
f 2438/29/2189 2394/29/2145 2442/29/2193 
f 2442/29/2193 2411/29/2162 2441/29/2192 
f 2443/279/2194 1893/53/1645 1889/49/1641 
f 1889/49/1641 2444/280/2195 2443/279/2194 
f 2443/279/2194 2012/131/1764 2445/278/2196 
f 2445/278/2196 1893/53/1645 2443/279/2194 
f 1889/49/1641 1892/54/1644 2444/280/2195 
f 2012/131/1764 2443/279/2194 2444/280/2195 
f 2444/280/2195 1938/98/1690 2012/131/1764 
f 2012/131/1764 2014/130/1766 2445/278/2196 
f 1920/85/1672 2446/283/2197 2447/282/2198 
f 2447/282/2198 1925/88/1677 1920/85/1672 
f 2447/282/2198 2022/134/1774 2448/281/2199 
f 2448/281/2199 1925/88/1677 2447/282/2198 
f 1920/85/1672 1924/89/1676 2446/283/2197 
f 2022/134/1774 2447/282/2198 2446/283/2197 
f 2446/283/2197 2026/139/1778 2022/134/1774 
f 2022/134/1774 2025/140/1777 2448/281/2199 
f 1927/91/1679 2445/278/2196 2449/284/2200 
f 2449/284/2200 1924/89/1676 1927/91/1679 
f 2449/284/2200 2027/144/1779 2446/283/2197 
f 2446/283/2197 1924/89/1676 2449/284/2200 
f 1927/91/1679 1893/53/1645 2445/278/2196 
f 2027/144/1779 2449/284/2200 2445/278/2196 
f 2445/278/2196 2014/130/1766 2027/144/1779 
f 2027/144/1779 2026/139/1778 2446/283/2197 
f 2031/146/1783 2201/256/1953 2450/285/2201 
f 2450/285/2201 1892/54/1644 2031/146/1783 
f 2450/285/2201 1935/92/1687 2444/280/2195 
f 2444/280/2195 1892/54/1644 2450/285/2201 
f 2031/146/1783 2033/148/1785 2201/256/1953 
f 1935/92/1687 2450/285/2201 2201/256/1953 
f 2201/256/1953 1930/95/1682 1935/92/1687 
f 1935/92/1687 1938/98/1690 2444/280/2195 
f 2110/182/1862 2448/281/2199 2451/286/2202 
f 2451/286/2202 2006/125/1758 2110/182/1862 
f 2451/286/2202 2115/183/1867 2005/123/1757 
f 2005/123/1757 2006/125/1758 2451/286/2202 
f 2110/182/1862 1925/88/1677 2448/281/2199 
f 2115/183/1867 2451/286/2202 2448/281/2199 
f 2448/281/2199 2025/140/1777 2115/183/1867 
f 2115/183/1867 2004/122/1756 2005/123/1757 
f 2452/29/2203 2453/287/2204 2454/29/2205 
f 2454/29/2205 2455/29/2206 2452/29/2203 
f 2454/29/2205 2211/29/1963 2456/29/2207 
f 2456/29/2207 2455/29/2206 2454/29/2205 
f 2452/29/2203 2205/254/1957 2453/287/2204 
f 2211/29/1963 2454/29/2205 2453/287/2204 
f 2453/287/2204 2206/29/1958 2211/29/1963 
f 2211/29/1963 2214/29/1966 2456/29/2207 
f 2457/289/2208 2458/290/2209 2459/289/2208 
f 2459/289/2208 2460/288/2210 2457/289/2208 
f 2459/289/2208 2461/289/2208 2462/288/2210 
f 2462/288/2210 2460/288/2210 2459/289/2208 
f 2457/289/2208 2463/290/2209 2458/290/2209 
f 2461/289/2208 2459/289/2208 2458/290/2209 
f 2458/290/2209 2464/290/2209 2461/289/2208 
f 2461/289/2208 2465/288/2210 2462/288/2210 
f 2466/291/2211 2467/291/2212 2468/291/2211 
f 2468/291/2211 2463/290/2209 2466/291/2211 
f 2468/291/2211 2469/291/2211 2458/290/2209 
f 2458/290/2209 2463/290/2209 2468/291/2211 
f 2466/291/2211 2470/291/2212 2467/291/2212 
f 2469/291/2211 2468/291/2211 2467/291/2212 
f 2467/291/2212 2471/291/2212 2469/291/2211 
f 2469/291/2211 2464/290/2209 2458/290/2209 
f 2472/291/2213 2473/292/2214 2474/291/2213 
f 2474/291/2213 2470/291/2212 2472/291/2213 
f 2474/291/2213 2475/291/2213 2467/291/2212 
f 2467/291/2212 2470/291/2212 2474/291/2213 
f 2472/291/2213 2476/292/2214 2473/292/2214 
f 2475/291/2213 2474/291/2213 2473/292/2214 
f 2473/292/2214 2477/292/2214 2475/291/2213 
f 2475/291/2213 2471/291/2212 2467/291/2212 
f 2478/293/2215 2462/288/2210 2479/293/2215 
f 2479/293/2215 2480/293/2216 2478/293/2215 
f 2479/293/2215 2481/293/2215 2482/293/2216 
f 2482/293/2216 2480/293/2216 2479/293/2215 
f 2478/293/2215 2460/288/2210 2462/288/2210 
f 2465/288/2210 2481/293/2215 2479/293/2215 
f 2479/293/2215 2462/288/2210 2465/288/2210 
f 2481/293/2215 2483/293/2216 2482/293/2216 
f 2484/23/2217 2485/293/2218 2486/293/2219 
f 2486/293/2219 2487/293/2220 2484/23/2217 
f 2487/293/2220 2488/293/2218 2489/23/2217 
f 2489/23/2217 2484/23/2217 2487/293/2220 
f 2485/293/2218 2490/293/2219 2486/293/2219 
f 2491/293/2219 2488/293/2218 2487/293/2220 
f 2487/293/2220 2486/293/2219 2491/293/2219 
f 2488/293/2218 2492/23/2217 2489/23/2217 
f 2493/197/2221 2494/198/2222 2495/197/2221 
f 2495/197/2221 2496/30/2223 2493/197/2221 
f 2495/197/2221 2497/197/2221 2498/30/2223 
f 2498/30/2223 2496/30/2223 2495/197/2221 
f 2493/197/2221 2499/198/2222 2494/198/2222 
f 2500/198/2222 2497/197/2221 2495/197/2221 
f 2495/197/2221 2494/198/2222 2500/198/2222 
f 2497/197/2221 2501/30/2223 2498/30/2223 
f 2502/29/2224 2503/29/2225 2504/29/2226 
f 2504/29/2226 2505/29/2227 2502/29/2224 
f 2504/29/2226 2506/29/2228 2507/29/2229 
f 2507/29/2229 2505/29/2227 2504/29/2226 
f 2502/29/2224 2508/29/2230 2503/29/2225 
f 2506/29/2228 2504/29/2226 2503/29/2225 
f 2503/29/2225 2509/29/2231 2506/29/2228 
f 2506/29/2228 2510/29/2232 2507/29/2229 
f 2511/28/795 2512/28/796 2513/28/796 
f 2513/28/796 2514/28/795 2511/28/795 
f 2513/28/796 2515/28/795 2516/28/796 
f 2516/28/796 2514/28/795 2513/28/796 
f 2511/28/795 2517/28/796 2512/28/796 
f 2515/28/795 2513/28/796 2512/28/796 
f 2512/28/796 2518/28/796 2515/28/795 
f 2515/28/795 2519/28/795 2516/28/796 
f 2520/28/2233 2521/28/2234 2522/28/2233 
f 2522/28/2233 2523/28/2235 2520/28/2233 
f 2522/28/2233 2524/28/2233 2525/28/2235 
f 2525/28/2235 2523/28/2235 2522/28/2233 
f 2520/28/2233 2526/28/2234 2521/28/2234 
f 2524/28/2233 2522/28/2233 2521/28/2234 
f 2521/28/2234 2527/28/2234 2524/28/2233 
f 2524/28/2233 2528/28/2235 2525/28/2235 
f 2529/28/2236 2530/28/2237 2531/28/2238 
f 2531/28/2238 2532/28/2239 2529/28/2236 
f 2531/28/2238 2533/28/2236 2534/28/2239 
f 2534/28/2239 2532/28/2239 2531/28/2238 
f 2529/28/2236 2535/28/2240 2530/28/2237 
f 2533/28/2236 2531/28/2238 2530/28/2237 
f 2530/28/2237 2536/28/2237 2533/28/2236 
f 2533/28/2236 2537/28/2239 2534/28/2239 
f 2538/28/2241 2534/28/2239 2539/28/2241 
f 2539/28/2241 2540/28/2242 2538/28/2241 
f 2539/28/2241 2541/28/2241 2542/28/2242 
f 2542/28/2242 2540/28/2242 2539/28/2241 
f 2538/28/2241 2532/28/2239 2534/28/2239 
f 2541/28/2241 2539/28/2241 2534/28/2239 
f 2534/28/2239 2537/28/2239 2541/28/2241 
f 2541/28/2241 2543/28/2242 2542/28/2242 
f 2544/28/2243 2542/28/2242 2545/28/2243 
f 2545/28/2243 2546/28/2244 2544/28/2243 
f 2545/28/2243 2547/28/2243 2548/28/2244 
f 2548/28/2244 2546/28/2244 2545/28/2243 
f 2544/28/2243 2540/28/2242 2542/28/2242 
f 2547/28/2243 2545/28/2243 2542/28/2242 
f 2542/28/2242 2543/28/2242 2547/28/2243 
f 2547/28/2243 2549/28/2244 2548/28/2244 
f 2550/28/2245 2548/28/2244 2551/28/2246 
f 2551/28/2246 2552/28/2247 2550/28/2245 
f 2551/28/2246 2553/28/2245 2554/28/2247 
f 2554/28/2247 2552/28/2247 2551/28/2246 
f 2550/28/2245 2546/28/2244 2548/28/2244 
f 2553/28/2245 2551/28/2246 2548/28/2244 
f 2548/28/2244 2549/28/2244 2553/28/2245 
f 2553/28/2245 2555/28/2247 2554/28/2247 
f 2556/293/2248 2482/293/2216 2557/293/2248 
f 2557/293/2248 2558/293/2249 2556/293/2248 
f 2557/293/2248 2559/293/2248 2560/293/2249 
f 2560/293/2249 2558/293/2249 2557/293/2248 
f 2556/293/2248 2480/293/2216 2482/293/2216 
f 2483/293/2216 2559/293/2248 2557/293/2248 
f 2557/293/2248 2482/293/2216 2483/293/2216 
f 2559/293/2248 2561/293/2249 2560/293/2249 
f 2562/293/2250 2563/293/2251 2564/293/2252 
f 2564/293/2252 2565/293/2253 2562/293/2250 
f 2565/293/2253 2566/293/2254 2567/293/2255 
f 2567/293/2255 2562/293/2250 2565/293/2253 
f 2563/293/2251 2568/293/2252 2564/293/2252 
f 2569/293/2252 2566/293/2254 2565/293/2253 
f 2565/293/2253 2564/293/2252 2569/293/2252 
f 2566/293/2254 2570/293/2255 2567/293/2255 
f 2571/293/2256 2560/293/2249 2572/293/2257 
f 2572/293/2257 2573/293/2258 2571/293/2256 
f 2572/293/2257 2574/293/2259 2575/293/2260 
f 2575/293/2260 2573/293/2258 2572/293/2257 
f 2571/293/2256 2558/293/2249 2560/293/2249 
f 2561/293/2249 2574/293/2259 2572/293/2257 
f 2572/293/2257 2560/293/2249 2561/293/2249 
f 2574/293/2259 2576/293/2261 2575/293/2260 
f 2577/28/2262 2525/28/2235 2578/28/2262 
f 2578/28/2262 2579/28/796 2577/28/2262 
f 2578/28/2262 2580/28/2262 2581/28/796 
f 2581/28/796 2579/28/796 2578/28/2262 
f 2577/28/2262 2523/28/2235 2525/28/2235 
f 2580/28/2262 2578/28/2262 2525/28/2235 
f 2525/28/2235 2528/28/2235 2580/28/2262 
f 2580/28/2262 2582/28/796 2581/28/796 
f 2583/28/796 2581/28/796 2584/28/796 
f 2584/28/796 2517/28/796 2583/28/796 
f 2584/28/796 2585/28/796 2512/28/796 
f 2512/28/796 2517/28/796 2584/28/796 
f 2583/28/796 2579/28/796 2581/28/796 
f 2585/28/796 2584/28/796 2581/28/796 
f 2581/28/796 2582/28/796 2585/28/796 
f 2585/28/796 2518/28/796 2512/28/796 
f 2586/29/2263 2498/30/2223 2587/29/2263 
f 2587/29/2263 2588/29/2264 2586/29/2263 
f 2587/29/2263 2589/29/2263 2590/29/2264 
f 2590/29/2264 2588/29/2264 2587/29/2263 
f 2586/29/2263 2496/30/2223 2498/30/2223 
f 2501/30/2223 2589/29/2263 2587/29/2263 
f 2587/29/2263 2498/30/2223 2501/30/2223 
f 2589/29/2263 2591/29/2264 2590/29/2264 
f 2592/272/2222 2593/20/2222 2594/272/2222 
f 2594/272/2222 2499/198/2222 2592/272/2222 
f 2594/272/2222 2595/272/2222 2494/198/2222 
f 2494/198/2222 2499/198/2222 2594/272/2222 
f 2592/272/2222 2596/20/2222 2593/20/2222 
f 2597/20/2222 2595/272/2222 2594/272/2222 
f 2594/272/2222 2593/20/2222 2597/20/2222 
f 2595/272/2222 2500/198/2222 2494/198/2222 
f 2598/29/2265 2590/29/2264 2599/29/2265 
f 2599/29/2265 2600/29/2266 2598/29/2265 
f 2601/29/2265 2602/29/2267 2600/29/2266 
f 2600/29/2266 2599/29/2265 2601/29/2265 
f 2598/29/2265 2588/29/2264 2590/29/2264 
f 2591/29/2264 2601/29/2265 2599/29/2265 
f 2599/29/2265 2590/29/2264 2591/29/2264 
f 2601/29/2265 2603/29/2267 2602/29/2267 
f 2604/29/2268 2602/29/2267 2605/29/2269 
f 2605/29/2269 2508/29/2230 2604/29/2268 
f 2605/29/2269 2606/29/2270 2503/29/2225 
f 2503/29/2225 2508/29/2230 2605/29/2269 
f 2604/29/2268 2600/29/2266 2602/29/2267 
f 2606/29/2270 2605/29/2269 2602/29/2267 
f 2602/29/2267 2603/29/2267 2606/29/2270 
f 2606/29/2270 2509/29/2231 2503/29/2225 
f 2607/28/2271 2554/28/2247 2608/28/2271 
f 2608/28/2271 2526/28/2234 2607/28/2271 
f 2608/28/2271 2609/28/2271 2521/28/2234 
f 2521/28/2234 2526/28/2234 2608/28/2271 
f 2607/28/2271 2552/28/2247 2554/28/2247 
f 2609/28/2271 2608/28/2271 2554/28/2247 
f 2554/28/2247 2555/28/2247 2609/28/2271 
f 2609/28/2271 2527/28/2234 2521/28/2234 
f 2610/295/2272 2611/296/2273 2612/295/2272 
f 2612/295/2272 2613/294/2274 2610/295/2272 
f 2612/295/2272 2614/295/2272 2615/294/2274 
f 2615/294/2274 2613/294/2274 2612/295/2272 
f 2610/295/2272 2616/296/2273 2611/296/2273 
f 2614/295/2272 2612/295/2272 2611/296/2273 
f 2611/296/2273 2617/296/2273 2614/295/2272 
f 2614/295/2272 2618/294/2274 2615/294/2274 
f 2619/11/2275 2620/12/2276 2621/11/2275 
f 2621/11/2275 2616/296/2273 2619/11/2275 
f 2621/11/2275 2622/11/2275 2611/296/2273 
f 2611/296/2273 2616/296/2273 2621/11/2275 
f 2619/11/2275 2623/12/2276 2620/12/2276 
f 2622/11/2275 2621/11/2275 2620/12/2276 
f 2620/12/2276 2624/12/2276 2622/11/2275 
f 2622/11/2275 2617/296/2273 2611/296/2273 
f 2625/28/2277 2626/28/2278 2627/28/2279 
f 2627/28/2279 2623/12/2276 2625/28/2277 
f 2627/28/2279 2628/28/2279 2620/12/2276 
f 2620/12/2276 2623/12/2276 2627/28/2279 
f 2625/28/2277 2629/28/2280 2626/28/2278 
f 2628/28/2279 2627/28/2279 2626/28/2278 
f 2626/28/2278 2630/28/2281 2628/28/2279 
f 2628/28/2279 2624/12/2276 2620/12/2276 
f 2631/28/796 2632/28/795 2633/28/796 
f 2633/28/796 2634/28/796 2631/28/796 
f 2633/28/796 2516/28/796 2635/28/795 
f 2635/28/795 2634/28/796 2633/28/796 
f 2631/28/796 2636/28/796 2632/28/795 
f 2516/28/796 2633/28/796 2632/28/795 
f 2632/28/795 2514/28/795 2516/28/796 
f 2516/28/796 2519/28/795 2635/28/795 
f 2637/28/2281 2638/28/2281 2639/28/2281 
f 2639/28/2281 2629/28/2280 2637/28/2281 
f 2640/28/2281 2626/28/2278 2629/28/2280 
f 2629/28/2280 2639/28/2281 2640/28/2281 
f 2637/28/2281 2641/28/2281 2638/28/2281 
f 2642/28/2281 2640/28/2281 2639/28/2281 
f 2639/28/2281 2638/28/2281 2642/28/2281 
f 2640/28/2281 2630/28/2281 2626/28/2278 
f 2643/290/2282 2644/289/2283 2645/289/2284 
f 2645/289/2284 2646/290/2285 2643/290/2282 
f 2647/289/2286 2646/290/2285 2645/289/2284 
f 2645/289/2284 2648/288/2287 2647/289/2286 
f 2643/290/2282 2649/290/2288 2644/289/2283 
f 2648/288/2287 2645/289/2284 2644/289/2283 
f 2644/289/2283 2650/288/2289 2648/288/2287 
f 2648/288/2287 2651/288/2290 2647/289/2286 
f 2652/291/2291 2653/291/2292 2654/291/2293 
f 2654/291/2293 2655/291/2294 2652/291/2291 
f 2656/291/2295 2655/291/2294 2654/291/2293 
f 2654/291/2293 2643/290/2282 2656/291/2295 
f 2652/291/2291 2657/291/2296 2653/291/2292 
f 2643/290/2282 2654/291/2293 2653/291/2292 
f 2653/291/2292 2649/290/2288 2643/290/2282 
f 2643/290/2282 2646/290/2285 2656/291/2295 
f 2658/292/2297 2659/291/2298 2660/291/2299 
f 2660/291/2299 2661/292/2300 2658/292/2297 
f 2662/291/2301 2661/292/2300 2660/291/2299 
f 2660/291/2299 2652/291/2291 2662/291/2301 
f 2658/292/2297 2663/292/2302 2659/291/2298 
f 2652/291/2291 2660/291/2299 2659/291/2298 
f 2659/291/2298 2657/291/2296 2652/291/2291 
f 2652/291/2291 2655/291/2294 2662/291/2301 
f 2651/288/2290 2648/288/2287 2664/293/2303 
f 2664/293/2303 2665/293/2304 2651/288/2290 
f 2666/293/2305 2651/288/2290 2665/293/2304 
f 2665/293/2304 2667/293/2306 2666/293/2305 
f 2648/288/2287 2650/288/2289 2664/293/2303 
f 2668/293/2307 2667/293/2306 2665/293/2304 
f 2665/293/2304 2664/293/2303 2668/293/2307 
f 2667/293/2306 2669/293/2308 2666/293/2305 
f 2670/293/2309 2671/293/2310 2672/293/2311 
f 2672/293/2311 2673/293/2312 2670/293/2309 
f 2673/293/2312 2674/293/2313 2675/293/2314 
f 2675/293/2314 2670/293/2309 2673/293/2312 
f 2671/293/2310 2676/293/2315 2672/293/2311 
f 2677/293/2316 2674/293/2313 2673/293/2312 
f 2673/293/2312 2672/293/2311 2677/293/2316 
f 2674/293/2313 2678/293/2317 2675/293/2314 
f 2679/198/2318 2680/197/2319 2681/197/2320 
f 2681/197/2320 2682/198/2321 2679/198/2318 
f 2681/197/2320 2683/30/2322 2684/197/2323 
f 2684/197/2323 2682/198/2321 2681/197/2320 
f 2679/198/2318 2685/198/2324 2680/197/2319 
f 2683/30/2322 2681/197/2320 2680/197/2319 
f 2680/197/2319 2686/30/2325 2683/30/2322 
f 2683/30/2322 2687/30/2326 2684/197/2323 
f 2688/29/2327 2689/29/2328 2690/29/2329 
f 2690/29/2329 2691/29/2330 2688/29/2327 
f 2690/29/2329 2692/29/2331 2693/29/2332 
f 2693/29/2332 2691/29/2330 2690/29/2329 
f 2688/29/2327 2694/29/2333 2689/29/2328 
f 2692/29/2331 2690/29/2329 2689/29/2328 
f 2689/29/2328 2695/29/2334 2692/29/2331 
f 2692/29/2331 2696/29/2335 2693/29/2332 
f 2669/293/2308 2667/293/2306 2697/293/2336 
f 2697/293/2336 2698/293/2337 2669/293/2308 
f 2699/293/2338 2669/293/2308 2698/293/2337 
f 2698/293/2337 2700/293/2339 2699/293/2338 
f 2667/293/2306 2668/293/2307 2697/293/2336 
f 2701/293/2340 2700/293/2339 2698/293/2337 
f 2698/293/2337 2697/293/2336 2701/293/2340 
f 2700/293/2339 2702/293/2341 2699/293/2338 
f 2703/293/2342 2704/293/2343 2705/293/2344 
f 2705/293/2344 2706/293/2345 2703/293/2342 
f 2706/293/2345 2707/293/2346 2708/293/2347 
f 2708/293/2347 2703/293/2342 2706/293/2345 
f 2704/293/2343 2709/293/2348 2705/293/2344 
f 2710/293/2349 2707/293/2346 2706/293/2345 
f 2706/293/2345 2705/293/2344 2710/293/2349 
f 2707/293/2346 2711/293/2350 2708/293/2347 
f 2702/293/2341 2700/293/2339 2712/293/2351 
f 2712/293/2351 2713/293/2352 2702/293/2341 
f 2714/293/2353 2702/293/2341 2713/293/2352 
f 2713/293/2352 2704/293/2343 2714/293/2353 
f 2700/293/2339 2701/293/2340 2712/293/2351 
f 2709/293/2348 2704/293/2343 2713/293/2352 
f 2713/293/2352 2712/293/2351 2709/293/2348 
f 2704/293/2343 2703/293/2342 2714/293/2353 
f 2715/29/2354 2716/29/2355 2687/30/2326 
f 2687/30/2326 2683/30/2322 2715/29/2354 
f 2716/29/2355 2717/29/2356 2718/29/2357 
f 2718/29/2357 2687/30/2326 2716/29/2355 
f 2683/30/2322 2686/30/2325 2715/29/2354 
f 2717/29/2356 2716/29/2355 2715/29/2354 
f 2715/29/2354 2719/29/2358 2717/29/2356 
f 2717/29/2356 2720/29/2359 2718/29/2357 
f 2721/21/2360 2722/21/2361 2723/23/2362 
f 2723/23/2362 2724/23/2363 2721/21/2360 
f 2723/23/2362 2722/21/2361 2725/20/2364 
f 2725/20/2364 2726/21/2365 2723/23/2362 
f 2724/23/2363 2727/23/2366 2721/21/2360 
f 2725/20/2364 2722/21/2361 2721/21/2360 
f 2721/21/2360 2728/20/2367 2725/20/2364 
f 2725/20/2364 2729/20/2368 2726/21/2365 
f 2717/29/2356 2730/29/2369 2731/29/2370 
f 2731/29/2370 2720/29/2359 2717/29/2356 
f 2731/29/2370 2732/29/2371 2733/29/2372 
f 2733/29/2372 2720/29/2359 2731/29/2370 
f 2717/29/2356 2719/29/2358 2730/29/2369 
f 2732/29/2371 2731/29/2370 2730/29/2369 
f 2730/29/2369 2734/29/2373 2732/29/2371 
f 2732/29/2371 2735/29/2374 2733/29/2372 
f 2732/29/2371 2736/29/2375 2737/29/2376 
f 2737/29/2376 2735/29/2374 2732/29/2371 
f 2737/29/2376 2688/29/2327 2738/29/2377 
f 2738/29/2377 2735/29/2374 2737/29/2376 
f 2732/29/2371 2734/29/2373 2736/29/2375 
f 2688/29/2327 2737/29/2376 2736/29/2375 
f 2736/29/2375 2694/29/2333 2688/29/2327 
f 2688/29/2327 2691/29/2330 2738/29/2377 
f 2739/296/2378 2740/295/2379 2741/295/2380 
f 2741/295/2380 2742/296/2381 2739/296/2378 
f 2741/295/2380 2743/294/2382 2744/295/2381 
f 2744/295/2381 2742/296/2381 2741/295/2380 
f 2739/296/2378 2745/296/2383 2740/295/2379 
f 2743/294/2382 2741/295/2380 2740/295/2379 
f 2740/295/2379 2746/294/2384 2743/294/2382 
f 2743/294/2382 2747/294/2385 2744/295/2381 
f 2748/12/2386 2749/11/2387 2750/11/2388 
f 2750/11/2388 2751/12/2389 2748/12/2386 
f 2750/11/2388 2739/296/2378 2752/11/2390 
f 2752/11/2390 2751/12/2389 2750/11/2388 
f 2748/12/2386 2753/12/2391 2749/11/2387 
f 2739/296/2378 2750/11/2388 2749/11/2387 
f 2749/11/2387 2745/296/2383 2739/296/2378 
f 2739/296/2378 2742/296/2381 2752/11/2390 
f 2754/28/2392 2755/28/2393 2756/28/2394 
f 2756/28/2394 2757/28/2395 2754/28/2392 
f 2756/28/2394 2748/12/2386 2758/28/2396 
f 2758/28/2396 2757/28/2395 2756/28/2394 
f 2754/28/2392 2759/28/2392 2755/28/2393 
f 2748/12/2386 2756/28/2394 2755/28/2393 
f 2755/28/2393 2753/12/2391 2748/12/2386 
f 2748/12/2386 2751/12/2389 2758/28/2396 
f 2461/289/2208 2760/290/2397 2761/289/2398 
f 2761/289/2398 2465/288/2210 2461/289/2208 
f 2647/289/2286 2762/288/2399 2465/288/2210 
f 2465/288/2210 2761/289/2398 2647/289/2286 
f 2461/289/2208 2464/290/2209 2760/290/2397 
f 2647/289/2286 2761/289/2398 2760/290/2397 
f 2760/290/2397 2646/290/2285 2647/289/2286 
f 2647/289/2286 2651/288/2290 2762/288/2399 
f 2457/289/2208 2763/288/2400 2764/289/2401 
f 2764/289/2401 2463/290/2209 2457/289/2208 
f 2765/297/2402 2766/290/2403 2463/290/2209 
f 2463/290/2209 2764/289/2401 2765/297/2402 
f 2457/289/2208 2460/288/2210 2763/288/2400 
f 2765/297/2402 2764/289/2401 2763/288/2400 
f 2763/288/2400 1732/22/1484 2765/297/2402 
f 2765/297/2402 2767/298/2404 2766/290/2403 
f 2469/291/2211 2768/291/2405 2769/291/2406 
f 2769/291/2406 2464/290/2209 2469/291/2211 
f 2656/291/2295 2760/290/2397 2464/290/2209 
f 2464/290/2209 2769/291/2406 2656/291/2295 
f 2469/291/2211 2471/291/2212 2768/291/2405 
f 2656/291/2295 2769/291/2406 2768/291/2405 
f 2768/291/2405 2655/291/2294 2656/291/2295 
f 2656/291/2295 2646/290/2285 2760/290/2397 
f 2466/291/2211 2766/290/2403 2770/291/2407 
f 2770/291/2407 2470/291/2212 2466/291/2211 
f 2770/291/2407 2771/299/2408 2772/291/2409 
f 2772/291/2409 2470/291/2212 2770/291/2407 
f 2466/291/2211 2463/290/2209 2766/290/2403 
f 2771/299/2408 2770/291/2407 2766/290/2403 
f 2766/290/2403 2767/298/2404 2771/299/2408 
f 2771/299/2408 2773/300/2410 2772/291/2409 
f 2475/291/2213 2774/292/2411 2775/291/2412 
f 2775/291/2412 2471/291/2212 2475/291/2213 
f 2775/291/2412 2662/291/2301 2768/291/2405 
f 2768/291/2405 2471/291/2212 2775/291/2412 
f 2475/291/2213 2477/292/2214 2774/292/2411 
f 2662/291/2301 2775/291/2412 2774/292/2411 
f 2774/292/2411 2661/292/2300 2662/291/2301 
f 2662/291/2301 2655/291/2294 2768/291/2405 
f 2472/291/2213 2772/291/2409 2776/291/2413 
f 2776/291/2413 2476/292/2214 2472/291/2213 
f 2776/291/2413 2777/301/2414 2778/292/2415 
f 2778/292/2415 2476/292/2214 2776/291/2413 
f 2472/291/2213 2470/291/2212 2772/291/2409 
f 2777/301/2414 2776/291/2413 2772/291/2409 
f 2772/291/2409 2773/300/2410 2777/301/2414 
f 2777/301/2414 2779/302/2416 2778/292/2415 
f 2481/293/2215 2762/288/2399 2780/293/2417 
f 2780/293/2417 2483/293/2216 2481/293/2215 
f 2666/293/2305 2781/293/2418 2483/293/2216 
f 2483/293/2216 2780/293/2417 2666/293/2305 
f 2481/293/2215 2465/288/2210 2762/288/2399 
f 2666/293/2305 2780/293/2417 2762/288/2399 
f 2762/288/2399 2651/288/2290 2666/293/2305 
f 2666/293/2305 2669/293/2308 2781/293/2418 
f 2478/293/2215 2782/293/2419 2783/293/2420 
f 2783/293/2420 2460/288/2210 2478/293/2215 
f 1733/23/1485 2763/288/2400 2460/288/2210 
f 2460/288/2210 2783/293/2420 1733/23/1485 
f 2478/293/2215 2480/293/2216 2782/293/2419 
f 1733/23/1485 2783/293/2420 2782/293/2419 
f 2782/293/2419 1737/23/1489 1733/23/1485 
f 1733/23/1485 1732/22/1484 2763/288/2400 
f 2488/293/2218 2784/293/2421 2785/293/2422 
f 2785/293/2422 2492/23/2217 2488/293/2218 
f 2786/23/2423 2492/23/2217 2785/293/2422 
f 2785/293/2422 2787/293/2424 2786/23/2423 
f 2488/293/2218 2491/293/2219 2784/293/2421 
f 2787/293/2424 2785/293/2422 2784/293/2421 
f 2784/293/2421 2678/293/2317 2787/293/2424 
f 2787/293/2424 2723/23/2362 2786/23/2423 
f 2788/293/2425 2789/293/2426 2790/293/2427 
f 2790/293/2427 2562/293/2250 2788/293/2425 
f 2791/23/2428 2792/293/2429 2562/293/2250 
f 2562/293/2250 2790/293/2427 2791/23/2428 
f 2788/293/2425 2490/293/2219 2789/293/2426 
f 2793/23/2430 2791/23/2428 2790/293/2427 
f 2790/293/2427 2789/293/2426 2793/23/2430 
f 2791/23/2428 2794/23/2431 2792/293/2429 
f 2497/197/2221 2795/198/2432 2796/197/2433 
f 2796/197/2433 2501/30/2223 2497/197/2221 
f 2796/197/2433 2684/197/2323 2797/30/2434 
f 2797/30/2434 2501/30/2223 2796/197/2433 
f 2497/197/2221 2500/198/2222 2795/198/2432 
f 2682/198/2321 2684/197/2323 2796/197/2433 
f 2796/197/2433 2795/198/2432 2682/198/2321 
f 2684/197/2323 2687/30/2326 2797/30/2434 
f 2493/197/2221 2798/30/2435 2799/197/2436 
f 2799/197/2436 2499/198/2222 2493/197/2221 
f 2799/197/2436 2800/197/2437 2801/198/2438 
f 2801/198/2438 2499/198/2222 2799/197/2436 
f 2493/197/2221 2496/30/2223 2798/30/2435 
f 1773/30/1525 2800/197/2437 2799/197/2436 
f 2799/197/2436 2798/30/2435 1773/30/1525 
f 2800/197/2437 2339/198/2090 2801/198/2438 
f 2506/29/2228 2802/29/2439 2803/29/2440 
f 2803/29/2440 2510/29/2232 2506/29/2228 
f 2803/29/2440 2693/29/2332 2804/29/2441 
f 2804/29/2441 2510/29/2232 2803/29/2440 
f 2506/29/2228 2509/29/2231 2802/29/2439 
f 2691/29/2330 2693/29/2332 2803/29/2440 
f 2803/29/2440 2802/29/2439 2691/29/2330 
f 2693/29/2332 2696/29/2335 2804/29/2441 
f 2502/29/2224 2805/29/2442 2806/29/2443 
f 2806/29/2443 2508/29/2230 2502/29/2224 
f 2806/29/2443 2807/29/2444 2808/29/2445 
f 2808/29/2445 2508/29/2230 2806/29/2443 
f 2502/29/2224 2505/29/2227 2805/29/2442 
f 2809/29/2446 2807/29/2444 2806/29/2443 
f 2806/29/2443 2805/29/2442 2809/29/2446 
f 2807/29/2444 2810/29/2447 2808/29/2445 
f 2811/28/796 2519/28/795 2515/28/795 
f 2515/28/795 2812/28/796 2811/28/796 
f 2813/28/1009 2519/28/795 2811/28/796 
f 2811/28/796 2814/28/796 2813/28/1009 
f 2515/28/795 2518/28/796 2812/28/796 
f 2814/28/796 2811/28/796 2812/28/796 
f 2812/28/796 2815/28/796 2814/28/796 
f 2814/28/796 2816/28/796 2813/28/1009 
f 2817/28/2448 2517/28/796 2511/28/795 
f 2511/28/795 2818/28/2449 2817/28/2448 
f 2817/28/2448 2819/28/2450 2820/28/2451 
f 2820/28/2451 2517/28/796 2817/28/2448 
f 2511/28/795 2514/28/795 2818/28/2449 
f 2821/28/2452 2819/28/2450 2817/28/2448 
f 2817/28/2448 2818/28/2449 2821/28/2452 
f 2819/28/2450 2262/28/2014 2820/28/2451 
f 2524/28/2233 2822/28/2234 2823/28/2453 
f 2823/28/2453 2528/28/2235 2524/28/2233 
f 2823/28/2453 2824/28/2454 2825/28/2235 
f 2825/28/2235 2528/28/2235 2823/28/2453 
f 2524/28/2233 2527/28/2234 2822/28/2234 
f 2824/28/2454 2823/28/2453 2822/28/2234 
f 2822/28/2234 2826/28/2234 2824/28/2454 
f 2824/28/2454 2827/28/2455 2825/28/2235 
f 2520/28/2233 2828/28/2456 2829/28/2457 
f 2829/28/2457 2526/28/2234 2520/28/2233 
f 2829/28/2457 2830/28/2458 2831/28/2459 
f 2831/28/2459 2526/28/2234 2829/28/2457 
f 2520/28/2233 2523/28/2235 2828/28/2456 
f 2829/28/2457 2828/28/2456 2258/28/2010 
f 2258/28/2010 2830/28/2458 2829/28/2457 
f 2830/28/2458 2832/28/2460 2831/28/2459 
f 2533/28/2236 2833/28/2237 2834/28/2461 
f 2834/28/2461 2537/28/2239 2533/28/2236 
f 2834/28/2461 2835/28/2462 2836/28/2239 
f 2836/28/2239 2537/28/2239 2834/28/2461 
f 2533/28/2236 2536/28/2237 2833/28/2237 
f 2835/28/2462 2834/28/2461 2833/28/2237 
f 2833/28/2237 2837/28/2237 2835/28/2462 
f 2835/28/2462 2838/28/2463 2836/28/2239 
f 2529/28/2236 2839/28/2464 2840/28/2465 
f 2840/28/2465 2535/28/2240 2529/28/2236 
f 2840/28/2465 1820/28/1572 2841/28/2466 
f 2841/28/2466 2535/28/2240 2840/28/2465 
f 2529/28/2236 2532/28/2239 2839/28/2464 
f 1820/28/1572 2840/28/2465 2839/28/2464 
f 2839/28/2464 1819/28/1571 1820/28/1572 
f 1820/28/1572 1824/28/1576 2841/28/2466 
f 2541/28/2241 2836/28/2239 2842/28/2241 
f 2842/28/2241 2543/28/2242 2541/28/2241 
f 2842/28/2241 2843/28/2467 2844/28/2468 
f 2844/28/2468 2543/28/2242 2842/28/2241 
f 2541/28/2241 2537/28/2239 2836/28/2239 
f 2843/28/2467 2842/28/2241 2836/28/2239 
f 2836/28/2239 2838/28/2463 2843/28/2467 
f 2843/28/2467 2845/28/2468 2844/28/2468 
f 2538/28/2241 2846/28/2469 2847/28/2470 
f 2847/28/2470 2532/28/2239 2538/28/2241 
f 2847/28/2470 2848/28/2471 2839/28/2464 
f 2839/28/2464 2532/28/2239 2847/28/2470 
f 2538/28/2241 2540/28/2242 2846/28/2469 
f 2848/28/2471 2847/28/2470 2846/28/2469 
f 2846/28/2469 2849/28/2472 2848/28/2471 
f 2848/28/2471 1819/28/1571 2839/28/2464 
f 2547/28/2243 2844/28/2468 2850/28/2243 
f 2850/28/2243 2549/28/2244 2547/28/2243 
f 2850/28/2243 2851/28/2473 2852/28/2244 
f 2852/28/2244 2549/28/2244 2850/28/2243 
f 2547/28/2243 2543/28/2242 2844/28/2468 
f 2851/28/2473 2850/28/2243 2844/28/2468 
f 2844/28/2468 2845/28/2468 2851/28/2473 
f 2851/28/2473 2853/28/2244 2852/28/2244 
f 2544/28/2243 2854/28/2474 2855/28/2475 
f 2855/28/2475 2540/28/2242 2544/28/2243 
f 2855/28/2475 2856/28/2476 2846/28/2469 
f 2846/28/2469 2540/28/2242 2855/28/2475 
f 2544/28/2243 2546/28/2244 2854/28/2474 
f 2856/28/2476 2855/28/2475 2854/28/2474 
f 2854/28/2474 2857/28/2477 2856/28/2476 
f 2856/28/2476 2849/28/2472 2846/28/2469 
f 2553/28/2245 2852/28/2244 2858/28/2246 
f 2858/28/2246 2555/28/2247 2553/28/2245 
f 2858/28/2246 2859/28/2478 2860/28/2247 
f 2860/28/2247 2555/28/2247 2858/28/2246 
f 2553/28/2245 2549/28/2244 2852/28/2244 
f 2859/28/2478 2858/28/2246 2852/28/2244 
f 2852/28/2244 2853/28/2244 2859/28/2478 
f 2859/28/2478 2861/28/2479 2860/28/2247 
f 2550/28/2245 2862/28/2480 2863/28/2481 
f 2863/28/2481 2546/28/2244 2550/28/2245 
f 2863/28/2481 2864/28/2482 2854/28/2474 
f 2854/28/2474 2546/28/2244 2863/28/2481 
f 2550/28/2245 2552/28/2247 2862/28/2480 
f 2864/28/2482 2863/28/2481 2862/28/2480 
f 2862/28/2480 2865/28/2483 2864/28/2482 
f 2864/28/2482 2857/28/2477 2854/28/2474 
f 2559/293/2248 2781/293/2418 2866/293/2484 
f 2866/293/2484 2561/293/2249 2559/293/2248 
f 2699/293/2338 2867/293/2485 2561/293/2249 
f 2561/293/2249 2866/293/2484 2699/293/2338 
f 2559/293/2248 2483/293/2216 2781/293/2418 
f 2699/293/2338 2866/293/2484 2781/293/2418 
f 2781/293/2418 2669/293/2308 2699/293/2338 
f 2699/293/2338 2702/293/2341 2867/293/2485 
f 2556/293/2248 2868/293/2486 2869/293/2487 
f 2869/293/2487 2480/293/2216 2556/293/2248 
f 1741/23/1493 2782/293/2419 2480/293/2216 
f 2480/293/2216 2869/293/2487 1741/23/1493 
f 2556/293/2248 2558/293/2249 2868/293/2486 
f 1744/23/1496 1741/23/1493 2869/293/2487 
f 2869/293/2487 2868/293/2486 1744/23/1496 
f 1741/23/1493 1737/23/1489 2782/293/2419 
f 2566/293/2254 2870/293/2488 2871/293/2489 
f 2871/293/2489 2570/293/2255 2566/293/2254 
f 2871/293/2489 2872/293/2490 2873/293/2421 
f 2873/293/2421 2570/293/2255 2871/293/2489 
f 2566/293/2254 2569/293/2252 2870/293/2488 
f 2872/293/2490 2871/293/2489 2870/293/2488 
f 2870/293/2488 2711/293/2350 2872/293/2490 
f 2872/293/2490 2670/293/2309 2873/293/2421 
f 2874/293/2491 2875/293/2492 2876/293/2493 
f 2876/293/2493 2573/293/2258 2874/293/2491 
f 2877/23/2494 2878/293/2495 2573/293/2258 
f 2573/293/2258 2876/293/2493 2877/23/2494 
f 2874/293/2491 2568/293/2252 2875/293/2492 
f 2879/23/2496 2877/23/2494 2876/293/2493 
f 2876/293/2493 2875/293/2492 2879/23/2496 
f 2877/23/2494 2880/23/2497 2878/293/2495 
f 2574/293/2259 2867/293/2485 2881/293/2498 
f 2881/293/2498 2576/293/2261 2574/293/2259 
f 2881/293/2498 2714/293/2353 2882/293/2499 
f 2882/293/2499 2576/293/2261 2881/293/2498 
f 2574/293/2259 2561/293/2249 2867/293/2485 
f 2714/293/2353 2881/293/2498 2867/293/2485 
f 2867/293/2485 2702/293/2341 2714/293/2353 
f 2714/293/2353 2703/293/2342 2882/293/2499 
f 2571/293/2256 2878/293/2495 2883/293/2500 
f 2883/293/2500 2558/293/2249 2571/293/2256 
f 2884/23/2501 2868/293/2486 2558/293/2249 
f 2558/293/2249 2883/293/2500 2884/23/2501 
f 2571/293/2256 2573/293/2258 2878/293/2495 
f 2880/23/2497 2884/23/2501 2883/293/2500 
f 2883/293/2500 2878/293/2495 2880/23/2497 
f 2884/23/2501 1744/23/1496 2868/293/2486 
f 2580/28/2262 2825/28/2235 2885/28/2262 
f 2885/28/2262 2582/28/796 2580/28/2262 
f 2885/28/2262 2886/28/2502 2887/28/796 
f 2887/28/796 2582/28/796 2885/28/2262 
f 2580/28/2262 2528/28/2235 2825/28/2235 
f 2886/28/2502 2885/28/2262 2825/28/2235 
f 2825/28/2235 2827/28/2455 2886/28/2502 
f 2886/28/2502 2888/28/796 2887/28/796 
f 2577/28/2262 2889/28/2503 2890/28/2504 
f 2890/28/2504 2523/28/2235 2577/28/2262 
f 2890/28/2504 2254/28/2006 2828/28/2456 
f 2828/28/2456 2523/28/2235 2890/28/2504 
f 2577/28/2262 2579/28/796 2889/28/2503 
f 2254/28/2006 2890/28/2504 2889/28/2503 
f 2889/28/2503 2253/28/2005 2254/28/2006 
f 2254/28/2006 2258/28/2010 2828/28/2456 
f 2585/28/796 2887/28/796 2891/28/796 
f 2891/28/796 2518/28/796 2585/28/796 
f 2891/28/796 2892/28/796 2812/28/796 
f 2812/28/796 2518/28/796 2891/28/796 
f 2585/28/796 2582/28/796 2887/28/796 
f 2892/28/796 2891/28/796 2887/28/796 
f 2887/28/796 2888/28/796 2892/28/796 
f 2892/28/796 2815/28/796 2812/28/796 
f 2583/28/796 2820/28/2451 2893/28/2505 
f 2893/28/2505 2579/28/796 2583/28/796 
f 2893/28/2505 2263/28/2015 2889/28/2503 
f 2889/28/2503 2579/28/796 2893/28/2505 
f 2583/28/796 2517/28/796 2820/28/2451 
f 2263/28/2015 2893/28/2505 2820/28/2451 
f 2820/28/2451 2262/28/2014 2263/28/2015 
f 2263/28/2015 2253/28/2005 2889/28/2503 
f 2589/29/2263 2797/30/2434 2894/29/2506 
f 2894/29/2506 2591/29/2264 2589/29/2263 
f 2718/29/2357 2895/29/2507 2591/29/2264 
f 2591/29/2264 2894/29/2506 2718/29/2357 
f 2589/29/2263 2501/30/2223 2797/30/2434 
f 2687/30/2326 2718/29/2357 2894/29/2506 
f 2894/29/2506 2797/30/2434 2687/30/2326 
f 2718/29/2357 2720/29/2359 2895/29/2507 
f 2586/29/2263 2896/29/2508 2897/29/2509 
f 2897/29/2509 2496/30/2223 2586/29/2263 
f 2897/29/2509 1774/29/1526 2798/30/2435 
f 2798/30/2435 2496/30/2223 2897/29/2509 
f 2586/29/2263 2588/29/2264 2896/29/2508 
f 1777/29/1529 1774/29/1526 2897/29/2509 
f 2897/29/2509 2896/29/2508 1777/29/1529 
f 1774/29/1526 1773/30/1525 2798/30/2435 
f 2595/272/2222 2898/20/2432 2899/272/2432 
f 2899/272/2432 2500/198/2222 2595/272/2222 
f 2900/272/2368 2795/198/2432 2500/198/2222 
f 2500/198/2222 2899/272/2432 2900/272/2368 
f 2595/272/2222 2597/20/2222 2898/20/2432 
f 2729/20/2368 2900/272/2368 2899/272/2432 
f 2899/272/2432 2898/20/2432 2729/20/2368 
f 2900/272/2368 2682/198/2321 2795/198/2432 
f 2901/21/2510 2902/20/2511 2903/21/2512 
f 2903/21/2512 2484/23/2217 2901/21/2510 
f 2904/23/2513 2484/23/2217 2903/21/2512 
f 2903/21/2512 2905/21/2514 2904/23/2513 
f 2901/21/2510 2596/20/2222 2902/20/2511 
f 2343/20/2094 2905/21/2514 2903/21/2512 
f 2903/21/2512 2902/20/2511 2343/20/2094 
f 2905/21/2514 2906/303/2515 2904/23/2513 
f 2601/29/2265 2895/29/2507 2907/29/2516 
f 2907/29/2516 2603/29/2267 2601/29/2265 
f 2733/29/2372 2908/29/2517 2603/29/2267 
f 2603/29/2267 2907/29/2516 2733/29/2372 
f 2601/29/2265 2591/29/2264 2895/29/2507 
f 2720/29/2359 2733/29/2372 2907/29/2516 
f 2907/29/2516 2895/29/2507 2720/29/2359 
f 2733/29/2372 2735/29/2374 2908/29/2517 
f 2598/29/2265 2909/29/2518 2910/29/2519 
f 2910/29/2519 2588/29/2264 2598/29/2265 
f 2375/29/2126 2896/29/2508 2588/29/2264 
f 2588/29/2264 2910/29/2519 2375/29/2126 
f 2598/29/2265 2600/29/2266 2909/29/2518 
f 2374/29/2125 2375/29/2126 2910/29/2519 
f 2910/29/2519 2909/29/2518 2374/29/2125 
f 2375/29/2126 1777/29/1529 2896/29/2508 
f 2606/29/2270 2908/29/2517 2911/29/2520 
f 2911/29/2520 2509/29/2231 2606/29/2270 
f 2911/29/2520 2738/29/2377 2802/29/2439 
f 2802/29/2439 2509/29/2231 2911/29/2520 
f 2606/29/2270 2603/29/2267 2908/29/2517 
f 2738/29/2377 2911/29/2520 2908/29/2517 
f 2908/29/2517 2735/29/2374 2738/29/2377 
f 2738/29/2377 2691/29/2330 2802/29/2439 
f 2604/29/2268 2808/29/2445 2912/29/2521 
f 2912/29/2521 2600/29/2266 2604/29/2268 
f 2913/29/2522 2909/29/2518 2600/29/2266 
f 2600/29/2266 2912/29/2521 2913/29/2522 
f 2604/29/2268 2508/29/2230 2808/29/2445 
f 2810/29/2447 2913/29/2522 2912/29/2521 
f 2912/29/2521 2808/29/2445 2810/29/2447 
f 2913/29/2522 2374/29/2125 2909/29/2518 
f 2609/28/2271 2860/28/2247 2914/28/2271 
f 2914/28/2271 2527/28/2234 2609/28/2271 
f 2914/28/2271 2915/28/2523 2822/28/2234 
f 2822/28/2234 2527/28/2234 2914/28/2271 
f 2609/28/2271 2555/28/2247 2860/28/2247 
f 2915/28/2523 2914/28/2271 2860/28/2247 
f 2860/28/2247 2861/28/2479 2915/28/2523 
f 2915/28/2523 2826/28/2234 2822/28/2234 
f 2607/28/2271 2831/28/2459 2916/28/2524 
f 2916/28/2524 2552/28/2247 2607/28/2271 
f 2916/28/2524 2917/28/2525 2862/28/2480 
f 2862/28/2480 2552/28/2247 2916/28/2524 
f 2607/28/2271 2526/28/2234 2831/28/2459 
f 2917/28/2525 2916/28/2524 2831/28/2459 
f 2831/28/2459 2832/28/2460 2917/28/2525 
f 2917/28/2525 2865/28/2483 2862/28/2480 
f 2614/295/2272 2918/296/2526 2919/295/2527 
f 2919/295/2527 2618/294/2274 2614/295/2272 
f 2919/295/2527 2744/295/2381 2920/294/2528 
f 2920/294/2528 2618/294/2274 2919/295/2527 
f 2614/295/2272 2617/296/2273 2918/296/2526 
f 2744/295/2381 2919/295/2527 2918/296/2526 
f 2918/296/2526 2742/296/2381 2744/295/2381 
f 2744/295/2381 2747/294/2385 2920/294/2528 
f 2610/295/2272 2921/294/2529 2922/295/2530 
f 2922/295/2530 2616/296/2273 2610/295/2272 
f 2922/295/2530 2323/266/2074 2923/296/2531 
f 2923/296/2531 2616/296/2273 2922/295/2530 
f 2610/295/2272 2613/294/2274 2921/294/2529 
f 2323/266/2074 2922/295/2530 2921/294/2529 
f 2921/294/2529 2322/268/2073 2323/266/2074 
f 2323/266/2074 1730/18/1482 2923/296/2531 
f 2622/11/2275 2924/12/2532 2925/11/2533 
f 2925/11/2533 2617/296/2273 2622/11/2275 
f 2925/11/2533 2752/11/2390 2918/296/2526 
f 2918/296/2526 2617/296/2273 2925/11/2533 
f 2622/11/2275 2624/12/2276 2924/12/2532 
f 2752/11/2390 2925/11/2533 2924/12/2532 
f 2924/12/2532 2751/12/2389 2752/11/2390 
f 2752/11/2390 2742/296/2381 2918/296/2526 
f 2619/11/2275 2923/296/2531 2926/11/2534 
f 2926/11/2534 2623/12/2276 2619/11/2275 
f 2927/12/2535 2623/12/2276 2926/11/2534 
f 2926/11/2534 1726/11/1478 2927/12/2535 
f 2619/11/2275 2616/296/2273 2923/296/2531 
f 1726/11/1478 2926/11/2534 2923/296/2531 
f 2923/296/2531 1730/18/1482 1726/11/1478 
f 1726/11/1478 1729/12/1481 2927/12/2535 
f 2628/28/2279 2928/28/2536 2929/28/2537 
f 2929/28/2537 2624/12/2276 2628/28/2279 
f 2929/28/2537 2758/28/2396 2924/12/2532 
f 2924/12/2532 2624/12/2276 2929/28/2537 
f 2628/28/2279 2630/28/2281 2928/28/2536 
f 2757/28/2395 2758/28/2396 2929/28/2537 
f 2929/28/2537 2928/28/2536 2757/28/2395 
f 2758/28/2396 2751/12/2389 2924/12/2532 
f 2625/28/2277 2927/12/2535 2930/28/2538 
f 2930/28/2538 2629/28/2280 2625/28/2277 
f 2930/28/2538 2358/28/2109 2931/28/2539 
f 2931/28/2539 2629/28/2280 2930/28/2538 
f 2625/28/2277 2623/12/2276 2927/12/2535 
f 2358/28/2109 2930/28/2538 2927/12/2535 
f 2927/12/2535 1729/12/1481 2358/28/2109 
f 2358/28/2109 2360/28/2111 2931/28/2539 
f 2632/28/795 2932/28/2540 2933/28/2541 
f 2933/28/2541 2514/28/795 2632/28/795 
f 2934/28/2542 2818/28/2449 2514/28/795 
f 2514/28/795 2933/28/2541 2934/28/2542 
f 2632/28/795 2636/28/796 2932/28/2540 
f 1800/28/1552 2934/28/2542 2933/28/2541 
f 2933/28/2541 2932/28/2540 1800/28/1552 
f 2934/28/2542 2821/28/2452 2818/28/2449 
f 2640/28/2281 2935/28/2543 2936/28/2543 
f 2936/28/2543 2630/28/2281 2640/28/2281 
f 2928/28/2536 2630/28/2281 2936/28/2543 
f 2936/28/2543 2937/28/2544 2928/28/2536 
f 2640/28/2281 2642/28/2281 2935/28/2543 
f 2936/28/2543 2935/28/2543 2937/28/2543 
f 2937/28/2544 2757/28/2395 2928/28/2536 
f 2938/28/2545 2939/28/2546 2940/28/2547 
f 2940/28/2547 2941/28/2548 2938/28/2545 
f 2942/28/2549 2941/28/2548 2940/28/2547 
f 2940/28/2547 1795/28/1547 2942/28/2549 
f 2938/28/2545 2641/28/2281 2939/28/2546 
f 1795/28/1547 2940/28/2547 2939/28/2546 
f 2939/28/2546 1798/28/1550 1795/28/1547 
f 1795/28/1547 1794/28/1546 2942/28/2549 
f 1735/20/1487 2943/272/2550 2944/272/2551 
f 2944/272/2551 1739/24/1491 1735/20/1487 
f 2944/272/2551 2326/198/2077 2313/257/2064 
f 2313/257/2064 1739/24/1491 2944/272/2551 
f 1735/20/1487 1738/20/1490 2943/272/2550 
f 2326/198/2077 2944/272/2551 2943/272/2550 
f 2943/272/2550 2328/198/2079 2326/198/2077 
f 2326/198/2077 1709/7/1461 2313/257/2064 
f 1743/20/1495 2331/272/2082 2945/272/2552 
f 2945/272/2552 1738/20/1490 1743/20/1495 
f 2945/272/2552 2329/198/2080 2943/272/2550 
f 2943/272/2550 1738/20/1490 2945/272/2552 
f 1743/20/1495 1745/20/1497 2331/272/2082 
f 2329/198/2080 2945/272/2552 2331/272/2082 
f 2331/272/2082 2129/198/1881 2329/198/2080 
f 2329/198/2080 2328/198/2079 2943/272/2550 
f 2946/304/2553 1739/24/1491 2312/258/2063 
f 2312/258/2063 2947/305/2554 2946/304/2553 
f 2765/297/2402 1736/19/1488 1739/24/1491 
f 1739/24/1491 2946/304/2553 2765/297/2402 
f 2312/258/2063 2314/261/2065 2947/305/2554 
f 2765/297/2402 2946/304/2553 2947/305/2554 
f 2947/305/2554 2767/298/2404 2765/297/2402 
f 2765/297/2402 1732/22/1484 1736/19/1488 
f 2948/306/2555 2314/261/2065 2317/262/2068 
f 2317/262/2068 2949/307/2556 2948/306/2555 
f 2948/306/2555 2771/299/2408 2947/305/2554 
f 2947/305/2554 2314/261/2065 2948/306/2555 
f 2317/262/2068 2318/265/2069 2949/307/2556 
f 2771/299/2408 2948/306/2555 2949/307/2556 
f 2949/307/2556 2773/300/2410 2771/299/2408 
f 2771/299/2408 2767/298/2404 2947/305/2554 
f 2333/20/2084 1742/21/1494 2950/21/2557 
f 2950/21/2557 2335/20/2086 2333/20/2084 
f 2950/21/2557 2884/23/2501 2951/21/2558 
f 2951/21/2558 2335/20/2086 2950/21/2557 
f 2333/20/2084 1745/20/1497 1742/21/1494 
f 2884/23/2501 2950/21/2557 1742/21/1494 
f 1742/21/1494 1744/23/1496 2884/23/2501 
f 2884/23/2501 2880/23/2497 2951/21/2558 
f 2340/20/2091 2952/21/2559 2953/21/2560 
f 2953/21/2560 2343/20/2094 2340/20/2091 
f 2905/21/2514 2343/20/2094 2953/21/2560 
f 2953/21/2560 2954/23/2561 2905/21/2514 
f 2340/20/2091 2342/20/2093 2952/21/2559 
f 2954/23/2561 2953/21/2560 2952/21/2559 
f 2952/21/2559 2793/23/2430 2954/23/2561 
f 2954/23/2561 2906/303/2515 2905/21/2514 
f 2347/20/2098 2955/21/2562 2956/21/2563 
f 2956/21/2563 2350/20/2101 2347/20/2098 
f 2956/21/2563 2957/23/2564 2958/21/2565 
f 2958/21/2565 2350/20/2101 2956/21/2563 
f 2347/20/2098 2349/20/2100 2955/21/2562 
f 2879/23/2496 2957/23/2564 2956/21/2563 
f 2956/21/2563 2955/21/2562 2879/23/2496 
f 2957/23/2564 2794/23/2431 2958/21/2565 
f 2593/20/2222 2901/21/2510 2959/21/2510 
f 2959/21/2510 2597/20/2222 2593/20/2222 
f 2959/21/2510 2489/23/2217 2960/21/2566 
f 2960/21/2566 2597/20/2222 2959/21/2510 
f 2593/20/2222 2596/20/2222 2901/21/2510 
f 2489/23/2217 2959/21/2510 2901/21/2510 
f 2901/21/2510 2484/23/2217 2489/23/2217 
f 2489/23/2217 2492/23/2217 2960/21/2566 
f 2725/20/2364 2961/272/2367 2962/272/2567 
f 2962/272/2567 2729/20/2368 2725/20/2364 
f 2962/272/2567 2679/198/2318 2900/272/2368 
f 2900/272/2368 2729/20/2368 2962/272/2567 
f 2725/20/2364 2728/20/2367 2961/272/2367 
f 2679/198/2318 2962/272/2567 2961/272/2367 
f 2961/272/2367 2685/198/2324 2679/198/2318 
f 2679/198/2318 2682/198/2321 2900/272/2368 
f 2898/20/2432 2960/21/2566 2963/21/2568 
f 2963/21/2568 2729/20/2368 2898/20/2432 
f 2726/21/2365 2729/20/2368 2963/21/2568 
f 2963/21/2568 2786/23/2423 2726/21/2365 
f 2898/20/2432 2597/20/2222 2960/21/2566 
f 2786/23/2423 2963/21/2568 2960/21/2566 
f 2960/21/2566 2492/23/2217 2786/23/2423 
f 2786/23/2423 2723/23/2362 2726/21/2365 
f 2902/20/2511 2592/272/2222 2964/272/2569 
f 2964/272/2569 2343/20/2094 2902/20/2511 
f 2964/272/2569 2801/198/2438 2341/272/2092 
f 2341/272/2092 2343/20/2094 2964/272/2569 
f 2902/20/2511 2596/20/2222 2592/272/2222 
f 2801/198/2438 2964/272/2569 2592/272/2222 
f 2592/272/2222 2499/198/2222 2801/198/2438 
f 2801/198/2438 2339/198/2090 2341/272/2092 
f 2965/309/2570 2966/11/2571 2967/12/2572 
f 2967/12/2572 2968/11/2573 2965/309/2570 
f 2968/11/2573 2969/11/2574 2970/308/2575 
f 2970/308/2575 2965/309/2570 2968/11/2573 
f 2966/11/2571 2971/12/2576 2967/12/2572 
f 2969/11/2574 2968/11/2573 2967/12/2572 
f 2967/12/2572 2972/12/2577 2969/11/2574 
f 2969/11/2574 2973/310/2578 2970/308/2575 
f 2974/28/2579 2351/28/2102 2975/28/2580 
f 2975/28/2580 2421/28/2172 2974/28/2579 
f 2975/28/2580 2367/28/2118 2419/28/2170 
f 2419/28/2170 2421/28/2172 2975/28/2580 
f 2974/28/2579 2354/28/2105 2351/28/2102 
f 1755/28/1507 2367/28/2118 2975/28/2580 
f 2975/28/2580 2351/28/2102 1755/28/1507 
f 2367/28/2118 2275/28/2027 2419/28/2170 
f 2976/28/2581 2072/28/1824 2977/28/2582 
f 2977/28/2582 2978/28/2583 2976/28/2581 
f 2977/28/2582 2096/165/1848 2979/28/2584 
f 2979/28/2584 2978/28/2583 2977/28/2582 
f 2976/28/2581 2078/28/1830 2072/28/1824 
f 2075/156/1827 2096/165/1848 2977/28/2582 
f 2977/28/2582 2072/28/1824 2075/156/1827 
f 2096/165/1848 2098/168/1850 2979/28/2584 
f 2980/28/2585 2981/28/2586 2982/28/2587 
f 2982/28/2587 2983/28/2588 2980/28/2585 
f 2983/28/2588 2105/173/1857 2984/28/2589 
f 2984/28/2589 2980/28/2585 2983/28/2588 
f 2981/28/2586 2985/28/2590 2982/28/2587 
f 2102/172/1854 2105/173/1857 2983/28/2588 
f 2983/28/2588 2982/28/2587 2102/172/1854 
f 2105/173/1857 2106/124/1858 2984/28/2589 
f 2985/28/2590 2986/28/2591 2979/28/2584 
f 2979/28/2584 2987/28/2592 2985/28/2590 
f 2987/28/2592 2101/169/1853 2982/28/2587 
f 2982/28/2587 2985/28/2590 2987/28/2592 
f 2986/28/2591 2978/28/2583 2979/28/2584 
f 2098/168/1850 2101/169/1853 2987/28/2592 
f 2987/28/2592 2979/28/2584 2098/168/1850 
f 2101/169/1853 2102/172/1854 2982/28/2587 
f 2010/28/1762 2988/28/2593 2984/28/2589 
f 2984/28/2589 2989/28/2594 2010/28/1762 
f 2989/28/2594 2109/177/1861 2008/28/1760 
f 2008/28/1760 2010/28/1762 2989/28/2594 
f 2988/28/2593 2980/28/2585 2984/28/2589 
f 2106/124/1858 2109/177/1861 2989/28/2594 
f 2989/28/2594 2984/28/2589 2106/124/1858 
f 2109/177/1861 2011/126/1763 2008/28/1760 
f 2990/28/2595 1807/28/1559 2991/28/2596 
f 2991/28/2596 2992/28/2597 2990/28/2595 
f 2991/28/2596 2084/28/1836 2993/28/2598 
f 2993/28/2598 2992/28/2597 2991/28/2596 
f 2990/28/2595 1813/28/1565 1807/28/1559 
f 1810/28/1562 2084/28/1836 2991/28/2596 
f 2991/28/2596 1807/28/1559 1810/28/1562 
f 2084/28/1836 2086/28/1838 2993/28/2598 
f 2994/28/2599 1757/28/1509 2995/28/2600 
f 2995/28/2600 2971/12/2576 2994/28/2599 
f 2995/28/2600 2996/28/2601 2967/12/2572 
f 2967/12/2572 2971/12/2576 2995/28/2600 
f 2994/28/2599 1763/28/1515 1757/28/1509 
f 2996/28/2601 2995/28/2600 1757/28/1509 
f 1757/28/1509 1762/28/1514 2996/28/2601 
f 2996/28/2601 2972/12/2577 2967/12/2572 
f 2997/28/2602 2416/28/2167 2998/28/2603 
f 2998/28/2603 2431/28/2182 2997/28/2602 
f 2998/28/2603 2401/28/2152 2430/28/2181 
f 2430/28/2181 2431/28/2182 2998/28/2603 
f 2997/28/2602 2420/28/2171 2416/28/2167 
f 2401/28/2152 2998/28/2603 2416/28/2167 
f 2416/28/2167 2278/28/2030 2401/28/2152 
f 2401/28/2152 2093/163/1845 2430/28/2181 
f 2999/28/2604 2380/28/2131 3000/28/2605 
f 3000/28/2605 1764/28/1516 2999/28/2604 
f 3000/28/2605 3001/28/2606 1761/28/1513 
f 1761/28/1513 1764/28/1516 3000/28/2605 
f 2999/28/2604 2386/28/2137 2380/28/2131 
f 3001/28/2606 3000/28/2605 2380/28/2131 
f 2380/28/2131 2383/28/2134 3001/28/2606 
f 3001/28/2606 1759/28/1511 1761/28/1513 
f 2387/28/2138 3002/28/2607 2993/28/2598 
f 2993/28/2598 3003/28/2608 2387/28/2138 
f 2384/28/2135 2387/28/2138 3003/28/2608 
f 3003/28/2608 2435/28/2186 2384/28/2135 
f 3002/28/2607 2992/28/2597 2993/28/2598 
f 2086/28/1838 2435/28/2186 3003/28/2608 
f 3003/28/2608 2993/28/2598 2086/28/1838 
f 2435/28/2186 2388/28/2139 2384/28/2135 
f 3004/313/2609 3005/312/2610 3006/311/2611 
f 3006/311/2611 1721/15/1473 3004/313/2609 
f 3006/311/2611 2315/264/2066 1719/14/1471 
f 1719/14/1471 1721/15/1473 3006/311/2611 
f 3004/313/2609 3007/314/2612 3005/312/2610 
f 2318/265/2069 2315/264/2066 3006/311/2611 
f 3006/311/2611 3005/312/2610 2318/265/2069 
f 2315/264/2066 1715/13/1467 1719/14/1471 
f 1989/28/1741 3008/28/2613 1878/28/1630 
f 1878/28/1630 3009/28/2614 1989/28/1741 
f 3009/28/2614 3010/28/2615 1987/28/1739 
f 1987/28/1739 1989/28/1741 3009/28/2614 
f 3008/28/2613 1876/28/1628 1878/28/1630 
f 1881/28/1633 3010/28/2615 3009/28/2614 
f 3009/28/2614 1878/28/1630 1881/28/1633 
f 3010/28/2615 1990/28/1742 1987/28/1739 
f 3011/28/2616 3012/28/2617 3013/28/2618 
f 3013/28/2618 3014/28/1608 3011/28/2616 
f 2119/189/1871 3015/28/2619 3014/28/1608 
f 3014/28/1608 3013/28/2618 2119/189/1871 
f 3011/28/2616 3016/28/2620 3012/28/2617 
f 2122/192/1874 2119/189/1871 3013/28/2618 
f 3013/28/2618 3012/28/2617 2122/192/1874 
f 2119/189/1871 2121/193/1873 3015/28/2619 
f 3017/28/2621 3015/28/2619 3018/28/2622 
f 3018/28/2622 1335/28/171 3017/28/2621 
f 3018/28/2622 2124/194/1876 1333/28/1180 
f 1333/28/1180 1335/28/171 3018/28/2622 
f 3017/28/2621 3014/28/1608 3015/28/2619 
f 2121/193/1873 2124/194/1876 3018/28/2622 
f 3018/28/2622 3015/28/2619 2121/193/1873 
f 2124/194/1876 438/28/437 1333/28/1180 
f 3019/28/2623 3020/28/2624 3021/28/2625 
f 3021/28/2625 3022/28/2626 3019/28/2623 
f 3021/28/2625 2148/199/1900 3023/28/2627 
f 3023/28/2627 3022/28/2626 3021/28/2625 
f 3019/28/2623 3024/28/2628 3020/28/2624 
f 2116/187/1868 2148/199/1900 3021/28/2625 
f 3021/28/2625 3020/28/2624 2116/187/1868 
f 2148/199/1900 2150/203/1902 3023/28/2627 
f 3025/28/2629 3023/28/2627 3026/28/2630 
f 3026/28/2630 3016/28/2620 3025/28/2629 
f 2172/221/1924 3012/28/2617 3016/28/2620 
f 3016/28/2620 3026/28/2630 2172/221/1924 
f 3025/28/2629 3022/28/2626 3023/28/2627 
f 2150/203/1902 2172/221/1924 3026/28/2630 
f 3026/28/2630 3023/28/2627 2150/203/1902 
f 2172/221/1924 2122/192/1874 3012/28/2617 
f 3027/28/2631 2001/28/1753 3028/28/2632 
f 3028/28/2632 3024/28/2628 3027/28/2631 
f 2114/184/1866 3020/28/2624 3024/28/2628 
f 3024/28/2628 3028/28/2632 2114/184/1866 
f 3027/28/2631 2007/28/1759 2001/28/1753 
f 2004/122/1756 2114/184/1866 3028/28/2632 
f 3028/28/2632 2001/28/1753 2004/122/1756 
f 2114/184/1866 2116/187/1868 3020/28/2624 
f 2320/269/2071 3029/316/2633 3030/315/2634 
f 3030/315/2634 1725/17/1477 2320/269/2071 
f 3030/315/2634 2970/308/2575 3031/308/2635 
f 3031/308/2635 1725/17/1477 3030/315/2634 
f 2320/269/2071 2324/271/2075 3029/316/2633 
f 2970/308/2575 3030/315/2634 3029/316/2633 
f 3029/316/2633 2965/309/2570 2970/308/2575 
f 2970/308/2575 2973/310/2578 3031/308/2635 
f 3005/312/2610 3032/318/2636 3033/317/2637 
f 3033/317/2637 2318/265/2069 3005/312/2610 
f 3033/317/2637 2777/301/2414 2949/307/2556 
f 2949/307/2556 2318/265/2069 3033/317/2637 
f 3005/312/2610 3007/314/2612 3032/318/2636 
f 2777/301/2414 3033/317/2637 3032/318/2636 
f 3032/318/2636 2779/302/2416 2777/301/2414 
f 2777/301/2414 2773/300/2410 2949/307/2556 
f 1796/28/1548 3034/28/2638 3035/28/2639 
f 3035/28/2639 1800/28/1552 1796/28/1548 
f 3035/28/2639 3036/28/2640 2934/28/2542 
f 2934/28/2542 1800/28/1552 3035/28/2639 
f 1796/28/1548 1799/28/1551 3034/28/2638 
f 1806/28/1558 3036/28/2640 3035/28/2639 
f 3035/28/2639 3034/28/2638 1806/28/1558 
f 3036/28/2640 2821/28/2452 2934/28/2542 
f 2355/28/2106 3037/12/2641 3038/28/2642 
f 3038/28/2642 2359/28/2110 2355/28/2106 
f 3038/28/2642 2996/28/2601 3039/28/2643 
f 3039/28/2643 2359/28/2110 3038/28/2642 
f 2355/28/2106 1728/12/1480 3037/12/2641 
f 2996/28/2601 3038/28/2642 3037/12/2641 
f 3037/12/2641 2972/12/2577 2996/28/2601 
f 2996/28/2601 1762/28/1514 3039/28/2643 
f 1722/11/1474 3031/308/2635 3040/11/2644 
f 3040/11/2644 1728/12/1480 1722/11/1474 
f 3037/12/2641 1728/12/1480 3040/11/2644 
f 3040/11/2644 2969/11/2574 3037/12/2641 
f 1722/11/1474 1725/17/1477 3031/308/2635 
f 2969/11/2574 3040/11/2644 3031/308/2635 
f 3031/308/2635 2973/310/2578 2969/11/2574 
f 2969/11/2574 2972/12/2577 3037/12/2641 
f 3041/289/2283 2650/288/2289 2644/289/2283 
f 2644/289/2283 3042/290/2288 3041/289/2283 
f 3041/289/2283 3043/289/2283 3044/288/2289 
f 3044/288/2289 2650/288/2289 3041/289/2283 
f 2644/289/2283 2649/290/2288 3042/290/2288 
f 3045/290/2288 3043/289/2283 3041/289/2283 
f 3041/289/2283 3042/290/2288 3045/290/2288 
f 3043/289/2283 3046/288/2289 3044/288/2289 
f 3047/291/2292 2649/290/2288 2653/291/2292 
f 2653/291/2292 3048/291/2296 3047/291/2292 
f 3049/291/2292 3042/290/2288 2649/290/2288 
f 2649/290/2288 3047/291/2292 3049/291/2292 
f 2653/291/2292 2657/291/2296 3048/291/2296 
f 3050/291/2645 3049/291/2292 3047/291/2292 
f 3047/291/2292 3048/291/2296 3050/291/2645 
f 3049/291/2292 3045/290/2288 3042/290/2288 
f 2659/291/2298 3051/292/2302 3052/291/2298 
f 3052/291/2298 2657/291/2296 2659/291/2298 
f 3053/291/2646 3048/291/2296 2657/291/2296 
f 2657/291/2296 3052/291/2298 3053/291/2646 
f 2659/291/2298 2663/292/2302 3051/292/2302 
f 3054/292/2302 3053/291/2646 3052/291/2298 
f 3052/291/2298 3051/292/2302 3054/292/2302 
f 3053/291/2646 3050/291/2645 3048/291/2296 
f 3055/293/2303 2668/293/2307 2664/293/2303 
f 2664/293/2303 3044/288/2289 3055/293/2303 
f 3055/293/2303 3056/293/2647 3057/293/2307 
f 3057/293/2307 2668/293/2307 3055/293/2303 
f 2664/293/2303 2650/288/2289 3044/288/2289 
f 3056/293/2647 3055/293/2303 3044/288/2289 
f 3044/288/2289 3046/288/2289 3056/293/2647 
f 3056/293/2647 3058/293/2648 3057/293/2307 
f 3059/293/2649 3060/293/2316 3061/293/2650 
f 3061/293/2650 2727/23/2366 3059/293/2649 
f 3061/293/2650 3062/293/2651 3063/23/2652 
f 3063/23/2652 2727/23/2366 3061/293/2650 
f 3059/293/2649 2677/293/2316 3060/293/2316 
f 3062/293/2651 3061/293/2650 3060/293/2316 
f 3060/293/2316 3064/293/2316 3062/293/2651 
f 3062/293/2651 3065/23/2653 3063/23/2652 
f 2680/197/2319 3066/198/2367 3067/197/2654 
f 3067/197/2654 2686/30/2325 2680/197/2319 
f 3067/197/2654 3068/197/2319 3069/30/2655 
f 3069/30/2655 2686/30/2325 3067/197/2654 
f 2680/197/2319 2685/198/2324 3066/198/2367 
f 3068/197/2319 3067/197/2654 3066/198/2367 
f 3066/198/2367 3070/198/2367 3068/197/2319 
f 3068/197/2319 3071/30/2325 3069/30/2655 
f 2689/29/2328 3072/29/2333 3073/29/2328 
f 3073/29/2328 2695/29/2334 2689/29/2328 
f 3073/29/2328 3074/29/2328 3075/29/2334 
f 3075/29/2334 2695/29/2334 3073/29/2328 
f 2689/29/2328 2694/29/2333 3072/29/2333 
f 3074/29/2328 3073/29/2328 3072/29/2333 
f 3072/29/2333 3076/29/2333 3074/29/2328 
f 3074/29/2328 3077/29/2334 3075/29/2334 
f 2697/293/2336 3057/293/2307 3078/293/2336 
f 3078/293/2336 2701/293/2340 2697/293/2336 
f 3078/293/2336 3079/293/2656 3080/293/2657 
f 3080/293/2657 2701/293/2340 3078/293/2336 
f 2697/293/2336 2668/293/2307 3057/293/2307 
f 3079/293/2656 3078/293/2336 3057/293/2307 
f 3057/293/2307 3058/293/2648 3079/293/2656 
f 3079/293/2656 3081/293/2340 3080/293/2657 
f 3082/293/2658 3083/293/2659 3084/293/2658 
f 3084/293/2658 2676/293/2315 3082/293/2658 
f 3084/293/2658 3085/293/2660 3086/293/2661 
f 3086/293/2661 2676/293/2315 3084/293/2658 
f 3082/293/2658 2710/293/2349 3083/293/2659 
f 3085/293/2660 3084/293/2658 3083/293/2659 
f 3083/293/2659 3087/293/2659 3085/293/2660 
f 3085/293/2660 3088/293/2662 3086/293/2661 
f 2712/293/2351 3080/293/2657 3089/293/2663 
f 3089/293/2663 2709/293/2348 2712/293/2351 
f 3089/293/2663 3090/293/2664 3091/293/2348 
f 3091/293/2348 2709/293/2348 3089/293/2663 
f 2712/293/2351 2701/293/2340 3080/293/2657 
f 3090/293/2664 3089/293/2663 3080/293/2657 
f 3080/293/2657 3081/293/2340 3090/293/2664 
f 3090/293/2664 3092/293/2665 3091/293/2348 
f 2715/29/2354 3069/30/2655 3093/29/2354 
f 3093/29/2354 2719/29/2358 2715/29/2354 
f 3093/29/2354 3094/29/2354 3095/29/2358 
f 3095/29/2358 2719/29/2358 3093/29/2354 
f 2715/29/2354 2686/30/2325 3069/30/2655 
f 3094/29/2354 3093/29/2354 3069/30/2655 
f 3069/30/2655 3071/30/2325 3094/29/2354 
f 3094/29/2354 3096/29/2358 3095/29/2358 
f 2721/21/2360 3063/23/2652 3097/21/2666 
f 3097/21/2666 2728/20/2367 2721/21/2360 
f 3097/21/2666 3098/21/2667 3099/20/2324 
f 3099/20/2324 2728/20/2367 3097/21/2666 
f 2721/21/2360 2727/23/2366 3063/23/2652 
f 3098/21/2667 3097/21/2666 3063/23/2652 
f 3063/23/2652 3065/23/2653 3098/21/2667 
f 3098/21/2667 3100/20/2367 3099/20/2324 
f 2730/29/2369 3095/29/2358 3101/29/2369 
f 3101/29/2369 2734/29/2373 2730/29/2369 
f 3101/29/2369 3102/29/2369 3103/29/2373 
f 3103/29/2373 2734/29/2373 3101/29/2369 
f 2730/29/2369 2719/29/2358 3095/29/2358 
f 3102/29/2369 3101/29/2369 3095/29/2358 
f 3095/29/2358 3096/29/2358 3102/29/2369 
f 3102/29/2369 3104/29/2373 3103/29/2373 
f 2736/29/2375 3103/29/2373 3105/29/2375 
f 3105/29/2375 2694/29/2333 2736/29/2375 
f 3105/29/2375 3106/29/2375 3072/29/2333 
f 3072/29/2333 2694/29/2333 3105/29/2375 
f 2736/29/2375 2734/29/2373 3103/29/2373 
f 3106/29/2375 3105/29/2375 3103/29/2373 
f 3103/29/2373 3104/29/2373 3106/29/2375 
f 3106/29/2375 3076/29/2333 3072/29/2333 
f 2740/295/2379 3107/296/2383 3108/295/2379 
f 3108/295/2379 2746/294/2384 2740/295/2379 
f 3108/295/2379 3109/295/2379 3110/294/2384 
f 3110/294/2384 2746/294/2384 3108/295/2379 
f 2740/295/2379 2745/296/2383 3107/296/2383 
f 3109/295/2379 3108/295/2379 3107/296/2383 
f 3107/296/2383 3111/296/2383 3109/295/2379 
f 3109/295/2379 3112/294/2384 3110/294/2384 
f 2749/11/2387 3113/12/2391 3114/11/2668 
f 3114/11/2668 2745/296/2383 2749/11/2387 
f 3114/11/2668 3115/11/2387 3107/296/2383 
f 3107/296/2383 2745/296/2383 3114/11/2668 
f 2749/11/2387 2753/12/2391 3113/12/2391 
f 3115/11/2387 3114/11/2668 3113/12/2391 
f 3113/12/2391 3116/12/2669 3115/11/2387 
f 3115/11/2387 3111/296/2383 3107/296/2383 
f 2755/28/2393 3117/28/2392 3118/28/2393 
f 3118/28/2393 2753/12/2391 2755/28/2393 
f 3118/28/2393 3119/28/2670 3113/12/2391 
f 3113/12/2391 2753/12/2391 3118/28/2393 
f 2755/28/2393 2759/28/2392 3117/28/2392 
f 3119/28/2670 3118/28/2393 3117/28/2392 
f 3117/28/2392 3120/28/2392 3119/28/2670 
f 3119/28/2670 3116/12/2669 3113/12/2391 
f 2961/272/2367 3099/20/2324 3121/272/2367 
f 3121/272/2367 2685/198/2324 2961/272/2367 
f 3121/272/2367 3122/272/2367 3066/198/2367 
f 3066/198/2367 2685/198/2324 3121/272/2367 
f 2961/272/2367 2728/20/2367 3099/20/2324 
f 3122/272/2367 3121/272/2367 3099/20/2324 
f 3099/20/2324 3100/20/2367 3122/272/2367 
f 3122/272/2367 3070/198/2367 3066/198/2367 
f 2932/28/2540 3123/28/2671 3124/28/2672 
f 3124/28/2672 1800/28/1552 2932/28/2540 
f 3124/28/2672 2942/28/2549 1797/28/1549 
f 1797/28/1549 1800/28/1552 3124/28/2672 
f 2932/28/2540 2636/28/796 3123/28/2671 
f 2942/28/2549 3124/28/2672 3123/28/2671 
f 3123/28/2671 2941/28/2548 2942/28/2549 
f 2942/28/2549 1794/28/1546 1797/28/1549 
f 2631/28/796 3125/28/2673 3126/28/2674 
f 3126/28/2674 2636/28/796 2631/28/796 
f 3126/28/2674 3127/28/2675 3123/28/2671 
f 3123/28/2671 2636/28/796 3126/28/2674 
f 2631/28/796 2634/28/796 3125/28/2673 
f 3125/28/2673 3128/28/2676 3127/28/2675 
f 3127/28/2675 3126/28/2674 3125/28/2673 
f 3127/28/2675 2941/28/2548 3123/28/2671 
f 2921/294/2529 3129/319/2677 3130/319/2678 
f 3130/319/2678 2322/268/2073 2921/294/2529 
f 3131/320/2679 2322/268/2073 3130/319/2678 
f 3130/319/2678 2778/292/2415 3131/320/2679 
f 2921/294/2529 2613/294/2274 3129/319/2677 
f 2476/292/2214 2778/292/2415 3130/319/2678 
f 3130/319/2678 3129/319/2677 2476/292/2214 
f 2778/292/2415 2779/302/2416 3131/320/2679 
f 2743/294/2382 3132/319/2680 3133/319/2681 
f 3133/319/2681 2747/294/2385 2743/294/2382 
f 3134/319/2682 2747/294/2385 3133/319/2681 
f 3133/319/2681 2658/292/2297 3134/319/2682 
f 2743/294/2382 2746/294/2384 3132/319/2680 
f 2658/292/2297 3133/319/2681 3132/319/2680 
f 3132/319/2680 2663/292/2302 2658/292/2297 
f 2658/292/2297 2661/292/2300 3134/319/2682 
f 2615/294/2274 3135/319/2677 3136/319/2677 
f 3136/319/2677 2613/294/2274 2615/294/2274 
f 3136/319/2677 2473/292/2214 3129/319/2677 
f 3129/319/2677 2613/294/2274 3136/319/2677 
f 2615/294/2274 2618/294/2274 3135/319/2677 
f 2477/292/2214 2473/292/2214 3136/319/2677 
f 3136/319/2677 3135/319/2677 2477/292/2214 
f 2473/292/2214 2476/292/2214 3129/319/2677 
f 2920/294/2528 3134/319/2682 3137/319/2683 
f 3137/319/2683 2618/294/2274 2920/294/2528 
f 3137/319/2683 2774/292/2411 3135/319/2677 
f 3135/319/2677 2618/294/2274 3137/319/2683 
f 2920/294/2528 2747/294/2385 3134/319/2682 
f 2774/292/2411 3137/319/2683 3134/319/2682 
f 3134/319/2682 2661/292/2300 2774/292/2411 
f 2774/292/2411 2477/292/2214 3135/319/2677 
f 1718/11/1470 3138/12/2684 3139/11/2685 
f 3139/11/2685 1721/15/1473 1718/11/1470 
f 3139/11/2685 2966/11/2571 3140/321/2686 
f 3140/321/2686 1721/15/1473 3139/11/2685 
f 1718/11/1470 1720/12/1472 3138/12/2684 
f 2966/11/2571 3139/11/2685 3138/12/2684 
f 3138/12/2684 2971/12/2576 2966/11/2571 
f 2966/11/2571 2965/309/2570 3140/321/2686 
f 1760/28/1512 3141/28/2687 3142/28/2688 
f 3142/28/2688 1764/28/1516 1760/28/1512 
f 3142/28/2688 2974/28/2579 3143/28/2689 
f 3143/28/2689 1764/28/1516 3142/28/2688 
f 1760/28/1512 1763/28/1515 3141/28/2687 
f 2354/28/2105 2974/28/2579 3142/28/2688 
f 3142/28/2688 3141/28/2687 2354/28/2105 
f 2974/28/2579 2421/28/2172 3143/28/2689 
f 1808/28/1560 3144/28/2690 3145/28/2691 
f 3145/28/2691 1814/28/1566 1808/28/1560 
f 3145/28/2691 2976/28/2581 3146/28/2692 
f 3146/28/2692 1814/28/1566 3145/28/2691 
f 1808/28/1560 1813/28/1565 3144/28/2690 
f 2078/28/1830 2976/28/2581 3145/28/2691 
f 3145/28/2691 3144/28/2690 2078/28/1830 
f 2976/28/2581 2978/28/2583 3146/28/2692 
f 1946/28/1698 1940/28/1692 3147/28/2693 
f 3147/28/2693 3148/28/2694 1946/28/1698 
f 3148/28/2694 2981/28/2586 3149/28/2695 
f 3149/28/2695 1946/28/1698 3148/28/2694 
f 1940/28/1692 1945/28/1697 3147/28/2693 
f 2985/28/2590 2981/28/2586 3148/28/2694 
f 3148/28/2694 3147/28/2693 2985/28/2590 
f 2981/28/2586 2980/28/2585 3149/28/2695 
f 1945/28/1697 1975/28/1727 3146/28/2692 
f 3146/28/2692 3150/28/2696 1945/28/1697 
f 3150/28/2696 2986/28/2591 3147/28/2693 
f 3147/28/2693 1945/28/1697 3150/28/2696 
f 1975/28/1727 1814/28/1566 3146/28/2692 
f 2978/28/2583 2986/28/2591 3150/28/2696 
f 3150/28/2696 3146/28/2692 2978/28/2583 
f 2986/28/2591 2985/28/2590 3147/28/2693 
f 1985/28/1737 3149/28/2695 3151/28/1737 
f 3151/28/1737 1989/28/1741 1985/28/1737 
f 3151/28/1737 2988/28/2593 3152/28/2697 
f 3152/28/2697 1989/28/1741 3151/28/1737 
f 1985/28/1737 1946/28/1698 3149/28/2695 
f 2980/28/2585 2988/28/2593 3151/28/1737 
f 3151/28/1737 3149/28/2695 2980/28/2585 
f 2988/28/2593 2010/28/1762 3152/28/2697 
f 2073/28/1825 3144/28/2690 3153/28/2698 
f 3153/28/2698 2079/28/1831 2073/28/1825 
f 2990/28/2595 3154/28/2699 2079/28/1831 
f 2079/28/1831 3153/28/2698 2990/28/2595 
f 2073/28/1825 2078/28/1830 3144/28/2690 
f 1813/28/1565 2990/28/2595 3153/28/2698 
f 3153/28/2698 3144/28/2690 1813/28/1565 
f 2990/28/2595 2992/28/2597 3154/28/2699 
f 2352/28/2103 3141/28/2687 3155/28/2700 
f 3155/28/2700 1720/12/1472 2352/28/2103 
f 3155/28/2700 2994/28/2599 3138/12/2684 
f 3138/12/2684 1720/12/1472 3155/28/2700 
f 2352/28/2103 2354/28/2105 3141/28/2687 
f 1763/28/1515 2994/28/2599 3155/28/2700 
f 3155/28/2700 3141/28/2687 1763/28/1515 
f 2994/28/2599 2971/12/2576 3138/12/2684 
f 2381/28/2132 3156/28/2701 3157/28/2702 
f 3157/28/2702 2387/28/2138 2381/28/2132 
f 3157/28/2702 2997/28/2602 3158/28/2703 
f 3158/28/2703 2387/28/2138 3157/28/2702 
f 2381/28/2132 2386/28/2137 3156/28/2701 
f 2997/28/2602 3157/28/2702 3156/28/2701 
f 3156/28/2701 2420/28/2171 2997/28/2602 
f 2997/28/2602 2431/28/2182 3158/28/2703 
f 2417/28/2168 3156/28/2701 3159/28/2704 
f 3159/28/2704 2421/28/2172 2417/28/2168 
f 3159/28/2704 2999/28/2604 3143/28/2689 
f 3143/28/2689 2421/28/2172 3159/28/2704 
f 2417/28/2168 2420/28/2171 3156/28/2701 
f 2999/28/2604 3159/28/2704 3156/28/2701 
f 3156/28/2701 2386/28/2137 2999/28/2604 
f 2999/28/2604 1764/28/1516 3143/28/2689 
f 2428/28/2179 3154/28/2699 3160/28/2705 
f 3160/28/2705 2431/28/2182 2428/28/2179 
f 3160/28/2705 3002/28/2607 3158/28/2703 
f 3158/28/2703 2431/28/2182 3160/28/2705 
f 2428/28/2179 2079/28/1831 3154/28/2699 
f 2992/28/2597 3002/28/2607 3160/28/2705 
f 3160/28/2705 3154/28/2699 2992/28/2597 
f 3002/28/2607 2387/28/2138 3158/28/2703 
f 3029/316/2633 3161/323/2706 3162/322/2707 
f 3162/322/2707 2965/309/2570 3029/316/2633 
f 3162/322/2707 3004/313/2609 3140/321/2686 
f 3140/321/2686 2965/309/2570 3162/322/2707 
f 3029/316/2633 2324/271/2075 3161/323/2706 
f 3007/314/2612 3004/313/2609 3162/322/2707 
f 3162/322/2707 3161/323/2706 3007/314/2612 
f 3004/313/2609 1721/15/1473 3140/321/2686 
f 2002/28/1754 3163/28/2708 3164/28/2709 
f 3164/28/2709 2010/28/1762 2002/28/1754 
f 3164/28/2709 3008/28/2613 3152/28/2697 
f 3152/28/2697 2010/28/1762 3164/28/2709 
f 2002/28/1754 2007/28/1759 3163/28/2708 
f 1876/28/1628 3008/28/2613 3164/28/2709 
f 3164/28/2709 3163/28/2708 1876/28/1628 
f 3008/28/2613 1989/28/1741 3152/28/2697 
f 3165/28/2710 1859/28/1611 1853/28/1605 
f 1853/28/1605 3166/28/2711 3165/28/2710 
f 3011/28/2616 3167/28/2712 1859/28/1611 
f 1859/28/1611 3165/28/2710 3011/28/2616 
f 1853/28/1605 1858/28/1610 3166/28/2711 
f 3016/28/2620 3011/28/2616 3165/28/2710 
f 3165/28/2710 3166/28/2711 3016/28/2620 
f 3011/28/2616 3014/28/1608 3167/28/2712 
f 3168/28/2713 175/28/171 1870/28/1622 
f 1870/28/1622 3167/28/2712 3168/28/2713 
f 3017/28/2621 1486/28/1263 175/28/171 
f 175/28/171 3168/28/2713 3017/28/2621 
f 1870/28/1622 1859/28/1611 3167/28/2712 
f 3014/28/1608 3017/28/2621 3168/28/2713 
f 3168/28/2713 3167/28/2712 3014/28/1608 
f 3017/28/2621 1335/28/171 1486/28/1263 
f 2139/28/1891 3169/28/2714 3170/28/2715 
f 3170/28/2715 2143/28/1895 2139/28/1891 
f 3019/28/2623 3171/28/2716 2143/28/1895 
f 2143/28/1895 3170/28/2715 3019/28/2623 
f 2139/28/1891 1879/28/1631 3169/28/2714 
f 3024/28/2628 3019/28/2623 3170/28/2715 
f 3170/28/2715 3169/28/2714 3024/28/2628 
f 3019/28/2623 3022/28/2626 3171/28/2716 
f 2167/28/1919 3171/28/2716 3172/28/2717 
f 3172/28/2717 1858/28/1610 2167/28/1919 
f 3025/28/2629 3166/28/2711 1858/28/1610 
f 1858/28/1610 3172/28/2717 3025/28/2629 
f 2167/28/1919 2143/28/1895 3171/28/2716 
f 3022/28/2626 3025/28/2629 3172/28/2717 
f 3172/28/2717 3171/28/2716 3022/28/2626 
f 3025/28/2629 3016/28/2620 3166/28/2711 
f 1873/28/1625 3163/28/2708 3173/28/2718 
f 3173/28/2718 1879/28/1631 1873/28/1625 
f 3027/28/2631 3169/28/2714 1879/28/1631 
f 1879/28/1631 3173/28/2718 3027/28/2631 
f 1873/28/1625 1876/28/1628 3163/28/2708 
f 2007/28/1759 3027/28/2631 3173/28/2718 
f 3173/28/2718 3163/28/2708 2007/28/1759 
f 3027/28/2631 3024/28/2628 3169/28/2714 
f 2319/270/2070 3131/320/2679 3174/324/2719 
f 3174/324/2719 2324/271/2075 2319/270/2070 
f 3161/323/2706 2324/271/2075 3174/324/2719 
f 3174/324/2719 3032/318/2636 3161/323/2706 
f 2319/270/2070 2322/268/2073 3131/320/2679 
f 2779/302/2416 3032/318/2636 3174/324/2719 
f 3174/324/2719 3131/320/2679 2779/302/2416 
f 3032/318/2636 3007/314/2612 3161/323/2706 
f 3110/294/2384 3175/319/2292 3176/319/2680 
f 3176/319/2680 2746/294/2384 3110/294/2384 
f 3176/319/2680 3051/292/2302 3132/319/2680 
f 3132/319/2680 2746/294/2384 3176/319/2680 
f 3110/294/2384 3112/294/2384 3175/319/2292 
f 3051/292/2302 3176/319/2680 3175/319/2292 
f 3175/319/2292 3054/292/2302 3051/292/2302 
f 3051/292/2302 2663/292/2302 3132/319/2680 
f 1792/28/1544 3177/28/2720 3178/28/2721 
f 3178/28/2721 1799/28/1551 1792/28/1544 
f 3178/28/2721 2356/28/2107 3179/28/2722 
f 3179/28/2722 1799/28/1551 3178/28/2721 
f 1792/28/1544 1798/28/1550 3177/28/2720 
f 2360/28/2111 2356/28/2107 3178/28/2721 
f 3178/28/2721 3177/28/2720 2360/28/2111 
f 2356/28/2107 2359/28/2110 3179/28/2722 
f 1802/28/1554 2259/28/2011 3180/28/2723 
f 3180/28/2723 1806/28/1558 1802/28/1554 
f 3180/28/2723 2819/28/2450 3036/28/2640 
f 3036/28/2640 1806/28/1558 3180/28/2723 
f 1802/28/1554 1805/28/1557 2259/28/2011 
f 2819/28/2450 3180/28/2723 2259/28/2011 
f 2259/28/2011 2262/28/2014 2819/28/2450 
f 2819/28/2450 2821/28/2452 3036/28/2640 
f 1817/28/1569 2034/28/1786 3181/28/2724 
f 3181/28/2724 1823/28/1575 1817/28/1569 
f 3181/28/2724 1988/28/1740 3182/28/2725 
f 3182/28/2725 1823/28/1575 3181/28/2724 
f 1817/28/1569 1822/28/1574 2034/28/1786 
f 1988/28/1740 3181/28/2724 2034/28/1786 
f 2034/28/1786 1947/28/1699 1988/28/1740 
f 1988/28/1740 1990/28/1742 3182/28/2725 
f 2035/28/1787 1816/28/1568 3183/28/2726 
f 3183/28/2726 2038/28/1790 2035/28/1787 
f 3184/28/2727 2038/28/1790 3183/28/2726 
f 3183/28/2726 2848/28/2471 3184/28/2727 
f 2035/28/1787 1822/28/1574 1816/28/1568 
f 2848/28/2471 3183/28/2726 1816/28/1568 
f 1816/28/1568 1819/28/1571 2848/28/2471 
f 2848/28/2471 2849/28/2472 3184/28/2727 
f 2039/28/1791 3184/28/2727 3185/28/2728 
f 3185/28/2728 2042/28/1794 2039/28/1791 
f 3185/28/2728 2856/28/2476 3186/28/2729 
f 3186/28/2729 2042/28/1794 3185/28/2728 
f 2039/28/1791 2038/28/1790 3184/28/2727 
f 2856/28/2476 3185/28/2728 3184/28/2727 
f 3184/28/2727 2849/28/2472 2856/28/2476 
f 2856/28/2476 2857/28/2477 3186/28/2729 
f 2043/28/1795 3186/28/2729 3187/28/2730 
f 3187/28/2730 2046/28/1798 2043/28/1795 
f 3187/28/2730 2864/28/2482 3188/28/2731 
f 3188/28/2731 2046/28/1798 3187/28/2730 
f 2043/28/1795 2042/28/1794 3186/28/2729 
f 2864/28/2482 3187/28/2730 3186/28/2729 
f 3186/28/2729 2857/28/2477 2864/28/2482 
f 2864/28/2482 2865/28/2483 3188/28/2731 
f 2081/28/1833 3188/28/2731 3189/28/2732 
f 3189/28/2732 2085/28/1837 2081/28/1833 
f 3189/28/2732 2917/28/2525 3190/28/2733 
f 3190/28/2733 2085/28/1837 3189/28/2732 
f 2081/28/1833 2046/28/1798 3188/28/2731 
f 2917/28/2525 3189/28/2732 3188/28/2731 
f 3188/28/2731 2865/28/2483 2917/28/2525 
f 2917/28/2525 2832/28/2460 3190/28/2733 
f 2251/28/2003 3191/28/2734 3192/28/2735 
f 3192/28/2735 2257/28/2009 2251/28/2003 
f 2434/28/2185 2257/28/2009 3192/28/2735 
f 3192/28/2735 2385/28/2136 2434/28/2185 
f 2251/28/2003 2256/28/2008 3191/28/2734 
f 2385/28/2136 3192/28/2735 3191/28/2734 
f 3191/28/2734 2383/28/2134 2385/28/2136 
f 2385/28/2136 2388/28/2139 2434/28/2185 
f 2260/28/2012 1801/28/1553 3193/28/2736 
f 3193/28/2736 2256/28/2008 2260/28/2012 
f 3193/28/2736 3001/28/2606 3191/28/2734 
f 3191/28/2734 2256/28/2008 3193/28/2736 
f 2260/28/2012 1805/28/1557 1801/28/1553 
f 3001/28/2606 3193/28/2736 1801/28/1553 
f 1801/28/1553 1759/28/1511 3001/28/2606 
f 3001/28/2606 2383/28/2134 3191/28/2734 
f 2432/28/2183 3190/28/2733 3194/28/2737 
f 3194/28/2737 2257/28/2009 2432/28/2183 
f 2255/28/2007 2257/28/2009 3194/28/2737 
f 3194/28/2737 2830/28/2458 2255/28/2007 
f 2432/28/2183 2085/28/1837 3190/28/2733 
f 2830/28/2458 3194/28/2737 3190/28/2733 
f 3190/28/2733 2832/28/2460 2830/28/2458 
f 2830/28/2458 2258/28/2010 2255/28/2007 
f 2638/28/2281 2938/28/2545 3195/28/2738 
f 3195/28/2738 2642/28/2281 2638/28/2281 
f 3195/28/2738 3127/28/2675 3196/28/2739 
f 3196/28/2739 2642/28/2281 3195/28/2738 
f 2638/28/2281 2641/28/2281 2938/28/2545 
f 3127/28/2675 3195/28/2738 2938/28/2545 
f 2938/28/2545 2941/28/2548 3127/28/2675 
f 3127/28/2675 3128/28/2676 3196/28/2739 
f 3197/28/2740 2937/28/2543 2935/28/2543 
f 2935/28/2543 3196/28/2739 3197/28/2740 
f 3197/28/2740 3198/28/2741 2937/28/2742 
f 2935/28/2543 2642/28/2281 3196/28/2739 
f 3198/28/2741 3197/28/2740 3196/28/2739 
f 3196/28/2739 3128/28/2676 3198/28/2741 
f 1798/28/1550 2939/28/2546 2637/28/2281 
f 2637/28/2281 3199/28/2743 1798/28/1550 
f 3199/28/2743 2931/28/2539 3177/28/2720 
f 3177/28/2720 1798/28/1550 3199/28/2743 
f 2939/28/2546 2641/28/2281 2637/28/2281 
f 2629/28/2280 2931/28/2539 3199/28/2743 
f 3199/28/2743 2637/28/2281 2629/28/2280 
f 2931/28/2539 2360/28/2111 3177/28/2720 
f 3034/28/2638 3179/28/2722 3200/28/2744 
f 3200/28/2744 1806/28/1558 3034/28/2638 
f 3200/28/2744 3039/28/2643 1804/28/1556 
f 1804/28/1556 1806/28/1558 3200/28/2744 
f 3034/28/2638 1799/28/1551 3179/28/2722 
f 2359/28/2110 3039/28/2643 3200/28/2744 
f 3200/28/2744 3179/28/2722 2359/28/2110 
f 3039/28/2643 1762/28/1514 1804/28/1556 
f 1779/30/1531 1775/29/1527 3201/29/2745 
f 3201/29/2745 3202/29/2746 1779/30/1531 
f 3202/29/2746 2308/29/2060 2136/30/1888 
f 2136/30/1888 1779/30/1531 3202/29/2746 
f 1775/29/1527 1778/29/1530 3201/29/2745 
f 2306/29/2058 2308/29/2060 3202/29/2746 
f 3202/29/2746 3201/29/2745 2306/29/2058 
f 2308/29/2060 2131/30/1883 2136/30/1888 
f 1779/30/1531 2135/197/1887 2336/198/2087 
f 2336/198/2087 3203/197/2747 1779/30/1531 
f 1776/30/1528 1779/30/1531 3203/197/2747 
f 3203/197/2747 2800/197/2437 1776/30/1528 
f 2135/197/1887 2138/198/1890 2336/198/2087 
f 2339/198/2090 2800/197/2437 3203/197/2747 
f 3203/197/2747 2336/198/2087 2339/198/2090 
f 2800/197/2437 1773/30/1525 1776/30/1528 
f 2286/29/2038 2371/29/2122 3204/29/2748 
f 3204/29/2748 2290/29/2042 2286/29/2038 
f 2913/29/2522 3205/29/2749 2290/29/2042 
f 2290/29/2042 3204/29/2748 2913/29/2522 
f 2286/29/2038 2289/29/2041 2371/29/2122 
f 2374/29/2125 2913/29/2522 3204/29/2748 
f 3204/29/2748 2371/29/2122 2374/29/2125 
f 2913/29/2522 2810/29/2447 3205/29/2749 
f 2337/272/2088 2133/198/1885 3206/272/2750 
f 3206/272/2750 2342/20/2093 2337/272/2088 
f 3206/272/2750 2348/272/2099 3207/20/2751 
f 3207/20/2751 2342/20/2093 3206/272/2750 
f 2337/272/2088 2138/198/1890 2133/198/1885 
f 2137/198/1889 2348/272/2099 3206/272/2750 
f 3206/272/2750 2133/198/1885 2137/198/1889 
f 2348/272/2099 2350/20/2101 3207/20/2751 
f 2372/29/2123 2285/29/2037 3208/29/2752 
f 3208/29/2752 1778/29/1530 2372/29/2123 
f 3208/29/2752 2363/29/2114 3201/29/2745 
f 3201/29/2745 1778/29/1530 3208/29/2752 
f 2372/29/2123 2289/29/2041 2285/29/2037 
f 2238/29/1990 2363/29/2114 3208/29/2752 
f 3208/29/2752 2285/29/2037 2238/29/1990 
f 2363/29/2114 2306/29/2058 3201/29/2745 
f 2406/29/2157 3205/29/2749 3209/29/2753 
f 3209/29/2753 2410/29/2161 2406/29/2157 
f 3209/29/2753 2807/29/2444 3210/29/2754 
f 3210/29/2754 2410/29/2161 3209/29/2753 
f 2406/29/2157 2290/29/2042 3205/29/2749 
f 2810/29/2447 2807/29/2444 3209/29/2753 
f 3209/29/2753 3205/29/2749 2810/29/2447 
f 2807/29/2444 2809/29/2446 3210/29/2754 
f 2486/293/2219 2788/293/2425 3211/293/2755 
f 3211/293/2755 2491/293/2219 2486/293/2219 
f 3211/293/2755 2567/293/2255 3212/293/2755 
f 3212/293/2755 2491/293/2219 3211/293/2755 
f 2486/293/2219 2490/293/2219 2788/293/2425 
f 2567/293/2255 3211/293/2755 2788/293/2425 
f 2788/293/2425 2562/293/2250 2567/293/2255 
f 2567/293/2255 2570/293/2255 3212/293/2755 
f 2678/293/2317 2674/293/2313 3059/293/2649 
f 3059/293/2649 3213/293/2756 2678/293/2317 
f 2787/293/2424 2678/293/2317 3213/293/2756 
f 3213/293/2756 2724/23/2363 2787/293/2424 
f 2674/293/2313 2677/293/2316 3059/293/2649 
f 2727/23/2366 2724/23/2363 3213/293/2756 
f 3213/293/2756 3059/293/2649 2727/23/2366 
f 2724/23/2363 2723/23/2362 2787/293/2424 
f 2784/293/2421 3212/293/2755 3214/293/2421 
f 3214/293/2421 2678/293/2317 2784/293/2421 
f 3214/293/2421 2873/293/2421 2675/293/2314 
f 2675/293/2314 2678/293/2317 3214/293/2421 
f 2784/293/2421 2491/293/2219 3212/293/2755 
f 2873/293/2421 3214/293/2421 3212/293/2755 
f 3212/293/2755 2570/293/2255 2873/293/2421 
f 2873/293/2421 2670/293/2309 2675/293/2314 
f 2789/293/2426 2485/293/2218 3215/293/2757 
f 3215/293/2757 2793/23/2430 2789/293/2426 
f 2954/23/2561 2793/23/2430 3215/293/2757 
f 3215/293/2757 2904/23/2513 2954/23/2561 
f 2789/293/2426 2490/293/2219 2485/293/2218 
f 2904/23/2513 3215/293/2757 2485/293/2218 
f 2485/293/2218 2484/23/2217 2904/23/2513 
f 2904/23/2513 2906/303/2515 2954/23/2561 
f 2793/23/2430 2952/21/2559 3207/20/2751 
f 3207/20/2751 3216/21/2758 2793/23/2430 
f 3216/21/2758 2958/21/2565 2791/23/2428 
f 2791/23/2428 2793/23/2430 3216/21/2758 
f 2952/21/2559 2342/20/2093 3207/20/2751 
f 2350/20/2101 2958/21/2565 3216/21/2758 
f 3216/21/2758 3207/20/2751 2350/20/2101 
f 2958/21/2565 2794/23/2431 2791/23/2428 
f 3060/293/2316 2672/293/2311 3217/293/2311 
f 3217/293/2311 3064/293/2316 3060/293/2316 
f 3217/293/2311 3086/293/2661 3218/293/2316 
f 3218/293/2316 3064/293/2316 3217/293/2311 
f 3060/293/2316 2677/293/2316 2672/293/2311 
f 2676/293/2315 3086/293/2661 3217/293/2311 
f 3217/293/2311 2672/293/2311 2676/293/2315 
f 3086/293/2661 3088/293/2662 3218/293/2316 
f 3219/29/2759 3220/29/2760 3221/29/2761 
f 3221/29/2761 3222/287/2762 3219/29/2759 
f 3221/29/2761 1544/29/1316 3223/287/2763 
f 3223/287/2763 3222/287/2762 3221/29/2761 
f 3219/29/2759 3224/29/2764 3220/29/2760 
f 3221/29/2761 3220/29/2760 1544/29/1316 
f 3225/29/2765 3226/29/2766 3227/29/2767 
f 3227/29/2767 3228/287/2768 3225/29/2765 
f 3229/287/2769 3228/287/2768 3227/29/2767 
f 3227/29/2767 3219/29/2759 3229/287/2769 
f 3225/29/2765 3230/29/2770 3226/29/2766 
f 3219/29/2759 3227/29/2767 3226/29/2766 
f 3226/29/2766 3224/29/2764 3219/29/2759 
f 3219/29/2759 3222/287/2762 3229/287/2769 
f 3226/29/2766 3231/29/2771 3232/29/2772 
f 3232/29/2772 3224/29/2764 3226/29/2766 
f 3233/29/2773 3234/29/2774 3224/29/2764 
f 3224/29/2764 3232/29/2772 3233/29/2773 
f 3226/29/2766 3230/29/2770 3231/29/2771 
f 3235/29/2775 3233/29/2773 3232/29/2772 
f 3232/29/2772 3231/29/2771 3235/29/2775 
f 3233/29/2773 3236/29/2776 3234/29/2774 
f 2183/233/1935 3237/121/2777 3238/253/2778 
f 3238/253/2778 499/236/498 2183/233/1935 
f 1558/253/1329 499/236/498 3238/253/2778 
f 3238/253/2778 3223/287/2763 1558/253/1329 
f 2183/233/1935 2184/237/1936 3237/121/2777 
f 3223/287/2763 3238/253/2778 3237/121/2777 
f 3237/121/2777 3222/287/2762 3223/287/2763 
f 3223/287/2763 1544/29/1316 1558/253/1329 
f 2187/238/1939 3239/121/2779 3240/121/2780 
f 3240/121/2780 2184/237/1936 2187/238/1939 
f 3229/287/2769 3237/121/2777 2184/237/1936 
f 2184/237/1936 3240/121/2780 3229/287/2769 
f 2187/238/1939 2188/241/1940 3239/121/2779 
f 3229/287/2769 3240/121/2780 3239/121/2779 
f 3239/121/2779 3228/287/2768 3229/287/2769 
f 3229/287/2769 3222/287/2762 3237/121/2777 
f 2191/242/1943 3241/254/2781 3242/254/2782 
f 3242/254/2782 2188/241/1940 2191/242/1943 
f 3243/287/2783 3239/121/2779 2188/241/1940 
f 2188/241/1940 3242/254/2782 3243/287/2783 
f 2191/242/1943 2192/245/1944 3241/254/2781 
f 3244/29/2784 3243/287/2783 3242/254/2782 
f 3242/254/2782 3241/254/2781 3244/29/2784 
f 3243/287/2783 3228/287/2768 3239/121/2779 
f 2195/246/1947 3245/287/2785 3246/287/2786 
f 3246/287/2786 2192/245/1944 2195/246/1947 
f 3247/29/2787 3241/254/2781 2192/245/1944 
f 2192/245/1944 3246/287/2786 3247/29/2787 
f 2195/246/1947 2196/249/1948 3245/287/2785 
f 3248/29/2788 3247/29/2787 3246/287/2786 
f 3246/287/2786 3245/287/2785 3248/29/2788 
f 3247/29/2787 3244/29/2784 3241/254/2781 
f 2199/250/1951 3249/29/2789 3250/29/2790 
f 3250/29/2790 2196/249/1948 2199/250/1951 
f 3251/29/2791 3245/287/2785 2196/249/1948 
f 2196/249/1948 3250/29/2790 3251/29/2791 
f 2199/250/1951 2200/253/1952 3249/29/2789 
f 3252/29/2792 3251/29/2791 3250/29/2790 
f 3250/29/2790 3249/29/2789 3252/29/2792 
f 3251/29/2791 3248/29/2788 3245/287/2785 
f 2200/253/1952 2204/254/1956 2452/29/2203 
f 2452/29/2203 3253/29/2793 2200/253/1952 
f 3253/29/2793 3254/29/2794 3249/29/2789 
f 3249/29/2789 2200/253/1952 3253/29/2793 
f 2204/254/1956 2205/254/1957 2452/29/2203 
f 2455/29/2206 3254/29/2794 3253/29/2793 
f 3253/29/2793 2452/29/2203 2455/29/2206 
f 3254/29/2794 3252/29/2792 3249/29/2789 
f 2223/29/1975 3255/29/2795 3256/29/2796 
f 3256/29/2796 2219/29/1971 2223/29/1975 
f 3257/29/2797 2216/29/1968 2219/29/1971 
f 2219/29/1971 3256/29/2796 3257/29/2797 
f 2223/29/1975 2225/29/1977 3255/29/2795 
f 3258/29/2798 3257/29/2797 3256/29/2796 
f 3256/29/2796 3255/29/2795 3258/29/2798 
f 3257/29/2797 2220/29/1972 2216/29/1968 
f 2228/29/1980 3259/29/2799 3260/29/2800 
f 3260/29/2800 2225/29/1977 2228/29/1980 
f 3261/29/2801 3255/29/2795 2225/29/1977 
f 2225/29/1977 3260/29/2800 3261/29/2801 
f 2228/29/1980 2229/29/1981 3259/29/2799 
f 3261/29/2801 3260/29/2800 3259/29/2799 
f 3259/29/2799 3262/29/2802 3261/29/2801 
f 3261/29/2801 3258/29/2798 3255/29/2795 
f 2233/29/1985 2437/29/2188 3263/29/2803 
f 3263/29/2803 2229/29/1981 2233/29/1985 
f 3264/29/2804 3259/29/2799 2229/29/1981 
f 2229/29/1981 3263/29/2803 3264/29/2804 
f 2233/29/1985 2234/29/1986 2437/29/2188 
f 3264/29/2804 3263/29/2803 2437/29/2188 
f 2437/29/2188 2440/29/2191 3264/29/2804 
f 3264/29/2804 3262/29/2802 3259/29/2799 
f 2239/29/1991 2389/29/2140 3265/29/2805 
f 3265/29/2805 2243/29/1995 2239/29/1991 
f 2298/29/2050 3266/29/2806 2243/29/1995 
f 2243/29/1995 3265/29/2805 2298/29/2050 
f 2239/29/1991 2242/29/1994 2389/29/2140 
f 2302/29/2054 2298/29/2050 3265/29/2805 
f 3265/29/2805 2389/29/2140 2302/29/2054 
f 2298/29/2050 2301/29/2053 3266/29/2806 
f 2246/197/1998 2344/198/2095 3267/197/2807 
f 3267/197/2807 2249/30/2001 2246/197/1998 
f 2307/30/2059 2249/30/2001 3267/197/2807 
f 3267/197/2807 2132/197/1884 2307/30/2059 
f 2246/197/1998 2248/198/2000 2344/198/2095 
f 2137/198/1889 2132/197/1884 3267/197/2807 
f 3267/197/2807 2344/198/2095 2137/198/1889 
f 2132/197/1884 2131/30/1883 2307/30/2059 
f 2304/29/2056 3268/29/2808 3269/29/2809 
f 3269/29/2809 2249/30/2001 2304/29/2056 
f 3269/29/2809 1786/29/1538 2247/30/1999 
f 2247/30/1999 2249/30/2001 3269/29/2809 
f 2304/29/2056 2309/29/2061 3268/29/2808 
f 1791/29/1543 1786/29/1538 3269/29/2809 
f 3269/29/2809 3268/29/2808 1791/29/1543 
f 1786/29/1538 1789/30/1541 2247/30/1999 
f 2345/272/2096 2244/198/1996 3270/272/2810 
f 3270/272/2810 2349/20/2100 2345/272/2096 
f 2334/272/2085 3271/20/2811 2349/20/2100 
f 2349/20/2100 3270/272/2810 2334/272/2085 
f 2345/272/2096 2248/198/2000 2244/198/1996 
f 2130/198/1882 2334/272/2085 3270/272/2810 
f 3270/272/2810 2244/198/1996 2130/198/1882 
f 2334/272/2085 2335/20/2086 3271/20/2811 
f 2361/29/2112 3266/29/2806 3272/29/2812 
f 3272/29/2812 2309/29/2061 2361/29/2112 
f 2379/29/2130 3268/29/2808 2309/29/2061 
f 2309/29/2061 3272/29/2812 2379/29/2130 
f 2361/29/2112 2243/29/1995 3266/29/2806 
f 2301/29/2053 2379/29/2130 3272/29/2812 
f 3272/29/2812 3266/29/2806 2301/29/2053 
f 2379/29/2130 1791/29/1543 3268/29/2808 
f 2390/29/2141 2236/29/1988 3273/29/2813 
f 3273/29/2813 2394/29/2145 2390/29/2141 
f 2442/29/2193 2394/29/2145 3273/29/2813 
f 3273/29/2813 2409/29/2160 2442/29/2193 
f 2390/29/2141 2242/29/1994 2236/29/1988 
f 2241/29/1993 2409/29/2160 3273/29/2813 
f 3273/29/2813 2236/29/1988 2241/29/1993 
f 2409/29/2160 2411/29/2162 2442/29/2193 
f 2394/29/2145 2438/29/2189 2231/29/1983 
f 2231/29/1983 3274/29/2814 2394/29/2145 
f 3274/29/2814 2051/29/1803 2393/29/2144 
f 2393/29/2144 2394/29/2145 3274/29/2814 
f 2438/29/2189 2234/29/1986 2231/29/1983 
f 2056/29/1808 2051/29/1803 3274/29/2814 
f 3274/29/2814 2231/29/1983 2056/29/1808 
f 2051/29/1803 2050/29/1802 2393/29/2144 
f 2206/29/1958 2453/287/2204 2202/255/1954 
f 2202/255/1954 3275/121/2815 2206/29/1958 
f 3275/121/2815 2030/147/1782 3276/287/2816 
f 3276/287/2816 2206/29/1958 3275/121/2815 
f 2453/287/2204 2205/254/1957 2202/255/1954 
f 2033/148/1785 2030/147/1782 3275/121/2815 
f 3275/121/2815 2202/255/1954 2033/148/1785 
f 2030/147/1782 2000/121/1752 3276/287/2816 
f 2564/293/2252 2874/293/2491 3277/293/2817 
f 3277/293/2817 2569/293/2252 2564/293/2252 
f 3277/293/2817 2575/293/2260 3278/293/2818 
f 3278/293/2818 2569/293/2252 3277/293/2817 
f 2564/293/2252 2568/293/2252 2874/293/2491 
f 2575/293/2260 3277/293/2817 2874/293/2491 
f 2874/293/2491 2573/293/2258 2575/293/2260 
f 2575/293/2260 2576/293/2261 3278/293/2818 
f 2707/293/2346 3082/293/2658 3279/293/2819 
f 3279/293/2819 2711/293/2350 2707/293/2346 
f 3279/293/2819 2671/293/2310 2872/293/2490 
f 2872/293/2490 2711/293/2350 3279/293/2819 
f 2707/293/2346 2710/293/2349 3082/293/2658 
f 2676/293/2315 2671/293/2310 3279/293/2819 
f 3279/293/2819 3082/293/2658 2676/293/2315 
f 2671/293/2310 2670/293/2309 2872/293/2490 
f 2870/293/2488 3278/293/2818 3280/293/2820 
f 3280/293/2820 2711/293/2350 2870/293/2488 
f 3280/293/2820 2882/293/2499 2708/293/2347 
f 2708/293/2347 2711/293/2350 3280/293/2820 
f 2870/293/2488 2569/293/2252 3278/293/2818 
f 2882/293/2499 3280/293/2820 3278/293/2818 
f 3278/293/2818 2576/293/2261 2882/293/2499 
f 2882/293/2499 2703/293/2342 2708/293/2347 
f 3281/293/2821 2879/23/2496 2875/293/2492 
f 2875/293/2492 2563/293/2251 3281/293/2821 
f 2957/23/2564 2879/23/2496 3281/293/2821 
f 3281/293/2821 2792/293/2429 2957/23/2564 
f 2875/293/2492 2568/293/2252 2563/293/2251 
f 2792/293/2429 3281/293/2821 2563/293/2251 
f 2563/293/2251 2562/293/2250 2792/293/2429 
f 2792/293/2429 2794/23/2431 2957/23/2564 
f 3282/21/2822 2879/23/2496 2955/21/2562 
f 2955/21/2562 3271/20/2811 3282/21/2822 
f 3282/21/2822 2951/21/2558 2877/23/2494 
f 2877/23/2494 2879/23/2496 3282/21/2822 
f 2955/21/2562 2349/20/2100 3271/20/2811 
f 2335/20/2086 2951/21/2558 3282/21/2822 
f 3282/21/2822 3271/20/2811 2335/20/2086 
f 2951/21/2558 2880/23/2497 2877/23/2494 
f 3083/293/2659 2705/293/2344 3283/293/2344 
f 3283/293/2344 3087/293/2659 3083/293/2659 
f 3283/293/2344 3091/293/2348 3284/293/2823 
f 3284/293/2823 3087/293/2659 3283/293/2344 
f 3083/293/2659 2710/293/2349 2705/293/2344 
f 2709/293/2348 3091/293/2348 3283/293/2344 
f 3283/293/2344 2705/293/2344 2709/293/2348 
f 3091/293/2348 3092/293/2665 3284/293/2823 
f 3244/29/2784 3285/29/2824 3286/29/2825 
f 3286/29/2825 3287/29/2826 3244/29/2784 
f 3243/287/2783 3244/29/2784 3287/29/2826 
f 3287/29/2826 3225/29/2765 3243/287/2783 
f 3285/29/2824 3288/29/2827 3286/29/2825 
f 3225/29/2765 3287/29/2826 3286/29/2825 
f 3286/29/2825 3230/29/2770 3225/29/2765 
f 3225/29/2765 3228/287/2768 3243/287/2783 
f 3289/29/2828 2455/29/2206 3290/29/2829 
f 3290/29/2829 3291/29/2830 3289/29/2828 
f 3254/29/2794 2455/29/2206 3289/29/2828 
f 3289/29/2828 3292/29/2831 3254/29/2794 
f 3290/29/2829 3293/29/2832 3291/29/2830 
f 3294/29/2833 3292/29/2831 3289/29/2828 
f 3289/29/2828 3291/29/2830 3294/29/2833 
f 3292/29/2831 3252/29/2792 3254/29/2794 
f 3252/29/2792 3292/29/2831 3295/29/2834 
f 3295/29/2834 3296/29/2835 3252/29/2792 
f 3251/29/2791 3252/29/2792 3296/29/2835 
f 3296/29/2835 3297/29/2836 3251/29/2791 
f 3292/29/2831 3294/29/2833 3295/29/2834 
f 3298/29/2837 3297/29/2836 3296/29/2835 
f 3296/29/2835 3295/29/2834 3298/29/2837 
f 3297/29/2836 3248/29/2788 3251/29/2791 
f 3248/29/2788 3297/29/2836 3299/29/2838 
f 3299/29/2838 3300/29/2839 3248/29/2788 
f 3247/29/2787 3248/29/2788 3300/29/2839 
f 3300/29/2839 3285/29/2824 3247/29/2787 
f 3297/29/2836 3298/29/2837 3299/29/2838 
f 3288/29/2827 3285/29/2824 3300/29/2839 
f 3300/29/2839 3299/29/2838 3288/29/2827 
f 3285/29/2824 3244/29/2784 3247/29/2787 
f 2214/29/1966 3301/29/2840 3302/29/2841 
f 3302/29/2841 3303/29/2842 2214/29/1966 
f 2456/29/2207 2214/29/1966 3303/29/2842 
f 3303/29/2842 3290/29/2829 2456/29/2207 
f 3301/29/2840 3304/29/2843 3302/29/2841 
f 3293/29/2832 3290/29/2829 3303/29/2842 
f 3303/29/2842 3302/29/2841 3293/29/2832 
f 3290/29/2829 2455/29/2206 2456/29/2207 
f 3286/29/2825 3305/29/2844 3306/29/2845 
f 3306/29/2845 3230/29/2770 3286/29/2825 
f 3306/29/2845 3307/29/2846 3231/29/2771 
f 3231/29/2771 3230/29/2770 3306/29/2845 
f 3286/29/2825 3288/29/2827 3305/29/2844 
f 3307/29/2846 3306/29/2845 3305/29/2844 
f 3305/29/2844 3308/29/2847 3307/29/2846 
f 3307/29/2846 3235/29/2775 3231/29/2771 
f 3291/29/2830 3309/29/2832 3310/29/2830 
f 3310/29/2830 3294/29/2833 3291/29/2830 
f 3310/29/2830 3311/29/2848 3312/29/2833 
f 3312/29/2833 3294/29/2833 3310/29/2830 
f 3291/29/2830 3293/29/2832 3309/29/2832 
f 3311/29/2848 3310/29/2830 3309/29/2832 
f 3309/29/2832 3313/29/2832 3311/29/2848 
f 3311/29/2848 3314/29/2849 3312/29/2833 
f 3295/29/2834 3312/29/2833 3315/29/2834 
f 3315/29/2834 3298/29/2837 3295/29/2834 
f 3315/29/2834 3316/29/2850 3317/29/2837 
f 3317/29/2837 3298/29/2837 3315/29/2834 
f 3295/29/2834 3294/29/2833 3312/29/2833 
f 3316/29/2850 3315/29/2834 3312/29/2833 
f 3312/29/2833 3314/29/2849 3316/29/2850 
f 3316/29/2850 3318/29/2851 3317/29/2837 
f 3299/29/2838 3317/29/2837 3319/29/2852 
f 3319/29/2852 3288/29/2827 3299/29/2838 
f 3319/29/2852 3320/29/2853 3305/29/2844 
f 3305/29/2844 3288/29/2827 3319/29/2852 
f 3299/29/2838 3298/29/2837 3317/29/2837 
f 3320/29/2853 3319/29/2852 3317/29/2837 
f 3317/29/2837 3318/29/2851 3320/29/2853 
f 3320/29/2853 3308/29/2847 3305/29/2844 
f 3302/29/2841 3321/29/2854 3322/29/2855 
f 3322/29/2855 3293/29/2832 3302/29/2841 
f 3322/29/2855 3323/29/2856 3309/29/2832 
f 3309/29/2832 3293/29/2832 3322/29/2855 
f 3302/29/2841 3304/29/2843 3321/29/2854 
f 3323/29/2856 3322/29/2855 3321/29/2854 
f 3321/29/2854 3324/29/2857 3323/29/2856 
f 3323/29/2856 3313/29/2832 3309/29/2832 
f 2213/29/1965 3325/29/2858 3326/29/2859 
f 3326/29/2859 3327/29/2860 2213/29/1965 
f 3327/29/2860 3301/29/2840 2210/29/1962 
f 2210/29/1962 2213/29/1965 3327/29/2860 
f 3325/29/2858 3328/29/2861 3326/29/2859 
f 3304/29/2843 3301/29/2840 3327/29/2860 
f 3327/29/2860 3326/29/2859 3304/29/2843 
f 3301/29/2840 2214/29/1966 2210/29/1962 
f 2440/29/2191 3329/29/2862 3330/29/2863 
f 3330/29/2863 3331/29/2864 2440/29/2191 
f 3264/29/2804 2440/29/2191 3331/29/2864 
f 3331/29/2864 3332/29/2865 3264/29/2804 
f 3329/29/2862 3333/29/2866 3330/29/2863 
f 3334/29/2867 3332/29/2865 3331/29/2864 
f 3331/29/2864 3330/29/2863 3334/29/2867 
f 3332/29/2865 3262/29/2802 3264/29/2804 
f 3258/29/2798 3335/29/2868 3336/29/2869 
f 3336/29/2869 3337/29/2870 3258/29/2798 
f 3257/29/2797 3258/29/2798 3337/29/2870 
f 3337/29/2870 3338/29/2871 3257/29/2797 
f 3335/29/2868 3339/29/2872 3336/29/2869 
f 3340/29/2873 3338/29/2871 3337/29/2870 
f 3337/29/2870 3336/29/2869 3340/29/2873 
f 3338/29/2871 2220/29/1972 3257/29/2797 
f 2220/29/1972 3338/29/2871 3341/29/2874 
f 3341/29/2874 3342/29/2875 2220/29/1972 
f 3342/29/2875 3325/29/2858 2218/29/1970 
f 2218/29/1970 2220/29/1972 3342/29/2875 
f 3338/29/2871 3340/29/2873 3341/29/2874 
f 3328/29/2861 3325/29/2858 3342/29/2875 
f 3342/29/2875 3341/29/2874 3328/29/2861 
f 3325/29/2858 2213/29/1965 2218/29/1970 
f 3262/29/2802 3332/29/2865 3343/29/2876 
f 3343/29/2876 3344/29/2877 3262/29/2802 
f 3261/29/2801 3262/29/2802 3344/29/2877 
f 3344/29/2877 3335/29/2868 3261/29/2801 
f 3332/29/2865 3334/29/2867 3343/29/2876 
f 3339/29/2872 3335/29/2868 3344/29/2877 
f 3344/29/2877 3343/29/2876 3339/29/2872 
f 3335/29/2868 3258/29/2798 3261/29/2801 
f 3345/29/2878 2411/29/2162 3346/29/2879 
f 3346/29/2879 3347/29/2880 3345/29/2878 
f 2441/29/2192 2411/29/2162 3345/29/2878 
f 3345/29/2878 3329/29/2862 2441/29/2192 
f 3346/29/2879 3348/29/2881 3347/29/2880 
f 3333/29/2866 3329/29/2862 3345/29/2878 
f 3345/29/2878 3347/29/2880 3333/29/2866 
f 3329/29/2862 2440/29/2191 2441/29/2192 
f 2219/29/1971 2215/29/1967 3349/29/2882 
f 3349/29/2882 3350/29/2883 2219/29/1971 
f 3350/29/2883 1970/29/1722 2224/29/1976 
f 2224/29/1976 2219/29/1971 3350/29/2883 
f 2215/29/1967 2212/29/1964 3349/29/2882 
f 1974/29/1726 1970/29/1722 3350/29/2883 
f 3350/29/2883 3349/29/2882 1974/29/1726 
f 1970/29/1722 1973/29/1725 2224/29/1976 
f 2212/29/1964 2207/29/1959 3276/287/2816 
f 3276/287/2816 3351/29/2884 2212/29/1964 
f 3351/29/2884 1997/29/1749 3349/29/2882 
f 3349/29/2882 2212/29/1964 3351/29/2884 
f 2207/29/1959 2206/29/1958 3276/287/2816 
f 2000/121/1752 1997/29/1749 3351/29/2884 
f 3351/29/2884 3276/287/2816 2000/121/1752 
f 1997/29/1749 1974/29/1726 3349/29/2882 
f 3326/29/2859 3352/29/2885 3353/29/2886 
f 3353/29/2886 3304/29/2843 3326/29/2859 
f 3353/29/2886 3354/29/2887 3321/29/2854 
f 3321/29/2854 3304/29/2843 3353/29/2886 
f 3326/29/2859 3328/29/2861 3352/29/2885 
f 3354/29/2887 3353/29/2886 3352/29/2885 
f 3352/29/2885 3355/29/2888 3354/29/2887 
f 3354/29/2887 3324/29/2857 3321/29/2854 
f 3356/29/2863 3334/29/2867 3330/29/2863 
f 3330/29/2863 3357/29/2866 3356/29/2863 
f 3356/29/2863 3358/29/2889 3359/29/2867 
f 3359/29/2867 3334/29/2867 3356/29/2863 
f 3330/29/2863 3333/29/2866 3357/29/2866 
f 3358/29/2889 3356/29/2863 3357/29/2866 
f 3357/29/2866 3360/29/2890 3358/29/2889 
f 3358/29/2889 3361/29/2891 3359/29/2867 
f 3336/29/2869 3362/29/2872 3363/29/2869 
f 3363/29/2869 3340/29/2873 3336/29/2869 
f 3363/29/2869 3364/29/2892 3365/29/2873 
f 3365/29/2873 3340/29/2873 3363/29/2869 
f 3336/29/2869 3339/29/2872 3362/29/2872 
f 3364/29/2892 3363/29/2869 3362/29/2872 
f 3362/29/2872 3366/29/2893 3364/29/2892 
f 3364/29/2892 3367/29/2891 3365/29/2873 
f 3341/29/2874 3365/29/2873 3368/29/2894 
f 3368/29/2894 3328/29/2861 3341/29/2874 
f 3368/29/2894 3369/29/2895 3352/29/2885 
f 3352/29/2885 3328/29/2861 3368/29/2894 
f 3341/29/2874 3340/29/2873 3365/29/2873 
f 3369/29/2895 3368/29/2894 3365/29/2873 
f 3365/29/2873 3367/29/2891 3369/29/2895 
f 3369/29/2895 3355/29/2888 3352/29/2885 
f 3343/29/2876 3359/29/2867 3370/29/2876 
f 3370/29/2876 3339/29/2872 3343/29/2876 
f 3370/29/2876 3371/29/2896 3362/29/2872 
f 3362/29/2872 3339/29/2872 3370/29/2876 
f 3343/29/2876 3334/29/2867 3359/29/2867 
f 3371/29/2896 3370/29/2876 3359/29/2867 
f 3359/29/2867 3361/29/2891 3371/29/2896 
f 3371/29/2896 3366/29/2893 3362/29/2872 
f 3347/29/2880 3372/29/2881 3373/29/2880 
f 3373/29/2880 3333/29/2866 3347/29/2880 
f 3373/29/2880 3374/29/2897 3357/29/2866 
f 3357/29/2866 3333/29/2866 3373/29/2880 
f 3347/29/2880 3348/29/2881 3372/29/2881 
f 3374/29/2897 3373/29/2880 3372/29/2881 
f 3372/29/2881 3375/29/2881 3374/29/2897 
f 3374/29/2897 3360/29/2890 3357/29/2866 
f 1700/29/1452 3220/29/2760 3376/29/2898 
f 3376/29/2898 1699/29/1451 1700/29/1452 
f 3376/29/2898 3234/29/2774 3377/29/2898 
f 3377/29/2898 1699/29/1451 3376/29/2898 
f 1700/29/1452 1544/29/1316 3220/29/2760 
f 3234/29/2774 3376/29/2898 3220/29/2760 
f 3220/29/2760 3224/29/2764 3234/29/2774 
f 3234/29/2774 3236/29/2776 3377/29/2898 
# 0 polygons - 6474 triangles

