# 3ds Max Wavefront OBJ Exporter v0.99 - (c)2007 guruware
# File Created: 05.04.2025 19:01:01

mtllib lampara.mtl

#
# object Faro
#

v  0.2435 0.0000 0.0000
v  0.2435 0.2426 0.0000
v  0.2316 0.2426 0.0753
v  0.2316 0.0000 0.0753
v  0.1970 0.2426 0.1431
v  0.1970 0.0000 0.1431
v  0.1431 0.2426 0.1970
v  0.1431 0.0000 0.1970
v  0.0753 0.2426 0.2316
v  0.0753 0.0000 0.2316
v  -0.0000 0.2426 0.2435
v  -0.0000 0.0000 0.2435
v  -0.0753 0.2426 0.2316
v  -0.0753 0.0000 0.2316
v  -0.1431 0.2426 0.1970
v  -0.1431 0.0000 0.1970
v  -0.1970 0.2426 0.1431
v  -0.1970 0.0000 0.1431
v  -0.2316 0.2426 0.0753
v  -0.2316 0.0000 0.0753
v  -0.2435 0.2426 -0.0000
v  -0.2435 0.0000 -0.0000
v  -0.2316 0.2426 -0.0753
v  -0.2316 0.0000 -0.0753
v  -0.1970 0.2426 -0.1431
v  -0.1970 0.0000 -0.1431
v  -0.1431 0.2426 -0.1970
v  -0.1431 0.0000 -0.1970
v  -0.0753 0.2426 -0.2316
v  -0.0753 0.0000 -0.2316
v  0.0000 0.2426 -0.2435
v  0.0000 0.0000 -0.2435
v  0.0753 0.2426 -0.2316
v  0.0753 0.0000 -0.2316
v  0.1431 0.2426 -0.1970
v  0.1431 0.0000 -0.1970
v  0.1970 0.2426 -0.1431
v  0.1970 0.0000 -0.1431
v  -0.1747 0.2426 0.1269
v  -0.1269 0.2426 0.1747
v  -0.1269 0.2769 0.1747
v  -0.1747 0.2769 0.1269
v  0.2316 0.2426 -0.0753
v  0.2316 0.0000 -0.0753
v  0.2159 0.2426 0.0000
v  0.2053 0.2426 0.0667
v  0.1747 0.2426 0.1269
v  0.1269 0.2426 0.1747
v  0.0667 0.2426 0.2053
v  -0.0000 0.2426 0.2159
v  -0.0667 0.2426 0.2053
v  -0.2053 0.2426 0.0667
v  -0.2159 0.2426 -0.0000
v  -0.2053 0.2426 -0.0667
v  -0.1747 0.2426 -0.1269
v  -0.1269 0.2426 -0.1747
v  -0.0667 0.2426 -0.2053
v  0.0000 0.2426 -0.2159
v  0.0667 0.2426 -0.2053
v  0.1269 0.2426 -0.1747
v  0.1747 0.2426 -0.1269
v  0.2053 0.2426 -0.0667
v  -0.0000 0.2769 0.2159
v  0.0667 0.2769 0.2053
v  0.0721 0.2769 0.2220
v  -0.0000 0.2769 0.2335
v  0.2159 0.2769 0.0000
v  0.2053 0.2769 0.0667
v  0.0000 0.2769 -0.2159
v  0.0667 0.2769 -0.2053
v  -0.2053 0.2769 0.0667
v  0.1747 0.2769 0.1269
v  0.1269 0.2769 -0.1747
v  -0.2159 0.2769 -0.0000
v  0.1269 0.2769 0.1747
v  0.1747 0.2769 -0.1269
v  -0.2053 0.2769 -0.0667
v  0.2053 0.2769 -0.0667
v  -0.1747 0.2769 -0.1269
v  -0.1269 0.2769 -0.1747
v  -0.0667 0.2769 0.2053
v  -0.0667 0.2769 -0.2053
v  0.1889 0.2769 0.1372
v  0.2220 0.2769 0.0721
v  0.2220 0.3072 0.0721
v  0.1889 0.3072 0.1372
v  0.2220 0.2769 -0.0721
v  0.2335 0.2769 0.0000
v  -0.1889 0.2769 -0.1372
v  -0.1372 0.2769 -0.1889
v  -0.0721 0.2769 0.2220
v  -0.0721 0.2769 -0.2220
v  -0.1372 0.2769 0.1889
v  0.0000 0.2769 -0.2335
v  -0.1889 0.2769 0.1372
v  0.0721 0.2769 -0.2220
v  -0.2220 0.2769 0.0721
v  0.1372 0.2769 -0.1889
v  -0.2335 0.2769 -0.0000
v  0.1372 0.2769 0.1889
v  0.1889 0.2769 -0.1372
v  -0.2220 0.2769 -0.0721
v  0.2180 0.3072 0.0000
v  0.2073 0.3072 -0.0674
v  0.2073 0.3272 -0.0674
v  0.2180 0.3272 0.0000
v  0.0721 0.3072 -0.2220
v  0.1372 0.3072 -0.1889
v  -0.2220 0.3072 0.0721
v  -0.2335 0.3072 -0.0000
v  0.1372 0.3072 0.1889
v  0.1889 0.3072 -0.1372
v  -0.2220 0.3072 -0.0721
v  0.0721 0.3072 0.2220
v  0.2220 0.3072 -0.0721
v  -0.1889 0.3072 -0.1372
v  -0.0000 0.3072 0.2335
v  0.2335 0.3072 0.0000
v  -0.1372 0.3072 -0.1889
v  -0.0721 0.3072 0.2220
v  -0.0721 0.3072 -0.2220
v  -0.1372 0.3072 0.1889
v  0.0000 0.3072 -0.2335
v  -0.1889 0.3072 0.1372
v  0.2073 0.3072 0.0674
v  0.1763 0.3072 0.1281
v  0.1281 0.3072 0.1763
v  0.0674 0.3072 0.2073
v  -0.0000 0.3072 0.2180
v  -0.0674 0.3072 0.2073
v  -0.1281 0.3072 0.1763
v  -0.1763 0.3072 0.1281
v  -0.2073 0.3072 0.0674
v  -0.2180 0.3072 -0.0000
v  -0.2073 0.3072 -0.0674
v  -0.1763 0.3072 -0.1281
v  -0.1281 0.3072 -0.1763
v  -0.0674 0.3072 -0.2073
v  0.0000 0.3072 -0.2180
v  0.0674 0.3072 -0.2073
v  0.1281 0.3072 -0.1763
v  0.1763 0.3072 -0.1281
v  -0.0630 0.3272 -0.1938
v  -0.1198 0.3272 -0.1648
v  -0.1154 0.3833 -0.1589
v  -0.0607 0.3833 -0.1868
v  -0.1763 0.3272 -0.1281
v  -0.1281 0.3272 -0.1763
v  -0.0000 0.3272 0.2180
v  -0.0674 0.3272 0.2073
v  -0.0674 0.3272 -0.2073
v  -0.1281 0.3272 0.1763
v  0.0000 0.3272 -0.2180
v  -0.1763 0.3272 0.1281
v  0.2073 0.3272 0.0674
v  0.0674 0.3272 -0.2073
v  -0.2073 0.3272 0.0674
v  0.1763 0.3272 0.1281
v  0.1281 0.3272 -0.1763
v  -0.2180 0.3272 -0.0000
v  0.1281 0.3272 0.1763
v  0.1763 0.3272 -0.1281
v  -0.2073 0.3272 -0.0674
v  0.0674 0.3272 0.2073
v  0.2037 0.3272 0.0000
v  0.1938 0.3272 0.0630
v  0.1648 0.3272 0.1198
v  0.1198 0.3272 0.1648
v  0.0630 0.3272 0.1938
v  -0.0000 0.3272 0.2037
v  -0.0630 0.3272 0.1938
v  -0.1198 0.3272 0.1648
v  -0.1648 0.3272 0.1198
v  -0.1938 0.3272 0.0630
v  -0.2037 0.3272 -0.0000
v  -0.1938 0.3272 -0.0630
v  -0.1648 0.3272 -0.1198
v  0.0000 0.3272 -0.2037
v  0.0630 0.3272 -0.1938
v  0.1198 0.3272 -0.1648
v  0.1648 0.3272 -0.1198
v  0.1938 0.3272 -0.0630
v  -0.1868 0.3833 -0.0607
v  -0.1964 0.3833 -0.0000
v  -0.0607 0.3833 0.1868
v  -0.1154 0.3833 0.1589
v  0.0000 0.3833 -0.1964
v  -0.1589 0.3833 0.1154
v  0.1964 0.3833 0.0000
v  0.1868 0.3833 0.0607
v  0.0607 0.3833 -0.1868
v  -0.1868 0.3833 0.0607
v  0.1589 0.3833 0.1154
v  0.1154 0.3833 -0.1589
v  0.1154 0.3833 0.1589
v  0.1589 0.3833 -0.1154
v  0.0607 0.3833 0.1868
v  0.1868 0.3833 -0.0607
v  -0.1589 0.3833 -0.1154
v  -0.0000 0.3833 0.1964
v  -0.1122 0.4176 0.1545
v  -0.1545 0.4176 0.1122
v  -0.0000 0.4176 0.1909
v  0.0590 0.4176 0.1816
v  0.0570 0.4600 0.1754
v  -0.0000 0.4600 0.1844
v  0.1909 0.4176 0.0000
v  0.1816 0.4176 0.0590
v  0.0000 0.4176 -0.1909
v  0.0590 0.4176 -0.1816
v  -0.1816 0.4176 0.0590
v  0.1545 0.4176 0.1122
v  0.1122 0.4176 -0.1545
v  -0.1909 0.4176 -0.0000
v  0.1122 0.4176 0.1545
v  0.1545 0.4176 -0.1122
v  -0.1816 0.4176 -0.0590
v  0.1816 0.4176 -0.0590
v  -0.1545 0.4176 -0.1122
v  -0.1122 0.4176 -0.1545
v  -0.0590 0.4176 0.1816
v  -0.0590 0.4176 -0.1816
v  -0.0570 0.4600 -0.1754
v  -0.1084 0.4600 -0.1492
v  -0.1026 0.5023 -0.1412
v  -0.0539 0.5023 -0.1659
v  0.1754 0.4600 -0.0570
v  0.1844 0.4600 0.0000
v  -0.1492 0.4600 -0.1084
v  -0.0570 0.4600 0.1754
v  -0.1084 0.4600 0.1492
v  0.0000 0.4600 -0.1844
v  -0.1492 0.4600 0.1084
v  0.1754 0.4600 0.0570
v  0.0570 0.4600 -0.1754
v  -0.1754 0.4600 0.0570
v  0.1492 0.4600 0.1084
v  0.1084 0.4600 -0.1492
v  -0.1844 0.4600 -0.0000
v  0.1084 0.4600 0.1492
v  0.1492 0.4600 -0.1084
v  -0.1754 0.4600 -0.0570
v  0.1745 0.5023 0.0000
v  0.1659 0.5023 -0.0539
v  0.1586 0.5443 -0.0515
v  0.1667 0.5443 0.0000
v  -0.0539 0.5023 0.1659
v  -0.1026 0.5023 0.1412
v  0.0000 0.5023 -0.1745
v  -0.1412 0.5023 0.1026
v  0.1659 0.5023 0.0539
v  0.0539 0.5023 -0.1659
v  -0.1659 0.5023 0.0539
v  0.1412 0.5023 0.1026
v  0.1026 0.5023 -0.1412
v  -0.1745 0.5023 -0.0000
v  0.1026 0.5023 0.1412
v  0.1412 0.5023 -0.1026
v  -0.1659 0.5023 -0.0539
v  0.0539 0.5023 0.1659
v  -0.1412 0.5023 -0.1026
v  -0.0000 0.5023 0.1745
v  -0.0000 0.5443 0.1667
v  0.0515 0.5443 0.1586
v  0.0502 0.5948 0.1545
v  -0.0000 0.5948 0.1625
v  -0.1349 0.5443 -0.0980
v  -0.0980 0.5443 -0.1349
v  -0.0515 0.5443 0.1586
v  -0.0515 0.5443 -0.1586
v  -0.0980 0.5443 0.1349
v  0.0000 0.5443 -0.1667
v  -0.1349 0.5443 0.0980
v  0.1586 0.5443 0.0515
v  0.0515 0.5443 -0.1586
v  -0.1586 0.5443 0.0515
v  0.1349 0.5443 0.0980
v  0.0980 0.5443 -0.1349
v  -0.1667 0.5443 -0.0000
v  0.0980 0.5443 0.1349
v  0.1349 0.5443 -0.0980
v  -0.1586 0.5443 -0.0515
v  0.1314 0.5948 0.0955
v  0.1545 0.5948 0.0502
v  0.1534 0.6654 0.0498
v  0.1305 0.6654 0.0948
v  0.1545 0.5948 -0.0502
v  0.1625 0.5948 0.0000
v  -0.1314 0.5948 -0.0955
v  -0.0955 0.5948 -0.1314
v  -0.0502 0.5948 0.1545
v  -0.0502 0.5948 -0.1545
v  -0.0955 0.5948 0.1314
v  0.0000 0.5948 -0.1625
v  -0.1314 0.5948 0.0955
v  0.0502 0.5948 -0.1545
v  -0.1545 0.5948 0.0502
v  0.0955 0.5948 -0.1314
v  -0.1625 0.5948 -0.0000
v  0.0955 0.5948 0.1314
v  0.1314 0.5948 -0.0955
v  -0.1545 0.5948 -0.0502
v  -0.0498 0.6654 -0.1534
v  -0.0948 0.6654 -0.1305
v  -0.0948 0.9267 -0.1305
v  -0.0498 0.9267 -0.1534
v  0.0498 0.6654 -0.1534
v  0.0948 0.6654 -0.1305
v  -0.1534 0.6654 0.0498
v  -0.1613 0.6654 -0.0000
v  0.0948 0.6654 0.1305
v  0.1305 0.6654 -0.0948
v  -0.1534 0.6654 -0.0498
v  0.0498 0.6654 0.1534
v  0.1534 0.6654 -0.0498
v  -0.1305 0.6654 -0.0948
v  -0.0000 0.6654 0.1613
v  0.1613 0.6654 0.0000
v  -0.0498 0.6654 0.1534
v  -0.0948 0.6654 0.1305
v  0.0000 0.6654 -0.1613
v  -0.1305 0.6654 0.0948
v  0.1305 0.9267 -0.0948
v  0.0948 0.9267 -0.1305
v  0.1055 0.9267 -0.1452
v  0.1452 0.9267 -0.1055
v  -0.0498 0.9267 0.1534
v  -0.0948 0.9267 0.1305
v  0.0000 0.9267 -0.1613
v  -0.1305 0.9267 0.0948
v  0.1613 0.9267 0.0000
v  0.1534 0.9267 0.0498
v  0.0498 0.9267 -0.1534
v  -0.1534 0.9267 0.0498
v  0.1305 0.9267 0.0948
v  -0.1613 0.9267 -0.0000
v  0.0948 0.9267 0.1305
v  -0.1534 0.9267 -0.0498
v  0.0498 0.9267 0.1534
v  0.1534 0.9267 -0.0498
v  -0.1305 0.9267 -0.0948
v  -0.0000 0.9267 0.1613
v  0.0000 0.9267 -0.1795
v  -0.0555 0.9267 -0.1707
v  -0.0555 0.9775 -0.1707
v  0.0000 0.9775 -0.1795
v  -0.1795 0.9267 -0.0000
v  -0.1707 0.9267 -0.0555
v  0.1055 0.9267 0.1452
v  0.0555 0.9267 0.1707
v  0.1707 0.9267 -0.0555
v  -0.1452 0.9267 -0.1055
v  -0.0000 0.9267 0.1795
v  0.1795 0.9267 0.0000
v  -0.1055 0.9267 -0.1452
v  -0.0555 0.9267 0.1707
v  -0.1055 0.9267 0.1452
v  -0.1452 0.9267 0.1055
v  0.1707 0.9267 0.0555
v  0.0555 0.9267 -0.1707
v  -0.1707 0.9267 0.0555
v  0.1452 0.9267 0.1055
v  -0.1452 0.9775 -0.1055
v  -0.1707 0.9775 -0.0555
v  -0.1401 1.0187 -0.0455
v  -0.1191 1.0187 -0.0866
v  -0.1055 0.9775 0.1452
v  -0.1452 0.9775 0.1055
v  0.1795 0.9775 0.0000
v  0.1707 0.9775 0.0555
v  0.0555 0.9775 -0.1707
v  -0.1707 0.9775 0.0555
v  0.1452 0.9775 0.1055
v  0.1055 0.9775 -0.1452
v  -0.1795 0.9775 -0.0000
v  0.1055 0.9775 0.1452
v  0.1452 0.9775 -0.1055
v  0.0555 0.9775 0.1707
v  0.1707 0.9775 -0.0555
v  -0.0000 0.9775 0.1795
v  -0.1055 0.9775 -0.1452
v  -0.0555 0.9775 0.1707
v  -0.1401 1.0187 0.0455
v  -0.1191 1.0187 0.0866
v  -0.1379 1.0668 0.1002
v  -0.1621 1.0668 0.0527
v  0.0455 1.0187 0.1401
v  -0.0000 1.0187 0.1473
v  0.1401 1.0187 -0.0455
v  0.1473 1.0187 0.0000
v  -0.0866 1.0187 -0.1191
v  -0.0455 1.0187 0.1401
v  -0.0455 1.0187 -0.1401
v  -0.0866 1.0187 0.1191
v  0.0000 1.0187 -0.1473
v  0.1401 1.0187 0.0455
v  0.0455 1.0187 -0.1401
v  0.1191 1.0187 0.0866
v  0.0866 1.0187 -0.1191
v  -0.1473 1.0187 -0.0000
v  0.0866 1.0187 0.1191
v  0.1191 1.0187 -0.0866
v  -0.0527 1.0668 0.1621
v  -0.0000 1.0668 0.1704
v  -0.0000 1.2860 0.1704
v  -0.0527 1.2860 0.1621
v  0.1621 1.0668 0.0527
v  0.1379 1.0668 0.1002
v  0.0527 1.0668 -0.1621
v  0.1002 1.0668 -0.1379
v  -0.1704 1.0668 -0.0000
v  0.1002 1.0668 0.1379
v  0.1379 1.0668 -0.1002
v  -0.1621 1.0668 -0.0527
v  0.0527 1.0668 0.1621
v  0.1621 1.0668 -0.0527
v  -0.1379 1.0668 -0.1002
v  0.1704 1.0668 0.0000
v  -0.1002 1.0668 -0.1379
v  -0.0527 1.0668 -0.1621
v  -0.1002 1.0668 0.1379
v  0.0000 1.0668 -0.1704
v  0.0000 1.2873 -0.1461
v  -0.0451 1.2873 -0.1389
v  -0.0451 2.9217 -0.1389
v  0.0000 2.9217 -0.1461
v  -0.1002 1.2860 -0.1379
v  -0.0527 1.2860 -0.1621
v  -0.1002 1.2860 0.1379
v  0.0000 1.2860 -0.1704
v  -0.1379 1.2860 0.1002
v  0.1704 1.2860 -0.0000
v  0.1621 1.2860 0.0527
v  0.0527 1.2860 -0.1621
v  -0.1621 1.2860 0.0527
v  0.1379 1.2860 0.1002
v  0.1002 1.2860 -0.1379
v  -0.1704 1.2860 -0.0000
v  0.1002 1.2860 0.1379
v  0.1379 1.2860 -0.1002
v  -0.1621 1.2860 -0.0527
v  0.0527 1.2860 0.1621
v  0.1621 1.2860 -0.0527
v  -0.1379 1.2860 -0.1002
v  0.1461 1.2873 -0.0000
v  0.1389 1.2873 0.0451
v  0.1182 1.2873 0.0859
v  0.0859 1.2873 0.1182
v  0.0451 1.2873 0.1389
v  -0.0000 1.2873 0.1461
v  -0.0451 1.2873 0.1389
v  -0.0859 1.2873 0.1182
v  -0.1182 1.2873 0.0859
v  -0.1389 1.2873 0.0451
v  -0.1461 1.2873 -0.0000
v  -0.1389 1.2873 -0.0451
v  -0.1182 1.2873 -0.0859
v  -0.0859 1.2873 -0.1182
v  0.0451 1.2873 -0.1389
v  0.0859 1.2873 -0.1182
v  0.1182 1.2873 -0.0859
v  0.1389 1.2873 -0.0451
v  0.1389 2.9217 -0.0451
v  0.1182 2.9217 -0.0859
v  0.1311 2.9217 -0.0953
v  0.1541 2.9217 -0.0501
v  -0.0859 2.9217 0.1182
v  -0.1182 2.9217 0.0859
v  0.1461 2.9217 -0.0000
v  0.1389 2.9217 0.0451
v  0.0451 2.9217 -0.1389
v  -0.1389 2.9217 0.0451
v  0.1182 2.9217 0.0859
v  0.0859 2.9217 -0.1182
v  -0.1461 2.9217 -0.0000
v  0.0859 2.9217 0.1182
v  -0.1389 2.9217 -0.0451
v  0.0451 2.9217 0.1389
v  -0.1182 2.9217 -0.0859
v  -0.0000 2.9217 0.1461
v  -0.0859 2.9217 -0.1182
v  -0.0451 2.9217 0.1389
v  0.0501 2.9217 -0.1541
v  0.0000 2.9217 -0.1621
v  0.0000 2.9679 -0.1621
v  0.0501 2.9679 -0.1541
v  -0.1541 2.9217 -0.0501
v  -0.1311 2.9217 -0.0953
v  0.0501 2.9217 0.1541
v  -0.0000 2.9217 0.1621
v  0.1621 2.9217 -0.0000
v  -0.0953 2.9217 -0.1311
v  -0.0501 2.9217 0.1541
v  -0.0501 2.9217 -0.1541
v  -0.0953 2.9217 0.1311
v  -0.1311 2.9217 0.0953
v  0.1541 2.9217 0.0501
v  -0.1541 2.9217 0.0501
v  0.1311 2.9217 0.0953
v  0.0953 2.9217 -0.1311
v  -0.1621 2.9217 -0.0000
v  0.0953 2.9217 0.1311
v  -0.0488 2.9679 0.1502
v  -0.0000 2.9679 0.1580
v  -0.0000 2.9811 0.1580
v  -0.0488 2.9811 0.1502
v  -0.1311 2.9679 0.0953
v  -0.1541 2.9679 0.0501
v  0.1541 2.9679 0.0501
v  0.1311 2.9679 0.0953
v  0.0953 2.9679 -0.1311
v  -0.1621 2.9679 -0.0000
v  0.0953 2.9679 0.1311
v  0.1311 2.9679 -0.0953
v  -0.1541 2.9679 -0.0501
v  0.0501 2.9679 0.1541
v  0.1541 2.9679 -0.0501
v  -0.1311 2.9679 -0.0953
v  -0.0000 2.9679 0.1621
v  0.1621 2.9679 -0.0000
v  -0.0953 2.9679 -0.1311
v  -0.0501 2.9679 0.1541
v  -0.0501 2.9679 -0.1541
v  -0.0953 2.9679 0.1311
v  0.1580 2.9679 -0.0000
v  0.1502 2.9679 0.0488
v  0.1278 2.9679 0.0928
v  0.0928 2.9679 0.1278
v  0.0488 2.9679 0.1502
v  -0.0928 2.9679 0.1278
v  -0.1278 2.9679 0.0928
v  -0.1502 2.9679 0.0488
v  -0.1580 2.9679 -0.0000
v  -0.1502 2.9679 -0.0488
v  -0.1278 2.9679 -0.0928
v  -0.0928 2.9679 -0.1278
v  -0.0488 2.9679 -0.1502
v  0.0000 2.9679 -0.1580
v  0.0488 2.9679 -0.1502
v  0.0928 2.9679 -0.1278
v  0.1278 2.9679 -0.0928
v  0.1502 2.9679 -0.0488
v  0.0928 2.9811 0.1278
v  0.1278 2.9811 0.0928
v  0.1328 2.9811 0.0965
v  0.0965 2.9811 0.1328
v  -0.0928 2.9811 -0.1278
v  -0.0488 2.9811 -0.1502
v  -0.0928 2.9811 0.1278
v  0.0000 2.9811 -0.1580
v  -0.1278 2.9811 0.0928
v  0.1580 2.9811 -0.0000
v  0.1502 2.9811 0.0488
v  0.0488 2.9811 -0.1502
v  -0.1502 2.9811 0.0488
v  0.0928 2.9811 -0.1278
v  -0.1580 2.9811 -0.0000
v  0.1278 2.9811 -0.0928
v  -0.1502 2.9811 -0.0488
v  0.0488 2.9811 0.1502
v  0.1502 2.9811 -0.0488
v  -0.1278 2.9811 -0.0928
v  0.0000 2.9811 -0.1642
v  -0.0507 2.9811 -0.1562
v  -0.0507 3.0223 -0.1562
v  0.0000 3.0223 -0.1642
v  0.0965 2.9811 -0.1328
v  0.1328 2.9811 -0.0965
v  -0.1642 2.9811 -0.0000
v  -0.1562 2.9811 -0.0507
v  0.0507 2.9811 0.1562
v  0.1562 2.9811 -0.0507
v  -0.1328 2.9811 -0.0965
v  -0.0000 2.9811 0.1642
v  0.1642 2.9811 -0.0000
v  -0.0965 2.9811 -0.1328
v  -0.0507 2.9811 0.1562
v  -0.0965 2.9811 0.1328
v  -0.1328 2.9811 0.0965
v  0.1562 2.9811 0.0507
v  0.0507 2.9811 -0.1562
v  -0.1562 2.9811 0.0507
v  -0.1273 3.0223 -0.0925
v  -0.1496 3.0223 -0.0486
v  -0.1496 3.0309 -0.0486
v  -0.1273 3.0309 -0.0925
v  -0.0965 3.0223 0.1328
v  -0.1328 3.0223 0.0965
v  0.1642 3.0223 -0.0000
v  0.1562 3.0223 0.0507
v  0.0507 3.0223 -0.1562
v  -0.1562 3.0223 0.0507
v  0.1328 3.0223 0.0965
v  0.0965 3.0223 -0.1328
v  -0.1642 3.0223 -0.0000
v  0.0965 3.0223 0.1328
v  0.1328 3.0223 -0.0965
v  -0.1562 3.0223 -0.0507
v  0.0507 3.0223 0.1562
v  0.1562 3.0223 -0.0507
v  -0.1328 3.0223 -0.0965
v  -0.0000 3.0223 0.1642
v  -0.0965 3.0223 -0.1328
v  -0.0507 3.0223 0.1562
v  0.1573 3.0223 -0.0000
v  0.1496 3.0223 0.0486
v  0.1273 3.0223 0.0925
v  0.0925 3.0223 0.1273
v  0.0486 3.0223 0.1496
v  -0.0000 3.0223 0.1573
v  -0.0486 3.0223 0.1496
v  -0.0925 3.0223 0.1273
v  -0.1273 3.0223 0.0925
v  -0.1496 3.0223 0.0486
v  -0.1573 3.0223 -0.0000
v  -0.0925 3.0223 -0.1273
v  -0.0486 3.0223 -0.1496
v  0.0000 3.0223 -0.1573
v  0.0486 3.0223 -0.1496
v  0.0925 3.0223 -0.1273
v  0.1273 3.0223 -0.0925
v  0.1496 3.0223 -0.0486
v  -0.1496 3.0309 0.0486
v  -0.1273 3.0309 0.0925
v  -0.1349 3.0309 0.0980
v  -0.1586 3.0309 0.0515
v  0.0486 3.0309 0.1496
v  -0.0000 3.0309 0.1573
v  0.1496 3.0309 -0.0486
v  0.1573 3.0309 -0.0000
v  -0.0925 3.0309 -0.1273
v  -0.0486 3.0309 0.1496
v  -0.0486 3.0309 -0.1496
v  -0.0925 3.0309 0.1273
v  0.0000 3.0309 -0.1573
v  0.1496 3.0309 0.0486
v  0.0486 3.0309 -0.1496
v  0.1273 3.0309 0.0925
v  0.0925 3.0309 -0.1273
v  -0.1573 3.0309 -0.0000
v  0.0925 3.0309 0.1273
v  0.1273 3.0309 -0.0925
v  -0.0515 3.0309 0.1586
v  -0.0000 3.0309 0.1667
v  -0.0000 3.0652 0.1667
v  -0.0515 3.0652 0.1586
v  0.1586 3.0309 0.0515
v  0.1349 3.0309 0.0980
v  0.0515 3.0309 -0.1586
v  0.0980 3.0309 -0.1349
v  -0.1667 3.0309 -0.0000
v  0.0980 3.0309 0.1349
v  0.1349 3.0309 -0.0980
v  -0.1586 3.0309 -0.0515
v  0.0515 3.0309 0.1586
v  0.1586 3.0309 -0.0515
v  -0.1349 3.0309 -0.0980
v  0.1667 3.0309 -0.0000
v  -0.0980 3.0309 -0.1349
v  -0.0515 3.0309 -0.1586
v  -0.0980 3.0309 0.1349
v  0.0000 3.0309 -0.1667
v  -0.1178 3.0675 0.0383
v  -0.1002 3.0675 0.0728
v  -0.0947 3.0731 0.0702
v  -0.1116 3.0731 0.0369
v  -0.0980 3.0652 -0.1349
v  -0.0515 3.0652 -0.1586
v  -0.0980 3.0652 0.1349
v  0.0000 3.0652 -0.1667
v  -0.1349 3.0652 0.0980
v  0.1667 3.0652 -0.0000
v  0.1586 3.0652 0.0515
v  0.0515 3.0652 -0.1586
v  -0.1586 3.0652 0.0515
v  0.1349 3.0652 0.0980
v  0.0980 3.0652 -0.1349
v  -0.1667 3.0652 -0.0000
v  0.0980 3.0652 0.1349
v  0.1349 3.0652 -0.0980
v  -0.1586 3.0652 -0.0515
v  0.0515 3.0652 0.1586
v  0.1586 3.0652 -0.0515
v  -0.1349 3.0652 -0.0980
v  0.1238 3.0675 -0.0000
v  0.1178 3.0675 0.0383
v  0.1002 3.0675 0.0728
v  0.0728 3.0675 0.1002
v  0.0383 3.0675 0.1178
v  -0.0000 3.0675 0.1238
v  -0.0383 3.0675 0.1178
v  -0.0728 3.0675 0.1002
v  -0.1238 3.0675 -0.0000
v  -0.1178 3.0675 -0.0383
v  -0.1002 3.0675 -0.0728
v  -0.0728 3.0675 -0.1002
v  -0.0383 3.0675 -0.1178
v  0.0000 3.0675 -0.1238
v  0.0383 3.0675 -0.1178
v  0.0728 3.0675 -0.1002
v  0.1002 3.0675 -0.0728
v  0.1178 3.0675 -0.0383
v  -0.0349 3.0731 0.1136
v  0.0020 3.0731 0.1194
v  0.0020 3.4718 0.1066
v  -0.0310 3.4718 0.1014
v  0.1156 3.0731 0.0369
v  0.0986 3.0731 0.0702
v  0.0389 3.0731 -0.1136
v  0.0722 3.0731 -0.0966
v  -0.1175 3.0731 -0.0000
v  0.0722 3.0731 0.0966
v  0.0986 3.0731 -0.0702
v  -0.1116 3.0731 -0.0369
v  0.0389 3.0731 0.1136
v  0.1156 3.0731 -0.0369
v  -0.0947 3.0731 -0.0702
v  0.1214 3.0731 -0.0000
v  -0.0682 3.0731 -0.0966
v  -0.0349 3.0731 -0.1136
v  -0.0682 3.0731 0.0966
v  0.0020 3.0731 -0.1194
v  0.0646 3.4718 0.0862
v  0.0882 3.4718 0.0627
v  0.0794 4.5318 0.0563
v  0.0583 4.5318 0.0775
v  -0.0607 3.4718 -0.0862
v  -0.0310 3.4718 -0.1014
v  -0.0607 3.4718 0.0862
v  0.0020 3.4718 -0.1066
v  -0.0843 3.4718 0.0627
v  0.1086 3.4718 -0.0000
v  0.1033 3.4718 0.0329
v  0.0349 3.4718 -0.1014
v  -0.0994 3.4718 0.0329
v  0.0646 3.4718 -0.0862
v  -0.1046 3.4718 -0.0000
v  0.0882 3.4718 -0.0627
v  -0.0994 3.4718 -0.0329
v  0.0349 3.4718 0.1014
v  0.1033 3.4718 -0.0329
v  -0.0843 3.4718 -0.0627
v  0.0020 4.5318 -0.0958
v  -0.0276 4.5318 -0.0911
v  -0.0323 5.3009 -0.1090
v  0.0032 5.3009 -0.1146
v  0.0583 4.5318 -0.0775
v  0.0794 4.5318 -0.0563
v  -0.0938 4.5318 -0.0000
v  -0.0891 4.5318 -0.0296
v  0.0316 4.5318 0.0911
v  0.0930 4.5318 -0.0296
v  -0.0755 4.5318 -0.0563
v  0.0020 4.5318 0.0958
v  0.0977 4.5318 -0.0000
v  -0.0543 4.5318 -0.0775
v  -0.0276 4.5318 0.0911
v  -0.0543 4.5318 0.0775
v  -0.0755 4.5318 0.0563
v  0.0930 4.5318 0.0296
v  0.0316 4.5318 -0.0911
v  -0.0891 4.5318 0.0296
v  -0.0896 5.3009 0.0674
v  -0.0642 5.3009 0.0927
v  -0.0757 5.3009 0.1086
v  -0.1054 5.3009 0.0789
v  0.1178 5.3009 -0.0000
v  0.1122 5.3009 0.0354
v  0.0386 5.3009 -0.1090
v  -0.1059 5.3009 0.0354
v  0.0959 5.3009 0.0674
v  0.0705 5.3009 -0.0927
v  -0.1115 5.3009 -0.0000
v  0.0705 5.3009 0.0927
v  0.0959 5.3009 -0.0674
v  -0.1059 5.3009 -0.0354
v  0.0386 5.3009 0.1090
v  0.1122 5.3009 -0.0354
v  -0.0896 5.3009 -0.0674
v  0.0032 5.3009 0.1146
v  -0.0642 5.3009 -0.0927
v  -0.0323 5.3009 0.1090
v  0.0032 5.3009 0.1342
v  0.0446 5.3009 0.1276
v  0.0446 5.3523 0.1276
v  0.0032 5.3523 0.1342
v  0.1374 5.3009 -0.0000
v  0.1308 5.3009 0.0415
v  0.0032 5.3009 -0.1342
v  0.0446 5.3009 -0.1276
v  -0.1245 5.3009 0.0415
v  0.1117 5.3009 0.0789
v  0.0820 5.3009 -0.1086
v  -0.1310 5.3009 -0.0000
v  0.0820 5.3009 0.1086
v  0.1117 5.3009 -0.0789
v  -0.1245 5.3009 -0.0415
v  0.1308 5.3009 -0.0415
v  -0.1054 5.3009 -0.0789
v  -0.0757 5.3009 -0.1086
v  -0.0383 5.3009 0.1276
v  -0.0383 5.3009 -0.1276
v  -0.0293 5.3523 -0.0999
v  -0.0586 5.3523 -0.0850
v  -0.0586 5.4634 -0.0850
v  -0.0293 5.4634 -0.0999
v  0.1308 5.3523 -0.0415
v  0.1374 5.3523 -0.0000
v  -0.1054 5.3523 -0.0789
v  -0.0757 5.3523 -0.1086
v  -0.0383 5.3523 0.1276
v  -0.0383 5.3523 -0.1276
v  -0.0757 5.3523 0.1086
v  0.0032 5.3523 -0.1342
v  -0.1054 5.3523 0.0789
v  0.1308 5.3523 0.0415
v  0.0446 5.3523 -0.1276
v  -0.1245 5.3523 0.0415
v  0.1117 5.3523 0.0789
v  0.0820 5.3523 -0.1086
v  -0.1310 5.3523 -0.0000
v  0.0820 5.3523 0.1086
v  0.1117 5.3523 -0.0789
v  -0.1245 5.3523 -0.0415
v  0.1082 5.3523 -0.0000
v  0.1030 5.3523 0.0325
v  0.0881 5.3523 0.0617
v  0.0649 5.3523 0.0850
v  0.0356 5.3523 0.0999
v  0.0032 5.3523 0.1050
v  -0.0293 5.3523 0.0999
v  -0.0586 5.3523 0.0850
v  -0.0818 5.3523 0.0617
v  -0.0967 5.3523 0.0325
v  -0.1019 5.3523 -0.0000
v  -0.0967 5.3523 -0.0325
v  -0.0818 5.3523 -0.0617
v  0.0032 5.3523 -0.1050
v  0.0356 5.3523 -0.0999
v  0.0649 5.3523 -0.0850
v  0.0881 5.3523 -0.0617
v  0.1030 5.3523 -0.0325
v  -0.0967 5.4634 -0.0325
v  -0.1019 5.4634 -0.0000
v  -0.1181 5.4634 -0.0000
v  -0.1122 5.4634 -0.0375
v  -0.0293 5.4634 0.0999
v  -0.0586 5.4634 0.0850
v  0.0032 5.4634 -0.1050
v  -0.0818 5.4634 0.0617
v  0.1082 5.4634 -0.0000
v  0.1030 5.4634 0.0325
v  0.0356 5.4634 -0.0999
v  -0.0967 5.4634 0.0325
v  0.0881 5.4634 0.0617
v  0.0649 5.4634 -0.0850
v  0.0649 5.4634 0.0850
v  0.0881 5.4634 -0.0617
v  0.0356 5.4634 0.0999
v  0.1030 5.4634 -0.0325
v  -0.0818 5.4634 -0.0617
v  0.0032 5.4634 0.1050
v  -0.0950 5.4634 0.0713
v  -0.0681 5.4634 0.0981
v  -0.0681 5.4918 0.0981
v  -0.0950 5.4918 0.0713
v  0.0745 5.4634 0.0981
v  0.0406 5.4634 0.1154
v  0.1013 5.4634 -0.0713
v  0.1185 5.4634 -0.0375
v  -0.0950 5.4634 -0.0713
v  0.0032 5.4634 0.1213
v  0.1245 5.4634 -0.0000
v  -0.0681 5.4634 -0.0981
v  -0.0343 5.4634 0.1154
v  -0.0343 5.4634 -0.1154
v  0.0032 5.4634 -0.1213
v  0.1185 5.4634 0.0375
v  0.0406 5.4634 -0.1154
v  -0.1122 5.4634 0.0375
v  0.1013 5.4634 0.0713
v  0.0745 5.4634 -0.0981
v  -0.0581 5.4918 -0.0843
v  -0.0811 5.4918 -0.0612
v  -0.1041 5.5184 -0.0780
v  -0.0748 5.5184 -0.1073
v  0.1245 5.4918 -0.0000
v  0.1185 5.4918 0.0375
v  0.0032 5.4918 -0.1213
v  0.0406 5.4918 -0.1154
v  -0.1122 5.4918 0.0375
v  0.1013 5.4918 0.0713
v  0.0745 5.4918 -0.0981
v  -0.1181 5.4918 -0.0000
v  0.0745 5.4918 0.0981
v  0.1013 5.4918 -0.0713
v  -0.1122 5.4918 -0.0375
v  0.0406 5.4918 0.1154
v  0.1185 5.4918 -0.0375
v  -0.0950 5.4918 -0.0713
v  0.0032 5.4918 0.1213
v  -0.0681 5.4918 -0.0981
v  -0.0343 5.4918 0.1154
v  -0.0343 5.4918 -0.1154
v  0.1073 5.4918 -0.0000
v  0.1022 5.4918 0.0322
v  0.0874 5.4918 0.0612
v  0.0644 5.4918 0.0843
v  0.0354 5.4918 0.0991
v  0.0032 5.4918 0.1042
v  -0.0290 5.4918 0.0991
v  -0.0581 5.4918 0.0843
v  -0.0811 5.4918 0.0612
v  -0.0959 5.4918 0.0322
v  -0.1010 5.4918 -0.0000
v  -0.0959 5.4918 -0.0322
v  -0.0290 5.4918 -0.0991
v  0.0032 5.4918 -0.1042
v  0.0354 5.4918 -0.0991
v  0.0644 5.4918 -0.0843
v  0.0874 5.4918 -0.0612
v  0.1022 5.4918 -0.0322
v  -0.1295 5.5184 -0.0000
v  -0.1230 5.5184 0.0410
v  -0.0831 5.5592 0.0280
v  -0.0875 5.5592 -0.0000
v  0.0032 5.5184 0.1326
v  -0.0378 5.5184 0.1261
v  -0.0378 5.5184 -0.1261
v  -0.0748 5.5184 0.1073
v  0.0032 5.5184 -0.1326
v  -0.1041 5.5184 0.0780
v  0.1358 5.5184 -0.0000
v  0.1293 5.5184 0.0410
v  0.0441 5.5184 -0.1261
v  0.1105 5.5184 0.0780
v  0.0811 5.5184 -0.1073
v  0.0811 5.5184 0.1073
v  0.1105 5.5184 -0.0780
v  -0.1230 5.5184 -0.0410
v  0.0441 5.5184 0.1261
v  0.1293 5.5184 -0.0410
v  0.0314 5.5603 0.0402
v  0.0424 5.5603 0.0292
v  0.0424 5.9510 0.0292
v  0.0314 5.9510 0.0402
v  0.0765 5.5592 0.0533
v  0.0565 5.5592 0.0733
v  0.0565 5.5592 -0.0734
v  0.0765 5.5592 -0.0533
v  -0.0831 5.5592 -0.0280
v  0.0312 5.5592 0.0862
v  0.0894 5.5592 -0.0280
v  -0.0702 5.5592 -0.0533
v  0.0032 5.5592 0.0907
v  0.0938 5.5592 -0.0000
v  -0.0501 5.5592 -0.0734
v  -0.0249 5.5592 0.0862
v  -0.0249 5.5592 -0.0862
v  -0.0501 5.5592 0.0733
v  0.0032 5.5592 -0.0907
v  -0.0702 5.5592 0.0533
v  0.0894 5.5592 0.0280
v  0.0312 5.5592 -0.0862
v  0.0519 5.5603 -0.0000
v  0.0494 5.5603 0.0154
v  0.0175 5.5603 0.0473
v  0.0021 5.5603 0.0497
v  -0.0132 5.5603 0.0473
v  -0.0271 5.5603 0.0402
v  -0.0381 5.5603 0.0292
v  -0.0451 5.5603 0.0154
v  -0.0476 5.5603 -0.0000
v  -0.0451 5.5603 -0.0154
v  -0.0381 5.5603 -0.0292
v  -0.0271 5.5603 -0.0402
v  -0.0132 5.5603 -0.0473
v  0.0021 5.5603 -0.0497
v  0.0175 5.5603 -0.0473
v  0.0314 5.5603 -0.0402
v  0.0424 5.5603 -0.0292
v  0.0494 5.5603 -0.0154
v  0.0021 5.9510 -0.0497
v  -0.0132 5.9510 -0.0473
v  -0.0225 5.9510 -0.0759
v  0.0021 5.9510 -0.0798
v  0.0314 5.9510 -0.0402
v  0.0424 5.9510 -0.0292
v  -0.0476 5.9510 -0.0000
v  -0.0451 5.9510 -0.0154
v  0.0175 5.9510 0.0473
v  0.0494 5.9510 -0.0154
v  -0.0381 5.9510 -0.0292
v  0.0021 5.9510 0.0497
v  0.0519 5.9510 -0.0000
v  -0.0271 5.9510 -0.0402
v  -0.0132 5.9510 0.0473
v  -0.0271 5.9510 0.0402
v  -0.0381 5.9510 0.0292
v  0.0494 5.9510 0.0154
v  0.0175 5.9510 -0.0473
v  -0.0451 5.9510 0.0154
v  0.0780 5.9510 -0.0247
v  0.0667 5.9510 -0.0469
v  0.0667 6.0511 -0.0469
v  0.0780 6.0511 -0.0247
v  -0.0448 5.9510 0.0645
v  -0.0624 5.9510 0.0469
v  0.0819 5.9510 -0.0000
v  0.0780 5.9510 0.0247
v  0.0268 5.9510 -0.0759
v  -0.0737 5.9510 0.0247
v  0.0667 5.9510 0.0469
v  0.0490 5.9510 -0.0646
v  -0.0776 5.9510 -0.0000
v  0.0490 5.9510 0.0645
v  -0.0737 5.9510 -0.0247
v  0.0268 5.9510 0.0759
v  -0.0624 5.9510 -0.0469
v  0.0021 5.9510 0.0798
v  -0.0448 5.9510 -0.0646
v  -0.0225 5.9510 0.0759
v  0.0126 6.0541 0.0361
v  0.0232 6.0541 0.0307
v  0.0232 6.7275 0.0307
v  0.0126 6.7275 0.0361
v  -0.0737 6.0511 -0.0247
v  -0.0624 6.0511 -0.0469
v  0.0268 6.0511 0.0759
v  0.0021 6.0511 0.0798
v  0.0819 6.0511 -0.0000
v  -0.0448 6.0511 -0.0646
v  -0.0225 6.0511 0.0759
v  -0.0225 6.0511 -0.0759
v  -0.0448 6.0511 0.0645
v  0.0021 6.0511 -0.0798
v  -0.0624 6.0511 0.0469
v  0.0780 6.0511 0.0247
v  0.0268 6.0511 -0.0759
v  -0.0737 6.0511 0.0247
v  0.0667 6.0511 0.0469
v  0.0490 6.0511 -0.0646
v  -0.0776 6.0511 -0.0000
v  0.0490 6.0511 0.0645
v  0.0389 6.0541 -0.0000
v  0.0370 6.0541 0.0117
v  0.0316 6.0541 0.0223
v  0.0009 6.0541 0.0379
v  -0.0108 6.0541 0.0361
v  -0.0214 6.0541 0.0307
v  -0.0298 6.0541 0.0223
v  -0.0352 6.0541 0.0117
v  -0.0370 6.0541 -0.0000
v  -0.0352 6.0541 -0.0117
v  -0.0298 6.0541 -0.0223
v  -0.0214 6.0541 -0.0307
v  -0.0108 6.0541 -0.0361
v  0.0009 6.0541 -0.0379
v  0.0126 6.0541 -0.0361
v  0.0232 6.0541 -0.0307
v  0.0316 6.0541 -0.0223
v  0.0370 6.0541 -0.0117
v  0.0370 6.7275 0.0117
v  0.0389 6.7275 -0.0000
v  0.0574 6.7275 -0.0000
v  0.0546 6.7275 0.0175
v  0.0316 6.7275 -0.0223
v  0.0370 6.7275 -0.0117
v  -0.0352 6.7275 -0.0117
v  -0.0298 6.7275 -0.0223
v  0.0009 6.7275 0.0379
v  -0.0214 6.7275 -0.0307
v  -0.0108 6.7275 0.0361
v  -0.0108 6.7275 -0.0361
v  -0.0214 6.7275 0.0307
v  0.0009 6.7275 -0.0379
v  -0.0298 6.7275 0.0223
v  0.0126 6.7275 -0.0361
v  -0.0352 6.7275 0.0117
v  0.0316 6.7275 0.0223
v  0.0232 6.7275 -0.0307
v  -0.0370 6.7275 -0.0000
v  0.0546 6.7275 -0.0175
v  0.0546 6.8256 -0.0175
v  0.0574 6.8256 0.0000
v  0.0009 6.7275 -0.0565
v  0.0184 6.7275 -0.0537
v  -0.0448 6.7275 0.0332
v  -0.0528 6.7275 0.0175
v  0.0466 6.7275 0.0332
v  0.0341 6.7275 -0.0457
v  -0.0556 6.7275 -0.0000
v  0.0341 6.7275 0.0457
v  0.0466 6.7275 -0.0332
v  -0.0528 6.7275 -0.0175
v  0.0184 6.7275 0.0537
v  -0.0448 6.7275 -0.0332
v  0.0009 6.7275 0.0565
v  -0.0323 6.7275 -0.0457
v  -0.0165 6.7275 0.0537
v  -0.0165 6.7275 -0.0537
v  -0.0323 6.7275 0.0457
v  -0.0186 6.8317 -0.0274
v  -0.0260 6.8317 -0.0199
v  -0.0260 6.9332 -0.0199
v  -0.0186 6.9332 -0.0274
v  -0.0448 6.8256 -0.0332
v  -0.0323 6.8256 -0.0457
v  0.0009 6.8256 0.0565
v  -0.0165 6.8256 0.0537
v  -0.0165 6.8256 -0.0537
v  -0.0323 6.8256 0.0457
v  0.0009 6.8256 -0.0565
v  -0.0448 6.8256 0.0332
v  0.0546 6.8256 0.0175
v  0.0184 6.8256 -0.0537
v  -0.0528 6.8256 0.0175
v  0.0466 6.8256 0.0332
v  0.0341 6.8256 -0.0457
v  -0.0556 6.8256 0.0000
v  0.0341 6.8256 0.0457
v  0.0466 6.8256 -0.0332
v  -0.0528 6.8256 -0.0175
v  0.0184 6.8256 0.0537
v  0.0351 6.8317 -0.0000
v  0.0335 6.8317 0.0105
v  0.0287 6.8317 0.0199
v  0.0212 6.8317 0.0274
v  0.0118 6.8317 0.0322
v  0.0013 6.8317 0.0338
v  -0.0091 6.8317 0.0322
v  -0.0186 6.8317 0.0274
v  -0.0260 6.8317 0.0199
v  -0.0308 6.8317 0.0104
v  -0.0325 6.8317 -0.0000
v  -0.0308 6.8317 -0.0105
v  -0.0091 6.8317 -0.0322
v  0.0013 6.8317 -0.0338
v  0.0118 6.8317 -0.0322
v  0.0212 6.8317 -0.0274
v  0.0287 6.8317 -0.0199
v  0.0335 6.8317 -0.0105
v  -0.0325 6.9332 -0.0000
v  -0.0308 6.9332 0.0105
v  -0.0215 7.0258 0.0105
v  -0.0232 7.0260 -0.0000
v  0.0013 6.9332 0.0338
v  -0.0091 6.9332 0.0322
v  -0.0091 6.9332 -0.0322
v  -0.0186 6.9332 0.0274
v  0.0013 6.9332 -0.0338
v  -0.0260 6.9332 0.0199
v  0.0351 6.9332 -0.0000
v  0.0335 6.9332 0.0105
v  0.0118 6.9332 -0.0322
v  0.0287 6.9332 0.0199
v  0.0212 6.9332 -0.0274
v  0.0212 6.9332 0.0274
v  0.0287 6.9332 -0.0199
v  -0.0308 6.9332 -0.0105
v  0.0118 6.9332 0.0322
v  0.0335 6.9332 -0.0105
v  -0.0093 7.0242 0.0274
v  0.0000 7.0230 0.0322
v  0.0291 7.1556 0.0322
v  0.0201 7.1586 0.0274
v  0.0376 7.0182 0.0199
v  0.0301 7.0191 0.0274
v  0.0301 7.0191 -0.0274
v  0.0376 7.0182 -0.0199
v  -0.0215 7.0258 -0.0105
v  0.0208 7.0203 0.0322
v  0.0423 7.0175 -0.0105
v  -0.0168 7.0252 -0.0199
v  0.0104 7.0217 0.0338
v  0.0440 7.0173 -0.0000
v  -0.0093 7.0242 -0.0274
v  0.0000 7.0230 -0.0322
v  0.0104 7.0217 -0.0338
v  -0.0168 7.0252 0.0199
v  0.0423 7.0175 0.0105
v  0.0208 7.0203 -0.0322
v  0.0491 7.1492 0.0322
v  0.0581 7.1462 0.0274
v  0.1129 7.2966 0.0274
v  0.1044 7.3007 0.0322
v  0.0291 7.1556 -0.0322
v  0.0391 7.1524 -0.0338
v  0.0130 7.1609 0.0199
v  0.0715 7.1419 -0.0000
v  0.0699 7.1424 0.0105
v  0.0491 7.1492 -0.0322
v  0.0084 7.1624 0.0105
v  0.0653 7.1439 0.0199
v  0.0581 7.1462 -0.0274
v  0.0068 7.1629 -0.0000
v  0.0653 7.1439 -0.0199
v  0.0084 7.1624 -0.0105
v  0.0699 7.1424 -0.0105
v  0.0130 7.1609 -0.0199
v  0.0391 7.1524 0.0338
v  0.0201 7.1586 -0.0274
v  0.1241 7.2913 0.0105
v  0.1257 7.2905 -0.0000
v  0.2454 7.4887 0.0000
v  0.2441 7.4898 0.0105
v  0.1198 7.2934 -0.0199
v  0.1241 7.2913 -0.0105
v  0.0655 7.3193 -0.0105
v  0.0699 7.3172 -0.0199
v  0.0948 7.3053 0.0338
v  0.0767 7.3139 -0.0274
v  0.0853 7.3098 0.0322
v  0.0853 7.3098 -0.0322
v  0.0767 7.3139 0.0274
v  0.0948 7.3053 -0.0338
v  0.0699 7.3172 0.0199
v  0.1044 7.3007 -0.0322
v  0.0655 7.3193 0.0105
v  0.1198 7.2934 0.0199
v  0.1129 7.2966 -0.0274
v  0.0640 7.3200 -0.0000
v  0.2441 7.4898 -0.0105
v  0.3948 7.6076 -0.0105
v  0.3958 7.6062 0.0000
v  0.2194 7.5115 -0.0338
v  0.2274 7.5045 -0.0322
v  0.1983 7.5300 0.0199
v  0.1946 7.5332 0.0105
v  0.2404 7.4931 0.0199
v  0.2347 7.4981 -0.0274
v  0.1933 7.5343 0.0000
v  0.2347 7.4981 0.0274
v  0.2404 7.4931 -0.0199
v  0.1946 7.5332 -0.0105
v  0.2274 7.5045 0.0322
v  0.1983 7.5300 -0.0199
v  0.2194 7.5115 0.0338
v  0.2041 7.5249 -0.0274
v  0.2113 7.5186 0.0322
v  0.2113 7.5186 -0.0322
v  0.2041 7.5249 0.0274
v  0.3873 7.6178 -0.0274
v  0.3815 7.6257 -0.0322
v  0.5396 7.6996 -0.0322
v  0.5414 7.6899 -0.0274
v  0.3584 7.6574 -0.0199
v  0.3630 7.6511 -0.0274
v  0.3751 7.6345 0.0338
v  0.3688 7.6432 0.0322
v  0.3688 7.6432 -0.0322
v  0.3630 7.6511 0.0274
v  0.3751 7.6345 -0.0338
v  0.3584 7.6574 0.0199
v  0.3948 7.6076 0.0105
v  0.3555 7.6614 0.0105
v  0.3918 7.6116 0.0199
v  0.3545 7.6628 0.0000
v  0.3873 7.6178 0.0274
v  0.3918 7.6116 -0.0199
v  0.3555 7.6614 -0.0105
v  0.3815 7.6257 0.0322
v  0.5357 7.7213 -0.0322
v  0.5339 7.7311 -0.0274
v  0.7044 7.7794 -0.0274
v  0.7054 7.7695 -0.0322
v  0.5316 7.7438 0.0105
v  0.5313 7.7456 0.0000
v  0.5428 7.6821 0.0199
v  0.5414 7.6899 0.0274
v  0.5428 7.6821 -0.0199
v  0.5316 7.7438 -0.0104
v  0.5396 7.6996 0.0322
v  0.5438 7.6771 -0.0104
v  0.5325 7.7389 -0.0199
v  0.5377 7.7105 0.0338
v  0.5441 7.6754 0.0000
v  0.5357 7.7213 0.0322
v  0.5339 7.7311 0.0274
v  0.5377 7.7105 -0.0338
v  0.5325 7.7389 0.0199
v  0.5438 7.6771 0.0105
v  0.7032 7.7923 -0.0104
v  0.7031 7.7940 0.0000
v  0.8474 7.8035 0.0000
v  0.8474 7.8017 -0.0104
v  0.7054 7.7695 0.0322
v  0.7044 7.7794 0.0274
v  0.7064 7.7585 -0.0338
v  0.7037 7.7873 0.0199
v  0.7096 7.7229 0.0000
v  0.7095 7.7247 0.0105
v  0.7074 7.7475 -0.0322
v  0.7032 7.7923 0.0105
v  0.7090 7.7297 0.0199
v  0.7083 7.7376 -0.0274
v  0.7083 7.7376 0.0274
v  0.7090 7.7297 -0.0199
v  0.7074 7.7475 0.0322
v  0.7095 7.7247 -0.0104
v  0.7037 7.7873 -0.0199
v  0.7064 7.7585 0.0338
v  0.8475 7.7966 0.0199
v  0.8476 7.7887 0.0274
v  0.9934 7.7686 0.0274
v  0.9964 7.7758 0.0199
v  0.8481 7.7467 0.0274
v  0.8480 7.7567 0.0322
v  0.8482 7.7388 -0.0199
v  0.8482 7.7338 -0.0104
v  0.8475 7.7966 -0.0199
v  0.8478 7.7677 0.0338
v  0.8483 7.7320 0.0000
v  0.8476 7.7887 -0.0274
v  0.8477 7.7788 0.0322
v  0.8477 7.7788 -0.0322
v  0.8478 7.7677 -0.0338
v  0.8482 7.7338 0.0105
v  0.8480 7.7567 -0.0322
v  0.8474 7.8017 0.0105
v  0.8482 7.7388 0.0199
v  0.8481 7.7467 -0.0274
v  0.9895 7.7595 -0.0322
v  0.9934 7.7686 -0.0274
v  1.1227 7.6968 -0.0274
v  1.1151 7.6908 -0.0322
v  0.9715 7.7168 0.0000
v  0.9722 7.7184 0.0105
v  0.9853 7.7494 -0.0338
v  0.9810 7.7393 -0.0322
v  0.9984 7.7804 0.0105
v  0.9741 7.7230 0.0199
v  0.9772 7.7302 -0.0274
v  0.9990 7.7820 0.0000
v  0.9772 7.7302 0.0274
v  0.9741 7.7230 -0.0199
v  0.9984 7.7804 -0.0104
v  0.9810 7.7393 0.0322
v  0.9722 7.7184 -0.0104
v  0.9964 7.7758 -0.0199
v  0.9853 7.7494 0.0338
v  0.9895 7.7595 0.0322
v  1.1325 7.7046 -0.0104
v  1.1338 7.7056 0.0000
v  1.2262 7.5928 0.0000
v  1.2247 7.5921 -0.0104
v  1.1151 7.6908 0.0322
v  1.1227 7.6968 0.0274
v  1.1068 7.6841 -0.0338
v  1.1286 7.7015 0.0199
v  1.0798 7.6627 0.0000
v  1.0811 7.6637 0.0105
v  1.0984 7.6775 -0.0322
v  1.1325 7.7046 0.0105
v  1.0849 7.6668 0.0199
v  1.0909 7.6715 -0.0274
v  1.0909 7.6715 0.0274
v  1.0849 7.6668 -0.0199
v  1.0984 7.6775 0.0322
v  1.0811 7.6637 -0.0104
v  1.1286 7.7015 -0.0199
v  1.1068 7.6841 0.0338
v  1.2203 7.5902 0.0199
v  1.2134 7.5871 0.0274
v  1.2755 7.4484 0.0274
v  1.2828 7.4504 0.0199
v  1.1767 7.5710 0.0274
v  1.1854 7.5748 0.0322
v  1.1698 7.5679 -0.0199
v  1.1653 7.5660 -0.0104
v  1.2203 7.5902 -0.0199
v  1.1950 7.5791 0.0338
v  1.1638 7.5653 0.0000
v  1.2134 7.5871 -0.0274
v  1.2047 7.5833 0.0322
v  1.2047 7.5833 -0.0322
v  1.1950 7.5790 -0.0338
v  1.1653 7.5660 0.0105
v  1.1854 7.5748 -0.0322
v  1.2247 7.5921 0.0105
v  1.1698 7.5679 0.0199
v  1.1767 7.5710 -0.0274
v  1.2563 7.4431 0.0338
v  1.2462 7.4403 0.0322
v  1.2656 7.3418 0.0322
v  1.2759 7.3434 0.0338
v  1.2236 7.4341 0.0000
v  1.2252 7.4345 0.0105
v  1.2563 7.4431 -0.0338
v  1.2462 7.4403 -0.0322
v  1.2874 7.4517 0.0105
v  1.2298 7.4358 0.0199
v  1.2370 7.4378 -0.0274
v  1.2890 7.4521 0.0000
v  1.2370 7.4378 0.0274
v  1.2298 7.4358 -0.0199
v  1.2874 7.4517 -0.0104
v  1.2252 7.4345 -0.0104
v  1.2828 7.4504 -0.0199
v  1.2755 7.4484 -0.0274
v  1.2664 7.4459 0.0322
v  1.2664 7.4459 -0.0322
v  1.2488 7.3393 0.0199
v  1.2441 7.3386 0.0105
v  1.2615 7.2103 0.0105
v  1.2663 7.2105 0.0199
v  1.2441 7.3386 -0.0104
v  1.2424 7.3384 0.0000
v  1.3030 7.3474 -0.0199
v  1.2956 7.3463 -0.0274
v  1.2863 7.3449 0.0322
v  1.2863 7.3449 -0.0322
v  1.2956 7.3463 0.0274
v  1.2759 7.3434 -0.0338
v  1.3030 7.3474 0.0199
v  1.2656 7.3418 -0.0322
v  1.3078 7.3481 0.0105
v  1.2562 7.3404 -0.0274
v  1.3094 7.3484 0.0000
v  1.2562 7.3404 0.0274
v  1.2488 7.3393 -0.0199
v  1.3078 7.3481 -0.0104
v  1.3041 7.2116 -0.0322
v  1.3135 7.2119 -0.0274
v  1.3290 7.2099 -0.0480
v  1.3125 7.2099 -0.0565
v  1.2832 7.2110 -0.0322
v  1.2738 7.2107 -0.0274
v  1.3258 7.2122 0.0105
v  1.3275 7.2123 0.0000
v  1.2738 7.2107 0.0274
v  1.2663 7.2105 -0.0199
v  1.3258 7.2122 -0.0104
v  1.2832 7.2110 0.0322
v  1.2615 7.2103 -0.0104
v  1.3210 7.2121 -0.0199
v  1.2937 7.2113 0.0338
v  1.2598 7.2103 0.0000
v  1.3041 7.2116 0.0322
v  1.3135 7.2119 0.0274
v  1.2937 7.2113 -0.0338
v  1.3210 7.2121 0.0199
v  1.3506 7.2099 -0.0183
v  1.3535 7.2099 0.0000
v  1.3898 7.2099 0.0000
v  1.3851 7.2099 -0.0295
v  1.3125 7.2099 0.0565
v  1.3290 7.2099 0.0481
v  1.2941 7.2099 -0.0594
v  1.3422 7.2099 0.0349
v  1.2347 7.2100 0.0000
v  1.2376 7.2100 0.0184
v  1.2758 7.2099 -0.0565
v  1.3506 7.2099 0.0184
v  1.2461 7.2100 0.0349
v  1.2592 7.2099 -0.0480
v  1.2592 7.2099 0.0481
v  1.2461 7.2100 -0.0349
v  1.2758 7.2099 0.0565
v  1.2376 7.2100 -0.0183
v  1.3422 7.2099 -0.0349
v  1.2941 7.2099 0.0594
v  1.3715 7.2099 0.0562
v  1.3503 7.2099 0.0774
v  1.3502 7.0327 0.0774
v  1.3714 7.0326 0.0562
v  1.2379 7.2100 0.0774
v  1.2646 7.2099 0.0910
v  1.2167 7.2100 -0.0562
v  1.2032 7.2100 -0.0295
v  1.3715 7.2099 -0.0562
v  1.2941 7.2099 0.0956
v  1.1985 7.2100 0.0000
v  1.3503 7.2099 -0.0774
v  1.3237 7.2099 0.0910
v  1.3237 7.2099 -0.0909
v  1.2941 7.2099 -0.0956
v  1.2032 7.2100 0.0296
v  1.2646 7.2099 -0.0909
v  1.3851 7.2099 0.0296
v  1.2167 7.2100 0.0562
v  1.2379 7.2100 -0.0774
v  1.3290 7.0327 -0.0113
v  1.3308 7.0327 0.0000
v  1.3830 7.0164 0.0000
v  1.3787 7.0165 -0.0275
v  1.1984 7.0328 0.0000
v  1.2031 7.0327 0.0296
v  1.2940 7.0327 -0.0956
v  1.2645 7.0327 -0.0909
v  1.3850 7.0326 0.0296
v  1.2166 7.0327 0.0562
v  1.2378 7.0327 -0.0774
v  1.3896 7.0326 0.0000
v  1.2378 7.0327 0.0774
v  1.2166 7.0327 -0.0562
v  1.3850 7.0326 -0.0295
v  1.2645 7.0327 0.0910
v  1.2031 7.0327 -0.0295
v  1.3714 7.0326 -0.0562
v  1.2940 7.0327 0.0957
v  1.3502 7.0327 -0.0774
v  1.3236 7.0327 0.0910
v  1.3236 7.0327 -0.0909
v  1.2573 7.0327 0.0000
v  1.2591 7.0327 0.0114
v  1.2643 7.0327 0.0216
v  1.2724 7.0327 0.0297
v  1.2827 7.0327 0.0350
v  1.2940 7.0327 0.0368
v  1.3054 7.0327 0.0350
v  1.3156 7.0327 0.0297
v  1.3237 7.0327 0.0216
v  1.3290 7.0327 0.0114
v  1.3237 7.0327 -0.0216
v  1.3156 7.0327 -0.0297
v  1.3054 7.0327 -0.0349
v  1.2940 7.0327 -0.0367
v  1.2827 7.0327 -0.0349
v  1.2724 7.0327 -0.0297
v  1.2643 7.0327 -0.0216
v  1.2591 7.0327 -0.0113
v  1.3660 7.0165 0.0524
v  1.3463 7.0165 0.0721
v  1.3590 6.9992 0.0896
v  1.3835 6.9992 0.0651
v  1.2416 7.0165 0.0721
v  1.2664 7.0165 0.0847
v  1.2219 7.0166 -0.0524
v  1.2092 7.0166 -0.0275
v  1.3660 7.0164 -0.0524
v  1.2939 7.0165 0.0891
v  1.2049 7.0166 0.0000
v  1.3463 7.0165 -0.0721
v  1.3215 7.0165 0.0847
v  1.3215 7.0165 -0.0847
v  1.2940 7.0165 -0.0891
v  1.2092 7.0166 0.0275
v  1.2664 7.0165 -0.0847
v  1.3787 7.0165 0.0275
v  1.2219 7.0166 0.0524
v  1.2416 7.0165 -0.0721
v  1.2939 6.9992 0.1107
v  1.2597 6.9992 0.1053
v  1.2546 6.9658 0.1209
v  1.2939 6.9658 0.1272
v  1.1832 6.9993 0.0000
v  1.1886 6.9993 0.0342
v  1.2939 6.9992 -0.1107
v  1.2597 6.9993 -0.1053
v  1.3992 6.9992 0.0342
v  1.2044 6.9993 0.0651
v  1.2289 6.9993 -0.0896
v  1.4047 6.9992 0.0000
v  1.2289 6.9993 0.0896
v  1.2044 6.9993 -0.0651
v  1.3992 6.9992 -0.0342
v  1.1886 6.9993 -0.0342
v  1.3835 6.9992 -0.0651
v  1.3590 6.9992 -0.0896
v  1.3282 6.9992 0.1053
v  1.3282 6.9992 -0.1053
v  1.1911 6.9659 0.0747
v  1.1730 6.9659 0.0393
v  1.1605 6.8115 0.0433
v  1.1804 6.8115 0.0824
v  1.1730 6.9659 -0.0393
v  1.1668 6.9659 0.0000
v  1.3968 6.9657 -0.0747
v  1.3687 6.9657 -0.1028
v  1.3332 6.9658 0.1209
v  1.3332 6.9658 -0.1209
v  1.3686 6.9657 0.1029
v  1.2939 6.9658 -0.1271
v  1.3968 6.9657 0.0747
v  1.2546 6.9658 -0.1209
v  1.4148 6.9657 0.0393
v  1.2192 6.9658 -0.1028
v  1.4210 6.9657 0.0000
v  1.2192 6.9658 0.1029
v  1.1911 6.9659 -0.0747
v  1.4148 6.9657 -0.0393
v  1.3371 6.8114 -0.1333
v  1.3762 6.8114 -0.1134
v  1.3831 6.8058 -0.1229
v  1.3408 6.8058 -0.1445
v  1.2505 6.8115 -0.1333
v  1.2114 6.8115 -0.1134
v  1.4271 6.8114 0.0433
v  1.4340 6.8114 0.0000
v  1.2114 6.8115 0.1134
v  1.1804 6.8115 -0.0824
v  1.4271 6.8114 -0.0433
v  1.2505 6.8115 0.1333
v  1.1605 6.8115 -0.0433
v  1.4072 6.8114 -0.0824
v  1.2938 6.8115 0.1402
v  1.1536 6.8115 0.0000
v  1.3371 6.8114 0.1333
v  1.3762 6.8114 0.1134
v  1.2938 6.8114 -0.1402
v  1.4072 6.8114 0.0824
v  1.1709 6.8059 -0.0893
v  1.2045 6.8059 -0.1229
v  1.1974 6.7972 -0.1327
v  1.1611 6.7972 -0.0964
v  1.3408 6.8058 0.1445
v  1.3831 6.8058 0.1229
v  1.2938 6.8058 -0.1519
v  1.4167 6.8057 0.0893
v  1.1419 6.8059 0.0000
v  1.1493 6.8059 0.0469
v  1.2469 6.8059 -0.1445
v  1.4383 6.8057 0.0470
v  1.1709 6.8059 0.0893
v  1.4457 6.8057 0.0000
v  1.2045 6.8059 0.1229
v  1.4383 6.8057 -0.0469
v  1.2469 6.8059 0.1445
v  1.1493 6.8059 -0.0469
v  1.4167 6.8057 -0.0893
v  1.2938 6.8059 0.1519
v  1.2938 6.7971 -0.1640
v  1.3445 6.7971 -0.1560
v  1.3467 6.7917 -0.1628
v  1.2938 6.7917 -0.1711
v  1.4578 6.7970 0.0000
v  1.4498 6.7970 -0.0507
v  1.1974 6.7972 0.1327
v  1.2431 6.7971 0.1560
v  1.1378 6.7972 -0.0507
v  1.4265 6.7970 -0.0964
v  1.2938 6.7971 0.1640
v  1.1298 6.7972 0.0000
v  1.3902 6.7970 -0.1327
v  1.3445 6.7971 0.1560
v  1.3902 6.7970 0.1327
v  1.4265 6.7970 0.0964
v  1.1378 6.7972 0.0507
v  1.2431 6.7971 -0.1560
v  1.4498 6.7970 0.0507
v  1.1611 6.7972 0.0964
v  1.1227 6.7918 0.0000
v  1.1310 6.7918 -0.0529
v  1.1275 6.7784 -0.0540
v  1.1189 6.7784 0.0000
v  1.3944 6.7916 0.1385
v  1.4323 6.7916 0.1006
v  1.1310 6.7918 0.0529
v  1.2409 6.7918 -0.1628
v  1.1932 6.7918 -0.1385
v  1.4566 6.7916 0.0529
v  1.1554 6.7918 0.1006
v  1.1554 6.7918 -0.1006
v  1.4650 6.7916 0.0000
v  1.1932 6.7918 0.1385
v  1.4566 6.7916 -0.0529
v  1.2409 6.7917 0.1628
v  1.4323 6.7916 -0.1006
v  1.2938 6.7917 0.1712
v  1.3944 6.7916 -0.1385
v  1.3467 6.7917 0.1628
v  1.1910 6.7784 -0.1415
v  1.2398 6.7783 -0.1663
v  1.2392 6.7685 -0.1680
v  1.1900 6.7685 -0.1429
v  1.4353 6.7782 -0.1028
v  1.3966 6.7782 -0.1415
v  1.2938 6.7783 0.1749
v  1.3478 6.7783 0.1663
v  1.3479 6.7783 -0.1663
v  1.3966 6.7782 0.1415
v  1.2938 6.7783 -0.1749
v  1.4353 6.7782 0.1028
v  1.1275 6.7784 0.0540
v  1.4601 6.7782 0.0541
v  1.1523 6.7784 0.1028
v  1.4687 6.7782 0.0000
v  1.1910 6.7784 0.1415
v  1.1523 6.7784 -0.1028
v  1.4601 6.7782 -0.0540
v  1.2398 6.7783 0.1663
v  1.3484 6.7684 -0.1680
v  1.3977 6.7683 -0.1429
v  1.3977 6.7137 -0.1429
v  1.3484 6.7137 -0.1680
v  1.4618 6.7683 0.0546
v  1.4705 6.7683 0.0000
v  1.1509 6.7685 0.1039
v  1.1900 6.7685 0.1429
v  1.1509 6.7685 -0.1038
v  1.4618 6.7683 -0.0546
v  1.2392 6.7684 0.1680
v  1.1258 6.7685 -0.0546
v  1.4367 6.7683 -0.1039
v  1.2938 6.7684 0.1767
v  1.1171 6.7685 0.0000
v  1.3484 6.7684 0.1680
v  1.3976 6.7683 0.1429
v  1.2938 6.7684 -0.1767
v  1.4367 6.7683 0.1039
v  1.1258 6.7685 0.0546
v  1.1258 6.7139 0.0546
v  1.1171 6.7139 0.0000
v  1.1258 6.7139 -0.0546
v  1.1509 6.7139 -0.1038
v  1.1900 6.7138 -0.1429
v  1.2392 6.7138 -0.1680
v  1.2938 6.7137 -0.1767
v  1.4367 6.7136 -0.1039
v  1.4618 6.7137 -0.0546
v  1.4705 6.7136 0.0000
v  1.4618 6.7137 0.0546
v  1.4367 6.7137 0.1039
v  1.3976 6.7137 0.1429
v  1.3484 6.7137 0.1680
v  1.2938 6.7138 0.1767
v  1.2392 6.7138 0.1680
v  1.1900 6.7138 0.1429
v  1.1509 6.7139 0.1039
v  0.8819 7.5602 0.0348
v  0.7970 7.7343 0.0288
v  0.7970 7.7343 -0.0292
v  0.8819 7.5602 -0.0352
v  0.8540 7.7457 -0.0292
v  0.9506 7.5739 -0.0352
v  0.8540 7.7457 0.0288
v  0.9506 7.5739 0.0348
v  0.8860 7.4422 -0.0339
v  0.8860 7.4422 0.0335
v  0.9534 7.4436 -0.0339
v  0.9534 7.4436 0.0335
v  0.8918 7.2930 0.0335
v  0.8918 7.2930 -0.0339
v  0.8418 7.2240 0.0335
v  0.8418 7.2240 -0.0339
v  0.8260 7.3078 -0.0339
v  0.8260 7.3078 0.0335
v  0.7932 7.2708 0.0335
v  0.7493 7.2579 0.0335
v  0.7713 7.1942 0.0335
v  0.7932 7.2708 -0.0339
v  0.7713 7.1942 -0.0339
v  0.6933 7.1930 0.0335
v  0.6933 7.1930 -0.0339
v  0.7493 7.2579 -0.0339
v  0.7015 7.2599 0.0335
v  0.7015 7.2599 -0.0339
v  0.6724 7.2945 -0.0339
v  0.6724 7.2945 0.0335
v  0.6419 7.2344 0.0335
v  0.6596 7.3266 0.0335
v  0.6129 7.3079 0.0335
v  0.6419 7.2344 -0.0339
v  0.6129 7.3079 -0.0339
v  0.6237 7.3719 0.0167
v  0.6237 7.3719 -0.0171
v  0.6596 7.3266 -0.0339
v  0.6546 7.3582 0.0167
v  0.6709 7.4012 0.0167
v  0.6523 7.4294 0.0167
v  0.6546 7.3582 -0.0171
v  0.6423 7.3640 -0.0339
v  0.6327 7.2972 -0.0339
v  0.4921 7.2540 -0.0339
v  0.4853 7.3211 -0.0339
v  0.4513 7.2259 -0.0339
v  0.4108 7.2798 -0.0339
v  0.6327 7.2972 0.0335
v  0.4921 7.2540 0.0335
v  0.4853 7.3211 0.0335
v  0.4108 7.2798 0.0335
v  0.6423 7.3640 0.0335
v  0.5311 7.0454 -0.0171
v  0.5212 7.0777 -0.0171
v  0.5659 7.0887 -0.0171
v  0.5916 7.0668 -0.0171
v  0.4513 7.2259 0.0335
v  0.4332 7.1839 -0.0339
v  0.3726 7.2134 -0.0339
v  0.4662 7.0425 -0.0339
v  0.4905 7.0865 -0.0339
v  0.5311 7.0454 0.0167
v  0.5916 7.0668 0.0167
v  0.4905 7.0865 0.0335
v  0.4662 7.0425 0.0335
v  0.5212 7.0777 0.0167
v  0.6407 7.1269 -0.0171
v  0.6407 7.1269 0.0167
v  0.5659 7.0887 0.0167
v  0.3619 7.1362 0.0335
v  0.3619 7.1362 -0.0339
v  0.3968 7.0801 -0.0339
v  0.3968 7.0801 0.0335
v  0.4602 7.1031 -0.0339
v  0.4602 7.1031 0.0335
v  0.4332 7.1839 0.0335
v  0.4294 7.1362 0.0335
v  0.4294 7.1362 -0.0339
v  0.3726 7.2134 0.0335
v  0.6523 7.4294 -0.0171
v  0.7179 7.4708 0.0167
v  0.7179 7.4708 -0.0171
v  0.6709 7.4012 -0.0171
v  0.7674 7.4521 0.0167
v  0.7674 7.4521 -0.0171
v  0.7234 7.4375 -0.0171
v  0.7234 7.4375 0.0167
v  0.7481 7.4244 -0.0171
v  0.7481 7.4244 0.0167
v  0.6281 7.1783 -0.0171
v  0.6281 7.1783 0.0167
v  0.6083 7.1364 0.0167
v  0.6083 7.1364 -0.0171
v  0.5983 7.1625 0.0167
v  0.5983 7.1625 -0.0171
# 1816 vertices

vn 0.1564 0.0000 -0.9877
vn 0.4540 0.0000 -0.8910
vn 0.7071 0.0000 -0.7071
vn 0.8910 0.0000 -0.4540
vn 0.9877 0.0000 -0.1564
vn 0.9877 0.0000 0.1564
vn 0.8910 0.0000 0.4540
vn 0.7071 0.0000 0.7071
vn 0.4540 0.0000 0.8910
vn 0.1564 0.0000 0.9877
vn -0.1564 0.0000 0.9877
vn -0.4540 0.0000 0.8910
vn -0.7071 0.0000 0.7071
vn -0.8910 0.0000 0.4540
vn -0.9877 0.0000 0.1564
vn -0.9877 0.0000 -0.1564
vn -0.8910 0.0000 -0.4540
vn -0.7071 0.0000 -0.7071
vn -0.4540 0.0000 -0.8910
vn -0.1564 0.0000 -0.9877
vn 0.0000 -1.0000 -0.0000
vn -0.0000 1.0000 -0.0000
vn 0.0000 1.0000 -0.0000
vn -0.0000 -1.0000 -0.0000
vn -0.8892 0.0642 0.4531
vn 0.8892 0.0642 0.4531
vn -0.9857 0.0642 0.1561
vn 0.7056 0.0642 0.7056
vn 0.1561 0.0642 -0.9857
vn -0.9857 0.0642 -0.1561
vn 0.4531 0.0642 0.8892
vn 0.4531 0.0642 -0.8892
vn -0.8892 0.0642 -0.4531
vn 0.1561 0.0642 0.9857
vn 0.7056 0.0642 -0.7056
vn -0.7056 0.0642 -0.7056
vn -0.1561 0.0642 0.9857
vn 0.8892 0.0642 -0.4531
vn -0.4531 0.0642 -0.8892
vn -0.4531 0.0642 0.8892
vn 0.9857 0.0642 -0.1561
vn -0.1561 0.0642 -0.9857
vn -0.7056 0.0642 0.7056
vn 0.9857 0.0642 0.1561
vn 0.7049 0.0783 0.7049
vn 0.9849 0.0752 -0.1560
vn 0.1560 0.0783 -0.9847
vn -0.9847 0.0783 -0.1560
vn 0.4526 0.0783 0.8883
vn 0.4526 0.0783 -0.8883
vn -0.8883 0.0783 -0.4526
vn 0.1560 0.0783 0.9847
vn 0.7049 0.0783 -0.7049
vn -0.7049 0.0783 -0.7049
vn -0.1560 0.0783 0.9847
vn 0.8883 0.0783 -0.4526
vn -0.4526 0.0783 -0.8883
vn -0.4526 0.0783 0.8883
vn 0.9847 0.0783 -0.1560
vn -0.1560 0.0783 -0.9847
vn -0.7049 0.0783 0.7049
vn 0.9847 0.0783 0.1560
vn -0.8883 0.0783 0.4526
vn 0.8883 0.0783 0.4526
vn -0.9847 0.0783 0.1560
vn -0.8851 0.1147 0.4510
vn -0.1560 0.0752 -0.9849
vn -0.7051 0.0752 0.7051
vn 0.9849 0.0752 0.1560
vn -0.8885 0.0752 0.4527
vn 0.8885 0.0752 0.4527
vn -0.9849 0.0752 0.1560
vn 0.7051 0.0752 0.7051
vn 0.1560 0.0752 -0.9849
vn -0.9849 0.0752 -0.1560
vn 0.4527 0.0752 0.8885
vn 0.4527 0.0752 -0.8885
vn -0.8885 0.0752 -0.4527
vn 0.1560 0.0752 0.9849
vn 0.7051 0.0752 -0.7051
vn -0.7051 0.0752 -0.7051
vn -0.1560 0.0752 0.9849
vn 0.8885 0.0752 -0.4527
vn -0.4527 0.0752 -0.8885
vn -0.4527 0.0752 0.8885
vn -0.1558 0.0905 -0.9836
vn 0.8851 0.1147 0.4510
vn -0.9812 0.1147 0.1554
vn 0.7024 0.1147 0.7024
vn 0.1554 0.1147 -0.9812
vn -0.9812 0.1147 -0.1554
vn 0.4510 0.1147 0.8851
vn 0.4510 0.1147 -0.8851
vn -0.8851 0.1147 -0.4510
vn 0.1554 0.1147 0.9812
vn 0.7024 0.1147 -0.7024
vn -0.7024 0.1147 -0.7024
vn -0.1554 0.1147 0.9812
vn 0.8851 0.1147 -0.4510
vn -0.4510 0.1147 -0.8851
vn -0.4510 0.1147 0.8851
vn 0.9812 0.1147 -0.1554
vn -0.1554 0.1147 -0.9812
vn -0.7024 0.1147 0.7024
vn 0.9812 0.1147 0.1554
vn 0.9868 0.0415 -0.1563
vn -0.7042 0.0905 0.7042
vn 0.9836 0.0905 0.1558
vn -0.8874 0.0905 0.4521
vn 0.8874 0.0905 0.4521
vn -0.9836 0.0905 0.1558
vn 0.7042 0.0905 0.7042
vn 0.1558 0.0905 -0.9836
vn -0.9836 0.0905 -0.1558
vn 0.4521 0.0905 0.8874
vn 0.4521 0.0905 -0.8874
vn -0.8874 0.0905 -0.4521
vn 0.1558 0.0905 0.9836
vn 0.7042 0.0905 -0.7042
vn -0.7042 0.0905 -0.7042
vn -0.1558 0.0905 0.9836
vn 0.8874 0.0905 -0.4521
vn -0.4521 0.0905 -0.8874
vn -0.4521 0.0905 0.8874
vn 0.9836 0.0905 -0.1558
vn 0.4540 0.0081 -0.8910
vn -0.1563 0.0415 -0.9868
vn -0.7065 0.0415 0.7065
vn 0.9868 0.0415 0.1563
vn -0.8902 0.0415 0.4536
vn 0.8902 0.0415 0.4536
vn -0.9868 0.0415 0.1563
vn 0.7065 0.0415 0.7065
vn 0.1563 0.0415 -0.9868
vn -0.9868 0.0415 -0.1563
vn 0.4536 0.0415 0.8902
vn 0.4536 0.0415 -0.8902
vn -0.8902 0.0415 -0.4536
vn 0.1563 0.0415 0.9868
vn 0.7065 0.0415 -0.7065
vn -0.7065 0.0415 -0.7065
vn -0.1563 0.0415 0.9868
vn 0.8902 0.0415 -0.4536
vn -0.4536 0.0415 -0.8902
vn -0.4536 0.0415 0.8902
vn -0.8910 0.0081 -0.4540
vn 0.1564 0.0081 0.9877
vn 0.7071 0.0081 -0.7071
vn -0.7071 0.0081 -0.7071
vn -0.1564 0.0081 0.9877
vn 0.8910 0.0081 -0.4540
vn -0.4540 0.0081 -0.8910
vn -0.4540 0.0081 0.8910
vn 0.9877 0.0081 -0.1564
vn -0.1564 0.0081 -0.9877
vn -0.7071 0.0081 0.7071
vn 0.9877 0.0081 0.1564
vn -0.8910 0.0081 0.4540
vn 0.8910 0.0081 0.4540
vn -0.9877 0.0081 0.1564
vn 0.7071 0.0081 0.7071
vn 0.1564 0.0081 -0.9877
vn -0.9877 0.0081 -0.1564
vn 0.4540 0.0081 0.8910
vn -0.4540 -0.0000 -0.8910
vn -0.4540 -0.0000 0.8910
vn -0.4237 0.3591 0.8316
vn 0.7071 -0.0000 0.7071
vn 0.4540 -0.0000 0.8910
vn 0.4540 -0.0000 -0.8910
vn 0.7071 -0.0000 -0.7071
vn 0.8910 -0.0000 -0.4540
vn 0.9877 -0.0000 -0.1564
vn 0.9877 -0.0000 0.1564
vn 0.8910 -0.0000 0.4540
vn 0.4418 -0.2306 0.8670
vn 0.9218 0.3591 -0.1460
vn -0.1460 0.3591 -0.9218
vn -0.6600 0.3591 0.6600
vn 0.9218 0.3591 0.1460
vn -0.8316 0.3591 0.4237
vn 0.8316 0.3591 0.4237
vn -0.9218 0.3591 0.1460
vn 0.6600 0.3591 0.6600
vn 0.1460 0.3591 -0.9218
vn -0.9218 0.3591 -0.1460
vn 0.4237 0.3591 0.8316
vn 0.4237 0.3591 -0.8316
vn -0.8316 0.3591 -0.4237
vn 0.1460 0.3591 0.9218
vn 0.6600 0.3591 -0.6600
vn -0.6600 0.3591 -0.6600
vn -0.1460 0.3591 0.9218
vn 0.8316 0.3591 -0.4237
vn -0.4237 0.3591 -0.8316
vn 0.4418 -0.2306 -0.8670
vn -0.8670 -0.2306 -0.4418
vn 0.1522 -0.2306 0.9611
vn 0.6881 -0.2306 -0.6881
vn -0.6881 -0.2306 -0.6881
vn -0.1522 -0.2306 0.9611
vn 0.8670 -0.2306 -0.4418
vn -0.4418 -0.2306 -0.8670
vn -0.4418 -0.2306 0.8670
vn 0.9611 -0.2306 -0.1522
vn -0.1522 -0.2306 -0.9611
vn -0.6881 -0.2306 0.6881
vn 0.9611 -0.2306 0.1522
vn -0.8670 -0.2306 0.4418
vn 0.8670 -0.2306 0.4418
vn -0.9611 -0.2306 0.1522
vn 0.6881 -0.2306 0.6881
vn 0.1522 -0.2306 -0.9611
vn -0.9611 -0.2306 -0.1522
vn -0.9877 -0.0000 0.1564
vn -0.8910 -0.0000 0.4540
vn -0.9877 -0.0000 -0.1564
vn -0.8910 -0.0000 -0.4540
vn -0.7071 -0.0000 -0.7071
vn -0.1564 -0.0000 0.9877
vn -0.1564 -0.0000 -0.9877
vn -0.7071 -0.0000 0.7071
vn 0.0166 0.9944 -0.1048
vn 0.0482 0.9944 -0.0946
vn 0.0750 0.9944 -0.0751
vn 0.0946 0.9944 -0.0482
vn 0.1048 0.9944 -0.0166
vn 0.1048 0.9944 0.0166
vn 0.0946 0.9944 0.0482
vn 0.0750 0.9944 0.0751
vn 0.0482 0.9944 0.0946
vn 0.0166 0.9944 0.1048
vn -0.0166 0.9944 0.1048
vn -0.0482 0.9944 0.0946
vn -0.0751 0.9944 0.0751
vn -0.0946 0.9944 0.0482
vn -0.1048 0.9944 0.0166
vn -0.1048 0.9944 -0.0166
vn -0.0946 0.9944 -0.0482
vn -0.0751 0.9944 -0.0751
vn -0.0482 0.9944 -0.0946
vn -0.0166 0.9944 -0.1048
vn -0.0001 1.0000 -0.0000
vn 0.0001 1.0000 -0.0000
vn 0.1564 -0.0000 -0.9877
vn 0.0001 -1.0000 -0.0000
vn -0.0001 -1.0000 -0.0000
vn 0.3995 0.4750 0.7841
vn 0.0170 0.9941 -0.1070
vn 0.0492 0.9941 -0.0965
vn 0.0766 0.9941 -0.0766
vn 0.0965 0.9941 -0.0492
vn 0.1070 0.9941 -0.0169
vn 0.1070 0.9941 0.0169
vn 0.0965 0.9941 0.0492
vn 0.0766 0.9941 0.0766
vn 0.0492 0.9941 0.0965
vn 0.0169 0.9941 0.1070
vn -0.0169 0.9941 0.1070
vn -0.0492 0.9941 0.0965
vn -0.0766 0.9941 0.0766
vn -0.0965 0.9941 0.0492
vn -0.1070 0.9941 0.0169
vn -0.1070 0.9941 -0.0169
vn -0.0965 0.9941 -0.0492
vn -0.0766 0.9941 -0.0766
vn -0.0492 0.9941 -0.0965
vn -0.0170 0.9941 -0.1070
vn 0.9876 0.0159 0.1564
vn 0.4426 0.2222 -0.8687
vn -0.8524 0.2911 -0.4343
vn 0.1367 0.4864 0.8630
vn 0.6843 0.2517 -0.6843
vn -0.6843 0.2516 -0.6844
vn -0.1367 0.4864 0.8630
vn 0.8524 0.2912 -0.4343
vn -0.4427 0.2221 -0.8687
vn -0.3995 0.4749 0.7841
vn 0.9303 0.3358 -0.1474
vn -0.1531 0.2064 -0.9664
vn -0.6305 0.4526 0.6306
vn 0.9135 0.3803 0.1447
vn -0.8085 0.4203 0.4119
vn 0.8085 0.4204 0.4119
vn -0.9135 0.3802 0.1447
vn 0.6305 0.4526 0.6305
vn 0.1531 0.2064 -0.9664
vn -0.9304 0.3357 -0.1474
vn 0.7071 0.0050 -0.7071
vn -0.8909 0.0159 0.4539
vn 0.8909 0.0159 0.4539
vn -0.9876 0.0159 0.1564
vn 0.7070 0.0159 0.7070
vn 0.1564 0.0159 -0.9876
vn -0.9876 0.0159 -0.1564
vn 0.4539 0.0159 0.8909
vn 0.4539 0.0159 -0.8909
vn -0.8909 0.0159 -0.4539
vn 0.1564 0.0159 0.9876
vn 0.7070 0.0159 -0.7070
vn -0.7070 0.0159 -0.7070
vn -0.1564 0.0159 0.9876
vn 0.8909 0.0159 -0.4539
vn -0.4539 0.0159 -0.8909
vn -0.4539 0.0159 0.8909
vn 0.9876 0.0159 -0.1564
vn -0.1564 0.0159 -0.9876
vn -0.7070 0.0159 0.7070
vn -0.9876 -0.0119 0.1564
vn -0.7071 0.0050 -0.7071
vn -0.1564 0.0050 0.9877
vn 0.8910 0.0050 -0.4540
vn -0.4540 0.0050 -0.8910
vn -0.4540 0.0050 0.8910
vn 0.9877 0.0050 -0.1564
vn -0.1564 0.0050 -0.9877
vn -0.7071 0.0050 0.7071
vn 0.9877 0.0050 0.1564
vn -0.8910 0.0050 0.4540
vn 0.8910 0.0050 0.4540
vn -0.9877 0.0050 0.1564
vn 0.7071 0.0050 0.7071
vn 0.1564 0.0050 -0.9877
vn -0.9877 0.0050 -0.1564
vn 0.4540 0.0050 0.8910
vn 0.4540 0.0050 -0.8910
vn -0.8910 0.0050 -0.4540
vn 0.1564 0.0050 0.9877
vn 0.7071 -0.0115 0.7071
vn 0.1564 -0.0128 -0.9876
vn -0.9876 -0.0122 -0.1564
vn 0.4540 -0.0114 0.8909
vn 0.4540 -0.0127 -0.8909
vn -0.8909 -0.0124 -0.4540
vn 0.1564 -0.0113 0.9876
vn 0.7071 -0.0126 -0.7071
vn -0.7071 -0.0126 -0.7071
vn -0.1564 -0.0113 0.9876
vn 0.8909 -0.0124 -0.4540
vn -0.4540 -0.0127 -0.8909
vn -0.4540 -0.0114 0.8909
vn 0.9876 -0.0122 -0.1564
vn -0.1564 -0.0128 -0.9876
vn -0.7071 -0.0115 0.7071
vn 0.9876 -0.0119 0.1564
vn -0.8909 -0.0117 0.4540
vn 0.8909 -0.0117 0.4540
vn 0.1564 -0.0000 0.9877
vn -0.6253 -0.4668 0.6253
vn 0.1396 0.4510 0.8816
vn 0.8735 -0.4668 0.1383
vn -0.7880 -0.4668 0.4015
vn 0.7880 -0.4668 0.4015
vn -0.8735 -0.4668 0.1383
vn 0.6253 -0.4668 0.6253
vn 0.1383 -0.4668 -0.8735
vn -0.8735 -0.4668 -0.1383
vn 0.4015 -0.4668 0.7880
vn 0.4015 -0.4668 -0.7880
vn -0.7880 -0.4668 -0.4015
vn 0.1384 -0.4668 0.8735
vn 0.6253 -0.4668 -0.6253
vn -0.6253 -0.4668 -0.6253
vn -0.1384 -0.4668 0.8735
vn 0.7880 -0.4668 -0.4015
vn -0.4015 -0.4668 -0.7880
vn -0.4015 -0.4668 0.7880
vn 0.8735 -0.4668 -0.1383
vn -0.1383 -0.4668 -0.8735
vn 0.6311 0.4510 -0.6311
vn -0.6311 0.4510 -0.6311
vn -0.1396 0.4510 0.8816
vn 0.7953 0.4510 -0.4052
vn -0.4052 0.4510 -0.7953
vn -0.4052 0.4510 0.7953
vn 0.8816 0.4510 -0.1396
vn -0.1396 0.4510 -0.8816
vn -0.6311 0.4510 0.6311
vn 0.8816 0.4510 0.1396
vn -0.7953 0.4510 0.4052
vn 0.7953 0.4510 0.4052
vn -0.8816 0.4510 0.1396
vn 0.6311 0.4510 0.6311
vn 0.1396 0.4510 -0.8816
vn -0.8816 0.4510 -0.1396
vn 0.4052 0.4510 0.7953
vn 0.4052 0.4510 -0.7953
vn -0.7953 0.4510 -0.4052
vn 0.0079 0.9987 -0.0503
vn 0.0232 0.9987 -0.0455
vn 0.0363 0.9987 -0.0363
vn 0.0460 0.9987 -0.0234
vn 0.0513 0.9986 -0.0081
vn 0.0517 0.9986 0.0082
vn 0.0470 0.9986 0.0240
vn 0.0376 0.9986 0.0376
vn 0.0242 0.9986 0.0476
vn 0.0084 0.9986 0.0529
vn -0.0084 0.9986 0.0529
vn -0.0242 0.9986 0.0476
vn -0.0376 0.9986 0.0376
vn -0.0470 0.9986 0.0240
vn -0.0518 0.9986 0.0082
vn -0.0514 0.9986 -0.0081
vn -0.0460 0.9987 -0.0234
vn -0.0363 0.9987 -0.0363
vn -0.0232 0.9987 -0.0455
vn -0.0079 0.9987 -0.0503
vn 0.0224 0.9897 -0.1415
vn 0.0652 0.9896 -0.1280
vn 0.1021 0.9895 -0.1021
vn 0.1296 0.9894 -0.0660
vn 0.1448 0.9892 -0.0229
vn 0.1462 0.9890 0.0231
vn 0.1330 0.9888 0.0678
vn 0.1064 0.9886 0.1064
vn 0.0687 0.9885 0.1348
vn 0.0237 0.9884 0.1498
vn -0.0237 0.9884 0.1498
vn -0.0687 0.9885 0.1348
vn -0.1064 0.9886 0.1064
vn -0.1330 0.9888 0.0678
vn -0.1463 0.9890 0.0232
vn -0.1449 0.9892 -0.0230
vn -0.1296 0.9894 -0.0660
vn -0.1021 0.9895 -0.1021
vn -0.0652 0.9896 -0.1280
vn -0.0224 0.9897 -0.1415
vn 0.0000 -1.0000 0.0001
vn 0.0001 -1.0000 0.0001
vn -0.0000 -1.0000 -0.0001
vn -0.0001 -1.0000 0.0001
vn 0.0001 -1.0000 0.0000
vn -0.0001 -1.0000 -0.0001
vn 0.0001 -1.0000 -0.0001
vn -0.0001 -1.0000 0.0000
vn -0.0002 -1.0000 -0.0001
vn 0.0002 -1.0000 -0.0000
vn 0.0758 0.8748 -0.4785
vn 0.2196 0.8752 -0.4310
vn 0.3412 0.8759 -0.3412
vn 0.4284 0.8768 -0.2183
vn 0.4729 0.8779 -0.0746
vn 0.4709 0.8791 0.0743
vn 0.4230 0.8801 0.2155
vn 0.3345 0.8810 0.3345
vn 0.2142 0.8817 0.4204
vn 0.0738 0.8820 0.4655
vn -0.0738 0.8820 0.4655
vn -0.2142 0.8816 0.4205
vn -0.3346 0.8810 0.3345
vn -0.4230 0.8801 0.2156
vn -0.4709 0.8790 0.0748
vn -0.4730 0.8779 -0.0751
vn -0.4285 0.8768 -0.2183
vn -0.3412 0.8759 -0.3412
vn -0.2196 0.8752 -0.4311
vn -0.0758 0.8748 -0.4785
vn 0.1567 0.0494 0.9864
vn 0.1565 -0.0000 -0.9877
vn -0.1565 0.0000 -0.9877
vn 0.8939 0.0487 0.4455
vn 0.7077 -0.0366 -0.7056
vn -0.7077 -0.0366 -0.7056
vn -0.1567 0.0494 0.9864
vn 0.8913 -0.0234 -0.4528
vn -0.4546 -0.0463 -0.8895
vn -0.4545 0.0446 0.8896
vn 0.9877 -0.0080 -0.1560
vn -0.1567 -0.0515 -0.9863
vn -0.7076 0.0355 0.7057
vn 0.9877 0.0079 0.1560
vn -0.8913 0.0229 0.4528
vn 0.8913 0.0229 0.4529
vn -0.9877 0.0079 0.1560
vn 0.7076 0.0355 0.7057
vn 0.1567 -0.0515 -0.9863
vn -0.9877 -0.0080 -0.1560
vn 0.4545 0.0446 0.8896
vn 0.4546 -0.0463 -0.8895
vn -0.8913 -0.0234 -0.4528
vn 0.9000 -0.0778 -0.4288
vn -0.9881 0.0167 0.1531
vn 0.7128 0.0761 0.6972
vn 0.1590 -0.1078 -0.9814
vn -0.9881 -0.0168 -0.1531
vn 0.4598 0.0963 0.8828
vn 0.4599 -0.0970 -0.8827
vn -0.8940 -0.0488 -0.4455
vn 0.1589 0.1070 0.9815
vn 0.7128 -0.0765 -0.6971
vn -0.7128 -0.0765 -0.6971
vn -0.1589 0.1070 0.9815
vn 0.8940 -0.0488 -0.4455
vn -0.4599 -0.0970 -0.8827
vn -0.4598 0.0963 0.8828
vn 0.9881 -0.0168 -0.1531
vn -0.1590 -0.1078 -0.9814
vn -0.7128 0.0761 0.6972
vn 0.9881 0.0167 0.1531
vn -0.8939 0.0487 0.4455
vn 0.1755 -0.2837 -0.9427
vn -0.4725 -0.1574 -0.8672
vn -0.4725 0.1573 0.8672
vn 0.9889 -0.0266 -0.1465
vn -0.1644 -0.1762 -0.9705
vn -0.7248 0.1230 0.6779
vn 0.9889 0.0266 0.1465
vn -0.9000 0.0778 0.4288
vn 0.9000 0.0778 0.4288
vn -0.9889 0.0266 0.1465
vn 0.7248 0.1230 0.6779
vn 0.1644 -0.1762 -0.9705
vn -0.9889 -0.0266 -0.1465
vn 0.4725 0.1573 0.8672
vn 0.4725 -0.1574 -0.8672
vn -0.9000 -0.0778 -0.4288
vn 0.1644 0.1761 0.9706
vn 0.7248 -0.1230 -0.6778
vn -0.7248 -0.1231 -0.6778
vn -0.1644 0.1761 0.9706
vn -0.2161 -0.5248 -0.8233
vn -0.9902 -0.0401 -0.1334
vn 0.4974 0.2497 0.8308
vn 0.4976 -0.2500 -0.8306
vn -0.9110 -0.1188 -0.3949
vn 0.1755 0.2833 0.9428
vn 0.7476 -0.1914 -0.6360
vn -0.7476 -0.1914 -0.6360
vn -0.1755 0.2833 0.9428
vn 0.9110 -0.1188 -0.3949
vn -0.4976 -0.2500 -0.8306
vn -0.4974 0.2497 0.8308
vn 0.9902 -0.0401 -0.1334
vn -0.1755 -0.2837 -0.9427
vn -0.7475 0.1912 0.6361
vn 0.9902 0.0401 0.1334
vn -0.9110 0.1187 0.3949
vn 0.9110 0.1187 0.3950
vn -0.9902 0.0401 0.1334
vn 0.7475 0.1912 0.6361
vn -0.9552 -0.2157 -0.2024
vn -0.8118 0.3101 0.4948
vn 0.9936 0.0602 0.0956
vn -0.9390 0.1830 0.2912
vn 0.9390 0.1830 0.2913
vn -0.9936 0.0603 0.0956
vn 0.8118 0.3101 0.4948
vn 0.2162 -0.5248 -0.8233
vn -0.9936 -0.0603 -0.0955
vn 0.5778 0.4329 0.6919
vn 0.5798 -0.4376 -0.6872
vn -0.9393 -0.1837 -0.2898
vn 0.2149 0.5177 0.8282
vn 0.8129 -0.3124 -0.4915
vn -0.8129 -0.3124 -0.4915
vn -0.2149 0.5177 0.8282
vn 0.9393 -0.1837 -0.2898
vn -0.5798 -0.4376 -0.6872
vn -0.5778 0.4329 0.6919
vn 0.9936 -0.0603 -0.0955
vn -0.9656 0.2259 0.1286
vn 0.2519 0.7051 0.6629
vn 0.8546 -0.3788 -0.3552
vn -0.8546 -0.3787 -0.3552
vn -0.2519 0.7051 0.6629
vn 0.9552 -0.2157 -0.2024
vn -0.6425 -0.5590 -0.5241
vn -0.6422 0.5585 0.5250
vn 0.9954 -0.0699 -0.0656
vn -0.2522 -0.7060 -0.6618
vn -0.8544 0.3786 0.3558
vn 0.9954 0.0699 0.0656
vn -0.9552 0.2157 0.2026
vn 0.9552 0.2157 0.2026
vn -0.9954 0.0699 0.0656
vn 0.8544 0.3786 0.3558
vn 0.2522 -0.7060 -0.6618
vn -0.9954 -0.0699 -0.0656
vn 0.6422 0.5585 0.5250
vn 0.6425 -0.5590 -0.5241
vn -0.3161 0.9407 0.1232
vn 0.9656 0.2259 0.1286
vn -0.9965 0.0725 0.0413
vn 0.8843 0.4061 0.2307
vn 0.2864 -0.8301 -0.4784
vn -0.9965 -0.0725 -0.0415
vn 0.6943 0.6260 0.3551
vn 0.6932 -0.6246 -0.3597
vn -0.9655 -0.2258 -0.1296
vn 0.2873 0.8333 0.4723
vn 0.8838 -0.4056 -0.2332
vn -0.8838 -0.4056 -0.2332
vn -0.2873 0.8333 0.4723
vn 0.9655 -0.2258 -0.1295
vn -0.6932 -0.6246 -0.3597
vn -0.6943 0.6260 0.3551
vn 0.9965 -0.0725 -0.0415
vn -0.2864 -0.8301 -0.4784
vn -0.8842 0.4061 0.2307
vn 0.9965 0.0725 0.0414
vn 0.8950 0.4296 -0.1201
vn 0.9719 -0.2333 -0.0306
vn -0.7312 -0.6764 -0.0889
vn -0.7314 0.6762 0.0885
vn 0.9972 -0.0744 -0.0098
vn -0.3165 -0.9405 -0.1237
vn -0.9032 0.4256 0.0557
vn 0.9972 0.0744 0.0098
vn -0.9719 0.2333 0.0306
vn 0.9719 0.2333 0.0306
vn -0.9972 0.0744 0.0098
vn 0.9032 0.4256 0.0558
vn 0.3165 -0.9405 -0.1237
vn -0.9972 -0.0744 -0.0098
vn 0.7314 0.6762 0.0886
vn 0.7312 -0.6763 -0.0889
vn -0.9719 -0.2333 -0.0307
vn 0.3161 0.9407 0.1232
vn 0.9032 -0.4255 -0.0559
vn -0.9032 -0.4255 -0.0559
vn -0.9484 0.2126 -0.2352
vn 0.3043 -0.9243 0.2303
vn -0.9969 -0.0759 0.0201
vn 0.7146 0.6732 -0.1900
vn 0.7163 -0.6767 0.1700
vn -0.9694 -0.2375 0.0617
vn 0.3029 0.9168 -0.2601
vn 0.8957 -0.4309 0.1099
vn -0.8957 -0.4309 0.1098
vn -0.3029 0.9168 -0.2601
vn 0.9694 -0.2375 0.0618
vn -0.7163 -0.6768 0.1700
vn -0.7146 0.6732 -0.1901
vn 0.9969 -0.0759 0.0202
vn -0.3043 -0.9243 0.2303
vn -0.8950 0.4296 -0.1201
vn 0.9969 0.0758 -0.0205
vn -0.9693 0.2371 -0.0654
vn 0.9693 0.2371 -0.0654
vn -0.9969 0.0758 -0.0206
vn -0.1856 0.3715 -0.9097
vn 0.9484 0.2126 -0.2352
vn -0.9947 0.0696 -0.0758
vn 0.8353 0.3660 -0.4103
vn 0.2402 -0.6846 0.6882
vn -0.9947 -0.0700 0.0747
vn 0.6111 0.5242 -0.5931
vn 0.6215 -0.5503 0.5576
vn -0.9497 -0.2163 0.2264
vn 0.2332 0.6423 -0.7301
vn 0.8407 -0.3777 0.3881
vn -0.8407 -0.3777 0.3881
vn -0.2332 0.6423 -0.7301
vn 0.9497 -0.2163 0.2264
vn -0.6215 -0.5503 0.5576
vn -0.6111 0.5242 -0.5931
vn 0.9947 -0.0700 0.0748
vn -0.2402 -0.6846 0.6882
vn -0.8353 0.3660 -0.4103
vn 0.9947 0.0696 -0.0758
vn 0.7305 0.1485 -0.6666
vn 0.9205 -0.1523 0.3598
vn -0.5226 -0.3358 0.7837
vn -0.5194 0.3236 -0.7909
vn 0.9914 -0.0507 0.1208
vn -0.1876 -0.3877 0.9025
vn -0.7666 0.2441 -0.5940
vn 0.9914 0.0504 -0.1211
vn -0.9199 0.1498 -0.3624
vn 0.9199 0.1499 -0.3624
vn -0.9914 0.0504 -0.1211
vn 0.7666 0.2441 -0.5939
vn 0.1876 -0.3877 0.9025
vn -0.9914 -0.0507 0.1208
vn 0.5193 0.3237 -0.7909
vn 0.5226 -0.3357 0.7837
vn -0.9205 -0.1523 0.3598
vn 0.1856 0.3715 -0.9097
vn 0.7688 -0.2507 0.5883
vn -0.7688 -0.2508 0.5883
vn 0.9880 -0.0151 0.1535
vn 0.1674 -0.2180 0.9615
vn -0.9892 -0.0321 0.1428
vn 0.4784 0.1907 -0.8572
vn 0.4791 -0.1939 0.8561
vn -0.9030 -0.0945 0.4192
vn 0.1670 0.2139 -0.9625
vn 0.7309 -0.1505 0.6657
vn -0.7309 -0.1505 0.6657
vn -0.1670 0.2139 -0.9625
vn 0.9030 -0.0945 0.4192
vn -0.4791 -0.1939 0.8561
vn -0.4785 0.1907 -0.8571
vn 0.9892 -0.0321 0.1428
vn -0.1674 -0.2180 0.9615
vn -0.7304 0.1486 -0.6666
vn 0.9892 0.0320 -0.1428
vn -0.9029 0.0937 -0.4196
vn 0.9028 0.0937 -0.4196
vn -0.9892 0.0320 -0.1429
vn 0.4557 -0.0600 0.8881
vn -0.1589 -0.0966 0.9826
vn -0.7122 0.0685 -0.6986
vn 0.9880 0.0151 -0.1534
vn -0.8937 0.0438 -0.4465
vn 0.8937 0.0438 -0.4466
vn -0.9880 0.0151 -0.1535
vn 0.7123 0.0685 -0.6985
vn 0.1589 -0.0966 0.9826
vn -0.9880 -0.0151 0.1535
vn 0.4592 0.0867 -0.8841
vn 0.4593 -0.0869 0.8840
vn -0.8937 -0.0439 0.4465
vn 0.1587 0.0963 -0.9826
vn 0.7123 -0.0686 0.6985
vn -0.7123 -0.0686 0.6985
vn -0.1587 0.0963 -0.9826
vn 0.8937 -0.0439 0.4465
vn -0.4593 -0.0869 0.8840
vn -0.4592 0.0867 -0.8841
vn -0.1357 0.9896 -0.0482
vn -0.8918 -0.0303 0.4513
vn 0.1571 0.0651 -0.9854
vn 0.7087 -0.0475 0.7039
vn -0.7087 -0.0475 0.7039
vn -0.1571 0.0651 -0.9854
vn 0.8918 -0.0303 0.4513
vn -0.4556 -0.0600 0.8881
vn -0.4556 0.0588 -0.8883
vn 0.9878 -0.0104 0.1554
vn -0.1573 -0.0667 0.9853
vn -0.7086 0.0467 -0.7040
vn 0.9878 0.0104 -0.1554
vn -0.8919 0.0300 -0.4513
vn 0.8918 0.0300 -0.4514
vn -0.9878 0.0104 -0.1554
vn 0.7087 0.0467 -0.7040
vn 0.1573 -0.0667 0.9853
vn -0.9878 -0.0104 0.1554
vn 0.4555 0.0588 -0.8883
vn 0.0001 1.0000 -0.0013
vn 0.1355 0.9896 -0.0484
vn -0.1214 0.9926 0.0018
vn 0.1250 0.9867 -0.1041
vn 0.0010 0.9997 0.0260
vn -0.0903 0.9953 0.0347
vn 0.0882 0.9844 -0.1522
vn 0.0063 0.9994 0.0348
vn -0.0540 0.9973 0.0487
vn 0.0316 0.9831 -0.1801
vn 0.0245 0.9987 0.0453
vn -0.0246 0.9987 0.0453
vn -0.0316 0.9831 -0.1801
vn 0.0543 0.9974 0.0484
vn -0.0063 0.9994 0.0348
vn -0.0884 0.9844 -0.1521
vn 0.0900 0.9953 0.0357
vn -0.0010 0.9997 0.0260
vn -0.1248 0.9867 -0.1042
vn 0.1212 0.9926 0.0014
vn 0.7071 -0.0002 -0.7071
vn 0.0001 1.0000 -0.0014
vn 0.0004 1.0000 -0.0011
vn -0.0003 1.0000 -0.0012
vn -0.0001 1.0000 -0.0009
vn -0.0002 1.0000 -0.0014
vn -0.0000 1.0000 -0.0014
vn -0.0001 1.0000 -0.0016
vn 0.0000 1.0000 -0.0014
vn -0.0000 1.0000 -0.0011
vn 0.0001 1.0000 -0.0012
vn -0.0001 1.0000 -0.0018
vn -0.0004 1.0000 -0.0011
vn -0.0001 1.0000 -0.0013
vn -0.0002 1.0000 -0.0013
vn 0.0001 1.0000 -0.0015
vn -0.0002 1.0000 -0.0015
vn -0.0829 0.8458 -0.5270
vn 0.1566 0.0003 0.9877
vn 0.4539 -0.0003 -0.8910
vn 0.4539 0.0003 0.8910
vn -0.8910 0.0001 0.4540
vn 0.1565 -0.0003 -0.9877
vn 0.7071 0.0002 0.7071
vn -0.7071 0.0002 0.7071
vn -0.1565 -0.0003 -0.9877
vn 0.8910 0.0001 0.4540
vn -0.4539 0.0003 0.8910
vn -0.4539 -0.0003 -0.8910
vn 0.9877 0.0001 0.1565
vn -0.1566 0.0003 0.9877
vn -0.7071 -0.0002 -0.7072
vn -0.8910 -0.0001 -0.4539
vn 0.8910 -0.0001 -0.4540
vn -0.9877 -0.0001 -0.1565
vn -0.0003 -1.0000 0.0014
vn 0.0005 -1.0000 0.0012
vn -0.0000 -1.0000 0.0015
vn -0.0000 -1.0000 0.0016
vn 0.0001 -1.0000 0.0007
vn 0.0001 -1.0000 0.0016
vn 0.0002 -1.0000 0.0016
vn -0.0001 -1.0000 0.0013
vn -0.0003 -1.0000 0.0011
vn 0.0003 -1.0000 0.0014
vn 0.0005 -1.0000 0.0011
vn -0.0001 -1.0000 0.0015
vn 0.0000 -1.0000 0.0014
vn 0.0001 -1.0000 0.0011
vn 0.0001 -1.0000 0.0018
vn 0.0001 -1.0000 0.0014
vn -0.0006 -1.0000 0.0011
vn 0.0002 -1.0000 0.0014
vn 0.6019 0.5243 -0.6024
vn 0.4744 0.8469 0.2401
vn -0.2406 0.8473 0.4735
vn -0.2423 0.8458 -0.4752
vn 0.5255 0.8467 0.0831
vn -0.0837 0.8473 0.5244
vn -0.3763 0.8460 -0.3778
vn 0.5256 0.8465 -0.0850
vn -0.4743 0.8462 -0.2429
vn 0.4742 0.8462 -0.2432
vn -0.5258 0.8464 -0.0840
vn 0.3766 0.8460 -0.3775
vn 0.0837 0.8473 0.5244
vn -0.5258 0.8467 0.0815
vn 0.2421 0.8459 -0.4753
vn 0.2407 0.8473 0.4734
vn -0.4742 0.8470 0.2404
vn 0.0829 0.8458 -0.5270
vn 0.3765 0.8472 0.3749
vn -0.3764 0.8472 0.3750
vn 0.9601 0.2347 0.1520
vn 0.1337 0.5251 0.8405
vn -0.8410 0.5247 0.1321
vn 0.3865 0.5242 -0.7588
vn 0.3861 0.5251 0.7584
vn -0.7587 0.5249 0.3858
vn 0.1330 0.5242 -0.8412
vn 0.6023 0.5250 0.6013
vn -0.6023 0.5250 0.6013
vn -0.1330 0.5241 -0.8412
vn 0.7588 0.5248 0.3857
vn -0.3860 0.5251 0.7585
vn -0.3867 0.5242 -0.7588
vn 0.8408 0.5247 0.1331
vn -0.1337 0.5251 0.8405
vn -0.6017 0.5242 -0.6026
vn 0.8407 0.5246 -0.1343
vn -0.7584 0.5244 -0.3871
vn 0.7583 0.5244 -0.3873
vn -0.8408 0.5246 -0.1337
vn 0.4535 0.0418 0.8903
vn -0.1524 0.2350 0.9600
vn -0.6872 0.2344 -0.6876
vn 0.9600 0.2346 -0.1525
vn -0.8660 0.2345 -0.4416
vn 0.8660 0.2345 -0.4417
vn -0.9601 0.2346 -0.1523
vn 0.6873 0.2344 -0.6875
vn 0.1524 0.2350 0.9600
vn -0.9602 0.2347 0.1516
vn 0.4413 0.2344 -0.8662
vn 0.4412 0.2350 0.8661
vn -0.8662 0.2348 0.4411
vn 0.1520 0.2343 -0.9602
vn 0.6875 0.2349 0.6871
vn -0.6875 0.2349 0.6871
vn -0.1520 0.2343 -0.9602
vn 0.8663 0.2348 0.4410
vn -0.4411 0.2350 0.8662
vn -0.4413 0.2344 -0.8662
vn -0.6218 0.7158 -0.3178
vn -0.8902 0.0417 0.4536
vn 0.1563 0.0413 -0.9868
vn 0.7065 0.0418 0.7065
vn -0.7065 0.0418 0.7065
vn -0.1563 0.0413 -0.9868
vn 0.8903 0.0417 0.4535
vn -0.4535 0.0418 0.8903
vn -0.4535 0.0413 -0.8903
vn 0.9868 0.0416 0.1563
vn -0.1565 0.0419 0.9868
vn -0.7064 0.0414 -0.7066
vn 0.9868 0.0415 -0.1564
vn -0.8902 0.0414 -0.4536
vn 0.8902 0.0414 -0.4537
vn -0.9868 0.0415 -0.1564
vn 0.7065 0.0414 -0.7065
vn 0.1565 0.0419 0.9868
vn -0.9868 0.0416 0.1562
vn 0.4535 0.0413 -0.8903
vn -0.5847 0.5633 0.5838
vn 0.6216 0.7159 -0.3180
vn -0.6892 0.7161 -0.1099
vn 0.4935 0.7157 -0.4942
vn 0.1097 0.7167 0.6887
vn -0.6893 0.7164 0.1076
vn 0.3171 0.7156 -0.6224
vn 0.3162 0.7168 0.6214
vn -0.6219 0.7166 0.3158
vn 0.1088 0.7156 -0.6899
vn 0.4938 0.7168 0.4923
vn -0.4937 0.7166 0.4926
vn -0.1089 0.7156 -0.6899
vn 0.6221 0.7165 0.3157
vn -0.3161 0.7167 0.6216
vn -0.3171 0.7157 -0.6223
vn 0.6891 0.7164 0.1090
vn -0.1097 0.7167 0.6887
vn -0.4932 0.7157 -0.4944
vn 0.6891 0.7162 -0.1107
vn -0.8266 0.5473 -0.1315
vn -0.1290 0.5624 -0.8167
vn 0.7367 0.5631 0.3743
vn -0.3747 0.5634 0.7363
vn -0.3754 0.5624 -0.7367
vn 0.8163 0.5630 0.1292
vn -0.1297 0.5634 0.8159
vn -0.5842 0.5625 -0.5851
vn 0.8161 0.5629 -0.1305
vn -0.7363 0.5627 -0.3759
vn 0.7362 0.5627 -0.3761
vn -0.8164 0.5627 -0.1299
vn 0.5843 0.5626 -0.5849
vn 0.1297 0.5634 0.8159
vn -0.8165 0.5629 0.1280
vn 0.3753 0.5625 -0.7367
vn 0.3749 0.5634 0.7363
vn -0.7366 0.5631 0.3745
vn 0.1290 0.5624 -0.8167
vn 0.5848 0.5633 0.5837
vn -0.1553 0.1357 0.9785
vn 0.5917 0.5469 -0.5923
vn 0.1313 0.5479 0.8262
vn -0.8267 0.5475 0.1297
vn -0.7458 0.5477 0.3792
vn 0.3800 0.5468 -0.7460
vn 0.3796 0.5479 0.7455
vn -0.5920 0.5479 0.5911
vn 0.1307 0.5470 -0.8269
vn 0.5921 0.5478 0.5910
vn -0.3794 0.5479 0.7456
vn -0.1307 0.5470 -0.8269
vn 0.7460 0.5476 0.3791
vn -0.1313 0.5479 0.8262
vn -0.3801 0.5469 -0.7459
vn 0.8265 0.5475 0.1309
vn -0.5915 0.5470 -0.5924
vn 0.8265 0.5473 -0.1321
vn -0.7456 0.5471 -0.3806
vn 0.7454 0.5471 -0.3808
vn -0.8875 0.0886 0.4521
vn -0.7004 0.1352 -0.7008
vn 0.9786 0.1354 -0.1553
vn -0.8828 0.1353 -0.4499
vn 0.8827 0.1352 -0.4500
vn -0.9786 0.1353 -0.1551
vn 0.7006 0.1352 -0.7007
vn 0.1553 0.1357 0.9785
vn -0.9786 0.1354 0.1547
vn 0.4498 0.1351 -0.8829
vn 0.4497 0.1357 0.8828
vn -0.8829 0.1355 0.4497
vn 0.1550 0.1351 -0.9786
vn 0.7007 0.1356 0.7004
vn -0.7007 0.1356 0.7005
vn -0.1550 0.1351 -0.9786
vn 0.8829 0.1356 0.4496
vn -0.4496 0.1357 0.8828
vn -0.4498 0.1351 -0.8829
vn 0.9786 0.1355 0.1550
vn -0.8910 -0.0000 -0.4539
vn 0.1558 0.0882 -0.9838
vn 0.7044 0.0887 0.7042
vn -0.7044 0.0887 0.7043
vn -0.1558 0.0882 -0.9838
vn 0.8876 0.0886 0.4521
vn -0.4521 0.0888 0.8876
vn -0.4522 0.0882 -0.8876
vn 0.9838 0.0885 0.1558
vn -0.1561 0.0888 0.9837
vn -0.7042 0.0883 -0.7045
vn 0.9838 0.0885 -0.1560
vn -0.8875 0.0883 -0.4523
vn 0.8875 0.0884 -0.4523
vn -0.9838 0.0884 -0.1559
vn 0.7043 0.0883 -0.7044
vn 0.1560 0.0888 0.9837
vn -0.9838 0.0885 0.1556
vn 0.4521 0.0882 -0.8876
vn 0.4521 0.0888 0.8875
vn -0.0000 -1.0000 0.0013
vn -0.9877 -0.0000 -0.1565
vn 0.1566 0.0001 0.9877
vn 0.4539 -0.0000 -0.8910
vn 0.1565 -0.0001 -0.9877
vn -0.1565 -0.0001 -0.9877
vn -0.4539 0.0000 0.8910
vn -0.4539 -0.0000 -0.8910
vn 0.9877 0.0000 0.1565
vn -0.1566 0.0001 0.9877
vn -0.7071 -0.0000 -0.7072
vn 0.0000 -0.2360 0.9718
vn -0.9999 0.0156 0.0062
vn 0.0000 0.2698 -0.9629
vn 0.9999 0.0156 0.0062
vn 0.0000 -0.0172 0.9999
vn 0.0000 0.9282 0.3720
vn 0.0000 -0.1997 -0.9799
vn 0.0000 0.0108 -0.9999
vn 1.0000 -0.0052 -0.0012
vn -1.0000 -0.0052 -0.0012
vn 0.0000 -0.3398 -0.9405
vn 0.0000 0.2170 0.9762
vn 1.0000 0.0000 0.0000
vn -1.0000 -0.0000 -0.0000
vn 1.0000 0.0000 -0.0000
vn 0.0000 0.4040 0.9148
vn 0.0000 -0.9995 -0.0307
vn -1.0000 -0.0000 0.0000
vn 0.0000 -0.7615 -0.6482
vn 0.0000 0.8608 0.5090
vn 0.0000 0.3868 -0.9222
vn 0.0000 0.9965 -0.0834
vn 1.0000 -0.0000 -0.0000
vn -1.0000 0.0000 -0.0000
vn 0.0000 -0.5263 0.8503
vn 0.0000 0.0836 0.9965
vn 0.0000 -0.1923 0.9813
vn 0.0000 0.1942 -0.9810
vn 0.0000 0.0791 -0.9969
vn 0.9846 0.1733 0.0225
vn -0.9846 0.1733 0.0225
vn -1.0000 0.0000 0.0000
vn 0.0000 -0.8510 -0.5251
vn 0.0000 0.6684 0.7438
vn 0.0000 0.8767 0.4810
vn -0.0000 -0.5854 -0.8107
vn -0.9440 -0.0308 -0.3286
vn 0.0000 -0.8155 -0.5788
vn 0.9440 -0.0308 -0.3286
vn 0.0000 -0.3770 -0.9262
vn 0.0000 -0.9959 -0.0906
vn 0.0000 0.8664 -0.4994
vn 0.0000 0.8970 0.4421
vn 0.0000 -0.2957 0.9553
vn -0.0000 0.6738 -0.7389
vn 0.0000 -0.6769 0.7360
vn 0.0000 -0.0399 -0.9992
vn 0.0000 0.0684 0.9977
vn 0.0000 0.4204 -0.9073
vn 0.0000 -0.2105 -0.9776
vn 0.0000 0.2758 0.9612
vn 0.0000 0.6190 0.7854
vn 0.0000 0.2404 0.9707
vn 0.0000 -0.1855 -0.9826
vn 0.0000 0.7966 -0.6045
vn 0.0000 -0.5841 -0.8116
vn 0.0000 -0.3275 -0.9449
vn -0.0000 -0.6848 0.7287
vn 1.0000 -0.0000 0.0000
vn -0.0000 0.1209 -0.9927
vn 0.0000 0.4050 0.9143
vn 0.0000 0.6857 0.7279
vn 0.0000 -0.1874 0.9823
# 1068 vertex normals

vt 0.4532 0.5319 0.0000
vt 0.4442 0.5319 0.0000
vt 0.4442 0.5306 0.0000
vt 0.4532 0.5306 0.0000
vt 0.4442 0.5268 0.0000
vt 0.4532 0.5268 0.0000
vt 0.4442 0.5208 0.0000
vt 0.4532 0.5208 0.0000
vt 0.4442 0.5134 0.0000
vt 0.4532 0.5134 0.0000
vt 0.4442 0.5051 0.0000
vt 0.4532 0.5051 0.0000
vt 0.4442 0.4968 0.0000
vt 0.4532 0.4968 0.0000
vt 0.4442 0.4893 0.0000
vt 0.4532 0.4893 0.0000
vt 0.4442 0.4834 0.0000
vt 0.4532 0.4834 0.0000
vt 0.4442 0.4796 0.0000
vt 0.4532 0.4796 0.0000
vt 0.4442 0.4783 0.0000
vt 0.4532 0.4783 0.0000
vt 0.4442 0.4859 0.0000
vt 0.4442 0.4911 0.0000
vt 0.4429 0.4911 0.0000
vt 0.4429 0.4859 0.0000
vt 0.4442 0.5289 0.0000
vt 0.4442 0.5277 0.0000
vt 0.4442 0.5243 0.0000
vt 0.4442 0.5191 0.0000
vt 0.4442 0.5124 0.0000
vt 0.4442 0.4977 0.0000
vt 0.4442 0.4825 0.0000
vt 0.4442 0.4813 0.0000
vt 0.4429 0.5051 0.0000
vt 0.4429 0.5124 0.0000
vt 0.4429 0.5130 0.0000
vt 0.4429 0.5289 0.0000
vt 0.4429 0.5277 0.0000
vt 0.4429 0.4825 0.0000
vt 0.4429 0.5243 0.0000
vt 0.4429 0.5191 0.0000
vt 0.4429 0.4813 0.0000
vt 0.4429 0.4977 0.0000
vt 0.4429 0.5259 0.0000
vt 0.4429 0.5295 0.0000
vt 0.4418 0.5295 0.0000
vt 0.4418 0.5259 0.0000
vt 0.4429 0.5308 0.0000
vt 0.4429 0.4843 0.0000
vt 0.4429 0.4900 0.0000
vt 0.4429 0.4971 0.0000
vt 0.4429 0.4806 0.0000
vt 0.4429 0.5202 0.0000
vt 0.4429 0.4794 0.0000
vt 0.4418 0.5291 0.0000
vt 0.4418 0.5279 0.0000
vt 0.4411 0.5279 0.0000
vt 0.4411 0.5291 0.0000
vt 0.4418 0.5130 0.0000
vt 0.4418 0.5202 0.0000
vt 0.4418 0.4806 0.0000
vt 0.4418 0.4794 0.0000
vt 0.4418 0.4843 0.0000
vt 0.4418 0.5051 0.0000
vt 0.4418 0.5308 0.0000
vt 0.4418 0.4900 0.0000
vt 0.4418 0.4971 0.0000
vt 0.4418 0.5245 0.0000
vt 0.4418 0.5192 0.0000
vt 0.4418 0.5125 0.0000
vt 0.4418 0.4977 0.0000
vt 0.4418 0.4910 0.0000
vt 0.4418 0.4857 0.0000
vt 0.4418 0.4823 0.0000
vt 0.4418 0.4811 0.0000
vt 0.4411 0.4982 0.0000
vt 0.4411 0.4919 0.0000
vt 0.4390 0.4924 0.0000
vt 0.4390 0.4984 0.0000
vt 0.4411 0.4857 0.0000
vt 0.4411 0.4910 0.0000
vt 0.4411 0.5051 0.0000
vt 0.4411 0.4977 0.0000
vt 0.4411 0.5125 0.0000
vt 0.4411 0.4823 0.0000
vt 0.4411 0.5245 0.0000
vt 0.4411 0.5192 0.0000
vt 0.4411 0.4811 0.0000
vt 0.4411 0.5275 0.0000
vt 0.4411 0.5264 0.0000
vt 0.4411 0.5232 0.0000
vt 0.4411 0.5183 0.0000
vt 0.4411 0.5120 0.0000
vt 0.4411 0.4869 0.0000
vt 0.4411 0.4838 0.0000
vt 0.4411 0.4827 0.0000
vt 0.4390 0.4845 0.0000
vt 0.4390 0.4835 0.0000
vt 0.4390 0.5051 0.0000
vt 0.4390 0.4876 0.0000
vt 0.4390 0.5267 0.0000
vt 0.4390 0.5256 0.0000
vt 0.4390 0.5118 0.0000
vt 0.4390 0.5226 0.0000
vt 0.4390 0.5178 0.0000
vt 0.4377 0.4927 0.0000
vt 0.4377 0.4881 0.0000
vt 0.4377 0.5051 0.0000
vt 0.4377 0.5116 0.0000
vt 0.4361 0.5114 0.0000
vt 0.4361 0.5051 0.0000
vt 0.4377 0.5261 0.0000
vt 0.4377 0.5251 0.0000
vt 0.4377 0.4851 0.0000
vt 0.4377 0.5221 0.0000
vt 0.4377 0.5174 0.0000
vt 0.4377 0.4841 0.0000
vt 0.4377 0.4986 0.0000
vt 0.4361 0.4988 0.0000
vt 0.4361 0.4932 0.0000
vt 0.4345 0.4938 0.0000
vt 0.4345 0.4991 0.0000
vt 0.4361 0.5244 0.0000
vt 0.4361 0.5254 0.0000
vt 0.4361 0.4887 0.0000
vt 0.4361 0.4858 0.0000
vt 0.4361 0.5215 0.0000
vt 0.4361 0.5170 0.0000
vt 0.4361 0.4848 0.0000
vt 0.4345 0.5243 0.0000
vt 0.4345 0.5234 0.0000
vt 0.4330 0.5225 0.0000
vt 0.4330 0.5234 0.0000
vt 0.4345 0.5051 0.0000
vt 0.4345 0.4895 0.0000
vt 0.4345 0.5110 0.0000
vt 0.4345 0.4868 0.0000
vt 0.4345 0.5206 0.0000
vt 0.4345 0.5164 0.0000
vt 0.4345 0.4859 0.0000
vt 0.4330 0.5051 0.0000
vt 0.4330 0.5108 0.0000
vt 0.4311 0.5106 0.0000
vt 0.4311 0.5051 0.0000
vt 0.4330 0.4902 0.0000
vt 0.4330 0.4943 0.0000
vt 0.4330 0.4994 0.0000
vt 0.4330 0.4876 0.0000
vt 0.4330 0.5199 0.0000
vt 0.4330 0.5159 0.0000
vt 0.4330 0.4867 0.0000
vt 0.4311 0.5196 0.0000
vt 0.4311 0.5221 0.0000
vt 0.4285 0.5220 0.0000
vt 0.4285 0.5195 0.0000
vt 0.4311 0.5230 0.0000
vt 0.4311 0.4906 0.0000
vt 0.4311 0.4946 0.0000
vt 0.4311 0.4996 0.0000
vt 0.4311 0.4881 0.0000
vt 0.4311 0.5156 0.0000
vt 0.4311 0.4872 0.0000
vt 0.4285 0.4996 0.0000
vt 0.4285 0.4946 0.0000
vt 0.4188 0.4946 0.0000
vt 0.4188 0.4996 0.0000
vt 0.4285 0.5106 0.0000
vt 0.4285 0.5155 0.0000
vt 0.4285 0.4882 0.0000
vt 0.4285 0.4873 0.0000
vt 0.4285 0.4907 0.0000
vt 0.4285 0.5051 0.0000
vt 0.4285 0.5228 0.0000
vt 0.4188 0.5195 0.0000
vt 0.4188 0.5155 0.0000
vt 0.4188 0.5167 0.0000
vt 0.4188 0.5211 0.0000
vt 0.4188 0.5051 0.0000
vt 0.4188 0.4907 0.0000
vt 0.4188 0.5228 0.0000
vt 0.4188 0.5220 0.0000
vt 0.4188 0.5106 0.0000
vt 0.4188 0.4882 0.0000
vt 0.4188 0.4873 0.0000
vt 0.4188 0.4990 0.0000
vt 0.4169 0.4990 0.0000
vt 0.4169 0.5051 0.0000
vt 0.4188 0.4853 0.0000
vt 0.4188 0.4863 0.0000
vt 0.4188 0.5112 0.0000
vt 0.4188 0.5239 0.0000
vt 0.4188 0.4891 0.0000
vt 0.4188 0.5248 0.0000
vt 0.4188 0.4935 0.0000
vt 0.4169 0.4891 0.0000
vt 0.4169 0.4863 0.0000
vt 0.4153 0.4897 0.0000
vt 0.4153 0.4920 0.0000
vt 0.4169 0.4935 0.0000
vt 0.4169 0.5248 0.0000
vt 0.4169 0.5239 0.0000
vt 0.4169 0.5112 0.0000
vt 0.4169 0.5211 0.0000
vt 0.4169 0.5167 0.0000
vt 0.4169 0.4853 0.0000
vt 0.4135 0.4899 0.0000
vt 0.4135 0.4872 0.0000
vt 0.4153 0.5101 0.0000
vt 0.4153 0.5051 0.0000
vt 0.4153 0.5205 0.0000
vt 0.4153 0.5213 0.0000
vt 0.4153 0.4956 0.0000
vt 0.4153 0.5001 0.0000
vt 0.4153 0.5182 0.0000
vt 0.4153 0.5146 0.0000
vt 0.4153 0.4889 0.0000
vt 0.4135 0.4993 0.0000
vt 0.4135 0.5051 0.0000
vt 0.4054 0.5051 0.0000
vt 0.4054 0.4993 0.0000
vt 0.4135 0.5229 0.0000
vt 0.4135 0.5203 0.0000
vt 0.4135 0.5109 0.0000
vt 0.4135 0.5161 0.0000
vt 0.4135 0.4863 0.0000
vt 0.4135 0.5238 0.0000
vt 0.4135 0.4941 0.0000
vt 0.4053 0.5051 0.0000
vt 0.4053 0.5001 0.0000
vt 0.3605 0.5001 0.0000
vt 0.3605 0.5051 0.0000
vt 0.4054 0.4941 0.0000
vt 0.4054 0.4899 0.0000
vt 0.4054 0.5238 0.0000
vt 0.4054 0.5229 0.0000
vt 0.4054 0.5109 0.0000
vt 0.4054 0.4872 0.0000
vt 0.4054 0.5203 0.0000
vt 0.4054 0.5161 0.0000
vt 0.4054 0.4863 0.0000
vt 0.4053 0.5212 0.0000
vt 0.4053 0.5204 0.0000
vt 0.4053 0.5181 0.0000
vt 0.4053 0.5145 0.0000
vt 0.4053 0.5101 0.0000
vt 0.4053 0.4956 0.0000
vt 0.4053 0.4921 0.0000
vt 0.4053 0.4898 0.0000
vt 0.4053 0.4890 0.0000
vt 0.3605 0.5204 0.0000
vt 0.3605 0.5181 0.0000
vt 0.3605 0.5195 0.0000
vt 0.3605 0.5221 0.0000
vt 0.3605 0.4956 0.0000
vt 0.3605 0.4921 0.0000
vt 0.3605 0.5212 0.0000
vt 0.3605 0.5101 0.0000
vt 0.3605 0.4898 0.0000
vt 0.3605 0.5145 0.0000
vt 0.3605 0.4890 0.0000
vt 0.3605 0.5106 0.0000
vt 0.3588 0.5051 0.0000
vt 0.3588 0.5106 0.0000
vt 0.3605 0.4881 0.0000
vt 0.3605 0.4906 0.0000
vt 0.3605 0.5229 0.0000
vt 0.3605 0.4946 0.0000
vt 0.3605 0.4996 0.0000
vt 0.3605 0.5156 0.0000
vt 0.3605 0.4872 0.0000
vt 0.3588 0.4997 0.0000
vt 0.3583 0.5051 0.0000
vt 0.3583 0.4997 0.0000
vt 0.3588 0.4906 0.0000
vt 0.3588 0.4881 0.0000
vt 0.3588 0.5221 0.0000
vt 0.3588 0.5195 0.0000
vt 0.3588 0.5156 0.0000
vt 0.3588 0.4872 0.0000
vt 0.3588 0.5229 0.0000
vt 0.3588 0.4946 0.0000
vt 0.3588 0.4996 0.0000
vt 0.3588 0.5225 0.0000
vt 0.3588 0.5216 0.0000
vt 0.3588 0.5192 0.0000
vt 0.3588 0.5153 0.0000
vt 0.3588 0.5105 0.0000
vt 0.3588 0.4949 0.0000
vt 0.3588 0.4910 0.0000
vt 0.3588 0.4885 0.0000
vt 0.3588 0.4877 0.0000
vt 0.3583 0.5153 0.0000
vt 0.3583 0.5192 0.0000
vt 0.3583 0.5197 0.0000
vt 0.3583 0.5157 0.0000
vt 0.3583 0.4949 0.0000
vt 0.3583 0.4910 0.0000
vt 0.3583 0.5225 0.0000
vt 0.3583 0.5216 0.0000
vt 0.3583 0.5105 0.0000
vt 0.3583 0.4885 0.0000
vt 0.3583 0.4877 0.0000
vt 0.3583 0.4995 0.0000
vt 0.3568 0.4995 0.0000
vt 0.3568 0.5051 0.0000
vt 0.3583 0.4870 0.0000
vt 0.3583 0.4879 0.0000
vt 0.3583 0.5107 0.0000
vt 0.3583 0.5223 0.0000
vt 0.3583 0.4905 0.0000
vt 0.3583 0.5232 0.0000
vt 0.3583 0.4945 0.0000
vt 0.3568 0.4911 0.0000
vt 0.3568 0.4886 0.0000
vt 0.3564 0.4886 0.0000
vt 0.3564 0.4911 0.0000
vt 0.3568 0.4945 0.0000
vt 0.3568 0.4905 0.0000
vt 0.3568 0.5232 0.0000
vt 0.3568 0.5223 0.0000
vt 0.3568 0.5107 0.0000
vt 0.3568 0.4879 0.0000
vt 0.3568 0.5197 0.0000
vt 0.3568 0.5157 0.0000
vt 0.3568 0.4870 0.0000
vt 0.3568 0.5224 0.0000
vt 0.3568 0.5216 0.0000
vt 0.3568 0.5191 0.0000
vt 0.3568 0.5153 0.0000
vt 0.3568 0.5104 0.0000
vt 0.3568 0.4997 0.0000
vt 0.3568 0.4949 0.0000
vt 0.3568 0.4878 0.0000
vt 0.3564 0.4902 0.0000
vt 0.3564 0.4876 0.0000
vt 0.3564 0.5104 0.0000
vt 0.3564 0.5051 0.0000
vt 0.3564 0.5216 0.0000
vt 0.3564 0.5224 0.0000
vt 0.3564 0.4949 0.0000
vt 0.3564 0.4997 0.0000
vt 0.3564 0.5191 0.0000
vt 0.3564 0.5153 0.0000
vt 0.3564 0.4878 0.0000
vt 0.3564 0.4994 0.0000
vt 0.3552 0.5051 0.0000
vt 0.3552 0.4994 0.0000
vt 0.3564 0.5225 0.0000
vt 0.3564 0.5199 0.0000
vt 0.3564 0.5108 0.0000
vt 0.3564 0.5159 0.0000
vt 0.3564 0.4867 0.0000
vt 0.3564 0.5234 0.0000
vt 0.3564 0.4943 0.0000
vt 0.3551 0.4921 0.0000
vt 0.3551 0.4941 0.0000
vt 0.3549 0.4947 0.0000
vt 0.3549 0.4928 0.0000
vt 0.3552 0.4943 0.0000
vt 0.3552 0.4902 0.0000
vt 0.3552 0.5234 0.0000
vt 0.3552 0.5225 0.0000
vt 0.3552 0.5108 0.0000
vt 0.3552 0.4876 0.0000
vt 0.3552 0.5199 0.0000
vt 0.3552 0.5159 0.0000
vt 0.3552 0.4867 0.0000
vt 0.3551 0.5187 0.0000
vt 0.3551 0.5180 0.0000
vt 0.3551 0.5161 0.0000
vt 0.3551 0.5131 0.0000
vt 0.3551 0.5093 0.0000
vt 0.3551 0.5051 0.0000
vt 0.3551 0.5009 0.0000
vt 0.3551 0.4971 0.0000
vt 0.3551 0.4915 0.0000
vt 0.3549 0.5012 0.0000
vt 0.3549 0.5053 0.0000
vt 0.3400 0.5053 0.0000
vt 0.3400 0.5017 0.0000
vt 0.3549 0.5178 0.0000
vt 0.3549 0.5159 0.0000
vt 0.3549 0.5094 0.0000
vt 0.3549 0.5130 0.0000
vt 0.3549 0.4922 0.0000
vt 0.3549 0.5185 0.0000
vt 0.3549 0.4976 0.0000
vt 0.3400 0.5122 0.0000
vt 0.3400 0.5148 0.0000
vt 0.3151 0.5138 0.0000
vt 0.3151 0.5115 0.0000
vt 0.3400 0.4984 0.0000
vt 0.3400 0.4958 0.0000
vt 0.3400 0.5170 0.0000
vt 0.3400 0.5165 0.0000
vt 0.3400 0.5089 0.0000
vt 0.3400 0.4941 0.0000
vt 0.3400 0.4936 0.0000
vt 0.3151 0.5053 0.0000
vt 0.3151 0.5020 0.0000
vt 0.3032 0.5015 0.0000
vt 0.3032 0.5054 0.0000
vt 0.3151 0.4948 0.0000
vt 0.3151 0.4953 0.0000
vt 0.3151 0.5086 0.0000
vt 0.3151 0.5153 0.0000
vt 0.3151 0.4968 0.0000
vt 0.3151 0.5158 0.0000
vt 0.3151 0.4991 0.0000
vt 0.3032 0.4952 0.0000
vt 0.3032 0.4980 0.0000
vt 0.3032 0.4967 0.0000
vt 0.3032 0.4935 0.0000
vt 0.3032 0.5181 0.0000
vt 0.3032 0.5174 0.0000
vt 0.3032 0.5093 0.0000
vt 0.3032 0.4934 0.0000
vt 0.3032 0.5156 0.0000
vt 0.3032 0.5128 0.0000
vt 0.3032 0.4928 0.0000
vt 0.3032 0.5100 0.0000
vt 0.3013 0.5100 0.0000
vt 0.3013 0.5054 0.0000
vt 0.3032 0.5202 0.0000
vt 0.3032 0.5195 0.0000
vt 0.3032 0.4914 0.0000
vt 0.3032 0.5141 0.0000
vt 0.3032 0.4907 0.0000
vt 0.3032 0.5009 0.0000
vt 0.3013 0.5019 0.0000
vt 0.3013 0.4986 0.0000
vt 0.2971 0.4986 0.0000
vt 0.2971 0.5019 0.0000
vt 0.3013 0.5195 0.0000
vt 0.3013 0.5202 0.0000
vt 0.3013 0.4935 0.0000
vt 0.3013 0.4967 0.0000
vt 0.3013 0.5009 0.0000
vt 0.3013 0.4914 0.0000
vt 0.3013 0.5174 0.0000
vt 0.3013 0.5141 0.0000
vt 0.3013 0.4907 0.0000
vt 0.3013 0.5170 0.0000
vt 0.3013 0.5164 0.0000
vt 0.3013 0.5148 0.0000
vt 0.3013 0.5122 0.0000
vt 0.3013 0.5090 0.0000
vt 0.3013 0.4961 0.0000
vt 0.3013 0.4944 0.0000
vt 0.3013 0.4939 0.0000
vt 0.2971 0.4944 0.0000
vt 0.2971 0.4939 0.0000
vt 0.2971 0.4921 0.0000
vt 0.2971 0.4927 0.0000
vt 0.2971 0.5054 0.0000
vt 0.2971 0.4961 0.0000
vt 0.2971 0.5170 0.0000
vt 0.2971 0.5164 0.0000
vt 0.2971 0.5090 0.0000
vt 0.2971 0.5148 0.0000
vt 0.2971 0.5122 0.0000
vt 0.2971 0.4946 0.0000
vt 0.2971 0.4976 0.0000
vt 0.2961 0.4976 0.0000
vt 0.2961 0.4946 0.0000
vt 0.2971 0.5133 0.0000
vt 0.2971 0.5096 0.0000
vt 0.2971 0.5162 0.0000
vt 0.2971 0.5181 0.0000
vt 0.2971 0.5188 0.0000
vt 0.2971 0.5013 0.0000
vt 0.2961 0.4987 0.0000
vt 0.2961 0.4962 0.0000
vt 0.2951 0.4936 0.0000
vt 0.2951 0.4969 0.0000
vt 0.2961 0.5188 0.0000
vt 0.2961 0.5181 0.0000
vt 0.2961 0.5054 0.0000
vt 0.2961 0.5096 0.0000
vt 0.2961 0.4927 0.0000
vt 0.2961 0.5162 0.0000
vt 0.2961 0.5133 0.0000
vt 0.2961 0.4921 0.0000
vt 0.2961 0.5013 0.0000
vt 0.2961 0.5169 0.0000
vt 0.2961 0.5163 0.0000
vt 0.2961 0.5147 0.0000
vt 0.2961 0.5122 0.0000
vt 0.2961 0.5090 0.0000
vt 0.2961 0.5019 0.0000
vt 0.2961 0.4945 0.0000
vt 0.2961 0.4940 0.0000
vt 0.2951 0.4908 0.0000
vt 0.2951 0.4915 0.0000
vt 0.2936 0.4959 0.0000
vt 0.2936 0.4955 0.0000
vt 0.2951 0.5054 0.0000
vt 0.2951 0.5009 0.0000
vt 0.2951 0.5200 0.0000
vt 0.2951 0.5193 0.0000
vt 0.2951 0.5099 0.0000
vt 0.2951 0.5172 0.0000
vt 0.2951 0.5140 0.0000
vt 0.2935 0.5085 0.0000
vt 0.2935 0.5097 0.0000
vt 0.2866 0.5097 0.0000
vt 0.2866 0.5085 0.0000
vt 0.2936 0.5135 0.0000
vt 0.2936 0.5113 0.0000
vt 0.2936 0.5085 0.0000
vt 0.2936 0.5149 0.0000
vt 0.2936 0.4974 0.0000
vt 0.2936 0.5054 0.0000
vt 0.2936 0.5154 0.0000
vt 0.2936 0.4996 0.0000
vt 0.2936 0.5023 0.0000
vt 0.2935 0.5108 0.0000
vt 0.2935 0.5105 0.0000
vt 0.2935 0.5070 0.0000
vt 0.2935 0.5053 0.0000
vt 0.2935 0.5036 0.0000
vt 0.2935 0.5021 0.0000
vt 0.2935 0.5009 0.0000
vt 0.2935 0.5001 0.0000
vt 0.2935 0.4998 0.0000
vt 0.2866 0.5053 0.0000
vt 0.2866 0.5036 0.0000
vt 0.2866 0.5026 0.0000
vt 0.2866 0.4998 0.0000
vt 0.2866 0.5001 0.0000
vt 0.2866 0.5070 0.0000
vt 0.2866 0.5105 0.0000
vt 0.2866 0.5009 0.0000
vt 0.2866 0.5108 0.0000
vt 0.2866 0.5021 0.0000
vt 0.2866 0.5137 0.0000
vt 0.2866 0.5124 0.0000
vt 0.2829 0.5124 0.0000
vt 0.2829 0.5137 0.0000
vt 0.2866 0.5002 0.0000
vt 0.2866 0.4982 0.0000
vt 0.2866 0.5141 0.0000
vt 0.2866 0.5080 0.0000
vt 0.2866 0.4970 0.0000
vt 0.2866 0.4965 0.0000
vt 0.2828 0.5065 0.0000
vt 0.2828 0.5076 0.0000
vt 0.2577 0.5076 0.0000
vt 0.2577 0.5065 0.0000
vt 0.2829 0.4970 0.0000
vt 0.2829 0.4982 0.0000
vt 0.2829 0.5080 0.0000
vt 0.2829 0.5053 0.0000
vt 0.2829 0.5141 0.0000
vt 0.2829 0.5002 0.0000
vt 0.2829 0.5026 0.0000
vt 0.2829 0.5105 0.0000
vt 0.2829 0.4965 0.0000
vt 0.2828 0.5094 0.0000
vt 0.2828 0.5092 0.0000
vt 0.2828 0.5086 0.0000
vt 0.2828 0.5052 0.0000
vt 0.2828 0.5039 0.0000
vt 0.2828 0.5027 0.0000
vt 0.2828 0.5018 0.0000
vt 0.2828 0.5012 0.0000
vt 0.2828 0.5010 0.0000
vt 0.2577 0.5092 0.0000
vt 0.2577 0.5094 0.0000
vt 0.2577 0.5114 0.0000
vt 0.2577 0.5111 0.0000
vt 0.2577 0.5086 0.0000
vt 0.2577 0.5012 0.0000
vt 0.2577 0.5018 0.0000
vt 0.2577 0.5052 0.0000
vt 0.2577 0.5027 0.0000
vt 0.2577 0.5039 0.0000
vt 0.2577 0.5010 0.0000
vt 0.2541 0.5111 0.0000
vt 0.2541 0.5114 0.0000
vt 0.2577 0.5071 0.0000
vt 0.2577 0.5002 0.0000
vt 0.2577 0.4993 0.0000
vt 0.2577 0.5102 0.0000
vt 0.2577 0.5088 0.0000
vt 0.2577 0.4990 0.0000
vt 0.2577 0.5015 0.0000
vt 0.2577 0.5033 0.0000
vt 0.2538 0.5030 0.0000
vt 0.2538 0.5022 0.0000
vt 0.2501 0.5022 0.0000
vt 0.2501 0.5030 0.0000
vt 0.2541 0.5002 0.0000
vt 0.2541 0.5015 0.0000
vt 0.2541 0.5052 0.0000
vt 0.2541 0.5033 0.0000
vt 0.2541 0.5071 0.0000
vt 0.2541 0.4993 0.0000
vt 0.2541 0.5102 0.0000
vt 0.2541 0.5088 0.0000
vt 0.2541 0.4990 0.0000
vt 0.2538 0.5090 0.0000
vt 0.2538 0.5088 0.0000
vt 0.2538 0.5082 0.0000
vt 0.2538 0.5074 0.0000
vt 0.2538 0.5064 0.0000
vt 0.2538 0.5052 0.0000
vt 0.2538 0.5041 0.0000
vt 0.2538 0.5017 0.0000
vt 0.2538 0.5015 0.0000
vt 0.2501 0.5015 0.0000
vt 0.2501 0.5017 0.0000
vt 0.2466 0.5027 0.0000
vt 0.2466 0.5025 0.0000
vt 0.2501 0.5052 0.0000
vt 0.2501 0.5041 0.0000
vt 0.2501 0.5090 0.0000
vt 0.2501 0.5088 0.0000
vt 0.2501 0.5064 0.0000
vt 0.2501 0.5082 0.0000
vt 0.2501 0.5074 0.0000
vt 0.2467 0.5041 0.0000
vt 0.2467 0.5051 0.0000
vt 0.2418 0.5083 0.0000
vt 0.2417 0.5073 0.0000
vt 0.2469 0.5092 0.0000
vt 0.2469 0.5084 0.0000
vt 0.2468 0.5074 0.0000
vt 0.2469 0.5097 0.0000
vt 0.2466 0.5032 0.0000
vt 0.2468 0.5062 0.0000
vt 0.2469 0.5099 0.0000
vt 0.2420 0.5105 0.0000
vt 0.2421 0.5115 0.0000
vt 0.2365 0.5175 0.0000
vt 0.2364 0.5166 0.0000
vt 0.2419 0.5094 0.0000
vt 0.2416 0.5065 0.0000
vt 0.2423 0.5130 0.0000
vt 0.2423 0.5128 0.0000
vt 0.2415 0.5060 0.0000
vt 0.2422 0.5123 0.0000
vt 0.2415 0.5058 0.0000
vt 0.2367 0.5188 0.0000
vt 0.2368 0.5189 0.0000
vt 0.2294 0.5321 0.0000
vt 0.2293 0.5320 0.0000
vt 0.2367 0.5183 0.0000
vt 0.2357 0.5123 0.0000
vt 0.2358 0.5128 0.0000
vt 0.2362 0.5155 0.0000
vt 0.2359 0.5135 0.0000
vt 0.2360 0.5145 0.0000
vt 0.2357 0.5121 0.0000
vt 0.2250 0.5485 0.0000
vt 0.2250 0.5487 0.0000
vt 0.2285 0.5292 0.0000
vt 0.2288 0.5301 0.0000
vt 0.2279 0.5269 0.0000
vt 0.2277 0.5265 0.0000
vt 0.2292 0.5316 0.0000
vt 0.2290 0.5309 0.0000
vt 0.2277 0.5264 0.0000
vt 0.2280 0.5276 0.0000
vt 0.2283 0.5284 0.0000
vt 0.2246 0.5477 0.0000
vt 0.2243 0.5471 0.0000
vt 0.2215 0.5645 0.0000
vt 0.2219 0.5647 0.0000
vt 0.2231 0.5445 0.0000
vt 0.2233 0.5450 0.0000
vt 0.2240 0.5464 0.0000
vt 0.2236 0.5457 0.0000
vt 0.2230 0.5442 0.0000
vt 0.2248 0.5482 0.0000
vt 0.2229 0.5441 0.0000
vt 0.2207 0.5641 0.0000
vt 0.2204 0.5639 0.0000
vt 0.2186 0.5826 0.0000
vt 0.2189 0.5827 0.0000
vt 0.2199 0.5636 0.0000
vt 0.2198 0.5636 0.0000
vt 0.2222 0.5648 0.0000
vt 0.2224 0.5649 0.0000
vt 0.2201 0.5637 0.0000
vt 0.2211 0.5643 0.0000
vt 0.2224 0.5650 0.0000
vt 0.2181 0.5825 0.0000
vt 0.2180 0.5825 0.0000
vt 0.2177 0.5984 0.0000
vt 0.2194 0.5829 0.0000
vt 0.2183 0.5826 0.0000
vt 0.2207 0.5832 0.0000
vt 0.2206 0.5832 0.0000
vt 0.2198 0.5830 0.0000
vt 0.2204 0.5831 0.0000
vt 0.2201 0.5831 0.0000
vt 0.2179 0.5984 0.0000
vt 0.2182 0.5984 0.0000
vt 0.2190 0.6144 0.0000
vt 0.2187 0.6148 0.0000
vt 0.2198 0.5985 0.0000
vt 0.2194 0.5984 0.0000
vt 0.2201 0.5985 0.0000
vt 0.2203 0.5985 0.0000
vt 0.2190 0.5984 0.0000
vt 0.2186 0.5984 0.0000
vt 0.2193 0.6140 0.0000
vt 0.2216 0.6287 0.0000
vt 0.2219 0.6279 0.0000
vt 0.2209 0.6120 0.0000
vt 0.2208 0.6121 0.0000
vt 0.2197 0.6136 0.0000
vt 0.2201 0.6131 0.0000
vt 0.2185 0.6150 0.0000
vt 0.2207 0.6123 0.0000
vt 0.2204 0.6127 0.0000
vt 0.2185 0.6151 0.0000
vt 0.2214 0.6298 0.0000
vt 0.2213 0.6299 0.0000
vt 0.2255 0.6401 0.0000
vt 0.2255 0.6399 0.0000
vt 0.2221 0.6269 0.0000
vt 0.2215 0.6293 0.0000
vt 0.2229 0.6240 0.0000
vt 0.2229 0.6241 0.0000
vt 0.2224 0.6260 0.0000
vt 0.2228 0.6245 0.0000
vt 0.2226 0.6252 0.0000
vt 0.2256 0.6394 0.0000
vt 0.2257 0.6387 0.0000
vt 0.2309 0.6455 0.0000
vt 0.2308 0.6463 0.0000
vt 0.2263 0.6346 0.0000
vt 0.2262 0.6356 0.0000
vt 0.2264 0.6339 0.0000
vt 0.2265 0.6334 0.0000
vt 0.2260 0.6366 0.0000
vt 0.2265 0.6332 0.0000
vt 0.2259 0.6377 0.0000
vt 0.2311 0.6434 0.0000
vt 0.2312 0.6423 0.0000
vt 0.2349 0.6444 0.0000
vt 0.2348 0.6456 0.0000
vt 0.2314 0.6398 0.0000
vt 0.2314 0.6400 0.0000
vt 0.2308 0.6468 0.0000
vt 0.2314 0.6405 0.0000
vt 0.2313 0.6413 0.0000
vt 0.2308 0.6470 0.0000
vt 0.2310 0.6445 0.0000
vt 0.2349 0.6426 0.0000
vt 0.2350 0.6420 0.0000
vt 0.2398 0.6440 0.0000
vt 0.2397 0.6445 0.0000
vt 0.2350 0.6419 0.0000
vt 0.2346 0.6485 0.0000
vt 0.2347 0.6477 0.0000
vt 0.2347 0.6467 0.0000
vt 0.2346 0.6491 0.0000
vt 0.2349 0.6434 0.0000
vt 0.2346 0.6492 0.0000
vt 0.2397 0.6487 0.0000
vt 0.2397 0.6497 0.0000
vt 0.2398 0.6514 0.0000
vt 0.2398 0.6496 0.0000
vt 0.2397 0.6464 0.0000
vt 0.2397 0.6453 0.0000
vt 0.2397 0.6510 0.0000
vt 0.2397 0.6512 0.0000
vt 0.2397 0.6505 0.0000
vt 0.2397 0.6475 0.0000
vt 0.2398 0.6438 0.0000
vt 0.2398 0.6538 0.0000
vt 0.2398 0.6541 0.0000
vt 0.2398 0.6581 0.0000
vt 0.2398 0.6576 0.0000
vt 0.2398 0.6476 0.0000
vt 0.2398 0.6528 0.0000
vt 0.2398 0.6410 0.0000
vt 0.2398 0.6413 0.0000
vt 0.2398 0.6455 0.0000
vt 0.2398 0.6423 0.0000
vt 0.2398 0.6437 0.0000
vt 0.2398 0.6561 0.0000
vt 0.2398 0.6537 0.0000
vt 0.2464 0.6537 0.0000
vt 0.2464 0.6561 0.0000
vt 0.2398 0.6414 0.0000
vt 0.2398 0.6443 0.0000
vt 0.2398 0.6390 0.0000
vt 0.2398 0.6375 0.0000
vt 0.2398 0.6370 0.0000
vt 0.2398 0.6508 0.0000
vt 0.2464 0.6514 0.0000
vt 0.2464 0.6516 0.0000
vt 0.2470 0.6573 0.0000
vt 0.2470 0.6569 0.0000
vt 0.2464 0.6370 0.0000
vt 0.2464 0.6375 0.0000
vt 0.2464 0.6475 0.0000
vt 0.2464 0.6443 0.0000
vt 0.2464 0.6576 0.0000
vt 0.2464 0.6390 0.0000
vt 0.2464 0.6414 0.0000
vt 0.2464 0.6581 0.0000
vt 0.2464 0.6508 0.0000
vt 0.2464 0.6435 0.0000
vt 0.2464 0.6437 0.0000
vt 0.2464 0.6452 0.0000
vt 0.2464 0.6463 0.0000
vt 0.2464 0.6488 0.0000
vt 0.2464 0.6499 0.0000
vt 0.2470 0.6555 0.0000
vt 0.2470 0.6533 0.0000
vt 0.2476 0.6547 0.0000
vt 0.2476 0.6574 0.0000
vt 0.2470 0.6418 0.0000
vt 0.2470 0.6445 0.0000
vt 0.2470 0.6396 0.0000
vt 0.2470 0.6382 0.0000
vt 0.2470 0.6475 0.0000
vt 0.2470 0.6377 0.0000
vt 0.2470 0.6506 0.0000
vt 0.2476 0.6475 0.0000
vt 0.2476 0.6438 0.0000
vt 0.2488 0.6432 0.0000
vt 0.2488 0.6475 0.0000
vt 0.2476 0.6353 0.0000
vt 0.2476 0.6359 0.0000
vt 0.2476 0.6591 0.0000
vt 0.2476 0.6377 0.0000
vt 0.2476 0.6404 0.0000
vt 0.2476 0.6597 0.0000
vt 0.2476 0.6513 0.0000
vt 0.2488 0.6362 0.0000
vt 0.2488 0.6342 0.0000
vt 0.2546 0.6328 0.0000
vt 0.2546 0.6350 0.0000
vt 0.2488 0.6335 0.0000
vt 0.2489 0.6589 0.0000
vt 0.2489 0.6558 0.0000
vt 0.2489 0.6519 0.0000
vt 0.2489 0.6608 0.0000
vt 0.2488 0.6393 0.0000
vt 0.2489 0.6615 0.0000
vt 0.2546 0.6523 0.0000
vt 0.2546 0.6566 0.0000
vt 0.2548 0.6574 0.0000
vt 0.2548 0.6527 0.0000
vt 0.2546 0.6428 0.0000
vt 0.2546 0.6385 0.0000
vt 0.2546 0.6622 0.0000
vt 0.2546 0.6630 0.0000
vt 0.2546 0.6600 0.0000
vt 0.2546 0.6475 0.0000
vt 0.2546 0.6321 0.0000
vt 0.2548 0.6340 0.0000
vt 0.2548 0.6377 0.0000
vt 0.2551 0.6369 0.0000
vt 0.2551 0.6329 0.0000
vt 0.2548 0.6475 0.0000
vt 0.2548 0.6611 0.0000
vt 0.2548 0.6308 0.0000
vt 0.2548 0.6316 0.0000
vt 0.2548 0.6424 0.0000
vt 0.2548 0.6634 0.0000
vt 0.2548 0.6642 0.0000
vt 0.2551 0.6475 0.0000
vt 0.2551 0.6531 0.0000
vt 0.2553 0.6533 0.0000
vt 0.2553 0.6475 0.0000
vt 0.2551 0.6656 0.0000
vt 0.2551 0.6647 0.0000
vt 0.2551 0.6419 0.0000
vt 0.2551 0.6304 0.0000
vt 0.2551 0.6621 0.0000
vt 0.2551 0.6295 0.0000
vt 0.2551 0.6581 0.0000
vt 0.2553 0.6287 0.0000
vt 0.2553 0.6296 0.0000
vt 0.2558 0.6292 0.0000
vt 0.2558 0.6283 0.0000
vt 0.2553 0.6586 0.0000
vt 0.2553 0.6628 0.0000
vt 0.2553 0.6417 0.0000
vt 0.2553 0.6364 0.0000
vt 0.2553 0.6654 0.0000
vt 0.2553 0.6323 0.0000
vt 0.2553 0.6664 0.0000
vt 0.2558 0.6362 0.0000
vt 0.2558 0.6416 0.0000
vt 0.2562 0.6415 0.0000
vt 0.2562 0.6361 0.0000
vt 0.2558 0.6631 0.0000
vt 0.2558 0.6588 0.0000
vt 0.2558 0.6475 0.0000
vt 0.2558 0.6535 0.0000
vt 0.2558 0.6658 0.0000
vt 0.2558 0.6319 0.0000
vt 0.2558 0.6668 0.0000
vt 0.2562 0.6535 0.0000
vt 0.2562 0.6590 0.0000
vt 0.2582 0.6590 0.0000
vt 0.2582 0.6535 0.0000
vt 0.2562 0.6660 0.0000
vt 0.2562 0.6670 0.0000
vt 0.2562 0.6318 0.0000
vt 0.2562 0.6290 0.0000
vt 0.2562 0.6633 0.0000
vt 0.2562 0.6475 0.0000
vt 0.2562 0.6281 0.0000
vt 0.2582 0.6290 0.0000
vt 0.2582 0.6281 0.0000
vt 0.2582 0.6318 0.0000
vt 0.2582 0.6361 0.0000
vt 0.2582 0.6415 0.0000
vt 0.2582 0.6475 0.0000
vt 0.2582 0.6633 0.0000
vt 0.2582 0.6660 0.0000
vt 0.2582 0.6670 0.0000
vt 0.3750 0.0000 0.0000
vt 0.6250 0.0000 0.0000
vt 0.6250 0.2500 0.0000
vt 0.3750 0.2500 0.0000
vt 0.6250 0.5000 0.0000
vt 0.3750 0.5000 0.0000
vt 0.6250 0.7500 0.0000
vt 0.3750 0.7500 0.0000
vt 0.6250 1.0000 0.0000
vt 0.3750 1.0000 0.0000
vt 0.8750 0.5000 0.0000
vt 0.8750 0.7500 0.0000
# 934 texture coords

o Faro
g Faro
usemtl 01___Default
s off
f 1/1/1 2/2/1 3/3/1 4/4/1 
f 4/4/2 3/3/2 5/5/2 6/6/2 
f 6/6/3 5/5/3 7/7/3 8/8/3 
f 8/8/4 7/7/4 9/9/4 10/10/4 
f 10/10/5 9/9/5 11/11/5 12/12/5 
f 12/12/6 11/11/6 13/13/6 14/14/6 
f 14/14/7 13/13/7 15/15/7 16/16/7 
f 16/16/8 15/15/8 17/17/8 18/18/8 
f 18/18/9 17/17/9 19/19/9 20/20/9 
f 20/20/10 19/19/10 21/21/10 22/22/10 
f 22/22/11 21/21/11 23/19/11 24/20/11 
f 24/20/12 23/19/12 25/17/12 26/18/12 
f 26/18/13 25/17/13 27/15/13 28/16/13 
f 28/16/14 27/15/14 29/13/14 30/14/14 
f 30/14/15 29/13/15 31/11/15 32/12/15 
f 32/12/16 31/11/16 33/9/16 34/10/16 
f 34/10/17 33/9/17 35/7/17 36/8/17 
f 36/8/18 35/7/18 37/5/18 38/6/18 
f 39/23/8 40/24/8 41/25/8 42/26/8 
f 38/6/19 37/5/19 43/3/19 44/4/19 
f 44/4/20 43/3/20 2/2/20 1/1/20 
f 1/1/21 4/4/21 6/6/21 8/8/21 10/10/21 12/12/21 14/14/21 16/16/21 18/18/21 20/20/21 22/22/21 24/20/21 26/18/21 28/16/21 30/14/21 32/12/21 34/10/21 36/8/21 38/6/21 44/4/21 
f 45/27/22 46/28/22 3/3/22 2/2/22 
f 46/28/23 47/29/23 5/5/23 3/3/23 
f 47/29/23 48/30/23 7/7/23 5/5/23 
f 48/30/23 49/31/23 9/9/23 7/7/23 
f 49/31/23 50/11/23 11/11/23 9/9/23 
f 50/11/23 51/32/23 13/13/23 11/11/23 
f 51/32/23 40/24/23 15/15/23 13/13/23 
f 40/24/22 39/23/22 17/17/22 15/15/22 
f 39/23/23 52/33/23 19/19/23 17/17/23 
f 52/33/23 53/34/23 21/21/23 19/19/23 
f 53/34/23 54/33/23 23/19/23 21/21/23 
f 54/33/22 55/23/22 25/17/22 23/19/22 
f 55/23/22 56/24/22 27/15/22 25/17/22 
f 56/24/23 57/32/23 29/13/23 27/15/23 
f 57/32/23 58/11/23 31/11/23 29/13/23 
f 58/11/23 59/31/23 33/9/23 31/11/23 
f 59/31/23 60/30/23 35/7/23 33/9/23 
f 60/30/23 61/29/23 37/5/23 35/7/23 
f 61/29/22 62/28/22 43/3/22 37/5/22 
f 62/28/23 45/27/23 2/2/23 43/3/23 
f 63/35/21 64/36/21 65/37/21 66/35/21 
f 46/28/1 45/27/1 67/38/1 68/39/1 
f 59/31/16 58/11/16 69/35/16 70/36/16 
f 52/33/9 39/23/9 42/26/9 71/40/9 
f 47/29/2 46/28/2 68/39/2 72/41/2 
f 60/30/17 59/31/17 70/36/17 73/42/17 
f 53/34/10 52/33/10 71/40/10 74/43/10 
f 48/30/3 47/29/3 72/41/3 75/42/3 
f 61/29/18 60/30/18 73/42/18 76/41/18 
f 54/33/11 53/34/11 74/43/11 77/40/11 
f 49/31/4 48/30/4 75/42/4 64/36/4 
f 62/28/19 61/29/19 76/41/19 78/39/19 
f 55/23/12 54/33/12 77/40/12 79/26/12 
f 50/11/5 49/31/5 64/36/5 63/35/5 
f 45/27/20 62/28/20 78/39/20 67/38/20 
f 56/24/13 55/23/13 79/26/13 80/25/13 
f 51/32/6 50/11/6 63/35/6 81/44/6 
f 57/32/14 56/24/14 80/25/14 82/44/14 
f 40/24/7 51/32/7 81/44/7 41/25/7 
f 58/11/15 57/32/15 82/44/15 69/35/15 
f 83/45/2 84/46/2 85/47/2 86/48/2 
f 67/38/24 78/39/24 87/46/24 88/49/24 
f 80/25/21 79/26/21 89/50/21 90/51/21 
f 81/44/21 63/35/21 66/35/21 91/52/21 
f 82/44/21 80/25/21 90/51/21 92/52/21 
f 41/25/21 81/44/21 91/52/21 93/51/21 
f 69/35/21 82/44/21 92/52/21 94/35/21 
f 42/26/21 41/25/21 93/51/21 95/50/21 
f 68/39/21 67/38/21 88/49/21 84/46/21 
f 70/36/21 69/35/21 94/35/21 96/37/21 
f 71/40/21 42/26/21 95/50/21 97/53/21 
f 72/41/21 68/39/21 84/46/21 83/45/21 
f 73/42/21 70/36/21 96/37/21 98/54/21 
f 74/43/24 71/40/24 97/53/24 99/55/24 
f 75/42/21 72/41/21 83/45/21 100/54/21 
f 76/41/21 73/42/21 98/54/21 101/45/21 
f 77/40/24 74/43/24 99/55/24 102/53/24 
f 64/36/21 75/42/21 100/54/21 65/37/21 
f 78/39/21 76/41/21 101/45/21 87/46/21 
f 79/26/21 77/40/21 102/53/21 89/50/21 
f 103/56/20 104/57/20 105/58/20 106/59/20 
f 98/54/17 96/37/17 107/60/17 108/61/17 
f 99/55/10 97/53/10 109/62/10 110/63/10 
f 100/54/3 83/45/3 86/48/3 111/61/3 
f 101/45/18 98/54/18 108/61/18 112/48/18 
f 102/53/11 99/55/11 110/63/11 113/62/11 
f 65/37/4 100/54/4 111/61/4 114/60/4 
f 87/46/19 101/45/19 112/48/19 115/47/19 
f 89/50/12 102/53/12 113/62/12 116/64/12 
f 66/35/5 65/37/5 114/60/5 117/65/5 
f 88/49/20 87/46/20 115/47/20 118/66/20 
f 90/51/13 89/50/13 116/64/13 119/67/13 
f 91/52/6 66/35/6 117/65/6 120/68/6 
f 92/52/14 90/51/14 119/67/14 121/68/14 
f 93/51/7 91/52/7 120/68/7 122/67/7 
f 94/35/15 92/52/15 121/68/15 123/65/15 
f 95/50/8 93/51/8 122/67/8 124/64/8 
f 84/46/1 88/49/1 118/66/1 85/47/1 
f 96/37/16 94/35/16 123/65/16 107/60/16 
f 97/53/9 95/50/9 124/64/9 109/62/9 
f 103/56/23 125/57/23 85/47/23 118/66/23 
f 125/57/22 126/69/22 86/48/22 85/47/22 
f 126/69/23 127/70/23 111/61/23 86/48/23 
f 127/70/22 128/71/22 114/60/22 111/61/22 
f 128/71/23 129/65/23 117/65/23 114/60/23 
f 129/65/23 130/72/23 120/68/23 117/65/23 
f 130/72/23 131/73/23 122/67/23 120/68/23 
f 131/73/23 132/74/23 124/64/23 122/67/23 
f 132/74/23 133/75/23 109/62/23 124/64/23 
f 133/75/23 134/76/23 110/63/23 109/62/23 
f 134/76/23 135/75/23 113/62/23 110/63/23 
f 135/75/23 136/74/23 116/64/23 113/62/23 
f 136/74/23 137/73/23 119/67/23 116/64/23 
f 137/73/22 138/72/22 121/68/22 119/67/22 
f 138/72/23 139/65/23 123/65/23 121/68/23 
f 139/65/23 140/71/23 107/60/23 123/65/23 
f 140/71/22 141/70/22 108/61/22 107/60/22 
f 141/70/23 142/69/23 112/48/23 108/61/23 
f 142/69/23 104/57/23 115/47/23 112/48/23 
f 104/57/23 103/56/23 118/66/23 115/47/23 
f 143/77/25 144/78/25 145/79/25 146/80/25 
f 137/73/13 136/74/13 147/81/13 148/82/13 
f 130/72/6 129/65/6 149/83/6 150/84/6 
f 138/72/14 137/73/14 148/82/14 151/84/14 
f 131/73/7 130/72/7 150/84/7 152/82/7 
f 139/65/15 138/72/15 151/84/15 153/83/15 
f 132/74/8 131/73/8 152/82/8 154/81/8 
f 125/57/1 103/56/1 106/59/1 155/58/1 
f 140/71/16 139/65/16 153/83/16 156/85/16 
f 133/75/9 132/74/9 154/81/9 157/86/9 
f 126/69/2 125/57/2 155/58/2 158/87/2 
f 141/70/17 140/71/17 156/85/17 159/88/17 
f 134/76/10 133/75/10 157/86/10 160/89/10 
f 127/70/3 126/69/3 158/87/3 161/88/3 
f 142/69/18 141/70/18 159/88/18 162/87/18 
f 135/75/11 134/76/11 160/89/11 163/86/11 
f 128/71/4 127/70/4 161/88/4 164/85/4 
f 104/57/19 142/69/19 162/87/19 105/58/19 
f 136/74/12 135/75/12 163/86/12 147/81/12 
f 129/65/5 128/71/5 164/85/5 149/83/5 
f 165/90/23 166/91/23 155/58/23 106/59/23 
f 166/91/22 167/92/22 158/87/22 155/58/22 
f 167/92/23 168/93/23 161/88/23 158/87/23 
f 168/93/23 169/94/23 164/85/23 161/88/23 
f 169/94/23 170/83/23 149/83/23 164/85/23 
f 170/83/23 171/77/23 150/84/23 149/83/23 
f 171/77/23 172/78/23 152/82/23 150/84/23 
f 172/78/23 173/95/23 154/81/23 152/82/23 
f 173/95/23 174/96/23 157/86/23 154/81/23 
f 174/96/23 175/97/23 160/89/23 157/86/23 
f 175/97/22 176/96/22 163/86/22 160/89/22 
f 176/96/23 177/95/23 147/81/23 163/86/23 
f 177/95/22 144/78/22 148/82/22 147/81/22 
f 144/78/23 143/77/23 151/84/23 148/82/23 
f 143/77/22 178/83/22 153/83/22 151/84/22 
f 178/83/23 179/94/23 156/85/23 153/83/23 
f 179/94/23 180/93/23 159/88/23 156/85/23 
f 180/93/22 181/92/22 162/87/22 159/88/22 
f 181/92/23 182/91/23 105/58/23 162/87/23 
f 182/91/23 165/90/23 106/59/23 105/58/23 
f 183/98/23 184/99/23 184/99/23 183/98/23 
f 172/78/26 171/77/26 185/80/26 186/79/26 
f 178/83/27 143/77/27 146/80/27 187/100/27 
f 173/95/28 172/78/28 186/79/28 188/101/28 
f 166/91/29 165/90/29 189/102/29 190/103/29 
f 179/94/30 178/83/30 187/100/30 191/104/30 
f 174/96/31 173/95/31 188/101/31 192/98/31 
f 167/92/32 166/91/32 190/103/32 193/105/32 
f 180/93/33 179/94/33 191/104/33 194/106/33 
f 175/97/34 174/96/34 192/98/34 184/99/34 
f 168/93/35 167/92/35 193/105/35 195/106/35 
f 181/92/36 180/93/36 194/106/36 196/105/36 
f 176/96/37 175/97/37 184/99/37 183/98/37 
f 169/94/38 168/93/38 195/106/38 197/104/38 
f 182/91/39 181/92/39 196/105/39 198/103/39 
f 177/95/40 176/96/40 183/98/40 199/101/40 
f 170/83/41 169/94/41 197/104/41 200/100/41 
f 165/90/42 182/91/42 198/103/42 189/102/42 
f 144/78/43 177/95/43 199/101/43 145/79/43 
f 171/77/44 170/83/44 200/100/44 185/80/44 
f 188/101/45 186/79/45 201/107/45 202/108/45 
f 197/104/23 195/106/23 195/106/23 197/104/23 
f 198/103/23 196/105/23 196/105/23 198/103/23 
f 199/101/23 183/98/23 183/98/23 199/101/23 
f 200/100/23 197/104/23 197/104/23 200/100/23 
f 189/102/23 198/103/23 198/103/23 189/102/23 
f 145/79/23 199/101/23 199/101/23 145/79/23 
f 185/80/23 200/100/23 200/100/23 185/80/23 
f 146/80/23 145/79/23 145/79/23 146/80/23 
f 186/79/23 185/80/23 185/80/23 186/79/23 
f 187/100/23 146/80/23 146/80/23 187/100/23 
f 188/101/23 186/79/23 186/79/23 188/101/23 
f 190/103/23 189/102/23 189/102/23 190/103/23 
f 191/104/23 187/100/23 187/100/23 191/104/23 
f 192/98/23 188/101/23 188/101/23 192/98/23 
f 193/105/23 190/103/23 190/103/23 193/105/23 
f 194/106/23 191/104/23 191/104/23 194/106/23 
f 184/99/23 192/98/23 192/98/23 184/99/23 
f 195/106/23 193/105/23 193/105/23 195/106/23 
f 196/105/23 194/106/23 194/106/23 196/105/23 
f 203/109/46 204/110/46 205/111/46 206/112/46 
f 190/103/47 189/102/47 207/113/47 208/114/47 
f 191/104/48 187/100/48 209/109/48 210/110/48 
f 192/98/49 188/101/49 202/108/49 211/115/49 
f 193/105/50 190/103/50 208/114/50 212/116/50 
f 194/106/51 191/104/51 210/110/51 213/117/51 
f 184/99/52 192/98/52 211/115/52 214/118/52 
f 195/106/53 193/105/53 212/116/53 215/117/53 
f 196/105/54 194/106/54 213/117/54 216/116/54 
f 183/98/55 184/99/55 214/118/55 217/115/55 
f 197/104/56 195/106/56 215/117/56 204/110/56 
f 198/103/57 196/105/57 216/116/57 218/114/57 
f 199/101/58 183/98/58 217/115/58 219/108/58 
f 200/100/59 197/104/59 204/110/59 203/109/59 
f 189/102/60 198/103/60 218/114/60 207/113/60 
f 145/79/61 199/101/61 219/108/61 220/107/61 
f 185/80/62 200/100/62 203/109/62 221/119/62 
f 146/80/63 145/79/63 220/107/63 222/119/63 
f 186/79/64 185/80/64 221/119/64 201/107/64 
f 187/100/65 146/80/65 222/119/65 209/109/65 
f 223/120/66 224/121/66 225/122/66 226/123/66 
f 207/113/67 218/114/67 227/124/67 228/125/67 
f 220/107/68 219/108/68 229/126/68 224/121/68 
f 221/119/69 203/109/69 206/112/69 230/120/69 
f 222/119/70 220/107/70 224/121/70 223/120/70 
f 201/107/71 221/119/71 230/120/71 231/121/71 
f 209/109/72 222/119/72 223/120/72 232/112/72 
f 202/108/73 201/107/73 231/121/73 233/126/73 
f 208/114/74 207/113/74 228/125/74 234/124/74 
f 210/110/75 209/109/75 232/112/75 235/111/75 
f 211/115/76 202/108/76 233/126/76 236/127/76 
f 212/116/77 208/114/77 234/124/77 237/128/77 
f 213/117/78 210/110/78 235/111/78 238/129/78 
f 214/118/79 211/115/79 236/127/79 239/130/79 
f 215/117/80 212/116/80 237/128/80 240/129/80 
f 216/116/81 213/117/81 238/129/81 241/128/81 
f 217/115/82 214/118/82 239/130/82 242/127/82 
f 204/110/83 215/117/83 240/129/83 205/111/83 
f 218/114/84 216/116/84 241/128/84 227/124/84 
f 219/108/85 217/115/85 242/127/85 229/126/85 
f 243/131/86 244/132/86 245/133/86 246/134/86 
f 231/121/87 230/120/87 247/123/87 248/122/87 
f 232/112/88 223/120/88 226/123/88 249/135/88 
f 233/126/89 231/121/89 248/122/89 250/136/89 
f 234/124/90 228/125/90 243/131/90 251/132/90 
f 235/111/91 232/112/91 249/135/91 252/137/91 
f 236/127/92 233/126/92 250/136/92 253/138/92 
f 237/128/93 234/124/93 251/132/93 254/139/93 
f 238/129/94 235/111/94 252/137/94 255/140/94 
f 239/130/95 236/127/95 253/138/95 256/141/95 
f 240/129/96 237/128/96 254/139/96 257/140/96 
f 241/128/97 238/129/97 255/140/97 258/139/97 
f 242/127/98 239/130/98 256/141/98 259/138/98 
f 205/111/99 240/129/99 257/140/99 260/137/99 
f 227/124/100 241/128/100 258/139/100 244/132/100 
f 229/126/101 242/127/101 259/138/101 261/136/101 
f 206/112/102 205/111/102 260/137/102 262/135/102 
f 228/125/103 227/124/103 244/132/103 243/131/103 
f 224/121/104 229/126/104 261/136/104 225/122/104 
f 230/120/105 206/112/105 262/135/105 247/123/105 
f 263/142/106 264/143/106 265/144/106 266/145/106 
f 225/122/107 261/136/107 267/146/107 268/147/107 
f 247/123/108 262/135/108 263/142/108 269/148/108 
f 226/123/109 225/122/109 268/147/109 270/148/109 
f 248/122/110 247/123/110 269/148/110 271/147/110 
f 249/135/111 226/123/111 270/148/111 272/142/111 
f 250/136/112 248/122/112 271/147/112 273/146/112 
f 251/132/113 243/131/113 246/134/113 274/133/113 
f 252/137/114 249/135/114 272/142/114 275/143/114 
f 253/138/115 250/136/115 273/146/115 276/149/115 
f 254/139/116 251/132/116 274/133/116 277/150/116 
f 255/140/117 252/137/117 275/143/117 278/151/117 
f 256/141/118 253/138/118 276/149/118 279/152/118 
f 257/140/119 254/139/119 277/150/119 280/151/119 
f 258/139/120 255/140/120 278/151/120 281/150/120 
f 259/138/121 256/141/121 279/152/121 282/149/121 
f 260/137/122 257/140/122 280/151/122 264/143/122 
f 244/132/123 258/139/123 281/150/123 245/133/123 
f 261/136/124 259/138/124 282/149/124 267/146/124 
f 262/135/125 260/137/125 264/143/125 263/142/125 
f 283/153/126 284/154/126 285/155/126 286/156/126 
f 246/134/127 245/133/127 287/154/127 288/157/127 
f 268/147/128 267/146/128 289/158/128 290/159/128 
f 269/148/129 263/142/129 266/145/129 291/160/129 
f 270/148/130 268/147/130 290/159/130 292/160/130 
f 271/147/131 269/148/131 291/160/131 293/159/131 
f 272/142/132 270/148/132 292/160/132 294/145/132 
f 273/146/133 271/147/133 293/159/133 295/158/133 
f 274/133/134 246/134/134 288/157/134 284/154/134 
f 275/143/135 272/142/135 294/145/135 296/144/135 
f 276/149/136 273/146/136 295/158/136 297/161/136 
f 277/150/137 274/133/137 284/154/137 283/153/137 
f 278/151/138 275/143/138 296/144/138 298/162/138 
f 279/152/139 276/149/139 297/161/139 299/163/139 
f 280/151/140 277/150/140 283/153/140 300/162/140 
f 281/150/141 278/151/141 298/162/141 301/153/141 
f 282/149/142 279/152/142 299/163/142 302/161/142 
f 264/143/143 280/151/143 300/162/143 265/144/143 
f 245/133/144 281/150/144 301/153/144 287/154/144 
f 267/146/145 282/149/145 302/161/145 289/158/145 
f 303/164/14 304/165/14 305/166/14 306/167/14 
f 298/162/146 296/144/146 307/168/146 308/169/146 
f 299/163/147 297/161/147 309/170/147 310/171/147 
f 300/162/148 283/153/148 286/156/148 311/169/148 
f 301/153/149 298/162/149 308/169/149 312/156/149 
f 302/161/150 299/163/150 310/171/150 313/170/150 
f 265/144/151 300/162/151 311/169/151 314/168/151 
f 287/154/152 301/153/152 312/156/152 315/155/152 
f 289/158/153 302/161/153 313/170/153 316/172/153 
f 266/145/154 265/144/154 314/168/154 317/173/154 
f 288/157/155 287/154/155 315/155/155 318/174/155 
f 290/159/156 289/158/156 316/172/156 304/165/156 
f 291/160/157 266/145/157 317/173/157 319/164/157 
f 292/160/158 290/159/158 304/165/158 303/164/158 
f 293/159/159 291/160/159 319/164/159 320/165/159 
f 294/145/160 292/160/160 303/164/160 321/173/160 
f 295/158/161 293/159/161 320/165/161 322/172/161 
f 284/154/162 288/157/162 318/174/162 285/155/162 
f 296/144/163 294/145/163 321/173/163 307/168/163 
f 297/161/164 295/158/164 322/172/164 309/170/164 
f 323/175/21 324/176/21 325/177/21 326/178/21 
f 320/165/7 319/164/7 327/167/7 328/166/7 
f 321/173/15 303/164/15 306/167/15 329/179/15 
f 322/172/8 320/165/8 328/166/8 330/180/8 
f 285/155/1 318/174/1 331/181/1 332/182/1 
f 307/168/16 321/173/16 329/179/16 333/183/16 
f 309/170/9 322/172/9 330/180/9 334/184/9 
f 286/156/2 285/155/2 332/182/2 335/175/2 
f 308/169/17 307/168/17 333/183/17 324/176/17 
f 310/171/10 309/170/10 334/184/10 336/185/10 
f 311/169/3 286/156/3 335/175/3 337/176/3 
f 312/156/18 308/169/18 324/176/18 323/175/18 
f 313/170/11 310/171/11 336/185/11 338/184/11 
f 314/168/4 311/169/4 337/176/4 339/183/4 
f 315/155/165 312/156/165 323/175/165 340/182/165 
f 316/172/166 313/170/166 338/184/166 341/180/166 
f 317/173/5 314/168/5 339/183/5 342/179/5 
f 318/174/20 315/155/20 340/182/20 331/181/20 
f 304/165/13 316/172/13 341/180/13 305/166/13 
f 319/164/6 317/173/6 342/179/6 327/167/6 
f 343/179/15 344/186/15 345/187/15 346/188/15 
f 338/184/21 336/185/21 347/189/21 348/190/21 
f 339/183/21 337/176/21 349/177/21 350/191/21 
f 340/182/24 323/175/24 326/178/24 351/192/24 
f 341/180/21 338/184/21 348/190/21 352/193/21 
f 342/179/21 339/183/21 350/191/21 353/179/21 
f 331/181/21 340/182/21 351/192/21 354/194/21 
f 305/166/21 341/180/21 352/193/21 355/195/21 
f 327/167/21 342/179/21 353/179/21 356/186/21 
f 306/167/21 305/166/21 355/195/21 344/186/21 
f 328/166/21 327/167/21 356/186/21 357/195/21 
f 329/179/21 306/167/21 344/186/21 343/179/21 
f 330/180/21 328/166/21 357/195/21 358/193/21 
f 332/182/21 331/181/21 354/194/21 359/192/21 
f 333/183/21 329/179/21 343/179/21 360/191/21 
f 334/184/21 330/180/21 358/193/21 361/190/21 
f 335/175/21 332/182/21 359/192/21 362/178/21 
f 324/176/21 333/183/21 360/191/21 325/177/21 
f 336/185/24 334/184/24 361/190/24 347/189/24 
f 337/176/21 335/175/21 362/178/21 349/177/21 
f 363/196/167 364/197/167 365/198/167 366/199/167 
f 358/193/168 357/195/168 367/200/168 368/196/168 
f 359/192/1 354/194/1 369/201/1 370/202/1 
f 360/191/16 343/179/16 346/188/16 371/203/16 
f 361/190/169 358/193/169 368/196/169 372/197/169 
f 362/178/170 359/192/170 370/202/170 373/204/170 
f 325/177/17 360/191/17 371/203/17 374/205/17 
f 347/189/10 361/190/10 372/197/10 375/206/10 
f 349/177/171 362/178/171 373/204/171 376/205/171 
f 326/178/18 325/177/18 374/205/18 377/204/18 
f 348/190/11 347/189/11 375/206/11 364/197/11 
f 350/191/172 349/177/172 376/205/172 378/203/172 
f 351/192/19 326/178/19 377/204/19 379/202/19 
f 352/193/12 348/190/12 364/197/12 363/196/12 
f 353/179/173 350/191/173 378/203/173 380/188/173 
f 354/194/20 351/192/20 379/202/20 369/201/20 
f 355/195/13 352/193/13 363/196/13 381/200/13 
f 356/186/174 353/179/174 380/188/174 382/187/174 
f 344/186/14 355/195/14 381/200/14 345/187/14 
f 357/195/175 356/186/175 382/187/175 367/200/175 
f 383/198/176 384/199/176 385/207/176 386/208/176 
f 380/188/177 378/203/177 387/209/177 388/210/177 
f 369/201/178 379/202/178 389/211/178 390/212/178 
f 381/200/179 363/196/179 366/199/179 391/213/179 
f 382/187/180 380/188/180 388/210/180 392/214/180 
f 345/187/181 381/200/181 391/213/181 393/214/181 
f 367/200/182 382/187/182 392/214/182 394/213/182 
f 346/188/183 345/187/183 393/214/183 395/210/183 
f 368/196/184 367/200/184 394/213/184 384/199/184 
f 370/202/185 369/201/185 390/212/185 396/211/185 
f 371/203/186 346/188/186 395/210/186 397/209/186 
f 372/197/187 368/196/187 384/199/187 383/198/187 
f 373/204/188 370/202/188 396/211/188 398/215/188 
f 374/205/189 371/203/189 397/209/189 399/216/189 
f 375/206/190 372/197/190 383/198/190 400/217/190 
f 376/205/191 373/204/191 398/215/191 401/216/191 
f 377/204/192 374/205/192 399/216/192 402/215/192 
f 364/197/193 375/206/193 400/217/193 365/198/193 
f 378/203/194 376/205/194 401/216/194 387/209/194 
f 379/202/195 377/204/195 402/215/195 389/211/195 
f 403/218/6 404/219/6 405/220/6 406/221/6 
f 398/215/196 396/211/196 407/222/196 408/223/196 
f 399/216/197 397/209/197 409/224/197 410/225/197 
f 400/217/198 383/198/198 386/208/198 411/226/198 
f 401/216/199 398/215/199 408/223/199 412/225/199 
f 402/215/200 399/216/200 410/225/200 413/223/200 
f 365/198/201 400/217/201 411/226/201 414/208/201 
f 387/209/202 401/216/202 412/225/202 415/224/202 
f 389/211/203 402/215/203 413/223/203 416/222/203 
f 366/199/204 365/198/204 414/208/204 417/207/204 
f 388/210/205 387/209/205 415/224/205 404/219/205 
f 390/212/206 389/211/206 416/222/206 418/227/206 
f 391/213/207 366/199/207 417/207/207 419/228/207 
f 392/214/208 388/210/208 404/219/208 403/218/208 
f 393/214/209 391/213/209 419/228/209 420/218/209 
f 394/213/210 392/214/210 403/218/210 421/228/210 
f 395/210/211 393/214/211 420/218/211 422/219/211 
f 384/199/212 394/213/212 421/228/212 385/207/212 
f 396/211/213 390/212/213 418/227/213 407/222/213 
f 397/209/214 395/210/214 422/219/214 409/224/214 
f 423/229/215 424/230/215 425/231/215 426/232/215 
f 420/218/216 419/228/216 427/233/216 428/221/216 
f 421/228/7 403/218/7 406/221/7 429/233/7 
f 422/219/215 420/218/215 428/221/215 430/220/215 
f 385/207/8 421/228/8 429/233/8 431/234/8 
f 407/222/1 418/227/1 432/235/1 433/236/1 
f 409/224/217 422/219/217 430/220/217 434/237/217 
f 386/208/9 385/207/9 431/234/9 435/238/9 
f 408/223/2 407/222/2 433/236/2 436/239/2 
f 410/225/218 409/224/218 434/237/218 437/240/218 
f 411/226/10 386/208/10 435/238/10 438/241/10 
f 412/225/3 408/223/3 436/239/3 439/240/3 
f 413/223/219 410/225/219 437/240/219 440/239/219 
f 414/208/220 411/226/220 438/241/220 441/238/220 
f 415/224/4 412/225/4 439/240/4 442/237/4 
f 416/222/165 413/223/165 440/239/165 443/236/165 
f 417/207/166 414/208/166 441/238/166 444/234/166 
f 404/219/5 415/224/5 442/237/5 405/220/5 
f 418/227/221 416/222/221 443/236/221 432/235/221 
f 419/228/222 417/207/222 444/234/222 427/233/222 
f 445/242/223 446/243/223 433/236/223 432/235/223 
f 446/243/224 447/244/224 436/239/224 433/236/224 
f 447/244/225 448/245/225 439/240/225 436/239/225 
f 448/245/226 449/246/226 442/237/226 439/240/226 
f 449/246/227 450/229/227 405/220/227 442/237/227 
f 450/229/228 451/230/228 406/221/228 405/220/228 
f 451/230/229 452/247/229 429/233/229 406/221/229 
f 452/247/230 453/248/230 431/234/230 429/233/230 
f 453/248/231 454/249/231 435/238/231 431/234/231 
f 454/249/232 455/250/232 438/241/232 435/238/232 
f 455/250/233 456/249/233 441/238/233 438/241/233 
f 456/249/234 457/248/234 444/234/234 441/238/234 
f 457/248/235 458/247/235 427/233/235 444/234/235 
f 458/247/236 424/230/236 428/221/236 427/233/236 
f 424/230/237 423/229/237 430/220/237 428/221/237 
f 423/229/238 459/246/238 434/237/238 430/220/238 
f 459/246/239 460/245/239 437/240/239 434/237/239 
f 460/245/240 461/244/240 440/239/240 437/240/240 
f 461/244/241 462/243/241 443/236/241 440/239/241 
f 462/243/242 445/242/242 432/235/242 443/236/242 
f 463/251/21 464/252/21 465/253/21 466/254/21 
f 453/248/8 452/247/8 467/255/8 468/256/8 
f 446/243/1 445/242/1 469/257/1 470/251/1 
f 459/246/217 423/229/217 426/232/217 471/258/217 
f 454/249/9 453/248/9 468/256/9 472/259/9 
f 447/244/2 446/243/2 470/251/2 473/252/2 
f 460/245/218 459/246/218 471/258/218 474/260/218 
f 455/250/10 454/249/10 472/259/10 475/261/10 
f 448/245/3 447/244/3 473/252/3 476/260/3 
f 461/244/219 460/245/219 474/260/219 464/252/219 
f 456/249/220 455/250/220 475/261/220 477/259/220 
f 449/246/4 448/245/4 476/260/4 478/258/4 
f 462/243/165 461/244/165 464/252/165 463/251/165 
f 457/248/166 456/249/166 477/259/166 479/256/166 
f 450/229/5 449/246/5 478/258/5 480/232/5 
f 445/242/221 462/243/221 463/251/221 469/257/221 
f 458/247/222 457/248/222 479/256/222 481/255/222 
f 451/230/6 450/229/6 480/232/6 482/231/6 
f 424/230/216 458/247/216 481/255/216 425/231/216 
f 452/247/7 451/230/7 482/231/7 467/255/7 
f 483/262/217 484/232/217 485/263/217 486/264/217 
f 479/256/21 477/259/21 487/265/21 488/266/21 
f 480/232/21 478/258/21 489/262/21 490/232/21 
f 469/257/21 463/251/21 466/254/21 491/267/21 
f 481/255/21 479/256/21 488/266/21 492/268/21 
f 482/231/21 480/232/21 490/232/21 493/269/21 
f 425/231/21 481/255/21 492/268/21 494/269/21 
f 467/255/21 482/231/21 493/269/21 495/268/21 
f 426/232/21 425/231/21 494/269/21 484/232/21 
f 468/256/21 467/255/21 495/268/21 496/266/21 
f 470/251/21 469/257/21 491/267/21 497/254/21 
f 471/258/21 426/232/21 484/232/21 483/262/21 
f 472/259/24 468/256/24 496/266/24 498/265/24 
f 473/252/24 470/251/24 497/254/24 499/253/24 
f 474/260/21 471/258/21 483/262/21 500/270/21 
f 475/261/21 472/259/21 498/265/21 501/271/21 
f 476/260/21 473/252/21 499/253/21 502/270/21 
f 464/252/21 474/260/21 500/270/21 465/253/21 
f 477/259/21 475/261/21 501/271/21 487/265/21 
f 478/258/21 476/260/21 502/270/21 489/262/21 
f 503/272/6 504/263/6 505/273/6 506/274/6 
f 498/265/9 496/266/9 507/275/9 508/276/9 
f 499/253/2 497/254/2 509/277/2 510/278/2 
f 500/270/218 483/262/218 486/264/218 511/279/218 
f 501/271/10 498/265/10 508/276/10 512/280/10 
f 502/270/3 499/253/3 510/278/3 513/279/3 
f 465/253/219 500/270/219 511/279/219 514/278/219 
f 487/265/11 501/271/11 512/280/11 515/276/11 
f 489/262/4 502/270/4 513/279/4 516/264/4 
f 466/254/165 465/253/165 514/278/165 517/277/165 
f 488/266/166 487/265/166 515/276/166 518/275/166 
f 490/232/5 489/262/5 516/264/5 519/263/5 
f 491/267/20 466/254/20 517/277/20 520/281/20 
f 492/268/222 488/266/222 518/275/222 521/282/222 
f 493/269/6 490/232/6 519/263/6 522/283/6 
f 494/269/216 492/268/216 521/282/216 523/283/216 
f 495/268/7 493/269/7 522/283/7 524/282/7 
f 484/232/215 494/269/215 523/283/215 485/263/215 
f 496/266/8 495/268/8 524/282/8 507/275/8 
f 497/254/1 491/267/1 520/281/1 509/277/1 
f 525/284/23 526/285/23 509/277/23 520/281/23 
f 526/285/23 527/286/23 510/278/23 509/277/23 
f 527/286/243 528/287/243 513/279/243 510/278/243 
f 528/287/243 529/288/243 516/264/243 513/279/243 
f 529/288/23 504/263/23 519/263/23 516/264/23 
f 504/263/244 503/272/244 522/283/244 519/263/244 
f 503/272/23 530/289/23 524/282/23 522/283/23 
f 530/289/23 531/290/23 507/275/23 524/282/23 
f 531/290/23 532/291/23 508/276/23 507/275/23 
f 532/291/23 533/292/23 512/280/23 508/276/23 
f 533/292/23 534/291/23 515/276/23 512/280/23 
f 534/291/23 535/290/23 518/275/23 515/276/23 
f 535/290/23 536/289/23 521/282/23 518/275/23 
f 536/289/23 537/272/23 523/283/23 521/282/23 
f 537/272/23 538/263/23 485/263/23 523/283/23 
f 538/263/23 539/288/23 486/264/23 485/263/23 
f 539/288/23 540/287/23 511/279/23 486/264/23 
f 540/287/244 541/286/244 514/278/244 511/279/244 
f 541/286/23 542/285/23 517/277/23 514/278/23 
f 542/285/23 525/284/23 520/281/23 517/277/23 
f 543/293/21 544/294/21 545/295/21 546/296/21 
f 537/272/216 536/289/216 547/297/216 548/274/216 
f 530/289/7 503/272/7 506/274/7 549/297/7 
f 538/263/215 537/272/215 548/274/215 550/273/215 
f 531/290/8 530/289/8 549/297/8 551/298/8 
f 526/285/245 525/284/245 552/299/245 553/300/245 
f 539/288/217 538/263/217 550/273/217 554/301/217 
f 532/291/9 531/290/9 551/298/9 555/302/9 
f 527/286/2 526/285/2 553/300/2 544/294/2 
f 540/287/218 539/288/218 554/301/218 556/293/218 
f 533/292/10 532/291/10 555/302/10 557/303/10 
f 528/287/3 527/286/3 544/294/3 543/293/3 
f 541/286/219 540/287/219 556/293/219 558/294/219 
f 534/291/11 533/292/11 557/303/11 559/302/11 
f 529/288/4 528/287/4 543/293/4 560/301/4 
f 542/285/165 541/286/165 558/294/165 561/300/165 
f 535/290/166 534/291/166 559/302/166 562/298/166 
f 504/263/5 529/288/5 560/301/5 505/273/5 
f 525/284/20 542/285/20 561/300/20 552/299/20 
f 536/289/222 535/290/222 562/298/222 547/297/222 
f 563/273/15 564/304/15 565/305/15 566/306/15 
f 558/294/21 556/293/21 567/296/21 568/295/21 
f 559/302/21 557/303/21 569/307/21 570/308/21 
f 560/301/21 543/293/21 546/296/21 571/309/21 
f 561/300/21 558/294/21 568/295/21 572/310/21 
f 562/298/21 559/302/21 570/308/21 573/311/21 
f 505/273/21 560/301/21 571/309/21 574/273/21 
f 552/299/21 561/300/21 572/310/21 575/312/21 
f 547/297/21 562/298/21 573/311/21 576/313/21 
f 506/274/21 505/273/21 574/273/21 577/304/21 
f 548/274/246 547/297/246 576/313/246 564/304/246 
f 549/297/21 506/274/21 577/304/21 578/313/21 
f 550/273/21 548/274/21 564/304/21 563/273/21 
f 551/298/24 549/297/24 578/313/24 579/311/24 
f 553/300/21 552/299/21 575/312/21 580/310/21 
f 554/301/247 550/273/247 563/273/247 581/309/247 
f 555/302/21 551/298/21 579/311/21 582/308/21 
f 544/294/21 553/300/21 580/310/21 545/295/21 
f 556/293/21 554/301/21 581/309/21 567/296/21 
f 557/303/21 555/302/21 582/308/21 569/307/21 
f 583/314/12 584/315/12 585/316/12 586/317/12 
f 579/311/168 578/313/168 587/318/168 588/319/168 
f 580/310/1 575/312/1 589/320/1 590/321/1 
f 581/309/16 563/273/16 566/306/16 591/322/16 
f 582/308/169 579/311/169 588/319/169 592/323/169 
f 545/295/170 580/310/170 590/321/170 593/324/170 
f 567/296/17 581/309/17 591/322/17 594/325/17 
f 569/307/10 582/308/10 592/323/10 595/326/10 
f 546/296/171 545/295/171 593/324/171 596/325/171 
f 568/295/18 567/296/18 594/325/18 597/324/18 
f 570/308/11 569/307/11 595/326/11 598/323/11 
f 571/309/172 546/296/172 596/325/172 599/322/172 
f 572/310/19 568/295/19 597/324/19 600/321/19 
f 573/311/12 570/308/12 598/323/12 601/319/12 
f 574/273/173 571/309/173 599/322/173 602/306/173 
f 575/312/20 572/310/20 600/321/20 589/320/20 
f 576/313/13 573/311/13 601/319/13 603/318/13 
f 577/304/174 574/273/174 602/306/174 604/305/174 
f 564/304/14 576/313/14 603/318/14 565/305/14 
f 578/313/175 577/304/175 604/305/175 587/318/175 
f 605/327/22 606/328/22 590/321/22 589/320/22 
f 606/328/23 607/329/23 593/324/23 590/321/23 
f 607/329/23 608/330/23 596/325/23 593/324/23 
f 608/330/23 609/331/23 599/322/23 596/325/23 
f 609/331/23 610/306/23 602/306/23 599/322/23 
f 610/306/23 611/332/23 604/305/23 602/306/23 
f 611/332/23 612/333/23 587/318/23 604/305/23 
f 612/333/22 613/314/22 588/319/22 587/318/22 
f 613/314/23 614/315/23 592/323/23 588/319/23 
f 614/315/23 615/334/23 595/326/23 592/323/23 
f 615/334/22 584/315/22 598/323/22 595/326/22 
f 584/315/23 583/314/23 601/319/23 598/323/23 
f 583/314/22 616/333/22 603/318/22 601/319/22 
f 616/333/23 617/332/23 565/305/23 603/318/23 
f 617/332/243 618/306/243 566/306/243 565/305/243 
f 618/306/244 619/331/244 591/322/244 566/306/244 
f 619/331/243 620/330/243 594/325/243 591/322/243 
f 620/330/23 621/329/23 597/324/23 594/325/23 
f 621/329/23 622/328/23 600/321/23 597/324/23 
f 622/328/23 605/327/23 589/320/23 600/321/23 
f 623/316/21 624/317/21 625/335/21 626/336/21 
f 610/306/5 609/331/5 627/337/5 628/338/5 
f 605/327/20 622/328/20 629/339/20 630/340/20 
f 616/333/13 583/314/13 586/317/13 631/341/13 
f 611/332/6 610/306/6 628/338/6 632/342/6 
f 617/332/14 616/333/14 631/341/14 633/342/14 
f 612/333/7 611/332/7 632/342/7 634/341/7 
f 618/306/15 617/332/15 633/342/15 635/338/15 
f 613/314/168 612/333/168 634/341/168 624/317/168 
f 606/328/1 605/327/1 630/340/1 636/339/1 
f 619/331/16 618/306/16 635/338/16 637/337/16 
f 614/315/9 613/314/9 624/317/9 623/316/9 
f 607/329/170 606/328/170 636/339/170 638/343/170 
f 620/330/17 619/331/17 637/337/17 639/344/17 
f 615/334/10 614/315/10 623/316/10 640/345/10 
f 608/330/3 607/329/3 638/343/3 641/344/3 
f 621/329/18 620/330/18 639/344/18 642/343/18 
f 584/315/11 615/334/11 640/345/11 585/316/11 
f 609/331/4 608/330/4 641/344/4 627/337/4 
f 622/328/19 621/329/19 642/343/19 629/339/19 
f 643/346/174 644/338/174 645/347/174 646/348/174 
f 638/343/21 636/339/21 647/349/21 648/350/21 
f 639/344/21 637/337/21 649/351/21 650/352/21 
f 640/345/24 623/316/24 626/336/24 651/353/24 
f 641/344/21 638/343/21 648/350/21 652/352/21 
f 642/343/24 639/344/24 650/352/24 653/350/24 
f 585/316/21 640/345/21 651/353/21 654/336/21 
f 627/337/21 641/344/21 652/352/21 655/351/21 
f 629/339/21 642/343/21 653/350/21 656/349/21 
f 586/317/24 585/316/24 654/336/24 657/335/24 
f 628/338/247 627/337/247 655/351/247 644/338/247 
f 630/340/21 629/339/21 656/349/21 658/354/21 
f 631/341/21 586/317/21 657/335/21 659/355/21 
f 632/342/21 628/338/21 644/338/21 643/346/21 
f 633/342/247 631/341/247 659/355/247 660/346/247 
f 634/341/246 632/342/246 643/346/246 661/355/246 
f 635/338/21 633/342/21 660/346/21 662/338/21 
f 624/317/24 634/341/24 661/355/24 625/335/24 
f 636/339/21 630/340/21 658/354/21 647/349/21 
f 637/337/21 635/338/21 662/338/21 649/351/21 
f 663/356/248 664/357/248 665/358/248 666/359/248 
f 660/346/14 659/355/14 667/360/14 668/348/14 
f 661/355/175 643/346/175 646/348/175 669/360/175 
f 662/338/15 660/346/15 668/348/15 670/347/15 
f 625/335/168 661/355/168 669/360/168 671/361/168 
f 647/349/1 658/354/1 672/362/1 673/363/1 
f 649/351/16 662/338/16 670/347/16 674/364/16 
f 626/336/169 625/335/169 671/361/169 675/365/169 
f 648/350/170 647/349/170 673/363/170 676/366/170 
f 650/352/17 649/351/17 674/364/17 677/367/17 
f 651/353/10 626/336/10 675/365/10 678/368/10 
f 652/352/171 648/350/171 676/366/171 679/367/171 
f 653/350/18 650/352/18 677/367/18 680/366/18 
f 654/336/11 651/353/11 678/368/11 681/365/11 
f 655/351/172 652/352/172 679/367/172 682/364/172 
f 656/349/19 653/350/19 680/366/19 683/363/19 
f 657/335/12 654/336/12 681/365/12 684/361/12 
f 644/338/173 655/351/173 682/364/173 645/347/173 
f 658/354/20 656/349/20 683/363/20 672/362/20 
f 659/355/13 657/335/13 684/361/13 667/360/13 
f 685/369/249 686/370/249 673/363/249 672/362/249 
f 686/370/250 687/371/250 676/366/250 673/363/250 
f 687/371/251 688/372/251 679/367/251 676/366/251 
f 688/372/252 689/373/252 682/364/252 679/367/252 
f 689/373/253 690/374/253 645/347/253 682/364/253 
f 690/374/254 691/375/254 646/348/254 645/347/254 
f 691/375/255 692/376/255 669/360/255 646/348/255 
f 692/376/256 664/357/256 671/361/256 669/360/256 
f 664/357/257 663/356/257 675/365/257 671/361/257 
f 663/356/258 693/377/258 678/368/258 675/365/258 
f 693/377/259 694/356/259 681/365/259 678/368/259 
f 694/356/260 695/357/260 684/361/260 681/365/260 
f 695/357/261 696/376/261 667/360/261 684/361/261 
f 696/376/262 697/375/262 668/348/262 667/360/262 
f 697/375/263 698/374/263 670/347/263 668/348/263 
f 698/374/264 699/373/264 674/364/264 670/347/264 
f 699/373/265 700/372/265 677/367/265 674/364/265 
f 700/372/266 701/371/266 680/366/266 677/367/266 
f 701/371/267 702/370/267 683/363/267 680/366/267 
f 702/370/268 685/369/268 672/362/268 683/363/268 
f 703/378/269 704/379/269 705/380/269 706/381/269 
f 687/371/270 686/370/270 707/382/270 708/383/270 
f 700/372/271 699/373/271 709/384/271 710/385/271 
f 693/377/272 663/356/272 666/359/272 711/386/272 
f 688/372/273 687/371/273 708/383/273 712/385/273 
f 701/371/274 700/372/274 710/385/274 713/383/274 
f 694/356/275 693/377/275 711/386/275 714/359/275 
f 689/373/276 688/372/276 712/385/276 715/384/276 
f 702/370/277 701/371/277 713/383/277 716/382/277 
f 695/357/278 694/356/278 714/359/278 717/358/278 
f 690/374/279 689/373/279 715/384/279 704/379/279 
f 685/369/280 702/370/280 716/382/280 718/387/280 
f 696/376/281 695/357/281 717/358/281 719/388/281 
f 691/375/282 690/374/282 704/379/282 703/378/282 
f 697/375/283 696/376/283 719/388/283 720/378/283 
f 692/376/284 691/375/284 703/378/284 721/388/284 
f 698/374/285 697/375/285 720/378/285 722/379/285 
f 664/357/286 692/376/286 721/388/286 665/358/286 
f 686/370/287 685/369/287 718/387/287 707/382/287 
f 699/373/288 698/374/288 722/379/288 709/384/288 
f 723/389/289 724/390/289 725/391/289 726/392/289 
f 720/378/290 719/388/290 727/393/290 728/381/290 
f 721/388/291 703/378/291 706/381/291 729/393/291 
f 722/379/292 720/378/292 728/381/292 730/380/292 
f 665/358/293 721/388/293 729/393/293 731/394/293 
f 707/382/294 718/387/294 732/395/294 733/396/294 
f 709/384/295 722/379/295 730/380/295 734/397/295 
f 666/359/296 665/358/296 731/394/296 735/398/296 
f 708/383/297 707/382/297 733/396/297 724/390/297 
f 710/385/298 709/384/298 734/397/298 736/389/298 
f 711/386/299 666/359/299 735/398/299 737/399/299 
f 712/385/300 708/383/300 724/390/300 723/389/300 
f 713/383/301 710/385/301 736/389/301 738/390/301 
f 714/359/302 711/386/302 737/399/302 739/398/302 
f 715/384/303 712/385/303 723/389/303 740/397/303 
f 716/382/304 713/383/304 738/390/304 741/396/304 
f 717/358/305 714/359/305 739/398/305 742/394/305 
f 704/379/306 715/384/306 740/397/306 705/380/306 
f 718/387/307 716/382/307 741/396/307 732/395/307 
f 719/388/308 717/358/308 742/394/308 727/393/308 
f 743/400/309 744/401/309 745/402/309 746/403/309 
f 738/390/310 736/389/310 747/392/310 748/391/310 
f 739/398/311 737/399/311 749/404/311 750/405/311 
f 740/397/312 723/389/312 726/392/312 751/406/312 
f 741/396/313 738/390/313 748/391/313 752/407/313 
f 742/394/314 739/398/314 750/405/314 753/408/314 
f 705/380/315 740/397/315 751/406/315 754/400/315 
f 732/395/316 741/396/316 752/407/316 755/409/316 
f 727/393/317 742/394/317 753/408/317 756/410/317 
f 706/381/318 705/380/318 754/400/318 757/401/318 
f 728/381/319 727/393/319 756/410/319 744/401/319 
f 729/393/320 706/381/320 757/401/320 758/410/320 
f 730/380/321 728/381/321 744/401/321 743/400/321 
f 731/394/322 729/393/322 758/410/322 759/408/322 
f 733/396/323 732/395/323 755/409/323 760/407/323 
f 734/397/324 730/380/324 743/400/324 761/406/324 
f 735/398/325 731/394/325 759/408/325 762/405/325 
f 724/390/326 733/396/326 760/407/326 725/391/326 
f 736/389/327 734/397/327 761/406/327 747/392/327 
f 737/399/328 735/398/328 762/405/328 749/404/328 
f 763/411/24 764/412/24 765/413/24 766/414/24 
f 759/408/329 758/410/329 764/412/329 763/411/329 
f 760/407/330 755/409/330 767/415/330 768/416/330 
f 761/406/331 743/400/331 746/403/331 769/417/331 
f 762/405/332 759/408/332 763/411/332 770/418/332 
f 725/391/333 760/407/333 768/416/333 771/419/333 
f 747/392/334 761/406/334 769/417/334 772/420/334 
f 749/404/335 762/405/335 770/418/335 773/421/335 
f 726/392/336 725/391/336 771/419/336 774/420/336 
f 748/391/337 747/392/337 772/420/337 775/419/337 
f 750/405/338 749/404/338 773/421/338 776/418/338 
f 751/406/339 726/392/339 774/420/339 777/417/339 
f 752/407/340 748/391/340 775/419/340 778/416/340 
f 753/408/341 750/405/341 776/418/341 779/411/341 
f 754/400/342 751/406/342 777/417/342 780/403/342 
f 755/409/343 752/407/343 778/416/343 767/415/343 
f 756/410/344 753/408/344 779/411/344 781/412/344 
f 757/401/345 754/400/345 780/403/345 782/402/345 
f 744/401/346 756/410/346 781/412/346 745/402/346 
f 758/410/347 757/401/347 782/402/347 764/412/347 
f 783/403/173 784/422/173 785/423/173 786/424/173 
f 768/416/21 767/415/21 787/425/21 788/426/21 
f 769/417/21 746/403/21 789/403/21 790/422/21 
f 770/418/21 763/411/21 766/414/21 791/427/21 
f 771/419/24 768/416/24 788/426/24 792/416/24 
f 772/420/21 769/417/21 790/422/21 793/428/21 
f 773/421/21 770/418/21 791/427/21 794/429/21 
f 774/420/21 771/419/21 792/416/21 795/428/21 
f 775/419/24 772/420/24 793/428/24 796/416/24 
f 776/418/24 773/421/24 794/429/24 797/427/24 
f 777/417/21 774/420/21 795/428/21 784/422/21 
f 778/416/21 775/419/21 796/416/21 798/426/21 
f 779/411/21 776/418/21 797/427/21 799/414/21 
f 780/403/21 777/417/21 784/422/21 783/403/21 
f 767/415/24 778/416/24 798/426/24 787/425/24 
f 781/412/24 779/411/24 799/414/24 800/413/24 
f 782/402/21 780/403/21 783/403/21 801/430/21 
f 745/402/21 781/412/21 800/413/21 802/430/21 
f 764/412/21 782/402/21 801/430/21 765/413/21 
f 746/403/24 745/402/24 802/430/24 789/403/24 
f 803/431/216 804/432/216 805/433/216 806/434/216 
f 787/425/20 798/426/20 807/435/20 808/436/20 
f 800/413/13 799/414/13 809/437/13 810/438/13 
f 801/430/174 783/403/174 786/424/174 811/439/174 
f 802/430/14 800/413/14 810/438/14 812/439/14 
f 765/413/175 801/430/175 811/439/175 813/438/175 
f 789/403/15 802/430/15 812/439/15 814/424/15 
f 766/414/168 765/413/168 813/438/168 815/437/168 
f 788/426/1 787/425/1 808/436/1 816/435/1 
f 790/422/16 789/403/16 814/424/16 817/423/16 
f 791/427/169 766/414/169 815/437/169 818/440/169 
f 792/416/170 788/426/170 816/435/170 819/441/170 
f 793/428/17 790/422/17 817/423/17 820/442/17 
f 794/429/348 791/427/348 818/440/348 821/443/348 
f 795/428/171 792/416/171 819/441/171 822/442/171 
f 796/416/18 793/428/18 820/442/18 823/441/18 
f 797/427/11 794/429/11 821/443/11 824/440/11 
f 784/422/172 795/428/172 822/442/172 785/423/172 
f 798/426/19 796/416/19 823/441/19 807/435/19 
f 799/414/12 797/427/12 824/440/12 809/437/12 
f 825/444/23 826/445/23 816/435/23 808/436/23 
f 826/445/22 827/446/22 819/441/22 816/435/22 
f 827/446/23 828/447/23 822/442/23 819/441/23 
f 828/447/23 829/448/23 785/423/23 822/442/23 
f 829/448/23 830/424/23 786/424/23 785/423/23 
f 830/424/22 831/431/22 811/439/22 786/424/22 
f 831/431/23 832/432/23 813/438/23 811/439/23 
f 832/432/23 833/449/23 815/437/23 813/438/23 
f 833/449/23 834/450/23 818/440/23 815/437/23 
f 834/450/22 835/451/22 821/443/22 818/440/22 
f 835/451/23 836/450/23 824/440/23 821/443/23 
f 836/450/22 837/449/22 809/437/22 824/440/22 
f 837/449/23 804/432/23 810/438/23 809/437/23 
f 804/432/22 803/431/22 812/439/22 810/438/22 
f 803/431/23 838/424/23 814/424/23 812/439/23 
f 838/424/23 839/448/23 817/423/23 814/424/23 
f 839/448/23 840/447/23 820/442/23 817/423/23 
f 840/447/23 841/446/23 823/441/23 820/442/23 
f 841/446/23 842/445/23 807/435/23 823/441/23 
f 842/445/22 825/444/22 808/436/22 807/435/22 
f 843/452/21 844/453/21 845/454/21 846/455/21 
f 832/432/7 831/431/7 847/434/7 848/433/7 
f 838/424/215 803/431/215 806/434/215 849/456/215 
f 833/449/8 832/432/8 848/433/8 850/457/8 
f 826/445/1 825/444/1 851/458/1 852/459/1 
f 839/448/217 838/424/217 849/456/217 853/460/217 
f 834/450/9 833/449/9 850/457/9 854/452/9 
f 827/446/2 826/445/2 852/459/2 855/461/2 
f 840/447/218 839/448/218 853/460/218 856/462/218 
f 835/451/10 834/450/10 854/452/10 844/453/10 
f 828/447/3 827/446/3 855/461/3 857/462/3 
f 841/446/219 840/447/219 856/462/219 858/461/219 
f 836/450/220 835/451/220 844/453/220 843/452/220 
f 829/448/4 828/447/4 857/462/4 859/460/4 
f 842/445/165 841/446/165 858/461/165 860/459/165 
f 837/449/166 836/450/166 843/452/166 861/457/166 
f 830/424/5 829/448/5 859/460/5 862/456/5 
f 825/444/221 842/445/221 860/459/221 851/458/221 
f 804/432/222 837/449/222 861/457/222 805/433/222 
f 831/431/6 830/424/6 862/456/6 847/434/6 
f 863/463/8 864/464/8 865/465/8 866/466/8 
f 859/460/24 857/462/24 867/467/24 868/468/24 
f 860/459/21 858/461/21 869/469/21 870/470/21 
f 861/457/21 843/452/21 846/455/21 871/463/21 
f 862/456/21 859/460/21 868/468/21 872/456/21 
f 851/458/24 860/459/24 870/470/24 873/471/24 
f 805/433/21 861/457/21 871/463/21 874/464/21 
f 847/434/21 862/456/21 872/456/21 875/472/21 
f 806/434/24 805/433/24 874/464/24 876/472/24 
f 848/433/24 847/434/24 875/472/24 864/464/24 
f 849/456/21 806/434/21 876/472/21 877/456/21 
f 850/457/21 848/433/21 864/464/21 863/463/21 
f 852/459/21 851/458/21 873/471/21 878/470/21 
f 853/460/21 849/456/21 877/456/21 879/468/21 
f 854/452/21 850/457/21 863/463/21 880/455/21 
f 855/461/21 852/459/21 878/470/21 881/469/21 
f 856/462/21 853/460/21 879/468/21 882/467/21 
f 844/453/24 854/452/24 880/455/24 845/454/24 
f 857/462/21 855/461/21 881/469/21 867/467/21 
f 858/461/21 856/462/21 882/467/21 869/469/21 
f 883/473/349 884/474/349 885/475/349 886/476/349 
f 878/470/1 873/471/1 887/477/1 888/478/1 
f 879/468/217 877/456/217 889/479/217 890/480/217 
f 880/455/9 863/463/9 866/466/9 891/481/9 
f 881/469/2 878/470/2 888/478/2 892/482/2 
f 882/467/218 879/468/218 890/480/218 893/483/218 
f 845/454/10 880/455/10 891/481/10 894/484/10 
f 867/467/3 881/469/3 892/482/3 895/483/3 
f 869/469/219 882/467/219 893/483/219 896/482/219 
f 846/455/220 845/454/220 894/484/220 897/481/220 
f 868/468/4 867/467/4 895/483/4 898/480/4 
f 870/470/165 869/469/165 896/482/165 899/478/165 
f 871/463/166 846/455/166 897/481/166 900/466/166 
f 872/456/5 868/468/5 898/480/5 901/479/5 
f 873/471/221 870/470/221 899/478/221 887/477/221 
f 874/464/222 871/463/222 900/466/222 902/465/222 
f 875/472/6 872/456/6 901/479/6 903/485/6 
f 876/472/216 874/464/216 902/465/216 904/485/216 
f 864/464/7 875/472/7 903/485/7 865/465/7 
f 877/456/215 876/472/215 904/485/215 889/479/215 
f 905/486/23 906/487/23 888/478/23 887/477/23 
f 906/487/22 907/488/22 892/482/22 888/478/22 
f 907/488/23 908/489/23 895/483/23 892/482/23 
f 908/489/23 909/490/23 898/480/23 895/483/23 
f 909/490/23 910/479/23 901/479/23 898/480/23 
f 910/479/22 911/491/22 903/485/22 901/479/22 
f 911/491/23 912/473/23 865/465/23 903/485/23 
f 912/473/23 913/474/23 866/466/23 865/465/23 
f 913/474/23 914/492/23 891/481/23 866/466/23 
f 914/492/23 915/493/23 894/484/23 891/481/23 
f 915/493/22 916/492/22 897/481/22 894/484/22 
f 916/492/22 884/474/22 900/466/22 897/481/22 
f 884/474/23 883/473/23 902/465/23 900/466/23 
f 883/473/23 917/491/23 904/485/23 902/465/23 
f 917/491/23 918/479/23 889/479/23 904/485/23 
f 918/479/23 919/490/23 890/480/23 889/479/23 
f 919/490/23 920/489/23 893/483/23 890/480/23 
f 920/489/23 921/488/23 896/482/23 893/483/23 
f 921/488/23 922/487/23 899/478/23 896/482/23 
f 922/487/23 905/486/23 887/477/23 899/478/23 
f 923/494/350 924/495/350 925/496/350 926/497/350 
f 911/491/351 910/479/351 927/498/351 928/499/351 
f 917/491/352 883/473/352 886/476/352 929/499/352 
f 912/473/353 911/491/353 928/499/353 930/476/353 
f 918/479/354 917/491/354 929/499/354 931/498/354 
f 913/474/355 912/473/355 930/476/355 932/475/355 
f 906/487/356 905/486/356 933/500/356 934/501/356 
f 919/490/357 918/479/357 931/498/357 935/502/357 
f 914/492/358 913/474/358 932/475/358 924/495/358 
f 907/488/359 906/487/359 934/501/359 936/503/359 
f 920/489/360 919/490/360 935/502/360 937/504/360 
f 915/493/361 914/492/361 924/495/361 923/494/361 
f 908/489/362 907/488/362 936/503/362 938/504/362 
f 921/488/363 920/489/363 937/504/363 939/503/363 
f 916/492/364 915/493/364 923/494/364 940/495/364 
f 909/490/365 908/489/365 938/504/365 941/502/365 
f 922/487/366 921/488/366 939/503/366 942/501/366 
f 884/474/367 916/492/367 940/495/367 885/475/367 
f 910/479/368 909/490/368 941/502/368 927/498/368 
f 905/486/369 922/487/369 942/501/369 933/500/369 
f 943/505/171 944/506/171 945/507/171 946/508/171 
f 938/504/370 936/503/370 947/509/370 948/510/370 
f 939/503/371 937/504/371 949/510/371 950/509/371 
f 940/495/372 923/494/372 926/497/372 951/496/372 
f 941/502/373 938/504/373 948/510/373 952/511/373 
f 942/501/374 939/503/374 950/509/374 953/512/374 
f 885/475/375 940/495/375 951/496/375 954/513/375 
f 927/498/376 941/502/376 952/511/376 955/514/376 
f 933/500/377 942/501/377 953/512/377 956/515/377 
f 886/476/378 885/475/378 954/513/378 957/516/378 
f 928/499/379 927/498/379 955/514/379 958/517/379 
f 929/499/380 886/476/380 957/516/380 959/517/380 
f 930/476/381 928/499/381 958/517/381 960/516/381 
f 931/498/382 929/499/382 959/517/382 961/514/382 
f 932/475/383 930/476/383 960/516/383 962/513/383 
f 934/501/384 933/500/384 956/515/384 963/512/384 
f 935/502/385 931/498/385 961/514/385 964/511/385 
f 924/495/386 932/475/386 962/513/386 925/496/386 
f 936/503/387 934/501/387 963/512/387 947/509/387 
f 937/504/388 935/502/388 964/511/388 949/510/388 
f 965/518/389 966/519/389 963/512/389 956/515/389 
f 966/519/390 944/506/390 947/509/390 963/512/390 
f 944/506/391 943/505/391 948/510/391 947/509/391 
f 943/505/392 967/520/392 952/511/392 948/510/392 
f 967/520/393 968/521/393 955/514/393 952/511/393 
f 968/521/394 969/522/394 958/517/394 955/514/394 
f 969/522/395 970/523/395 960/516/395 958/517/395 
f 970/523/396 971/524/396 962/513/396 960/516/396 
f 971/524/397 972/525/397 925/496/397 962/513/397 
f 972/525/398 973/526/398 926/497/398 925/496/398 
f 973/526/399 974/525/399 951/496/399 926/497/399 
f 974/525/400 975/524/400 954/513/400 951/496/400 
f 975/524/401 976/523/401 957/516/401 954/513/401 
f 976/523/402 977/522/402 959/517/402 957/516/402 
f 977/522/403 978/521/403 961/514/403 959/517/403 
f 978/521/404 979/520/404 964/511/404 961/514/404 
f 979/520/405 980/505/405 949/510/405 964/511/405 
f 980/505/406 981/506/406 950/509/406 949/510/406 
f 981/506/407 982/519/407 953/512/407 950/509/407 
f 982/519/408 965/518/408 956/515/408 953/512/408 
f 983/527/21 984/528/21 985/529/21 986/527/21 
f 981/506/18 980/505/18 987/508/18 988/507/18 
f 974/525/11 973/526/11 989/530/11 990/531/11 
f 967/520/172 943/505/172 946/508/172 991/532/172 
f 982/519/19 981/506/19 988/507/19 992/533/19 
f 975/524/12 974/525/12 990/531/12 993/534/12 
f 968/521/173 967/520/173 991/532/173 994/527/173 
f 965/518/20 982/519/20 992/533/20 995/535/20 
f 976/523/13 975/524/13 993/534/13 996/536/13 
f 969/522/174 968/521/174 994/527/174 997/528/174 
f 977/522/14 976/523/14 996/536/14 984/528/14 
f 970/523/175 969/522/175 997/528/175 998/536/175 
f 978/521/15 977/522/15 984/528/15 983/527/15 
f 971/524/168 970/523/168 998/536/168 999/534/168 
f 966/519/245 965/518/245 995/535/245 1000/533/245 
f 979/520/16 978/521/16 983/527/16 1001/532/16 
f 972/525/169 971/524/169 999/534/169 1002/531/169 
f 944/506/170 966/519/170 1000/533/170 945/507/170 
f 980/505/17 979/520/17 1001/532/17 987/508/17 
f 973/526/348 972/525/348 1002/531/348 989/530/348 
f 1003/537/165 1004/538/165 1005/539/165 1006/540/165 
f 999/534/21 998/536/21 1007/541/21 1008/542/21 
f 1000/533/21 995/535/21 1009/543/21 1010/537/21 
f 1001/532/21 983/527/21 986/527/21 1011/544/21 
f 1002/531/21 999/534/21 1008/542/21 1012/545/21 
f 945/507/24 1000/533/24 1010/537/24 1013/538/24 
f 987/508/21 1001/532/21 1011/544/21 1014/533/21 
f 989/530/24 1002/531/24 1012/545/24 1015/546/24 
f 946/508/21 945/507/21 1013/538/21 1016/533/21 
f 988/507/24 987/508/24 1014/533/24 1004/538/24 
f 990/531/21 989/530/21 1015/546/21 1017/545/21 
f 991/532/21 946/508/21 1016/533/21 1018/544/21 
f 992/533/21 988/507/21 1004/538/21 1003/537/21 
f 993/534/24 990/531/24 1017/545/24 1019/542/24 
f 994/527/21 991/532/21 1018/544/21 1020/527/21 
f 995/535/24 992/533/24 1003/537/24 1009/543/24 
f 996/536/21 993/534/21 1019/542/21 1021/541/21 
f 997/528/21 994/527/21 1020/527/21 1022/529/21 
f 984/528/21 996/536/21 1021/541/21 985/529/21 
f 998/536/21 997/528/21 1022/529/21 1007/541/21 
f 1023/547/172 1024/548/172 1025/549/172 1026/550/172 
f 1019/542/166 1017/545/166 1027/551/166 1028/552/166 
f 1020/527/5 1018/544/5 1029/553/5 1030/554/5 
f 1009/543/221 1003/537/221 1006/540/221 1031/555/221 
f 1021/541/222 1019/542/222 1028/552/222 1032/556/222 
f 1022/529/6 1020/527/6 1030/554/6 1033/557/6 
f 985/529/216 1021/541/216 1032/556/216 1034/557/216 
f 1007/541/7 1022/529/7 1033/557/7 1035/556/7 
f 986/527/215 985/529/215 1034/557/215 1036/554/215 
f 1008/542/8 1007/541/8 1035/556/8 1037/552/8 
f 1010/537/1 1009/543/1 1031/555/1 1038/540/1 
f 1011/544/217 986/527/217 1036/554/217 1039/553/217 
f 1012/545/9 1008/542/9 1037/552/9 1040/551/9 
f 1013/538/2 1010/537/2 1038/540/2 1041/539/2 
f 1014/533/218 1011/544/218 1039/553/218 1042/558/218 
f 1015/546/10 1012/545/10 1040/551/10 1043/559/10 
f 1016/533/3 1013/538/3 1041/539/3 1044/558/3 
f 1004/538/219 1014/533/219 1042/558/219 1005/539/219 
f 1017/545/220 1015/546/220 1043/559/220 1027/551/220 
f 1018/544/4 1016/533/4 1044/558/4 1029/553/4 
f 1045/560/409 1046/561/409 1038/540/409 1031/555/409 
f 1046/561/410 1047/562/410 1041/539/410 1038/540/410 
f 1047/562/411 1024/548/411 1044/558/411 1041/539/411 
f 1024/548/412 1023/547/412 1029/553/412 1044/558/412 
f 1023/547/413 1048/563/413 1030/554/413 1029/553/413 
f 1048/563/414 1049/564/414 1033/557/414 1030/554/414 
f 1049/564/415 1050/565/415 1035/556/415 1033/557/415 
f 1050/565/416 1051/566/416 1037/552/416 1035/556/416 
f 1051/566/417 1052/567/417 1040/551/417 1037/552/417 
f 1052/567/418 1053/568/418 1043/559/418 1040/551/418 
f 1053/568/419 1054/567/419 1027/551/419 1043/559/419 
f 1054/567/420 1055/566/420 1028/552/420 1027/551/420 
f 1055/566/421 1056/565/421 1032/556/421 1028/552/421 
f 1056/565/422 1057/564/422 1034/557/422 1032/556/422 
f 1057/564/423 1058/563/423 1036/554/423 1034/557/423 
f 1058/563/424 1059/547/424 1039/553/424 1036/554/424 
f 1059/547/425 1060/548/425 1042/558/425 1039/553/425 
f 1060/548/426 1061/562/426 1005/539/426 1042/558/426 
f 1061/562/427 1062/561/427 1006/540/427 1005/539/427 
f 1062/561/428 1045/560/428 1031/555/428 1006/540/428 
f 1063/569/429 1064/570/429 1065/571/429 1066/572/429 
f 1062/561/19 1061/562/19 1067/573/19 1068/569/19 
f 1055/566/12 1054/567/12 1069/574/12 1070/575/12 
f 1048/563/173 1023/547/173 1026/550/173 1071/576/173 
f 1045/560/20 1062/561/20 1068/569/20 1064/570/20 
f 1056/565/13 1055/566/13 1070/575/13 1072/577/13 
f 1049/564/174 1048/563/174 1071/576/174 1073/578/174 
f 1057/564/14 1056/565/14 1072/577/14 1074/578/14 
f 1050/565/175 1049/564/175 1073/578/175 1075/577/175 
f 1058/563/15 1057/564/15 1074/578/15 1076/576/15 
f 1051/566/168 1050/565/168 1075/577/168 1077/575/168 
f 1046/561/245 1045/560/245 1064/570/245 1063/569/245 
f 1059/547/16 1058/563/16 1076/576/16 1078/550/16 
f 1052/567/169 1051/566/169 1077/575/169 1079/574/169 
f 1047/562/170 1046/561/170 1063/569/170 1080/573/170 
f 1060/548/17 1059/547/17 1078/550/17 1081/549/17 
f 1053/568/348 1052/567/348 1079/574/348 1082/579/348 
f 1024/548/171 1047/562/171 1080/573/171 1025/549/171 
f 1061/562/18 1060/548/18 1081/549/18 1067/573/18 
f 1054/567/11 1053/568/11 1082/579/11 1069/574/11 
f 1065/571/20 1083/572/20 1084/580/20 1085/581/20 
f 1078/550/430 1076/576/430 1086/576/430 1087/582/430 
f 1079/574/431 1077/575/431 1088/583/431 1089/584/431 
f 1080/573/432 1063/569/432 1066/572/432 1090/585/432 
f 1081/549/433 1078/550/433 1087/582/433 1091/586/433 
f 1082/579/434 1079/574/434 1089/584/434 1092/587/434 
f 1025/549/432 1080/573/432 1090/585/432 1093/586/432 
f 1067/573/430 1081/549/430 1091/586/430 1094/585/430 
f 1069/574/435 1082/579/435 1092/587/435 1095/584/435 
f 1026/550/436 1025/549/436 1093/586/436 1096/582/436 
f 1068/569/429 1067/573/429 1094/585/429 1083/572/429 
f 1070/575/431 1069/574/431 1095/584/431 1097/583/431 
f 1071/576/437 1026/550/437 1096/582/437 1098/576/437 
f 1064/570/432 1068/569/432 1083/572/432 1065/571/432 
f 1072/577/435 1070/575/435 1097/583/435 1099/588/435 
f 1073/578/432 1071/576/432 1098/576/432 1100/589/432 
f 1074/578/438 1072/577/438 1099/588/438 1101/589/438 
f 1075/577/247 1073/578/247 1100/589/247 1102/588/247 
f 1076/576/435 1074/578/435 1101/589/435 1086/576/435 
f 1077/575/434 1075/577/434 1102/588/434 1088/583/434 
f 1103/590/13 1104/591/13 1105/592/13 1106/593/13 
f 1099/588/13 1097/583/13 1107/594/13 1108/595/13 
f 1100/589/174 1098/576/174 1109/596/174 1110/597/174 
f 1101/589/14 1099/588/14 1108/595/14 1111/597/14 
f 1102/588/175 1100/589/175 1110/597/175 1112/595/175 
f 1086/576/15 1101/589/15 1111/597/15 1113/596/15 
f 1088/583/168 1102/588/168 1112/595/168 1114/594/168 
f 1066/572/245 1065/571/245 1085/581/245 1115/580/245 
f 1087/582/16 1086/576/16 1113/596/16 1116/598/16 
f 1089/584/169 1088/583/169 1114/594/169 1117/599/169 
f 1090/585/170 1066/572/170 1115/580/170 1118/600/170 
f 1091/586/17 1087/582/17 1116/598/17 1119/601/17 
f 1092/587/348 1089/584/348 1117/599/348 1120/602/348 
f 1093/586/171 1090/585/171 1118/600/171 1121/601/171 
f 1094/585/18 1091/586/18 1119/601/18 1122/600/18 
f 1095/584/11 1092/587/11 1120/602/11 1123/599/11 
f 1096/582/172 1093/586/172 1121/601/172 1124/598/172 
f 1083/572/19 1094/585/19 1122/600/19 1084/580/19 
f 1097/583/12 1095/584/12 1123/599/12 1107/594/12 
f 1098/576/173 1096/582/173 1124/598/173 1109/596/173 
f 1125/603/439 1126/604/439 1115/580/439 1085/581/439 
f 1126/604/440 1127/605/440 1118/600/440 1115/580/440 
f 1127/605/441 1128/606/441 1121/601/441 1118/600/441 
f 1128/606/442 1129/607/442 1124/598/442 1121/601/442 
f 1129/607/443 1130/608/443 1109/596/443 1124/598/443 
f 1130/608/444 1131/609/444 1110/597/444 1109/596/444 
f 1131/609/445 1132/590/445 1112/595/445 1110/597/445 
f 1132/590/446 1133/591/446 1114/594/446 1112/595/446 
f 1133/591/447 1134/610/447 1117/599/447 1114/594/447 
f 1134/610/448 1135/611/448 1120/602/448 1117/599/448 
f 1135/611/449 1136/610/449 1123/599/449 1120/602/449 
f 1136/610/450 1104/591/450 1107/594/450 1123/599/450 
f 1104/591/451 1103/590/451 1108/595/451 1107/594/451 
f 1103/590/452 1137/609/452 1111/597/452 1108/595/452 
f 1137/609/453 1138/608/453 1113/596/453 1111/597/453 
f 1138/608/454 1139/607/454 1116/598/454 1113/596/454 
f 1139/607/455 1140/606/455 1119/601/455 1116/598/455 
f 1140/606/456 1141/605/456 1122/600/456 1119/601/456 
f 1141/605/457 1142/604/457 1084/580/457 1122/600/457 
f 1142/604/458 1125/603/458 1085/581/458 1084/580/458 
f 1143/612/459 1144/613/459 1145/614/459 1146/615/459 
f 1131/609/174 1130/608/174 1147/616/174 1148/617/174 
f 1137/609/14 1103/590/14 1106/593/14 1149/617/14 
f 1132/590/175 1131/609/175 1148/617/175 1150/593/175 
f 1138/608/15 1137/609/15 1149/617/15 1151/616/15 
f 1133/591/168 1132/590/168 1150/593/168 1152/592/168 
f 1126/604/460 1125/603/460 1153/618/460 1154/619/460 
f 1139/607/16 1138/608/16 1151/616/16 1155/620/16 
f 1134/610/169 1133/591/169 1152/592/169 1144/613/169 
f 1127/605/170 1126/604/170 1154/619/170 1156/621/170 
f 1140/606/17 1139/607/17 1155/620/17 1157/622/17 
f 1135/611/348 1134/610/348 1144/613/348 1143/612/348 
f 1128/606/171 1127/605/171 1156/621/171 1158/622/171 
f 1141/605/18 1140/606/18 1157/622/18 1159/621/18 
f 1136/610/11 1135/611/11 1143/612/11 1160/613/11 
f 1129/607/172 1128/606/172 1158/622/172 1161/620/172 
f 1142/604/19 1141/605/19 1159/621/19 1162/619/19 
f 1104/591/12 1136/610/12 1160/613/12 1105/592/12 
f 1130/608/173 1129/607/173 1161/620/173 1147/616/173 
f 1125/603/461 1142/604/461 1162/619/461 1153/618/461 
f 1163/623/462 1164/624/462 1165/625/462 1166/626/462 
f 1158/622/463 1156/621/463 1167/627/463 1168/628/463 
f 1159/621/464 1157/622/464 1169/628/464 1170/627/464 
f 1160/613/465 1143/612/465 1146/615/465 1171/614/465 
f 1161/620/466 1158/622/466 1168/628/466 1172/629/466 
f 1162/619/467 1159/621/467 1170/627/467 1173/630/467 
f 1105/592/468 1160/613/468 1171/614/468 1174/631/468 
f 1147/616/469 1161/620/469 1172/629/469 1175/632/469 
f 1153/618/470 1162/619/470 1173/630/470 1176/633/470 
f 1106/593/471 1105/592/471 1174/631/471 1177/623/471 
f 1148/617/472 1147/616/472 1175/632/472 1164/624/472 
f 1149/617/473 1106/593/473 1177/623/473 1178/624/473 
f 1150/593/474 1148/617/474 1164/624/474 1163/623/474 
f 1151/616/475 1149/617/475 1178/624/475 1179/632/475 
f 1152/592/476 1150/593/476 1163/623/476 1180/631/476 
f 1154/619/477 1153/618/477 1176/633/477 1181/630/477 
f 1155/620/478 1151/616/478 1179/632/478 1182/629/478 
f 1144/613/479 1152/592/479 1180/631/479 1145/614/479 
f 1156/621/480 1154/619/480 1181/630/480 1167/627/480 
f 1157/622/481 1155/620/481 1182/629/481 1169/628/481 
f 1183/634/482 1184/635/482 1185/636/482 1186/637/482 
f 1179/632/483 1178/624/483 1187/625/483 1188/638/483 
f 1180/631/484 1163/623/484 1166/626/484 1189/639/484 
f 1181/630/485 1176/633/485 1190/640/485 1191/641/485 
f 1182/629/486 1179/632/486 1188/638/486 1192/634/486 
f 1145/614/487 1180/631/487 1189/639/487 1193/642/487 
f 1167/627/488 1181/630/488 1191/641/488 1194/643/488 
f 1169/628/489 1182/629/489 1192/634/489 1195/635/489 
f 1146/615/490 1145/614/490 1193/642/490 1196/644/490 
f 1168/628/491 1167/627/491 1194/643/491 1184/635/491 
f 1170/627/492 1169/628/492 1195/635/492 1197/643/492 
f 1171/614/493 1146/615/493 1196/644/493 1198/642/493 
f 1172/629/494 1168/628/494 1184/635/494 1183/634/494 
f 1173/630/495 1170/627/495 1197/643/495 1199/641/495 
f 1174/631/496 1171/614/496 1198/642/496 1200/639/496 
f 1175/632/497 1172/629/497 1183/634/497 1201/638/497 
f 1176/633/498 1173/630/498 1199/641/498 1190/640/498 
f 1177/623/499 1174/631/499 1200/639/499 1202/626/499 
f 1164/624/500 1175/632/500 1201/638/500 1165/625/500 
f 1178/624/501 1177/623/501 1202/626/501 1187/625/501 
f 1203/645/502 1204/646/502 1205/647/502 1206/648/502 
f 1199/641/503 1197/643/503 1207/649/503 1208/645/503 
f 1200/639/504 1198/642/504 1209/650/504 1210/651/504 
f 1201/638/505 1183/634/505 1186/637/505 1211/652/505 
f 1190/640/506 1199/641/506 1208/645/506 1204/646/506 
f 1202/626/507 1200/639/507 1210/651/507 1212/653/507 
f 1165/625/508 1201/638/508 1211/652/508 1213/654/508 
f 1187/625/509 1202/626/509 1212/653/509 1214/654/509 
f 1166/626/510 1165/625/510 1213/654/510 1215/653/510 
f 1188/638/511 1187/625/511 1214/654/511 1216/652/511 
f 1189/639/512 1166/626/512 1215/653/512 1217/651/512 
f 1191/641/513 1190/640/513 1204/646/513 1203/645/513 
f 1192/634/514 1188/638/514 1216/652/514 1218/637/514 
f 1193/642/515 1189/639/515 1217/651/515 1219/650/515 
f 1194/643/516 1191/641/516 1203/645/516 1220/649/516 
f 1195/635/517 1192/634/517 1218/637/517 1221/636/517 
f 1196/644/518 1193/642/518 1219/650/518 1222/655/518 
f 1184/635/519 1194/643/519 1220/649/519 1185/636/519 
f 1197/643/520 1195/635/520 1221/636/520 1207/649/520 
f 1198/642/521 1196/644/521 1222/655/521 1209/650/521 
f 1205/647/522 1223/648/522 1224/656/522 1225/657/522 
f 1218/637/523 1216/652/523 1226/658/523 1227/659/523 
f 1219/650/524 1217/651/524 1228/660/524 1229/661/524 
f 1220/649/525 1203/645/525 1206/648/525 1230/662/525 
f 1221/636/526 1218/637/526 1227/659/526 1231/663/526 
f 1222/655/527 1219/650/527 1229/661/527 1232/664/527 
f 1185/636/528 1220/649/528 1230/662/528 1233/663/528 
f 1207/649/529 1221/636/529 1231/663/529 1234/662/529 
f 1209/650/530 1222/655/530 1232/664/530 1235/661/530 
f 1186/637/531 1185/636/531 1233/663/531 1236/659/531 
f 1208/645/532 1207/649/532 1234/662/532 1223/648/532 
f 1210/651/533 1209/650/533 1235/661/533 1237/660/533 
f 1211/652/534 1186/637/534 1236/659/534 1238/658/534 
f 1204/646/535 1208/645/535 1223/648/535 1205/647/535 
f 1212/653/536 1210/651/536 1237/660/536 1239/665/536 
f 1213/654/537 1211/652/537 1238/658/537 1240/666/537 
f 1214/654/538 1212/653/538 1239/665/538 1241/666/538 
f 1215/653/539 1213/654/539 1240/666/539 1242/665/539 
f 1216/652/540 1214/654/540 1241/666/540 1226/658/540 
f 1217/651/541 1215/653/541 1242/665/541 1228/660/541 
f 1243/667/542 1244/668/542 1245/669/542 1246/670/542 
f 1239/665/543 1237/660/543 1247/671/543 1248/672/543 
f 1240/666/544 1238/658/544 1249/673/544 1250/674/544 
f 1241/666/545 1239/665/545 1248/672/545 1251/674/545 
f 1242/665/546 1240/666/546 1250/674/546 1252/672/546 
f 1226/658/547 1241/666/547 1251/674/547 1253/673/547 
f 1228/660/548 1242/665/548 1252/672/548 1254/671/548 
f 1206/648/549 1205/647/549 1225/657/549 1255/656/549 
f 1227/659/550 1226/658/550 1253/673/550 1244/668/550 
f 1229/661/551 1228/660/551 1254/671/551 1256/675/551 
f 1230/662/552 1206/648/552 1255/656/552 1257/676/552 
f 1231/663/553 1227/659/553 1244/668/553 1243/667/553 
f 1232/664/554 1229/661/554 1256/675/554 1258/677/554 
f 1233/663/555 1230/662/555 1257/676/555 1259/667/555 
f 1234/662/556 1231/663/556 1243/667/556 1260/676/556 
f 1235/661/557 1232/664/557 1258/677/557 1261/675/557 
f 1236/659/558 1233/663/558 1259/667/558 1262/668/558 
f 1223/648/559 1234/662/559 1260/676/559 1224/656/559 
f 1237/660/560 1235/661/560 1261/675/560 1247/671/560 
f 1238/658/561 1236/659/561 1262/668/561 1249/673/561 
f 1263/678/562 1264/679/562 1265/680/562 1266/681/562 
f 1258/677/563 1256/675/563 1267/682/563 1268/683/563 
f 1259/667/564 1257/676/564 1269/684/564 1270/670/564 
f 1260/676/565 1243/667/565 1246/670/565 1271/684/565 
f 1261/675/566 1258/677/566 1268/683/566 1272/682/566 
f 1262/668/567 1259/667/567 1270/670/567 1273/669/567 
f 1224/656/568 1260/676/568 1271/684/568 1274/685/568 
f 1247/671/569 1261/675/569 1272/682/569 1275/686/569 
f 1249/673/570 1262/668/570 1273/669/570 1276/687/570 
f 1225/657/571 1224/656/571 1274/685/571 1277/688/571 
f 1248/672/572 1247/671/572 1275/686/572 1264/679/572 
f 1250/674/573 1249/673/573 1276/687/573 1278/678/573 
f 1251/674/574 1248/672/574 1264/679/574 1263/678/574 
f 1252/672/575 1250/674/575 1278/678/575 1279/679/575 
f 1253/673/576 1251/674/576 1263/678/576 1280/687/576 
f 1254/671/577 1252/672/577 1279/679/577 1281/686/577 
f 1255/656/578 1225/657/578 1277/688/578 1282/685/578 
f 1244/668/579 1253/673/579 1280/687/579 1245/669/579 
f 1256/675/580 1254/671/580 1281/686/580 1267/682/580 
f 1257/676/581 1255/656/581 1282/685/581 1269/684/581 
f 1283/689/582 1284/690/582 1285/691/582 1286/691/582 
f 1279/679/583 1278/678/583 1287/681/583 1288/680/583 
f 1280/687/584 1263/678/584 1266/681/584 1289/692/584 
f 1281/686/585 1279/679/585 1288/680/585 1290/693/585 
f 1282/685/586 1277/688/586 1291/694/586 1292/695/586 
f 1245/669/587 1280/687/587 1289/692/587 1293/696/587 
f 1267/682/588 1281/686/588 1290/693/588 1294/689/588 
f 1269/684/589 1282/685/589 1292/695/589 1295/697/589 
f 1246/670/590 1245/669/590 1293/696/590 1296/698/590 
f 1268/683/591 1267/682/591 1294/689/591 1284/690/591 
f 1270/670/592 1269/684/592 1295/697/592 1297/698/592 
f 1271/684/593 1246/670/593 1296/698/593 1298/697/593 
f 1272/682/594 1268/683/594 1284/690/594 1283/689/594 
f 1273/669/595 1270/670/595 1297/698/595 1299/696/595 
f 1274/685/596 1271/684/596 1298/697/596 1300/695/596 
f 1275/686/597 1272/682/597 1283/689/597 1301/693/597 
f 1276/687/598 1273/669/598 1299/696/598 1302/692/598 
f 1277/688/599 1274/685/599 1300/695/599 1291/694/599 
f 1264/679/600 1275/686/600 1301/693/600 1265/680/600 
f 1278/678/601 1276/687/601 1302/692/601 1287/681/601 
f 1303/699/602 1304/700/602 1305/701/602 1306/702/602 
f 1299/696/603 1297/698/603 1307/703/603 1308/704/603 
f 1300/695/604 1298/697/604 1309/705/604 1310/706/604 
f 1301/693/605 1283/689/605 1286/691/605 1311/699/605 
f 1302/692/606 1299/696/606 1308/704/606 1312/707/606 
f 1291/694/607 1300/695/607 1310/706/607 1313/706/607 
f 1265/680/608 1301/693/608 1311/699/608 1314/700/608 
f 1287/681/609 1302/692/609 1312/707/609 1315/708/609 
f 1266/681/610 1265/680/610 1314/700/610 1316/708/610 
f 1288/680/611 1287/681/611 1315/708/611 1304/700/611 
f 1289/692/612 1266/681/612 1316/708/612 1317/707/612 
f 1290/693/613 1288/680/613 1304/700/613 1303/699/613 
f 1292/695/614 1291/694/614 1313/706/614 1318/706/614 
f 1293/696/615 1289/692/615 1317/707/615 1319/704/615 
f 1294/689/616 1290/693/616 1303/699/616 1320/691/616 
f 1295/697/617 1292/695/617 1318/706/617 1321/705/617 
f 1296/698/618 1293/696/618 1319/704/618 1322/703/618 
f 1284/690/619 1294/689/619 1320/691/619 1285/691/619 
f 1297/698/620 1295/697/620 1321/705/620 1307/703/620 
f 1298/697/621 1296/698/621 1322/703/621 1309/705/621 
f 1323/709/622 1324/701/622 1325/710/622 1326/711/622 
f 1318/706/623 1313/706/623 1327/712/623 1328/713/623 
f 1319/704/624 1317/707/624 1329/714/624 1330/715/624 
f 1320/691/625 1303/699/625 1306/702/625 1331/716/625 
f 1321/705/626 1318/706/626 1328/713/626 1332/717/626 
f 1322/703/627 1319/704/627 1330/715/627 1333/718/627 
f 1285/691/628 1320/691/628 1331/716/628 1334/719/628 
f 1307/703/629 1321/705/629 1332/717/629 1335/718/629 
f 1309/705/630 1322/703/630 1333/718/630 1336/717/630 
f 1286/691/631 1285/691/631 1334/719/631 1337/716/631 
f 1308/704/632 1307/703/632 1335/718/632 1338/715/632 
f 1310/706/633 1309/705/633 1336/717/633 1339/713/633 
f 1311/699/634 1286/691/634 1337/716/634 1340/702/634 
f 1312/707/635 1308/704/635 1338/715/635 1341/714/635 
f 1313/706/636 1310/706/636 1339/713/636 1327/712/636 
f 1314/700/637 1311/699/637 1340/702/637 1324/701/637 
f 1315/708/638 1312/707/638 1341/714/638 1342/709/638 
f 1316/708/639 1314/700/639 1324/701/639 1323/709/639 
f 1304/700/640 1315/708/640 1342/709/640 1305/701/640 
f 1317/707/641 1316/708/641 1323/709/641 1329/714/641 
f 1343/720/642 1344/721/642 1345/722/642 1346/723/642 
f 1305/701/643 1342/709/643 1347/711/643 1348/710/643 
f 1329/714/644 1323/709/644 1326/711/644 1349/724/644 
f 1306/702/645 1305/701/645 1348/710/645 1350/725/645 
f 1328/713/646 1327/712/646 1351/726/646 1352/727/646 
f 1330/715/647 1329/714/647 1349/724/647 1353/728/647 
f 1331/716/648 1306/702/648 1350/725/648 1354/720/648 
f 1332/717/649 1328/713/649 1352/727/649 1355/729/649 
f 1333/718/650 1330/715/650 1353/728/650 1356/730/650 
f 1334/719/651 1331/716/651 1354/720/651 1344/721/651 
f 1335/718/652 1332/717/652 1355/729/652 1357/730/652 
f 1336/717/653 1333/718/653 1356/730/653 1358/729/653 
f 1337/716/654 1334/719/654 1344/721/654 1343/720/654 
f 1338/715/655 1335/718/655 1357/730/655 1359/728/655 
f 1339/713/656 1336/717/656 1358/729/656 1360/727/656 
f 1340/702/657 1337/716/657 1343/720/657 1361/725/657 
f 1341/714/658 1338/715/658 1359/728/658 1362/724/658 
f 1327/712/659 1339/713/659 1360/727/659 1351/726/659 
f 1324/701/660 1340/702/660 1361/725/660 1325/710/660 
f 1342/709/661 1341/714/661 1362/724/661 1347/711/661 
f 1363/731/662 1364/732/662 1365/733/662 1366/734/662 
f 1359/728/663 1357/730/663 1367/735/663 1368/736/663 
f 1360/727/664 1358/729/664 1369/737/664 1370/738/664 
f 1361/725/665 1343/720/665 1346/723/665 1371/731/665 
f 1362/724/666 1359/728/666 1368/736/666 1372/739/666 
f 1351/726/667 1360/727/667 1370/738/667 1373/740/667 
f 1325/710/668 1361/725/668 1371/731/668 1374/732/668 
f 1347/711/669 1362/724/669 1372/739/669 1375/741/669 
f 1326/711/670 1325/710/670 1374/732/670 1376/741/670 
f 1348/710/671 1347/711/671 1375/741/671 1364/732/671 
f 1349/724/672 1326/711/672 1376/741/672 1377/739/672 
f 1350/725/673 1348/710/673 1364/732/673 1363/731/673 
f 1352/727/674 1351/726/674 1373/740/674 1378/738/674 
f 1353/728/675 1349/724/675 1377/739/675 1379/736/675 
f 1354/720/676 1350/725/676 1363/731/676 1380/723/676 
f 1355/729/677 1352/727/677 1378/738/677 1381/737/677 
f 1356/730/678 1353/728/678 1379/736/678 1382/735/678 
f 1344/721/679 1354/720/679 1380/723/679 1345/722/679 
f 1357/730/680 1355/729/680 1381/737/680 1367/735/680 
f 1358/729/681 1356/730/681 1382/735/681 1369/737/681 
f 1383/742/682 1384/743/682 1385/744/682 1386/745/682 
f 1378/738/683 1373/740/683 1387/746/683 1388/747/683 
f 1379/736/684 1377/739/684 1389/742/684 1390/743/684 
f 1380/723/685 1363/731/685 1366/734/685 1391/748/685 
f 1381/737/686 1378/738/686 1388/747/686 1392/749/686 
f 1382/735/687 1379/736/687 1390/743/687 1393/750/687 
f 1345/722/688 1380/723/688 1391/748/688 1394/751/688 
f 1367/735/689 1381/737/689 1392/749/689 1395/750/689 
f 1369/737/690 1382/735/690 1393/750/690 1396/749/690 
f 1346/723/691 1345/722/691 1394/751/691 1397/748/691 
f 1368/736/692 1367/735/692 1395/750/692 1384/743/692 
f 1370/738/693 1369/737/693 1396/749/693 1398/747/693 
f 1371/731/694 1346/723/694 1397/748/694 1399/734/694 
f 1372/739/695 1368/736/695 1384/743/695 1383/742/695 
f 1373/740/696 1370/738/696 1398/747/696 1387/746/696 
f 1374/732/697 1371/731/697 1399/734/697 1400/733/697 
f 1375/741/698 1372/739/698 1383/742/698 1401/752/698 
f 1376/741/699 1374/732/699 1400/733/699 1402/752/699 
f 1364/732/700 1375/741/700 1401/752/700 1365/733/700 
f 1377/739/701 1376/741/701 1402/752/701 1389/742/701 
f 1403/753/702 1404/754/702 1405/755/702 1406/756/702 
f 1387/746/703 1398/747/703 1407/754/703 1408/757/703 
f 1400/733/704 1399/734/704 1409/758/704 1410/759/704 
f 1401/752/705 1383/742/705 1386/745/705 1411/760/705 
f 1402/752/706 1400/733/706 1410/759/706 1412/760/706 
f 1365/733/707 1401/752/707 1411/760/707 1413/759/707 
f 1389/742/708 1402/752/708 1412/760/708 1414/745/708 
f 1366/734/709 1365/733/709 1413/759/709 1415/758/709 
f 1388/747/710 1387/746/710 1408/757/710 1404/754/710 
f 1390/743/711 1389/742/711 1414/745/711 1416/744/711 
f 1391/748/712 1366/734/712 1415/758/712 1417/761/712 
f 1392/749/713 1388/747/713 1404/754/713 1403/753/713 
f 1393/750/714 1390/743/714 1416/744/714 1418/762/714 
f 1394/751/715 1391/748/715 1417/761/715 1419/763/715 
f 1395/750/716 1392/749/716 1403/753/716 1420/762/716 
f 1396/749/717 1393/750/717 1418/762/717 1421/753/717 
f 1397/748/718 1394/751/718 1419/763/718 1422/761/718 
f 1384/743/719 1395/750/719 1420/762/719 1385/744/719 
f 1398/747/720 1396/749/720 1421/753/720 1407/754/720 
f 1399/734/721 1397/748/721 1422/761/721 1409/758/721 
f 1423/764/722 1424/765/722 1425/766/722 1426/767/722 
f 1418/762/723 1416/744/723 1427/768/723 1428/769/723 
f 1419/763/724 1417/761/724 1429/770/724 1430/771/724 
f 1420/762/725 1403/753/725 1406/756/725 1431/769/725 
f 1421/753/726 1418/762/726 1428/769/726 1432/756/726 
f 1422/761/727 1419/763/727 1430/771/727 1433/770/727 
f 1385/744/728 1420/762/728 1431/769/728 1434/768/728 
f 1407/754/729 1421/753/729 1432/756/729 1435/755/729 
f 1409/758/730 1422/761/730 1433/770/730 1436/772/730 
f 1386/745/731 1385/744/731 1434/768/731 1437/773/731 
f 1408/757/732 1407/754/732 1435/755/732 1438/774/732 
f 1410/759/733 1409/758/733 1436/772/733 1424/765/733 
f 1411/760/734 1386/745/734 1437/773/734 1439/764/734 
f 1412/760/735 1410/759/735 1424/765/735 1423/764/735 
f 1413/759/736 1411/760/736 1439/764/736 1440/765/736 
f 1414/745/737 1412/760/737 1423/764/737 1441/773/737 
f 1415/758/738 1413/759/738 1440/765/738 1442/772/738 
f 1404/754/739 1408/757/739 1438/774/739 1405/755/739 
f 1416/744/740 1414/745/740 1441/773/740 1427/768/740 
f 1417/761/741 1415/758/741 1442/772/741 1429/770/741 
f 1443/775/742 1444/776/742 1445/777/742 1446/778/742 
f 1440/765/743 1439/764/743 1447/767/743 1448/766/743 
f 1441/773/744 1423/764/744 1426/767/744 1449/779/744 
f 1442/772/745 1440/765/745 1448/766/745 1450/780/745 
f 1405/755/746 1438/774/746 1451/781/746 1452/782/746 
f 1427/768/747 1441/773/747 1449/779/747 1453/783/747 
f 1429/770/748 1442/772/748 1450/780/748 1454/775/748 
f 1406/756/749 1405/755/749 1452/782/749 1455/784/749 
f 1428/769/750 1427/768/750 1453/783/750 1456/785/750 
f 1430/771/751 1429/770/751 1454/775/751 1444/776/751 
f 1431/769/752 1406/756/752 1455/784/752 1457/785/752 
f 1432/756/753 1428/769/753 1456/785/753 1458/784/753 
f 1433/770/754 1430/771/754 1444/776/754 1443/775/754 
f 1434/768/755 1431/769/755 1457/785/755 1459/783/755 
f 1435/755/756 1432/756/756 1458/784/756 1460/782/756 
f 1436/772/757 1433/770/757 1443/775/757 1461/780/757 
f 1437/773/758 1434/768/758 1459/783/758 1462/779/758 
f 1438/774/759 1435/755/759 1460/782/759 1451/781/759 
f 1424/765/760 1436/772/760 1461/780/760 1425/766/760 
f 1439/764/761 1437/773/761 1462/779/761 1447/767/761 
f 1463/786/762 1464/787/762 1465/788/762 1466/789/762 
f 1459/783/763 1457/785/763 1467/790/763 1468/791/763 
f 1460/782/764 1458/784/764 1469/792/764 1470/793/764 
f 1461/780/765 1443/775/765 1446/778/765 1471/786/765 
f 1462/779/766 1459/783/766 1468/791/766 1472/779/766 
f 1451/781/767 1460/782/767 1470/793/767 1473/794/767 
f 1425/766/768 1461/780/768 1471/786/768 1474/787/768 
f 1447/767/769 1462/779/769 1472/779/769 1475/795/769 
f 1426/767/770 1425/766/770 1474/787/770 1476/795/770 
f 1448/766/769 1447/767/769 1475/795/769 1464/787/769 
f 1449/779/771 1426/767/771 1476/795/771 1477/779/771 
f 1450/780/772 1448/766/772 1464/787/772 1463/786/772 
f 1452/782/763 1451/781/763 1473/794/763 1478/793/763 
f 1453/783/773 1449/779/773 1477/779/773 1479/791/773 
f 1454/775/742 1450/780/742 1463/786/742 1480/778/742 
f 1455/784/774 1452/782/774 1478/793/774 1481/792/774 
f 1456/785/775 1453/783/775 1479/791/775 1482/790/775 
f 1444/776/776 1454/775/776 1480/778/776 1445/777/776 
f 1457/785/777 1455/784/777 1481/792/777 1467/790/777 
f 1458/784/778 1456/785/778 1482/790/778 1469/792/778 
f 1483/796/779 1484/797/779 1485/798/779 1486/799/779 
f 1478/793/780 1473/794/780 1487/800/780 1488/801/780 
f 1479/791/15 1477/779/15 1489/802/15 1490/803/15 
f 1480/778/781 1463/786/781 1466/789/781 1491/804/781 
f 1481/792/782 1478/793/782 1488/801/782 1492/805/782 
f 1482/790/783 1479/791/783 1490/803/783 1493/806/783 
f 1445/777/784 1480/778/784 1491/804/784 1494/807/784 
f 1467/790/785 1481/792/785 1492/805/785 1495/806/785 
f 1469/792/786 1482/790/786 1493/806/786 1496/805/786 
f 1446/778/787 1445/777/787 1494/807/787 1497/804/787 
f 1468/791/788 1467/790/788 1495/806/788 1498/803/788 
f 1470/793/789 1469/792/789 1496/805/789 1499/801/789 
f 1471/786/790 1446/778/790 1497/804/790 1500/789/790 
f 1472/779/791 1468/791/791 1498/803/791 1501/802/791 
f 1473/794/792 1470/793/792 1499/801/792 1487/800/792 
f 1474/787/793 1471/786/793 1500/789/793 1502/788/793 
f 1475/795/173 1472/779/173 1501/802/173 1503/808/173 
f 1476/795/794 1474/787/794 1502/788/794 1504/808/794 
f 1464/787/795 1475/795/795 1503/808/795 1465/788/795 
f 1477/779/796 1476/795/796 1504/808/796 1489/802/796 
f 1505/809/797 1506/810/797 1488/801/797 1487/800/797 
f 1506/810/798 1507/803/798 1492/805/798 1488/801/798 
f 1507/803/799 1508/811/799 1495/806/799 1492/805/799 
f 1508/811/800 1509/812/800 1498/803/800 1495/806/800 
f 1509/812/801 1510/802/801 1501/802/801 1498/803/801 
f 1510/802/802 1511/813/802 1503/808/802 1501/802/802 
f 1511/813/803 1512/814/803 1465/788/803 1503/808/803 
f 1512/814/804 1513/808/804 1466/789/804 1465/788/804 
f 1513/808/805 1514/796/805 1491/804/805 1466/789/805 
f 1514/796/806 1484/797/806 1494/807/806 1491/804/806 
f 1484/797/797 1483/796/797 1497/804/797 1494/807/797 
f 1483/796/807 1515/808/807 1500/789/807 1497/804/807 
f 1515/808/808 1516/814/808 1502/788/808 1500/789/808 
f 1516/814/809 1517/813/809 1504/808/809 1502/788/809 
f 1517/813/810 1518/802/810 1489/802/810 1504/808/810 
f 1518/802/811 1519/812/811 1490/803/811 1489/802/811 
f 1519/812/812 1520/811/812 1493/806/812 1490/803/812 
f 1520/811/812 1521/803/812 1496/805/812 1493/806/812 
f 1521/803/813 1522/810/813 1499/801/813 1496/805/813 
f 1522/810/814 1505/809/814 1487/800/814 1499/801/814 
f 1523/815/815 1524/816/815 1525/817/815 1526/818/815 
f 1509/812/816 1508/811/816 1527/819/816 1528/820/816 
f 1522/810/817 1521/803/817 1529/821/817 1530/822/817 
f 1515/808/818 1483/796/818 1486/799/818 1531/815/818 
f 1510/802/819 1509/812/819 1528/820/819 1532/823/819 
f 1505/809/820 1522/810/820 1530/822/820 1533/824/820 
f 1516/814/821 1515/808/821 1531/815/821 1534/816/821 
f 1511/813/822 1510/802/822 1532/823/822 1535/825/822 
f 1517/813/823 1516/814/823 1534/816/823 1536/825/823 
f 1512/814/824 1511/813/824 1535/825/824 1524/816/824 
f 1518/802/825 1517/813/825 1536/825/825 1537/823/825 
f 1513/808/826 1512/814/826 1524/816/826 1523/815/826 
f 1506/810/827 1505/809/827 1533/824/827 1538/822/827 
f 1519/812/828 1518/802/828 1537/823/828 1539/820/828 
f 1514/796/829 1513/808/829 1523/815/829 1540/799/829 
f 1507/803/830 1506/810/830 1538/822/830 1541/821/830 
f 1520/811/831 1519/812/831 1539/820/831 1542/819/831 
f 1484/797/832 1514/796/832 1540/799/832 1485/798/832 
f 1508/811/833 1507/803/833 1541/821/833 1527/819/833 
f 1521/803/834 1520/811/834 1542/819/834 1529/821/834 
f 1543/826/835 1544/827/835 1545/828/835 1546/829/835 
f 1538/822/836 1533/824/836 1547/830/836 1548/831/836 
f 1539/820/837 1537/823/837 1549/826/837 1550/827/837 
f 1540/799/838 1523/815/838 1526/818/838 1551/832/838 
f 1541/821/839 1538/822/839 1548/831/839 1552/833/839 
f 1542/819/840 1539/820/840 1550/827/840 1553/834/840 
f 1485/798/841 1540/799/841 1551/832/841 1554/835/841 
f 1527/819/842 1541/821/842 1552/833/842 1555/834/842 
f 1529/821/843 1542/819/843 1553/834/843 1556/833/843 
f 1486/799/844 1485/798/844 1554/835/844 1557/832/844 
f 1528/820/845 1527/819/845 1555/834/845 1544/827/845 
f 1530/822/846 1529/821/846 1556/833/846 1558/831/846 
f 1531/815/847 1486/799/847 1557/832/847 1559/818/847 
f 1532/823/848 1528/820/848 1544/827/848 1543/826/848 
f 1533/824/849 1530/822/849 1558/831/849 1547/830/849 
f 1534/816/850 1531/815/850 1559/818/850 1560/817/850 
f 1535/825/851 1532/823/851 1543/826/851 1561/836/851 
f 1536/825/852 1534/816/852 1560/817/852 1562/836/852 
f 1524/816/853 1535/825/853 1561/836/853 1525/817/853 
f 1537/823/854 1536/825/854 1562/836/854 1549/826/854 
f 1563/837/855 1564/838/855 1565/839/855 1566/840/855 
f 1547/830/856 1558/831/856 1567/838/856 1568/841/856 
f 1560/817/857 1559/818/857 1569/842/857 1570/843/857 
f 1561/836/858 1543/826/858 1546/829/858 1571/844/858 
f 1562/836/859 1560/817/859 1570/843/859 1572/844/859 
f 1525/817/860 1561/836/860 1571/844/860 1573/843/860 
f 1549/826/861 1562/836/861 1572/844/861 1574/829/861 
f 1526/818/862 1525/817/862 1573/843/862 1575/842/862 
f 1548/831/863 1547/830/863 1568/841/863 1564/838/863 
f 1550/827/864 1549/826/864 1574/829/864 1576/828/864 
f 1551/832/865 1526/818/865 1575/842/865 1577/845/865 
f 1552/833/866 1548/831/866 1564/838/866 1563/837/866 
f 1553/834/867 1550/827/867 1576/828/867 1578/846/867 
f 1554/835/868 1551/832/868 1577/845/868 1579/847/868 
f 1555/834/869 1552/833/869 1563/837/869 1580/846/869 
f 1556/833/870 1553/834/870 1578/846/870 1581/837/870 
f 1557/832/871 1554/835/871 1579/847/871 1582/845/871 
f 1544/827/872 1555/834/872 1580/846/872 1545/828/872 
f 1558/831/873 1556/833/873 1581/837/873 1567/838/873 
f 1559/818/874 1557/832/874 1582/845/874 1569/842/874 
f 1583/848/875 1584/849/875 1585/850/875 1586/851/875 
f 1578/846/876 1576/828/876 1587/852/876 1588/853/876 
f 1579/847/877 1577/845/877 1589/854/877 1590/855/877 
f 1580/846/878 1563/837/878 1566/840/878 1591/853/878 
f 1581/837/879 1578/846/879 1588/853/879 1592/840/879 
f 1582/845/880 1579/847/880 1590/855/880 1593/854/880 
f 1545/828/881 1580/846/881 1591/853/881 1594/852/881 
f 1567/838/882 1581/837/882 1592/840/882 1595/839/882 
f 1569/842/883 1582/845/883 1593/854/883 1596/856/883 
f 1546/829/884 1545/828/884 1594/852/884 1597/857/884 
f 1568/841/885 1567/838/885 1595/839/885 1598/858/885 
f 1570/843/886 1569/842/886 1596/856/886 1584/849/886 
f 1571/844/887 1546/829/887 1597/857/887 1599/848/887 
f 1572/844/888 1570/843/888 1584/849/888 1583/848/888 
f 1573/843/889 1571/844/889 1599/848/889 1600/849/889 
f 1574/829/890 1572/844/890 1583/848/890 1601/857/890 
f 1575/842/891 1573/843/891 1600/849/891 1602/856/891 
f 1564/838/892 1568/841/892 1598/858/892 1565/839/892 
f 1576/828/893 1574/829/893 1601/857/893 1587/852/893 
f 1577/845/894 1575/842/894 1602/856/894 1589/854/894 
f 1603/859/895 1604/860/895 1605/861/895 1606/862/895 
f 1600/849/896 1599/848/896 1607/851/896 1608/850/896 
f 1601/857/897 1583/848/897 1586/851/897 1609/863/897 
f 1602/856/898 1600/849/898 1608/850/898 1610/864/898 
f 1565/839/899 1598/858/899 1611/865/899 1612/866/899 
f 1587/852/900 1601/857/900 1609/863/900 1613/867/900 
f 1589/854/901 1602/856/901 1610/864/901 1614/868/901 
f 1566/840/902 1565/839/902 1612/866/902 1615/859/902 
f 1588/853/903 1587/852/903 1613/867/903 1604/860/903 
f 1590/855/904 1589/854/904 1614/868/904 1616/869/904 
f 1591/853/905 1566/840/905 1615/859/905 1617/860/905 
f 1592/840/906 1588/853/906 1604/860/906 1603/859/906 
f 1593/854/907 1590/855/907 1616/869/907 1618/868/907 
f 1594/852/908 1591/853/908 1617/860/908 1619/867/908 
f 1595/839/909 1592/840/909 1603/859/909 1620/866/909 
f 1596/856/910 1593/854/910 1618/868/910 1621/864/910 
f 1597/857/911 1594/852/911 1619/867/911 1622/863/911 
f 1598/858/912 1595/839/912 1620/866/912 1611/865/912 
f 1584/849/913 1596/856/913 1621/864/913 1585/850/913 
f 1599/848/914 1597/857/914 1622/863/914 1607/851/914 
f 1623/870/915 1624/871/915 1625/872/915 1626/873/915 
f 1618/868/916 1616/869/916 1627/874/916 1628/875/916 
f 1619/867/917 1617/860/917 1629/861/917 1630/876/917 
f 1620/866/918 1603/859/918 1606/862/918 1631/877/918 
f 1621/864/919 1618/868/919 1628/875/919 1632/878/919 
f 1622/863/920 1619/867/920 1630/876/920 1633/870/920 
f 1611/865/921 1620/866/921 1631/877/921 1634/879/921 
f 1585/850/922 1621/864/922 1632/878/922 1635/880/922 
f 1607/851/923 1622/863/923 1633/870/923 1636/871/923 
f 1586/851/924 1585/850/924 1635/880/924 1624/871/924 
f 1608/850/925 1607/851/925 1636/871/925 1637/880/925 
f 1609/863/926 1586/851/926 1624/871/926 1623/870/926 
f 1610/864/927 1608/850/927 1637/880/927 1638/878/927 
f 1612/866/928 1611/865/928 1634/879/928 1639/877/928 
f 1613/867/929 1609/863/929 1623/870/929 1640/876/929 
f 1614/868/930 1610/864/930 1638/878/930 1641/875/930 
f 1615/859/931 1612/866/931 1639/877/931 1642/862/931 
f 1604/860/932 1613/867/932 1640/876/932 1605/861/932 
f 1616/869/933 1614/868/933 1641/875/933 1627/874/933 
f 1617/860/934 1615/859/934 1642/862/934 1629/861/934 
f 1643/881/935 1644/882/935 1645/883/935 1646/884/935 
f 1638/878/936 1637/880/936 1647/885/936 1648/886/936 
f 1639/877/937 1634/879/937 1643/881/937 1649/882/937 
f 1640/876/938 1623/870/938 1626/873/938 1650/887/938 
f 1605/861/939 1640/876/939 1650/887/939 1651/888/939 
f 1641/875/940 1638/878/940 1648/886/940 1652/889/940 
f 1642/862/941 1639/877/941 1649/882/941 1653/890/941 
f 1606/862/942 1605/861/942 1651/888/942 1654/890/942 
f 1627/874/943 1641/875/943 1652/889/943 1655/891/943 
f 1629/861/944 1642/862/944 1653/890/944 1656/888/944 
f 1631/877/945 1606/862/945 1654/890/945 1644/882/945 
f 1628/875/946 1627/874/946 1655/891/946 1657/889/946 
f 1630/876/947 1629/861/947 1656/888/947 1658/887/947 
f 1634/879/948 1631/877/948 1644/882/948 1643/881/948 
f 1632/878/949 1628/875/949 1657/889/949 1659/886/949 
f 1633/870/950 1630/876/950 1658/887/950 1660/873/950 
f 1635/880/951 1632/878/951 1659/886/951 1661/885/951 
f 1636/871/952 1633/870/952 1660/873/952 1662/872/952 
f 1624/871/953 1635/880/953 1661/885/953 1625/872/953 
f 1637/880/954 1636/871/954 1662/872/954 1647/885/954 
f 1663/892/955 1664/893/955 1665/894/955 1666/895/955 
f 1661/885/956 1659/886/956 1667/896/956 1668/897/956 
f 1662/872/957 1660/873/957 1669/898/957 1670/899/957 
f 1625/872/958 1661/885/958 1668/897/958 1671/899/958 
f 1647/885/959 1662/872/959 1670/899/959 1672/897/959 
f 1626/873/960 1625/872/960 1671/899/960 1673/898/960 
f 1648/886/961 1647/885/961 1672/897/961 1674/896/961 
f 1649/882/962 1643/881/962 1646/884/962 1675/883/962 
f 1650/887/963 1626/873/963 1673/898/963 1664/893/963 
f 1652/889/964 1648/886/964 1674/896/964 1676/900/964 
f 1653/890/965 1649/882/965 1675/883/965 1677/901/965 
f 1651/888/966 1650/887/966 1664/893/966 1663/892/966 
f 1655/891/967 1652/889/967 1676/900/967 1678/902/967 
f 1656/888/968 1653/890/968 1677/901/968 1679/892/968 
f 1654/890/969 1651/888/969 1663/892/969 1680/901/969 
f 1657/889/970 1655/891/970 1678/902/970 1681/900/970 
f 1658/887/971 1656/888/971 1679/892/971 1682/893/971 
f 1644/882/972 1654/890/972 1680/901/972 1645/883/972 
f 1659/886/973 1657/889/973 1681/900/973 1667/896/973 
f 1660/873/974 1658/887/974 1682/893/974 1669/898/974 
f 1683/903/975 1684/904/975 1685/905/975 1686/906/975 
f 1678/902/976 1676/900/976 1687/907/976 1688/908/976 
f 1679/892/977 1677/901/977 1689/909/977 1690/895/977 
f 1680/901/978 1663/892/978 1666/895/978 1691/909/978 
f 1681/900/979 1678/902/979 1688/908/979 1692/907/979 
f 1682/893/980 1679/892/980 1690/895/980 1693/894/980 
f 1645/883/981 1680/901/981 1691/909/981 1694/910/981 
f 1667/896/982 1681/900/982 1692/907/982 1695/911/982 
f 1669/898/983 1682/893/983 1693/894/983 1696/912/983 
f 1646/884/984 1645/883/984 1694/910/984 1697/913/984 
f 1668/897/985 1667/896/985 1695/911/985 1684/904/985 
f 1670/899/986 1669/898/986 1696/912/986 1698/903/986 
f 1671/899/987 1668/897/987 1684/904/987 1683/903/987 
f 1672/897/988 1670/899/988 1698/903/988 1699/904/988 
f 1673/898/989 1671/899/989 1683/903/989 1700/912/989 
f 1674/896/990 1672/897/990 1699/904/990 1701/911/990 
f 1675/883/991 1646/884/991 1697/913/991 1702/910/991 
f 1664/893/992 1673/898/992 1700/912/992 1665/894/992 
f 1676/900/993 1674/896/993 1701/911/993 1687/907/993 
f 1677/901/994 1675/883/994 1702/910/994 1689/909/994 
f 1703/914/995 1704/915/995 1705/914/995 1706/916/995 1707/917/995 1708/918/995 1709/919/995 1686/906/995 1685/905/995 1710/920/995 1711/921/995 1712/922/995 1713/921/995 1714/920/995 1715/905/995 1716/906/995 1717/919/995 1718/918/995 1719/917/995 1720/916/995 
f 1699/904/172 1698/903/172 1716/906/172 1715/905/172 
f 1700/912/996 1683/903/996 1686/906/996 1709/919/996 
f 1701/911/171 1699/904/171 1715/905/171 1714/920/171 
f 1702/910/997 1697/913/997 1704/915/997 1703/914/997 
f 1665/894/15 1700/912/15 1709/919/15 1708/918/15 
f 1687/907/998 1701/911/998 1714/920/998 1713/921/998 
f 1689/909/9 1702/910/9 1703/914/9 1720/916/9 
f 1666/895/14 1665/894/14 1708/918/14 1707/917/14 
f 1688/908/999 1687/907/999 1713/921/999 1712/922/999 
f 1690/895/8 1689/909/8 1720/916/8 1719/917/8 
f 1691/909/13 1666/895/13 1707/917/13 1706/916/13 
f 1692/907/1000 1688/908/1000 1712/922/1000 1711/921/1000 
f 1693/894/7 1690/895/7 1719/917/7 1718/918/7 
f 1694/910/1001 1691/909/1001 1706/916/1001 1705/914/1001 
f 1695/911/1002 1692/907/1002 1711/921/1002 1710/920/1002 
f 1696/912/1003 1693/894/1003 1718/918/1003 1717/919/1003 
f 1697/913/1004 1694/910/1004 1705/914/1004 1704/915/1004 
f 1684/904/1005 1695/911/1005 1710/920/1005 1685/905/1005 
f 1698/903/173 1696/912/173 1717/919/173 1716/906/173 
f 1721/923/1006 1722/924/1006 1723/925/1006 1724/926/1006 
f 1724/926/1007 1723/925/1007 1725/927/1007 1726/928/1007 
f 1726/928/1008 1725/927/1008 1727/929/1008 1728/930/1008 
f 1728/930/1009 1727/929/1009 1722/931/1009 1721/932/1009 
f 1721/923/1010 1724/926/1010 1729/926/1010 1730/923/1010 
f 1725/927/1011 1723/933/1011 1722/934/1011 1727/929/1011 
f 1731/928/1012 1732/930/1012 1733/930/1012 1734/928/1012 
f 1726/928/1013 1728/930/1013 1732/930/1013 1731/928/1013 
f 1728/930/1014 1721/932/1014 1730/932/1014 1732/930/1014 
f 1724/926/1015 1726/928/1015 1731/928/1015 1729/926/1015 
f 1734/928/1016 1733/930/1016 1735/930/1016 1736/928/1016 
f 1730/923/1017 1729/926/1017 1737/926/1017 1738/923/1017 
f 1732/930/1018 1730/932/1018 1738/932/1018 1733/930/1018 
f 1729/926/1019 1731/928/1019 1734/928/1019 1737/926/1019 
f 1735/930/1020 1739/932/1020 1740/932/1020 1741/930/1020 
f 1738/923/1021 1737/926/1021 1742/926/1021 1739/923/1021 
f 1733/930/1020 1738/932/1020 1739/932/1020 1735/930/1020 
f 1737/926/1019 1734/928/1019 1736/928/1019 1742/926/1019 
f 1743/928/1022 1741/930/1022 1744/930/1022 1745/928/1022 
f 1742/926/1023 1736/928/1023 1743/928/1023 1746/926/1023 
f 1736/928/1024 1735/930/1024 1741/930/1024 1743/928/1024 
f 1739/923/1025 1742/926/1025 1746/926/1025 1740/923/1025 
f 1747/923/1026 1748/926/1026 1749/926/1026 1750/923/1026 
f 1740/923/1027 1746/926/1027 1748/926/1027 1747/923/1027 
f 1741/930/1028 1740/932/1028 1747/932/1028 1744/930/1028 
f 1746/926/1029 1743/928/1029 1745/928/1029 1748/926/1029 
f 1751/930/1028 1750/932/1028 1752/932/1028 1753/930/1028 
f 1744/930/1028 1747/932/1028 1750/932/1028 1751/930/1028 
f 1748/926/1029 1745/928/1029 1754/928/1029 1749/926/1029 
f 1745/928/1030 1744/930/1030 1751/930/1030 1754/928/1030 
f 1755/928/1031 1753/930/1031 1756/930/1031 1757/928/1031 
f 1749/926/1029 1754/928/1029 1755/928/1029 1758/926/1029 
f 1754/928/1032 1751/930/1032 1753/930/1032 1755/928/1032 
f 1750/923/1033 1749/926/1033 1758/926/1033 1752/923/1033 
f 1756/930/1028 1759/932/1028 1760/932/1028 1761/930/1028 
f 1752/923/1034 1758/926/1034 1762/926/1034 1759/923/1034 
f 1753/930/1035 1752/932/1035 1759/932/1035 1756/930/1035 
f 1758/926/1036 1755/928/1036 1757/928/1036 1762/926/1036 
f 1763/930/1037 1764/932/1037 1765/932/1037 1766/930/1037 
f 1766/930/1037 1765/932/1037 1767/932/1037 1768/930/1037 
f 1764/923/1038 1769/926/1038 1770/926/1038 1765/923/1038 
f 1771/928/1039 1766/930/1039 1768/930/1039 1772/928/1039 
f 1773/928/1040 1763/930/1040 1766/930/1040 1771/928/1040 
f 1774/930/1037 1775/932/1037 1776/932/1037 1777/930/1037 
f 1765/923/1041 1770/926/1041 1778/926/1041 1767/923/1041 
f 1768/930/1037 1767/932/1037 1779/932/1037 1780/930/1037 
f 1769/926/1028 1773/928/1028 1771/928/1028 1770/926/1028 
f 1781/930/1042 1782/932/1042 1775/932/1042 1774/930/1042 
f 1783/928/1043 1774/930/1043 1777/930/1043 1784/928/1043 
f 1785/926/1044 1786/928/1044 1783/928/1044 1787/926/1044 
f 1784/928/1045 1777/930/1045 1788/930/1045 1789/928/1045 
f 1786/928/1046 1781/930/1046 1774/930/1046 1783/928/1046 
f 1787/926/1028 1783/928/1028 1784/928/1028 1790/926/1028 
f 1782/923/1047 1785/926/1047 1787/926/1047 1775/923/1047 
f 1775/923/1048 1787/926/1048 1790/926/1048 1776/923/1048 
f 1791/928/1049 1792/930/1049 1793/930/1049 1794/928/1049 
f 1795/923/1050 1796/926/1050 1785/926/1050 1782/923/1050 
f 1796/926/1028 1794/928/1028 1786/928/1028 1785/926/1028 
f 1794/928/1051 1793/930/1051 1781/930/1051 1786/928/1051 
f 1779/923/1052 1797/926/1052 1798/926/1052 1799/923/1052 
f 1792/930/1037 1799/932/1037 1795/932/1037 1793/930/1037 
f 1798/926/1028 1791/928/1028 1794/928/1028 1796/926/1028 
f 1793/930/1037 1795/932/1037 1782/932/1037 1781/930/1037 
f 1800/928/1053 1780/930/1053 1792/930/1053 1791/928/1053 
f 1780/930/1037 1779/932/1037 1799/932/1037 1792/930/1037 
f 1799/923/1054 1798/926/1054 1796/926/1054 1795/923/1054 
f 1797/926/1028 1800/928/1028 1791/928/1028 1798/926/1028 
f 1770/926/1028 1771/928/1028 1772/928/1028 1778/926/1028 
f 1767/923/1055 1778/926/1055 1797/926/1055 1779/923/1055 
f 1778/926/1028 1772/928/1028 1800/928/1028 1797/926/1028 
f 1772/928/1056 1768/930/1056 1780/930/1056 1800/928/1056 
f 1801/928/1057 1761/930/1057 1802/930/1057 1803/928/1057 
f 1762/926/1037 1757/928/1037 1801/928/1037 1804/926/1037 
f 1757/928/1058 1756/930/1058 1761/930/1058 1801/928/1058 
f 1759/923/1059 1762/926/1059 1804/926/1059 1760/923/1059 
f 1803/928/1060 1802/930/1060 1805/930/1060 1806/928/1060 
f 1760/923/1061 1804/926/1061 1807/926/1061 1808/923/1061 
f 1761/930/1028 1760/932/1028 1808/932/1028 1802/930/1028 
f 1804/926/1037 1801/928/1037 1803/928/1037 1807/926/1037 
f 1809/926/1062 1806/928/1062 1805/930/1062 1810/932/1062 
f 1808/923/1063 1807/926/1063 1809/926/1063 1810/923/1063 
f 1802/930/1064 1808/932/1064 1810/932/1064 1805/930/1064 
f 1807/926/1029 1803/928/1029 1806/928/1029 1809/926/1029 
f 1789/928/1065 1788/930/1065 1811/930/1065 1812/928/1065 
f 1776/923/1066 1790/926/1066 1813/926/1066 1814/923/1066 
f 1777/930/1037 1776/932/1037 1814/932/1037 1788/930/1037 
f 1790/926/1028 1784/928/1028 1789/928/1028 1813/926/1028 
f 1815/926/1067 1812/928/1067 1811/930/1067 1816/932/1067 
f 1814/923/1068 1813/926/1068 1815/926/1068 1816/923/1068 
f 1788/930/1037 1814/932/1037 1816/932/1037 1811/930/1037 
f 1813/926/1028 1789/928/1028 1812/928/1028 1815/926/1028 
# 1813 polygons

#
# object Object001
#

v  1.2377 6.6800 -0.1297
v  1.2347 6.7394 -0.1391
v  1.2940 6.7394 -0.1494
v  1.2940 6.6768 -0.1391
v  1.2377 6.7989 -0.1297
v  1.2940 6.8021 -0.1391
v  1.3533 6.7394 -0.1391
v  1.3502 6.6800 -0.1297
v  1.3502 6.7989 -0.1297
v  1.2050 6.6455 -0.0890
v  1.1920 6.6837 -0.1020
v  1.2412 6.6318 -0.1020
v  1.1855 6.7394 -0.1085
v  1.1920 6.7952 -0.1020
v  1.2050 6.8334 -0.0890
v  1.2412 6.8471 -0.1020
v  1.2940 6.8540 -0.1085
v  1.3468 6.8471 -0.1020
v  1.3830 6.8334 -0.0890
v  1.3959 6.7952 -0.1020
v  1.4025 6.7394 -0.1085
v  1.3959 6.6837 -0.1020
v  1.3468 6.6318 -0.1020
v  1.3830 6.6455 -0.0890
v  1.2940 6.6249 -0.1085
v  1.4237 6.6800 -0.0563
v  1.4331 6.7394 -0.0593
v  1.4434 6.7394 0.0000
v  1.4331 6.6768 0.0000
v  1.4237 6.7989 -0.0563
v  1.4331 6.8021 0.0000
v  1.4331 6.7394 0.0593
v  1.4237 6.6800 0.0563
v  1.4237 6.7989 0.0563
v  1.3959 6.6318 -0.0528
v  1.3959 6.8471 -0.0528
v  1.4025 6.8540 0.0000
v  1.3959 6.8471 0.0528
v  1.3830 6.8334 0.0890
v  1.3959 6.7952 0.1020
v  1.4025 6.7394 0.1085
v  1.3959 6.6837 0.1020
v  1.3959 6.6318 0.0528
v  1.3830 6.6455 0.0890
v  1.4025 6.6249 0.0000
v  1.3502 6.6800 0.1297
v  1.3533 6.7394 0.1391
v  1.2940 6.7394 0.1494
v  1.2940 6.6768 0.1391
v  1.3502 6.7989 0.1297
v  1.2940 6.8021 0.1391
v  1.2347 6.7394 0.1391
v  1.2377 6.6800 0.1297
v  1.2377 6.7989 0.1297
v  1.3468 6.6318 0.1020
v  1.3468 6.8471 0.1020
v  1.2940 6.8540 0.1085
v  1.2412 6.8471 0.1020
v  1.2050 6.8334 0.0890
v  1.1920 6.7952 0.1020
v  1.1855 6.7394 0.1085
v  1.1920 6.6837 0.1020
v  1.2412 6.6318 0.1020
v  1.2050 6.6455 0.0890
v  1.2940 6.6249 0.1085
v  1.1642 6.6800 0.0563
v  1.1548 6.7394 0.0593
v  1.1446 6.7394 0.0000
v  1.1548 6.6768 0.0000
v  1.1642 6.7989 0.0563
v  1.1548 6.8021 0.0000
v  1.1548 6.7394 -0.0593
v  1.1642 6.6800 -0.0563
v  1.1642 6.7989 -0.0563
v  1.1920 6.6318 0.0528
v  1.1920 6.8471 0.0528
v  1.1855 6.8540 0.0000
v  1.1920 6.8471 -0.0528
v  1.1920 6.6318 -0.0528
v  1.1855 6.6249 0.0000
v  1.3502 6.6024 -0.0563
v  1.3533 6.5925 0.0000
v  1.2940 6.5816 0.0000
v  1.2940 6.5925 -0.0593
v  1.3502 6.6024 0.0563
v  1.2940 6.5925 0.0593
v  1.2347 6.5925 0.0000
v  1.2377 6.6024 -0.0563
v  1.2377 6.6024 0.0563
v  1.3502 6.8765 0.0563
v  1.3533 6.8864 0.0000
v  1.2940 6.8972 0.0000
v  1.2940 6.8864 0.0593
v  1.3502 6.8765 -0.0563
v  1.2940 6.8864 -0.0593
v  1.2347 6.8864 0.0000
v  1.2377 6.8765 0.0563
v  1.2377 6.8765 -0.0563
# 98 vertices

vn -0.9818 -0.0809 0.1716
vn -0.9818 0.0809 0.1716
vn -0.9818 -0.0809 -0.1716
vn -0.9818 0.0809 -0.1716
vn -0.8236 -0.2419 0.5129
vn -0.8460 -0.0800 0.5271
vn -0.8460 0.0800 0.5271
vn -0.8236 0.2419 0.5129
vn -0.9422 0.2769 0.1889
vn -0.9422 0.2769 -0.1889
vn -0.8236 0.2419 -0.5129
vn -0.8460 0.0800 -0.5271
vn -0.8460 -0.0800 -0.5271
vn -0.8236 -0.2419 -0.5129
vn -0.9422 -0.2769 -0.1889
vn -0.9422 -0.2769 0.1889
vn -0.1716 -0.0809 -0.9818
vn -0.1716 0.0809 -0.9818
vn 0.1716 -0.0809 -0.9818
vn 0.1716 0.0809 -0.9818
vn -0.5129 -0.2419 -0.8236
vn -0.5271 -0.0800 -0.8460
vn -0.5271 0.0800 -0.8460
vn -0.5129 0.2419 -0.8236
vn -0.1889 0.2769 -0.9422
vn 0.1889 0.2769 -0.9422
vn 0.5129 0.2419 -0.8236
vn 0.5271 0.0800 -0.8460
vn 0.5271 -0.0800 -0.8460
vn 0.5129 -0.2419 -0.8236
vn 0.1889 -0.2769 -0.9422
vn -0.1889 -0.2769 -0.9422
vn 0.9818 -0.0809 -0.1716
vn 0.9818 0.0809 -0.1716
vn 0.9818 -0.0809 0.1716
vn 0.9818 0.0809 0.1716
vn 0.8236 -0.2419 -0.5129
vn 0.8460 -0.0800 -0.5271
vn 0.8460 0.0800 -0.5271
vn 0.8236 0.2419 -0.5129
vn 0.9422 0.2769 -0.1889
vn 0.9422 0.2769 0.1889
vn 0.8236 0.2419 0.5129
vn 0.8460 0.0800 0.5271
vn 0.8460 -0.0800 0.5271
vn 0.8236 -0.2419 0.5129
vn 0.9422 -0.2769 0.1889
vn 0.9422 -0.2769 -0.1889
vn 0.1716 -0.0809 0.9818
vn 0.1716 0.0809 0.9818
vn -0.1716 -0.0809 0.9818
vn -0.1716 0.0809 0.9818
vn 0.5129 -0.2419 0.8236
vn 0.5271 -0.0800 0.8460
vn 0.5271 0.0800 0.8460
vn 0.5129 0.2419 0.8236
vn 0.1889 0.2769 0.9422
vn -0.1889 0.2769 0.9422
vn -0.5129 0.2419 0.8236
vn -0.5271 0.0800 0.8460
vn -0.5271 -0.0800 0.8460
vn -0.5129 -0.2419 0.8236
vn -0.1889 -0.2769 0.9422
vn 0.1889 -0.2769 0.9422
vn -0.3283 -0.8857 -0.3283
vn 0.3283 -0.8857 -0.3283
vn -0.3283 -0.8857 0.3283
vn 0.3283 -0.8857 0.3283
vn -0.6234 -0.4720 -0.6234
vn -0.2485 -0.5846 -0.7723
vn 0.2485 -0.5846 -0.7723
vn 0.6234 -0.4720 -0.6234
vn 0.7723 -0.5846 -0.2486
vn 0.7723 -0.5846 0.2486
vn 0.6234 -0.4720 0.6234
vn 0.2485 -0.5846 0.7723
vn -0.2485 -0.5846 0.7723
vn -0.6234 -0.4720 0.6234
vn -0.7723 -0.5846 0.2486
vn -0.7723 -0.5846 -0.2486
vn 0.3283 0.8857 -0.3283
vn -0.3283 0.8857 -0.3283
vn 0.3283 0.8857 0.3283
vn -0.3283 0.8857 0.3283
vn 0.6234 0.4720 -0.6234
vn 0.2486 0.5846 -0.7723
vn -0.2486 0.5846 -0.7723
vn -0.6234 0.4720 -0.6234
vn -0.7723 0.5846 -0.2486
vn -0.7723 0.5846 0.2486
vn -0.6234 0.4720 0.6234
vn -0.2486 0.5846 0.7723
vn 0.2486 0.5846 0.7723
vn 0.6234 0.4720 0.6234
vn 0.7723 0.5846 0.2486
vn 0.7723 0.5846 -0.2486
# 96 vertex normals

vt 0.5489 0.7863 0.0000
vt 0.5487 0.7925 0.0000
vt 0.5536 0.7925 0.0000
vt 0.5536 0.7860 0.0000
vt 0.5489 0.7987 0.0000
vt 0.5536 0.7990 0.0000
vt 0.5585 0.7925 0.0000
vt 0.5582 0.7863 0.0000
vt 0.5582 0.7987 0.0000
vt 0.5462 0.7827 0.0000
vt 0.5451 0.7867 0.0000
vt 0.5492 0.7813 0.0000
vt 0.5446 0.7925 0.0000
vt 0.5451 0.7983 0.0000
vt 0.5462 0.8023 0.0000
vt 0.5492 0.8037 0.0000
vt 0.5536 0.8044 0.0000
vt 0.5579 0.8037 0.0000
vt 0.5609 0.8023 0.0000
vt 0.5620 0.7983 0.0000
vt 0.5625 0.7925 0.0000
vt 0.5620 0.7867 0.0000
vt 0.5579 0.7813 0.0000
vt 0.5609 0.7827 0.0000
vt 0.5536 0.7805 0.0000
vt 0.5643 0.7863 0.0000
vt 0.5651 0.7925 0.0000
vt 0.5659 0.7925 0.0000
vt 0.5651 0.7860 0.0000
vt 0.5643 0.7987 0.0000
vt 0.5651 0.7990 0.0000
vt 0.5620 0.7813 0.0000
vt 0.5620 0.8037 0.0000
vt 0.5625 0.8044 0.0000
vt 0.5625 0.7805 0.0000
vt 0.5428 0.7863 0.0000
vt 0.5421 0.7925 0.0000
vt 0.5412 0.7925 0.0000
vt 0.5421 0.7860 0.0000
vt 0.5428 0.7987 0.0000
vt 0.5421 0.7990 0.0000
vt 0.5451 0.7813 0.0000
vt 0.5451 0.8037 0.0000
vt 0.5446 0.8044 0.0000
vt 0.5446 0.7805 0.0000
vt 0.5582 0.7782 0.0000
vt 0.5585 0.7772 0.0000
vt 0.5536 0.7760 0.0000
vt 0.5536 0.7772 0.0000
vt 0.5487 0.7772 0.0000
vt 0.5489 0.7782 0.0000
vt 0.5582 0.8068 0.0000
vt 0.5585 0.8078 0.0000
vt 0.5536 0.8089 0.0000
vt 0.5536 0.8078 0.0000
vt 0.5487 0.8078 0.0000
vt 0.5489 0.8068 0.0000
# 57 texture coords

o Object001
g Object001
usemtl 02___Default
s off
f 1817/935/1069 1818/936/1069 1819/937/1069 1820/938/1069 
f 1818/936/1070 1821/939/1070 1822/940/1070 1819/937/1070 
f 1820/938/1071 1819/937/1071 1823/941/1071 1824/942/1071 
f 1819/937/1072 1822/940/1072 1825/943/1072 1823/941/1072 
f 1826/944/1073 1827/945/1073 1817/935/1073 1828/946/1073 
f 1827/945/1074 1829/947/1074 1818/936/1074 1817/935/1074 
f 1829/947/1075 1830/948/1075 1821/939/1075 1818/936/1075 
f 1830/948/1076 1831/949/1076 1832/950/1076 1821/939/1076 
f 1821/939/1077 1832/950/1077 1833/951/1077 1822/940/1077 
f 1822/940/1078 1833/951/1078 1834/952/1078 1825/943/1078 
f 1825/943/1079 1834/952/1079 1835/953/1079 1836/954/1079 
f 1823/941/1080 1825/943/1080 1836/954/1080 1837/955/1080 
f 1824/942/1081 1823/941/1081 1837/955/1081 1838/956/1081 
f 1839/957/1082 1824/942/1082 1838/956/1082 1840/958/1082 
f 1841/959/1083 1820/938/1083 1824/942/1083 1839/957/1083 
f 1828/946/1084 1817/935/1084 1820/938/1084 1841/959/1084 
f 1842/960/1085 1843/961/1085 1844/962/1085 1845/963/1085 
f 1843/961/1086 1846/964/1086 1847/965/1086 1844/962/1086 
f 1845/963/1087 1844/962/1087 1848/961/1087 1849/960/1087 
f 1844/962/1088 1847/965/1088 1850/964/1088 1848/961/1088 
f 1840/958/1089 1838/956/1089 1842/960/1089 1851/966/1089 
f 1838/956/1090 1837/955/1090 1843/961/1090 1842/960/1090 
f 1837/955/1091 1836/954/1091 1846/964/1091 1843/961/1091 
f 1836/954/1092 1835/953/1092 1852/967/1092 1846/964/1092 
f 1846/964/1093 1852/967/1093 1853/968/1093 1847/965/1093 
f 1847/965/1094 1853/968/1094 1854/967/1094 1850/964/1094 
f 1850/964/1095 1854/967/1095 1855/953/1095 1856/954/1095 
f 1848/961/1096 1850/964/1096 1856/954/1096 1857/955/1096 
f 1849/960/1097 1848/961/1097 1857/955/1097 1858/956/1097 
f 1859/966/1098 1849/960/1098 1858/956/1098 1860/958/1098 
f 1861/969/1099 1845/963/1099 1849/960/1099 1859/966/1099 
f 1851/966/1100 1842/960/1100 1845/963/1100 1861/969/1100 
f 1862/942/1101 1863/941/1101 1864/937/1101 1865/938/1101 
f 1863/941/1102 1866/943/1102 1867/940/1102 1864/937/1102 
f 1865/938/1103 1864/937/1103 1868/936/1103 1869/935/1103 
f 1864/937/1104 1867/940/1104 1870/939/1104 1868/936/1104 
f 1860/958/1105 1858/956/1105 1862/942/1105 1871/957/1105 
f 1858/956/1106 1857/955/1106 1863/941/1106 1862/942/1106 
f 1857/955/1107 1856/954/1107 1866/943/1107 1863/941/1107 
f 1856/954/1108 1855/953/1108 1872/952/1108 1866/943/1108 
f 1866/943/1109 1872/952/1109 1873/951/1109 1867/940/1109 
f 1867/940/1110 1873/951/1110 1874/950/1110 1870/939/1110 
f 1870/939/1111 1874/950/1111 1875/949/1111 1876/948/1111 
f 1868/936/1112 1870/939/1112 1876/948/1112 1877/947/1112 
f 1869/935/1113 1868/936/1113 1877/947/1113 1878/945/1113 
f 1879/946/1114 1869/935/1114 1878/945/1114 1880/944/1114 
f 1881/959/1115 1865/938/1115 1869/935/1115 1879/946/1115 
f 1871/957/1116 1862/942/1116 1865/938/1116 1881/959/1116 
f 1882/970/1117 1883/971/1117 1884/972/1117 1885/973/1117 
f 1883/971/1118 1886/974/1118 1887/975/1118 1884/972/1118 
f 1885/973/1119 1884/972/1119 1888/971/1119 1889/970/1119 
f 1884/972/1120 1887/975/1120 1890/974/1120 1888/971/1120 
f 1880/944/1121 1878/945/1121 1882/970/1121 1891/976/1121 
f 1878/945/1122 1877/947/1122 1883/971/1122 1882/970/1122 
f 1877/947/1123 1876/948/1123 1886/974/1123 1883/971/1123 
f 1876/948/1124 1875/949/1124 1892/977/1124 1886/974/1124 
f 1886/974/1125 1892/977/1125 1893/978/1125 1887/975/1125 
f 1887/975/1126 1893/978/1126 1894/977/1126 1890/974/1126 
f 1890/974/1127 1894/977/1127 1831/949/1127 1830/948/1127 
f 1888/971/1128 1890/974/1128 1830/948/1128 1829/947/1128 
f 1889/970/1129 1888/971/1129 1829/947/1129 1827/945/1129 
f 1895/976/1130 1889/970/1130 1827/945/1130 1826/944/1130 
f 1896/979/1131 1885/973/1131 1889/970/1131 1895/976/1131 
f 1891/976/1132 1882/970/1132 1885/973/1132 1896/979/1132 
f 1897/980/1133 1898/981/1133 1899/982/1133 1900/983/1133 
f 1898/981/1134 1901/980/1134 1902/983/1134 1899/982/1134 
f 1900/983/1135 1899/982/1135 1903/984/1135 1904/985/1135 
f 1899/982/1136 1902/983/1136 1905/985/1136 1903/984/1136 
f 1840/958/1137 1851/966/1137 1897/980/1137 1839/957/1137 
f 1851/966/1138 1861/969/1138 1898/981/1138 1897/980/1138 
f 1861/969/1139 1859/966/1139 1901/980/1139 1898/981/1139 
f 1859/966/1140 1860/958/1140 1871/957/1140 1901/980/1140 
f 1901/980/1141 1871/957/1141 1881/959/1141 1902/983/1141 
f 1902/983/1142 1881/959/1142 1879/946/1142 1905/985/1142 
f 1905/985/1143 1879/946/1143 1880/944/1143 1891/976/1143 
f 1903/984/1144 1905/985/1144 1891/976/1144 1896/979/1144 
f 1904/985/1145 1903/984/1145 1896/979/1145 1895/976/1145 
f 1828/946/1146 1904/985/1146 1895/976/1146 1826/944/1146 
f 1841/959/1147 1900/983/1147 1904/985/1147 1828/946/1147 
f 1839/957/1148 1897/980/1148 1900/983/1148 1841/959/1148 
f 1906/986/1149 1907/987/1149 1908/988/1149 1909/989/1149 
f 1907/987/1150 1910/986/1150 1911/989/1150 1908/988/1150 
f 1909/989/1151 1908/988/1151 1912/990/1151 1913/991/1151 
f 1908/988/1152 1911/989/1152 1914/991/1152 1912/990/1152 
f 1855/953/1153 1854/967/1153 1906/986/1153 1872/952/1153 
f 1854/967/1154 1853/968/1154 1907/987/1154 1906/986/1154 
f 1853/968/1155 1852/967/1155 1910/986/1155 1907/987/1155 
f 1852/967/1156 1835/953/1156 1834/952/1156 1910/986/1156 
f 1910/986/1157 1834/952/1157 1833/951/1157 1911/989/1157 
f 1911/989/1158 1833/951/1158 1832/950/1158 1914/991/1158 
f 1914/991/1159 1832/950/1159 1831/949/1159 1894/977/1159 
f 1912/990/1160 1914/991/1160 1894/977/1160 1893/978/1160 
f 1913/991/1161 1912/990/1161 1893/978/1161 1892/977/1161 
f 1874/950/1162 1913/991/1162 1892/977/1162 1875/949/1162 
f 1873/951/1163 1909/989/1163 1913/991/1163 1874/950/1163 
f 1872/952/1164 1906/986/1164 1909/989/1164 1873/951/1164 
# 96 polygons

