# 3ds Max Wavefront OBJ Exporter v0.99 - (c)2007 guruware
# File Created: 26.04.2025 21:12:25

mtllib puerta_parteBaja.mtl

#
# object Cube_000
#

v  381.6084 1076.3258 -73.4742
v  391.1818 1078.5071 -73.4742
v  402.9600 673.6848 -73.4742
v  393.0028 672.6761 -73.4742
v  406.0687 152.9701 -73.4742
v  395.9360 153.0162 -73.4742
v  388.3397 153.0520 -71.4772
v  385.5301 671.9183 -71.4772
v  374.4219 1074.6873 -71.4772
v  458.2151 1093.7919 -73.4742
v  467.7950 1095.9783 -73.4742
v  482.6364 681.7598 -73.4742
v  472.6728 680.7511 -73.4742
v  487.1239 152.6065 -73.4742
v  476.9912 152.6475 -73.4742
v  466.8585 152.6936 -73.4742
v  462.7157 679.7424 -73.4742
v  448.6418 1091.6105 -73.4742
v  542.3857 687.8123 -25.6128
v  525.2550 1109.0765 -25.6128
v  525.2550 1109.0765 -17.6350
v  542.3857 687.8123 -17.6350
v  525.2550 1109.0765 -9.6573
v  542.3857 687.8123 -9.6573
v  547.9138 152.3300 -9.6573
v  547.9138 152.3300 -17.6350
v  547.9138 152.3300 -25.6128
v  542.3857 687.8123 -57.5187
v  525.2550 1109.0765 -57.5187
v  525.2550 1109.0765 -49.5409
v  542.3857 687.8123 -49.5409
v  525.2550 1109.0765 -41.5632
v  542.3857 687.8123 -41.5632
v  547.9138 152.3300 -41.5632
v  547.9138 152.3300 -49.5409
v  547.9138 152.3300 -57.5187
v  496.5217 1102.5275 -73.4742
v  506.1017 1104.7139 -73.4742
v  522.4714 685.7948 -73.4742
v  512.5078 684.7861 -73.4742
v  527.6483 152.4222 -73.4742
v  517.5156 152.4683 -73.4742
v  507.3828 152.5143 -73.4742
v  502.5506 683.7773 -73.4742
v  486.9483 1100.3461 -73.4742
v  419.9085 1085.0614 -73.4742
v  429.4884 1087.2428 -73.4742
v  442.7950 677.7198 -73.4742
v  432.8378 676.7111 -73.4742
v  446.5930 152.7857 -73.4742
v  436.4669 152.8318 -73.4742
v  426.3342 152.8779 -73.4742
v  422.8807 675.7023 -73.4742
v  410.3351 1082.8749 -73.4742
v  542.3857 687.8123 6.2982
v  525.2550 1109.0765 6.2982
v  525.2550 1109.0765 14.2760
v  542.3857 687.8123 14.2760
v  525.2550 1109.0765 22.2486
v  542.3857 687.8123 22.2486
v  547.9138 152.3300 22.2486
v  547.9138 152.3300 14.2760
v  547.9138 152.3300 6.2982
v  525.2550 1109.0765 -1.6795
v  542.3857 687.8123 -1.6795
v  547.9138 152.3300 -1.6795
v  436.4669 152.8318 54.1596
v  446.5930 152.7857 54.1596
v  442.7950 677.7198 54.1596
v  432.8378 676.7111 54.1596
v  429.4884 1087.2428 54.1596
v  419.9085 1085.0614 54.1596
v  410.3351 1082.8749 54.1596
v  422.8807 675.7023 54.1596
v  426.3342 152.8779 54.1596
v  456.7258 152.7396 54.1596
v  466.8585 152.6936 54.1596
v  462.7157 679.7424 54.1596
v  452.7585 678.7285 54.1596
v  448.6418 1091.6105 54.1596
v  439.0618 1089.4241 54.1596
v  395.9360 153.0162 54.1596
v  406.0687 152.9701 54.1596
v  402.9600 673.6848 54.1596
v  393.0028 672.6761 54.1596
v  391.1818 1078.5071 54.1596
v  381.6084 1076.3258 54.1596
v  374.4219 1074.6873 52.1626
v  385.5301 671.9183 52.1626
v  388.3397 153.0520 52.1626
v  416.2014 152.9240 54.1596
v  412.9171 674.6936 54.1596
v  400.7552 1080.6936 54.1596
v  517.5156 152.4683 54.1596
v  527.6483 152.4222 54.1596
v  522.4714 685.7948 54.1596
v  512.5078 684.7861 54.1596
v  506.1017 1104.7139 54.1596
v  496.5217 1102.5275 54.1596
v  486.9483 1100.3461 54.1596
v  502.5506 683.7773 54.1596
v  507.3828 152.5143 54.1596
v  476.9912 152.6475 54.1596
v  487.1239 152.6065 54.1596
v  482.6364 681.7598 54.1596
v  472.6728 680.7511 54.1596
v  467.7950 1095.9783 54.1596
v  458.2151 1093.7919 54.1596
v  497.2567 152.5604 54.1596
v  492.5935 682.7686 54.1596
v  477.3684 1098.1597 54.1596
v  515.6751 1106.8951 -73.4742
v  522.8616 1108.5337 -71.4772
v  539.9012 687.5614 -71.4772
v  532.4285 686.8036 -73.4742
v  545.3773 152.3403 -71.4772
v  537.7811 152.3761 -73.4742
v  383.0457 671.6674 -41.5632
v  385.8033 153.0623 -41.5632
v  385.8033 153.0623 -33.5905
v  383.0457 671.6674 -33.5905
v  385.8033 153.0623 -25.6128
v  383.0457 671.6674 -25.6128
v  372.0285 1074.1393 -25.6128
v  372.0285 1074.1393 -33.5905
v  372.0285 1074.1393 -41.5632
v  385.8033 153.0623 -17.6350
v  383.0457 671.6674 -17.6350
v  385.8033 153.0623 -9.6573
v  383.0457 671.6674 -9.6573
v  372.0285 1074.1393 -9.6573
v  372.0285 1074.1393 -17.6350
v  385.8033 153.0623 -65.4964
v  383.0457 671.6674 -65.4964
v  385.8033 153.0623 -57.5187
v  383.0457 671.6674 -57.5187
v  372.0285 1074.1393 -57.5187
v  372.0285 1074.1393 -65.4964
v  385.8033 153.0623 -49.5409
v  383.0457 671.6674 -49.5409
v  372.0285 1074.1393 -49.5409
v  383.0457 671.6674 22.2486
v  385.8033 153.0623 22.2486
v  385.8033 153.0623 30.2264
v  383.0457 671.6674 30.2264
v  385.8033 153.0623 38.2041
v  383.0457 671.6674 38.2041
v  372.0285 1074.1393 38.2041
v  372.0285 1074.1393 30.2264
v  372.0285 1074.1393 22.2486
v  385.8033 153.0623 46.1819
v  383.0457 671.6674 46.1819
v  372.0285 1074.1393 46.1819
v  385.8033 153.0623 -1.6795
v  383.0457 671.6674 -1.6795
v  385.8033 153.0623 6.2982
v  383.0457 671.6674 6.2982
v  372.0285 1074.1393 6.2982
v  372.0285 1074.1393 -1.6795
v  385.8033 153.0623 14.2760
v  383.0457 671.6674 14.2760
v  372.0285 1074.1393 14.2760
v  525.2550 1109.0765 -65.4964
v  542.3857 687.8123 -65.4964
v  547.9138 152.3300 -65.4964
v  525.2550 1109.0765 -33.5905
v  542.3857 687.8123 -33.5905
v  547.9138 152.3300 -33.5905
v  477.3684 1098.1597 -73.4742
v  492.5935 682.7686 -73.4742
v  497.2567 152.5604 -73.4742
v  400.7552 1080.6936 -73.4742
v  412.9171 674.6936 -73.4742
v  416.2014 152.9240 -73.4742
v  542.3857 687.8123 38.2041
v  525.2550 1109.0765 38.2041
v  525.2550 1109.0765 46.1819
v  542.3857 687.8123 46.1819
v  522.8616 1108.5337 52.1626
v  539.9012 687.5614 52.1626
v  545.3773 152.3403 52.1626
v  547.9138 152.3300 46.1819
v  547.9138 152.3300 38.2041
v  439.0618 1089.4241 -73.4742
v  452.7585 678.7285 -73.4742
v  456.7258 152.7396 -73.4742
v  537.7811 152.3761 54.1596
v  532.4285 686.8036 54.1596
v  515.6751 1106.8951 54.1596
v  525.2550 1109.0765 30.2264
v  542.3857 687.8123 30.2264
v  547.9138 152.3300 30.2264
v  -472.3819 1109.0765 46.1819
v  -472.3819 1109.0765 38.2041
v  -489.5190 687.8123 38.2041
v  -489.5190 687.8123 46.1819
v  -495.0406 152.3300 38.2041
v  -495.0406 152.3300 46.1819
v  -492.5042 152.3403 52.1626
v  -487.0281 687.5614 52.1626
v  -469.9885 1108.5337 52.1626
v  -429.7633 681.7598 -73.4742
v  -414.9219 1095.9783 -73.4742
v  -405.3485 1093.7919 -73.4742
v  -419.7997 680.7511 -73.4742
v  -395.7686 1091.6105 -73.4742
v  -409.8426 679.7424 -73.4742
v  -413.9854 152.6936 -73.4742
v  -424.1181 152.6475 -73.4742
v  -434.2509 152.6065 -73.4742
v  -472.3819 1109.0765 -17.6350
v  -472.3819 1109.0765 -25.6128
v  -489.5190 687.8123 -25.6128
v  -489.5190 687.8123 -17.6350
v  -495.0406 152.3300 -25.6128
v  -495.0406 152.3300 -17.6350
v  -495.0406 152.3300 -9.6573
v  -489.5190 687.8123 -9.6573
v  -472.3819 1109.0765 -9.6573
v  -472.3819 1109.0765 -49.5409
v  -472.3819 1109.0765 -57.5187
v  -489.5190 687.8123 -57.5187
v  -489.5190 687.8123 -49.5409
v  -495.0406 152.3300 -57.5187
v  -495.0406 152.3300 -49.5409
v  -495.0406 152.3300 -41.5632
v  -489.5190 687.8123 -41.5632
v  -472.3819 1109.0765 -41.5632
v  -469.5983 685.7948 -73.4742
v  -453.2285 1104.7139 -73.4742
v  -443.6487 1102.5275 -73.4742
v  -459.6412 684.7861 -73.4742
v  -434.0753 1100.3461 -73.4742
v  -449.6776 683.7773 -73.4742
v  -454.5163 152.5143 -73.4742
v  -464.6425 152.4683 -73.4742
v  -474.7752 152.4222 -73.4742
v  -389.9283 677.7198 -73.4742
v  -376.6153 1087.2428 -73.4742
v  -367.0419 1085.0614 -73.4742
v  -379.9647 676.7111 -73.4742
v  -357.4620 1082.8749 -73.4742
v  -370.0076 675.7023 -73.4742
v  -373.4611 152.8779 -73.4742
v  -383.5938 152.8318 -73.4742
v  -393.7265 152.7857 -73.4742
v  -472.3819 1109.0765 14.2760
v  -472.3819 1109.0765 6.2982
v  -489.5190 687.8123 6.2982
v  -489.5190 687.8123 14.2760
v  -495.0406 152.3300 6.2982
v  -495.0406 152.3300 14.2760
v  -495.0406 152.3300 22.2486
v  -489.5190 687.8123 22.2486
v  -472.3819 1109.0765 22.2486
v  -472.3819 1109.0765 -1.6795
v  -489.5190 687.8123 -1.6795
v  -495.0406 152.3300 -1.6795
v  -386.1952 1089.4241 -73.4742
v  -399.8855 678.7285 -73.4742
v  -403.8527 152.7396 -73.4742
v  -389.9283 677.7198 54.1596
v  -393.7265 152.7857 54.1596
v  -383.5938 152.8318 54.1596
v  -379.9647 676.7111 54.1596
v  -373.4611 152.8779 54.1596
v  -370.0076 675.7023 54.1596
v  -357.4620 1082.8749 54.1596
v  -367.0419 1085.0614 54.1596
v  -376.6153 1087.2428 54.1596
v  -409.8426 679.7424 54.1596
v  -413.9854 152.6936 54.1596
v  -403.8527 152.7396 54.1596
v  -399.8855 678.7285 54.1596
v  -386.1952 1089.4241 54.1596
v  -395.7686 1091.6105 54.1596
v  -350.0869 673.6848 54.1596
v  -353.1956 152.9701 54.1596
v  -343.0629 153.0162 54.1596
v  -340.1298 672.6761 54.1596
v  -335.4666 153.0520 52.1626
v  -332.6635 671.9183 52.1626
v  -321.5488 1074.6873 52.1626
v  -328.7353 1076.3258 54.1596
v  -338.3087 1078.5071 54.1596
v  -363.3283 152.9240 54.1596
v  -360.0505 674.6936 54.1596
v  -347.8886 1080.6936 54.1596
v  -469.5983 685.7948 54.1596
v  -474.7752 152.4222 54.1596
v  -464.6425 152.4683 54.1596
v  -459.6412 684.7861 54.1596
v  -454.5163 152.5143 54.1596
v  -449.6776 683.7773 54.1596
v  -434.0753 1100.3461 54.1596
v  -443.6487 1102.5275 54.1596
v  -453.2285 1104.7139 54.1596
v  -484.9079 152.3761 54.1596
v  -479.5554 686.8036 54.1596
v  -462.8020 1106.8951 54.1596
v  -429.7633 681.7598 54.1596
v  -434.2509 152.6065 54.1596
v  -424.1181 152.6475 54.1596
v  -419.7997 680.7511 54.1596
v  -405.3485 1093.7919 54.1596
v  -414.9219 1095.9783 54.1596
v  -444.3835 152.5604 54.1596
v  -439.7204 682.7686 54.1596
v  -424.5019 1098.1597 54.1596
v  -487.0281 687.5614 -71.4772
v  -469.9885 1108.5337 -71.4772
v  -462.8020 1106.8951 -73.4742
v  -479.5554 686.8036 -73.4742
v  -484.9079 152.3761 -73.4742
v  -492.5042 152.3403 -71.4772
v  -332.9367 153.0623 -33.5905
v  -332.9367 153.0623 -41.5632
v  -330.1726 671.6674 -41.5632
v  -330.1726 671.6674 -33.5905
v  -319.1554 1074.1393 -41.5632
v  -319.1554 1074.1393 -33.5905
v  -319.1554 1074.1393 -25.6128
v  -330.1726 671.6674 -25.6128
v  -332.9367 153.0623 -25.6128
v  -332.9367 153.0623 -17.6350
v  -330.1726 671.6674 -17.6350
v  -319.1554 1074.1393 -17.6350
v  -319.1554 1074.1393 -9.6573
v  -330.1726 671.6674 -9.6573
v  -332.9367 153.0623 -9.6573
v  -332.9367 153.0623 -65.4964
v  -335.4666 153.0520 -71.4772
v  -332.6635 671.9183 -71.4772
v  -330.1726 671.6674 -65.4964
v  -321.5488 1074.6873 -71.4772
v  -319.1554 1074.1393 -65.4964
v  -319.1554 1074.1393 -57.5187
v  -330.1726 671.6674 -57.5187
v  -332.9367 153.0623 -57.5187
v  -332.9367 153.0623 -49.5409
v  -330.1726 671.6674 -49.5409
v  -319.1554 1074.1393 -49.5409
v  -332.9367 153.0623 30.2264
v  -332.9367 153.0623 22.2486
v  -330.1726 671.6674 22.2486
v  -330.1726 671.6674 30.2264
v  -319.1554 1074.1393 22.2486
v  -319.1554 1074.1393 30.2264
v  -319.1554 1074.1393 38.2041
v  -330.1726 671.6674 38.2041
v  -332.9367 153.0623 38.2041
v  -332.9367 153.0623 46.1819
v  -330.1726 671.6674 46.1819
v  -319.1554 1074.1393 46.1819
v  -332.9367 153.0623 -1.6795
v  -330.1726 671.6674 -1.6795
v  -319.1554 1074.1393 -1.6795
v  -319.1554 1074.1393 6.2982
v  -330.1726 671.6674 6.2982
v  -332.9367 153.0623 6.2982
v  -332.9367 153.0623 14.2760
v  -330.1726 671.6674 14.2760
v  -319.1554 1074.1393 14.2760
v  -472.3819 1109.0765 -65.4964
v  -489.5190 687.8123 -65.4964
v  -495.0406 152.3300 -65.4964
v  -472.3819 1109.0765 -33.5905
v  -489.5190 687.8123 -33.5905
v  -495.0406 152.3300 -33.5905
v  -424.5019 1098.1597 -73.4742
v  -439.7204 682.7686 -73.4742
v  -444.3835 152.5604 -73.4742
v  -347.8886 1080.6936 -73.4742
v  -360.0505 674.6936 -73.4742
v  -338.3087 1078.5071 -73.4742
v  -350.0869 673.6848 -73.4742
v  -353.1956 152.9701 -73.4742
v  -363.3283 152.9240 -73.4742
v  -472.3819 1109.0765 30.2264
v  -489.5190 687.8123 30.2264
v  -495.0406 152.3300 30.2264
v  -328.7353 1076.3258 -73.4742
v  -340.1298 672.6761 -73.4742
v  -343.0629 153.0162 -73.4742
# 384 vertices

vn -0.1609 -0.9869 0.0133
vn -0.0000 -1.0000 -0.0000
vn -0.1624 -0.9867 0.0023
vn -0.1604 -0.9871 0.0007
vn -0.3186 -0.9479 0.0014
vn -0.3218 -0.9468 0.0041
vn -0.3275 -0.9446 0.0227
vn 0.9998 -0.0000 -0.0201
vn 0.9952 -0.0000 -0.0975
vn 0.9952 0.0000 -0.0975
vn 0.9998 0.0000 -0.0201
vn 1.0000 0.0000 -0.0081
vn 0.0000 1.0000 0.0000
vn -0.0000 1.0000 0.0000
vn -0.1604 0.9871 0.0007
vn -0.1624 0.9867 0.0023
vn -0.1609 0.9869 0.0133
vn -0.3275 0.9446 0.0227
vn -0.3218 0.9468 0.0041
vn -0.3186 0.9479 0.0014
vn 0.1716 -0.9850 -0.0155
vn 0.3256 -0.9449 -0.0343
vn 0.3219 -0.9467 -0.0067
vn 0.1641 -0.9864 -0.0031
vn 0.3185 -0.9479 -0.0025
vn 0.1627 -0.9867 -0.0013
vn -0.9999 0.0000 0.0129
vn -1.0000 0.0000 0.0042
vn -0.9973 0.0000 0.0740
vn -0.9505 -0.3104 0.0125
vn -0.9495 -0.3139 0.0040
vn -0.9873 -0.1591 0.0042
vn -0.9875 -0.1574 0.0126
vn -0.9853 -0.1547 0.0722
vn -0.9499 -0.3039 0.0728
vn -0.9873 0.1591 0.0042
vn -0.9875 0.1574 0.0126
vn -0.9495 0.3139 0.0040
vn -0.9505 0.3104 0.0125
vn -0.9499 0.3039 0.0728
vn -0.9853 0.1547 0.0722
vn 0.9503 -0.3109 -0.0188
vn 0.9478 -0.3058 -0.0905
vn 0.9833 -0.1537 -0.0974
vn 0.9874 -0.1571 -0.0199
vn 0.9873 -0.1588 -0.0080
vn 0.9494 -0.3139 -0.0077
vn 0.9833 0.1537 -0.0974
vn 0.9874 0.1571 -0.0199
vn 0.9478 0.3058 -0.0905
vn 0.9503 0.3109 -0.0188
vn 0.9494 0.3139 -0.0077
vn 0.9873 0.1588 -0.0080
vn 0.1627 0.9867 -0.0013
vn 0.3185 0.9479 -0.0025
vn 0.3219 0.9467 -0.0067
vn 0.1641 0.9864 -0.0031
vn 0.3256 0.9449 -0.0343
vn 0.1716 0.9850 -0.0155
vn -0.9833 0.1537 -0.0974
vn -0.9952 -0.0000 -0.0975
vn -0.9998 -0.0000 -0.0201
vn -0.9874 0.1571 -0.0199
vn -1.0000 0.0000 -0.0081
vn -0.9873 0.1588 -0.0080
vn -0.9494 0.3139 -0.0077
vn -0.9503 0.3109 -0.0188
vn -0.9478 0.3058 -0.0905
vn 0.0000 -1.0000 -0.0000
vn -0.9952 0.0000 -0.0975
vn -0.9998 0.0000 -0.0201
vn 0.1604 0.9871 0.0007
vn 0.1624 0.9867 0.0023
vn 0.3186 0.9479 0.0014
vn 0.3218 0.9468 0.0041
vn 0.3275 0.9446 0.0227
vn 0.1609 0.9869 0.0133
vn -0.3219 0.9467 -0.0067
vn -0.3185 0.9479 -0.0025
vn -0.1627 0.9867 -0.0013
vn -0.1641 0.9864 -0.0031
vn -0.1716 0.9850 -0.0155
vn -0.3256 0.9449 -0.0343
vn -0.3219 -0.9467 -0.0067
vn -0.3256 -0.9449 -0.0343
vn -0.1716 -0.9850 -0.0155
vn -0.1641 -0.9864 -0.0031
vn -0.1627 -0.9867 -0.0013
vn -0.3185 -0.9479 -0.0025
vn 1.0000 0.0000 0.0042
vn 0.9999 0.0000 0.0129
vn 0.9973 0.0000 0.0740
vn 0.9873 -0.1591 0.0042
vn 0.9495 -0.3139 0.0040
vn 0.9505 -0.3104 0.0125
vn 0.9875 -0.1574 0.0126
vn 0.9499 -0.3039 0.0728
vn 0.9853 -0.1547 0.0722
vn 0.9873 0.1591 0.0042
vn 0.9875 0.1574 0.0126
vn 0.9853 0.1547 0.0722
vn 0.9499 0.3039 0.0728
vn 0.9505 0.3104 0.0125
vn 0.9495 0.3139 0.0040
vn -0.9833 -0.1537 -0.0974
vn -0.9478 -0.3058 -0.0905
vn -0.9503 -0.3109 -0.0188
vn -0.9874 -0.1571 -0.0199
vn -0.9494 -0.3139 -0.0077
vn -0.9873 -0.1588 -0.0080
vn 0.1609 -0.9869 0.0133
vn 0.1624 -0.9867 0.0023
vn 0.3275 -0.9446 0.0227
vn 0.3218 -0.9468 0.0041
vn 0.3186 -0.9479 0.0014
vn 0.1604 -0.9871 0.0007
# 116 vertex normals

vt 0.0861 0.8264 0.0000
vt 0.0838 0.8270 0.0000
vt 0.0811 0.7080 0.0000
vt 0.0834 0.7077 0.0000
vt 0.0804 0.5551 0.0000
vt 0.0828 0.5551 0.0000
vt 0.0852 0.5551 0.0000
vt 0.0858 0.7074 0.0000
vt 0.0883 0.8257 0.0000
vt 0.0680 0.8316 0.0000
vt 0.0657 0.8323 0.0000
vt 0.0623 0.7105 0.0000
vt 0.0646 0.7102 0.0000
vt 0.0612 0.5550 0.0000
vt 0.0636 0.5550 0.0000
vt 0.0660 0.5550 0.0000
vt 0.0670 0.7099 0.0000
vt 0.0702 0.8310 0.0000
vt 0.6329 0.1123 0.0000
vt 0.7575 0.1123 0.0000
vt 0.7575 0.1099 0.0000
vt 0.6329 0.1099 0.0000
vt 0.7575 0.1075 0.0000
vt 0.6329 0.1075 0.0000
vt 0.4755 0.1075 0.0000
vt 0.4755 0.1099 0.0000
vt 0.4755 0.1123 0.0000
vt 0.6329 0.1218 0.0000
vt 0.7575 0.1218 0.0000
vt 0.7575 0.1195 0.0000
vt 0.6329 0.1195 0.0000
vt 0.7575 0.1171 0.0000
vt 0.6329 0.1171 0.0000
vt 0.4755 0.1171 0.0000
vt 0.4755 0.1194 0.0000
vt 0.4755 0.1218 0.0000
vt 0.0589 0.8342 0.0000
vt 0.0567 0.8349 0.0000
vt 0.0528 0.7117 0.0000
vt 0.0552 0.7114 0.0000
vt 0.0517 0.5549 0.0000
vt 0.0541 0.5549 0.0000
vt 0.0565 0.5550 0.0000
vt 0.0575 0.7111 0.0000
vt 0.0612 0.8336 0.0000
vt 0.0770 0.8290 0.0000
vt 0.0748 0.8296 0.0000
vt 0.0717 0.7092 0.0000
vt 0.0740 0.7089 0.0000
vt 0.0708 0.5550 0.0000
vt 0.0732 0.5551 0.0000
vt 0.0756 0.5551 0.0000
vt 0.0764 0.7086 0.0000
vt 0.0793 0.8283 0.0000
vt 0.6329 0.1027 0.0000
vt 0.7575 0.1027 0.0000
vt 0.7575 0.1003 0.0000
vt 0.6329 0.1003 0.0000
vt 0.7575 0.0979 0.0000
vt 0.6329 0.0979 0.0000
vt 0.4755 0.0979 0.0000
vt 0.4755 0.1003 0.0000
vt 0.4755 0.1027 0.0000
vt 0.7575 0.1051 0.0000
vt 0.6329 0.1051 0.0000
vt 0.4755 0.1051 0.0000
vt 0.2616 0.1082 0.0000
vt 0.2640 0.1082 0.0000
vt 0.2631 0.2624 0.0000
vt 0.2608 0.2621 0.0000
vt 0.2600 0.3828 0.0000
vt 0.2577 0.3821 0.0000
vt 0.2555 0.3815 0.0000
vt 0.2584 0.2618 0.0000
vt 0.2592 0.1082 0.0000
vt 0.2664 0.1081 0.0000
vt 0.2688 0.1081 0.0000
vt 0.2678 0.2630 0.0000
vt 0.2655 0.2627 0.0000
vt 0.2645 0.3841 0.0000
vt 0.2622 0.3834 0.0000
vt 0.2520 0.1082 0.0000
vt 0.2544 0.1082 0.0000
vt 0.2537 0.2612 0.0000
vt 0.2514 0.2609 0.0000
vt 0.2509 0.3802 0.0000
vt 0.2487 0.3795 0.0000
vt 0.2464 0.3789 0.0000
vt 0.2490 0.2606 0.0000
vt 0.2496 0.1082 0.0000
vt 0.2568 0.1082 0.0000
vt 0.2561 0.2615 0.0000
vt 0.2532 0.3808 0.0000
vt 0.2808 0.1081 0.0000
vt 0.2832 0.1080 0.0000
vt 0.2819 0.2648 0.0000
vt 0.2796 0.2645 0.0000
vt 0.2781 0.3880 0.0000
vt 0.2758 0.3874 0.0000
vt 0.2736 0.3867 0.0000
vt 0.2772 0.2642 0.0000
vt 0.2784 0.1081 0.0000
vt 0.2712 0.1081 0.0000
vt 0.2736 0.1081 0.0000
vt 0.2725 0.2636 0.0000
vt 0.2702 0.2633 0.0000
vt 0.2690 0.3854 0.0000
vt 0.2668 0.3847 0.0000
vt 0.2760 0.1081 0.0000
vt 0.2749 0.2639 0.0000
vt 0.2713 0.3861 0.0000
vt 0.0544 0.8355 0.0000
vt 0.0521 0.8362 0.0000
vt 0.0481 0.7123 0.0000
vt 0.0505 0.7120 0.0000
vt 0.0469 0.5549 0.0000
vt 0.0493 0.5549 0.0000
vt 0.6278 0.0594 0.0000
vt 0.4755 0.0594 0.0000
vt 0.4755 0.0618 0.0000
vt 0.6278 0.0618 0.0000
vt 0.4755 0.0642 0.0000
vt 0.6278 0.0642 0.0000
vt 0.7466 0.0642 0.0000
vt 0.7466 0.0618 0.0000
vt 0.7466 0.0594 0.0000
vt 0.4755 0.0665 0.0000
vt 0.6278 0.0665 0.0000
vt 0.4755 0.0689 0.0000
vt 0.6278 0.0689 0.0000
vt 0.7466 0.0689 0.0000
vt 0.7466 0.0665 0.0000
vt 0.6278 0.0498 0.0000
vt 0.4755 0.0498 0.0000
vt 0.4755 0.0522 0.0000
vt 0.6278 0.0522 0.0000
vt 0.4755 0.0546 0.0000
vt 0.6278 0.0546 0.0000
vt 0.7466 0.0546 0.0000
vt 0.7466 0.0522 0.0000
vt 0.7466 0.0498 0.0000
vt 0.4755 0.0570 0.0000
vt 0.6278 0.0570 0.0000
vt 0.7466 0.0570 0.0000
vt 0.6278 0.0785 0.0000
vt 0.4755 0.0785 0.0000
vt 0.4755 0.0809 0.0000
vt 0.6278 0.0809 0.0000
vt 0.4755 0.0833 0.0000
vt 0.6278 0.0833 0.0000
vt 0.7466 0.0833 0.0000
vt 0.7466 0.0809 0.0000
vt 0.7466 0.0785 0.0000
vt 0.4755 0.0857 0.0000
vt 0.6278 0.0857 0.0000
vt 0.4755 0.0881 0.0000
vt 0.6278 0.0881 0.0000
vt 0.7466 0.0881 0.0000
vt 0.7466 0.0857 0.0000
vt 0.4755 0.0713 0.0000
vt 0.6278 0.0713 0.0000
vt 0.4755 0.0737 0.0000
vt 0.6278 0.0737 0.0000
vt 0.7466 0.0737 0.0000
vt 0.7466 0.0713 0.0000
vt 0.4755 0.0761 0.0000
vt 0.6278 0.0761 0.0000
vt 0.7466 0.0761 0.0000
vt 0.6329 0.1266 0.0000
vt 0.7575 0.1266 0.0000
vt 0.7575 0.1242 0.0000
vt 0.6329 0.1242 0.0000
vt 0.4755 0.1242 0.0000
vt 0.4755 0.1266 0.0000
vt 0.7575 0.1147 0.0000
vt 0.6329 0.1147 0.0000
vt 0.4755 0.1147 0.0000
vt 0.0635 0.8329 0.0000
vt 0.0599 0.7108 0.0000
vt 0.0588 0.5550 0.0000
vt 0.0816 0.8277 0.0000
vt 0.0787 0.7083 0.0000
vt 0.0780 0.5551 0.0000
vt 0.6329 0.0931 0.0000
vt 0.7575 0.0931 0.0000
vt 0.7575 0.0907 0.0000
vt 0.6329 0.0907 0.0000
vt 0.7575 0.0883 0.0000
vt 0.6329 0.0883 0.0000
vt 0.4755 0.0883 0.0000
vt 0.4755 0.0907 0.0000
vt 0.4755 0.0931 0.0000
vt 0.0725 0.8303 0.0000
vt 0.0693 0.7095 0.0000
vt 0.0684 0.5550 0.0000
vt 0.2856 0.1080 0.0000
vt 0.2880 0.1080 0.0000
vt 0.2867 0.2654 0.0000
vt 0.2843 0.2651 0.0000
vt 0.2826 0.3893 0.0000
vt 0.2803 0.3887 0.0000
vt 0.7575 0.0955 0.0000
vt 0.6329 0.0955 0.0000
vt 0.4755 0.0955 0.0000
vt 0.7576 0.1628 0.0000
vt 0.7576 0.1604 0.0000
vt 0.6329 0.1604 0.0000
vt 0.6329 0.1628 0.0000
vt 0.4755 0.1604 0.0000
vt 0.4755 0.1628 0.0000
vt 0.4755 0.1652 0.0000
vt 0.6329 0.1652 0.0000
vt 0.7576 0.1652 0.0000
vt 0.2778 0.7105 0.0000
vt 0.2743 0.8323 0.0000
vt 0.2720 0.8317 0.0000
vt 0.2755 0.7102 0.0000
vt 0.2698 0.8310 0.0000
vt 0.2731 0.7099 0.0000
vt 0.2742 0.5551 0.0000
vt 0.2765 0.5550 0.0000
vt 0.2789 0.5550 0.0000
vt 0.7576 0.1436 0.0000
vt 0.7576 0.1412 0.0000
vt 0.6329 0.1412 0.0000
vt 0.6329 0.1436 0.0000
vt 0.4755 0.1412 0.0000
vt 0.4755 0.1436 0.0000
vt 0.4755 0.1460 0.0000
vt 0.6329 0.1460 0.0000
vt 0.7576 0.1460 0.0000
vt 0.7576 0.1341 0.0000
vt 0.7576 0.1317 0.0000
vt 0.6329 0.1317 0.0000
vt 0.6329 0.1341 0.0000
vt 0.4755 0.1317 0.0000
vt 0.4755 0.1341 0.0000
vt 0.4755 0.1364 0.0000
vt 0.6329 0.1365 0.0000
vt 0.7576 0.1365 0.0000
vt 0.2872 0.7117 0.0000
vt 0.2833 0.8350 0.0000
vt 0.2811 0.8343 0.0000
vt 0.2849 0.7114 0.0000
vt 0.2788 0.8336 0.0000
vt 0.2825 0.7111 0.0000
vt 0.2837 0.5550 0.0000
vt 0.2861 0.5550 0.0000
vt 0.2885 0.5550 0.0000
vt 0.2684 0.7093 0.0000
vt 0.2652 0.8297 0.0000
vt 0.2630 0.8291 0.0000
vt 0.2661 0.7090 0.0000
vt 0.2607 0.8284 0.0000
vt 0.2637 0.7087 0.0000
vt 0.2646 0.5551 0.0000
vt 0.2670 0.5551 0.0000
vt 0.2694 0.5551 0.0000
vt 0.7576 0.1532 0.0000
vt 0.7576 0.1508 0.0000
vt 0.6329 0.1508 0.0000
vt 0.6329 0.1532 0.0000
vt 0.4755 0.1508 0.0000
vt 0.4755 0.1532 0.0000
vt 0.4755 0.1556 0.0000
vt 0.6329 0.1556 0.0000
vt 0.7576 0.1556 0.0000
vt 0.7576 0.1484 0.0000
vt 0.6329 0.1484 0.0000
vt 0.4755 0.1484 0.0000
vt 0.2675 0.8304 0.0000
vt 0.2708 0.7096 0.0000
vt 0.2718 0.5551 0.0000
vt 0.0664 0.2624 0.0000
vt 0.0655 0.1082 0.0000
vt 0.0679 0.1082 0.0000
vt 0.0687 0.2621 0.0000
vt 0.0703 0.1082 0.0000
vt 0.0711 0.2618 0.0000
vt 0.0740 0.3815 0.0000
vt 0.0718 0.3821 0.0000
vt 0.0695 0.3828 0.0000
vt 0.0617 0.2630 0.0000
vt 0.0607 0.1081 0.0000
vt 0.0631 0.1081 0.0000
vt 0.0640 0.2627 0.0000
vt 0.0673 0.3834 0.0000
vt 0.0650 0.3841 0.0000
vt 0.0758 0.2612 0.0000
vt 0.0751 0.1082 0.0000
vt 0.0775 0.1082 0.0000
vt 0.0781 0.2609 0.0000
vt 0.0799 0.1082 0.0000
vt 0.0805 0.2606 0.0000
vt 0.0831 0.3789 0.0000
vt 0.0808 0.3795 0.0000
vt 0.0786 0.3802 0.0000
vt 0.0727 0.1082 0.0000
vt 0.0734 0.2615 0.0000
vt 0.0763 0.3808 0.0000
vt 0.0476 0.2648 0.0000
vt 0.0463 0.1080 0.0000
vt 0.0487 0.1081 0.0000
vt 0.0499 0.2645 0.0000
vt 0.0511 0.1081 0.0000
vt 0.0523 0.2642 0.0000
vt 0.0559 0.3867 0.0000
vt 0.0537 0.3874 0.0000
vt 0.0514 0.3880 0.0000
vt 0.0429 0.2654 0.0000
vt 0.0416 0.1080 0.0000
vt 0.0439 0.1080 0.0000
vt 0.0452 0.2651 0.0000
vt 0.0492 0.3887 0.0000
vt 0.0469 0.3893 0.0000
vt 0.0570 0.2636 0.0000
vt 0.0559 0.1081 0.0000
vt 0.0583 0.1081 0.0000
vt 0.0593 0.2633 0.0000
vt 0.0627 0.3847 0.0000
vt 0.0605 0.3854 0.0000
vt 0.0535 0.1081 0.0000
vt 0.0546 0.2639 0.0000
vt 0.0582 0.3861 0.0000
vt 0.2919 0.7123 0.0000
vt 0.2879 0.8363 0.0000
vt 0.2856 0.8356 0.0000
vt 0.2896 0.7120 0.0000
vt 0.2909 0.5550 0.0000
vt 0.2933 0.5550 0.0000
vt 0.4755 0.0232 0.0000
vt 0.4755 0.0208 0.0000
vt 0.6278 0.0208 0.0000
vt 0.6278 0.0232 0.0000
vt 0.7466 0.0208 0.0000
vt 0.7466 0.0232 0.0000
vt 0.7466 0.0256 0.0000
vt 0.6278 0.0256 0.0000
vt 0.4755 0.0256 0.0000
vt 0.4755 0.0280 0.0000
vt 0.6278 0.0280 0.0000
vt 0.7466 0.0280 0.0000
vt 0.7466 0.0304 0.0000
vt 0.6278 0.0304 0.0000
vt 0.4755 0.0304 0.0000
vt 0.4755 0.0136 0.0000
vt 0.4755 0.0113 0.0000
vt 0.6278 0.0113 0.0000
vt 0.6278 0.0136 0.0000
vt 0.7466 0.0112 0.0000
vt 0.7466 0.0136 0.0000
vt 0.7466 0.0160 0.0000
vt 0.6278 0.0160 0.0000
vt 0.4755 0.0160 0.0000
vt 0.4755 0.0184 0.0000
vt 0.6278 0.0184 0.0000
vt 0.7466 0.0184 0.0000
vt 0.4755 0.0424 0.0000
vt 0.4755 0.0400 0.0000
vt 0.6278 0.0400 0.0000
vt 0.6278 0.0424 0.0000
vt 0.7466 0.0400 0.0000
vt 0.7466 0.0424 0.0000
vt 0.7466 0.0448 0.0000
vt 0.6278 0.0448 0.0000
vt 0.4755 0.0448 0.0000
vt 0.4755 0.0472 0.0000
vt 0.6278 0.0472 0.0000
vt 0.7466 0.0472 0.0000
vt 0.7466 0.0496 0.0000
vt 0.6278 0.0496 0.0000
vt 0.4755 0.0496 0.0000
vt 0.4755 0.0328 0.0000
vt 0.6278 0.0328 0.0000
vt 0.7466 0.0328 0.0000
vt 0.7466 0.0352 0.0000
vt 0.6278 0.0352 0.0000
vt 0.4755 0.0352 0.0000
vt 0.4755 0.0376 0.0000
vt 0.6278 0.0376 0.0000
vt 0.7466 0.0376 0.0000
vt 0.7576 0.1293 0.0000
vt 0.7576 0.1269 0.0000
vt 0.6329 0.1269 0.0000
vt 0.6329 0.1293 0.0000
vt 0.4755 0.1269 0.0000
vt 0.4755 0.1293 0.0000
vt 0.7576 0.1388 0.0000
vt 0.6329 0.1388 0.0000
vt 0.4755 0.1388 0.0000
vt 0.2765 0.8330 0.0000
vt 0.2802 0.7108 0.0000
vt 0.2813 0.5550 0.0000
vt 0.2584 0.8277 0.0000
vt 0.2614 0.7084 0.0000
vt 0.2562 0.8271 0.0000
vt 0.2590 0.7081 0.0000
vt 0.2598 0.5551 0.0000
vt 0.2622 0.5551 0.0000
vt 0.7576 0.1580 0.0000
vt 0.6329 0.1580 0.0000
vt 0.4755 0.1580 0.0000
vt 0.2539 0.8264 0.0000
vt 0.2567 0.7078 0.0000
vt 0.2517 0.8258 0.0000
vt 0.2543 0.7075 0.0000
vt 0.2550 0.5552 0.0000
vt 0.2574 0.5551 0.0000
# 408 texture coords

o Cube_000
g Cube_000
usemtl pruerta_uno_01___Default
s off
f 1/1/1 2/2/2 3/3/2 4/4/3 
f 3/3/2 5/5/2 6/6/4 4/4/3 
f 6/6/4 7/7/5 8/8/6 4/4/3 
f 4/4/3 8/8/6 9/9/7 1/1/1 
f 10/10/2 11/11/2 12/12/2 13/13/2 
f 12/12/2 14/14/2 15/15/2 13/13/2 
f 15/15/2 16/16/2 17/17/2 13/13/2 
f 13/13/2 17/17/2 18/18/2 10/10/2 
f 19/19/8 20/20/9 21/21/10 22/22/11 
f 21/21/10 23/23/10 24/24/11 22/22/11 
f 24/24/11 25/25/12 26/26/12 22/22/11 
f 26/26/12 27/27/12 19/19/8 22/22/11 
f 28/28/11 29/29/10 30/30/9 31/31/8 
f 30/30/9 32/32/9 33/33/8 31/31/8 
f 33/33/8 34/34/12 35/35/12 31/31/8 
f 35/35/12 36/36/12 28/28/11 31/31/8 
f 37/37/2 38/38/2 39/39/2 40/40/2 
f 39/39/2 41/41/2 42/42/2 40/40/2 
f 42/42/2 43/43/2 44/44/2 40/40/2 
f 40/40/2 44/44/2 45/45/2 37/37/2 
f 46/46/2 47/47/2 48/48/2 49/49/2 
f 48/48/2 50/50/2 51/51/2 49/49/2 
f 51/51/2 52/52/2 53/53/2 49/49/2 
f 49/49/2 53/53/2 54/54/2 46/46/2 
f 55/55/11 56/56/10 57/57/9 58/58/8 
f 57/57/9 59/59/10 60/60/11 58/58/8 
f 60/60/11 61/61/12 62/62/12 58/58/8 
f 62/62/12 63/63/12 55/55/11 58/58/8 
f 24/24/11 23/23/10 64/64/9 65/65/8 
f 64/64/9 56/56/10 55/55/11 65/65/8 
f 55/55/11 63/63/12 66/66/12 65/65/8 
f 66/66/12 25/25/12 24/24/11 65/65/8 
f 67/67/13 68/68/13 69/69/13 70/70/13 
f 69/69/13 71/71/13 72/72/13 70/70/13 
f 70/70/13 72/72/13 73/73/13 74/74/13 
f 74/74/13 75/75/13 67/67/13 70/70/13 
f 76/76/13 77/77/13 78/78/13 79/79/13 
f 78/78/13 80/80/14 81/81/13 79/79/13 
f 79/79/13 81/81/13 71/71/13 69/69/13 
f 69/69/13 68/68/13 76/76/13 79/79/13 
f 82/82/15 83/83/13 84/84/13 85/85/16 
f 84/84/13 86/86/13 87/87/17 85/85/16 
f 85/85/16 87/87/17 88/88/18 89/89/19 
f 89/89/19 90/90/20 82/82/15 85/85/16 
f 91/91/13 75/75/13 74/74/13 92/92/13 
f 74/74/13 73/73/13 93/93/13 92/92/13 
f 92/92/13 93/93/13 86/86/13 84/84/13 
f 84/84/13 83/83/13 91/91/13 92/92/13 
f 94/94/13 95/95/13 96/96/13 97/97/13 
f 96/96/13 98/98/13 99/99/13 97/97/13 
f 97/97/13 99/99/13 100/100/13 101/101/13 
f 101/101/13 102/102/13 94/94/13 97/97/13 
f 103/103/13 104/104/13 105/105/13 106/106/14 
f 105/105/13 107/107/13 108/108/14 106/106/14 
f 106/106/14 108/108/14 80/80/14 78/78/13 
f 78/78/13 77/77/13 103/103/13 106/106/14 
f 109/109/13 102/102/13 101/101/13 110/110/13 
f 101/101/13 100/100/13 111/111/13 110/110/13 
f 110/110/13 111/111/13 107/107/13 105/105/13 
f 105/105/13 104/104/13 109/109/13 110/110/13 
f 112/112/21 113/113/22 114/114/23 115/115/24 
f 114/114/23 116/116/25 117/117/26 115/115/24 
f 117/117/26 41/41/2 39/39/2 115/115/24 
f 115/115/24 39/39/2 38/38/2 112/112/21 
f 118/118/27 119/119/28 120/120/28 121/121/27 
f 120/120/28 122/122/28 123/123/27 121/121/27 
f 123/123/27 124/124/29 125/125/29 121/121/27 
f 125/125/29 126/126/29 118/118/27 121/121/27 
f 123/123/27 122/122/28 127/127/28 128/128/27 
f 127/127/28 129/129/28 130/130/27 128/128/27 
f 130/130/27 131/131/29 132/132/29 128/128/27 
f 132/132/29 124/124/29 123/123/27 128/128/27 
f 8/133/30 7/134/31 133/135/32 134/136/33 
f 133/135/32 135/137/28 136/138/27 134/136/33 
f 136/138/27 137/139/29 138/140/34 134/136/33 
f 138/140/34 9/141/35 8/133/30 134/136/33 
f 136/138/27 135/137/28 139/142/28 140/143/27 
f 139/142/28 119/119/28 118/118/27 140/143/27 
f 118/118/27 126/126/29 141/144/29 140/143/27 
f 141/144/29 137/139/29 136/138/27 140/143/27 
f 142/145/27 143/146/28 144/147/28 145/148/27 
f 144/147/28 146/149/28 147/150/27 145/148/27 
f 147/150/27 148/151/29 149/152/29 145/148/27 
f 149/152/29 150/153/29 142/145/27 145/148/27 
f 147/150/27 146/149/28 151/154/36 152/155/37 
f 151/154/36 90/156/38 89/157/39 152/155/37 
f 89/157/39 88/158/40 153/159/41 152/155/37 
f 153/159/41 148/151/29 147/150/27 152/155/37 
f 130/130/27 129/129/28 154/160/28 155/161/27 
f 154/160/28 156/162/28 157/163/27 155/161/27 
f 157/163/27 158/164/29 159/165/29 155/161/27 
f 159/165/29 131/131/29 130/130/27 155/161/27 
f 157/163/27 156/162/28 160/166/28 161/167/27 
f 160/166/28 143/146/28 142/145/27 161/167/27 
f 142/145/27 150/153/29 162/168/29 161/167/27 
f 162/168/29 158/164/29 157/163/27 161/167/27 
f 114/169/42 113/170/43 163/171/44 164/172/45 
f 163/171/44 29/29/10 28/28/11 164/172/45 
f 28/28/11 36/36/12 165/173/46 164/172/45 
f 165/173/46 116/174/47 114/169/42 164/172/45 
f 33/33/8 32/32/9 166/175/10 167/176/11 
f 166/175/10 20/20/9 19/19/8 167/176/11 
f 19/19/8 27/27/12 168/177/12 167/176/11 
f 168/177/12 34/34/12 33/33/8 167/176/11 
f 169/178/2 45/45/2 44/44/2 170/179/2 
f 44/44/2 43/43/2 171/180/2 170/179/2 
f 171/180/2 14/14/2 12/12/2 170/179/2 
f 170/179/2 12/12/2 11/11/2 169/178/2 
f 172/181/2 54/54/2 53/53/2 173/182/2 
f 53/53/2 52/52/2 174/183/2 173/182/2 
f 174/183/2 5/5/2 3/3/2 173/182/2 
f 173/182/2 3/3/2 2/2/2 172/181/2 
f 175/184/8 176/185/9 177/186/48 178/187/49 
f 177/186/48 179/188/50 180/189/51 178/187/49 
f 180/189/51 181/190/52 182/191/53 178/187/49 
f 182/191/53 183/192/12 175/184/8 178/187/49 
f 184/193/2 18/18/2 17/17/2 185/194/2 
f 17/17/2 16/16/2 186/195/2 185/194/2 
f 186/195/2 50/50/2 48/48/2 185/194/2 
f 185/194/2 48/48/2 47/47/2 184/193/2 
f 187/196/54 181/197/55 180/198/56 188/199/57 
f 180/198/56 179/200/58 189/201/59 188/199/57 
f 188/199/57 189/201/59 98/98/13 96/96/13 
f 96/96/13 95/95/13 187/196/54 188/199/57 
f 60/60/11 59/59/10 190/202/10 191/203/11 
f 190/202/10 176/185/9 175/184/8 191/203/11 
f 175/184/8 183/192/12 192/204/12 191/203/11 
f 192/204/12 61/61/12 60/60/11 191/203/11 
f 193/205/60 194/206/61 195/207/62 196/208/63 
f 195/207/62 197/209/64 198/210/65 196/208/63 
f 198/210/65 199/211/66 200/212/67 196/208/63 
f 200/212/67 201/213/68 193/205/60 196/208/63 
f 202/214/69 203/215/69 204/216/69 205/217/69 
f 205/217/69 204/216/69 206/218/69 207/219/69 
f 207/219/69 208/220/69 209/221/69 205/217/69 
f 209/221/69 210/222/69 202/214/69 205/217/69 
f 211/223/70 212/224/61 213/225/62 214/226/71 
f 213/225/62 215/227/64 216/228/64 214/226/71 
f 216/228/64 217/229/64 218/230/71 214/226/71 
f 218/230/71 219/231/70 211/223/70 214/226/71 
f 220/232/61 221/233/70 222/234/71 223/235/62 
f 222/234/71 224/236/64 225/237/64 223/235/62 
f 225/237/64 226/238/64 227/239/62 223/235/62 
f 227/239/62 228/240/61 220/232/61 223/235/62 
f 229/241/69 230/242/69 231/243/69 232/244/69 
f 232/244/69 231/243/69 233/245/69 234/246/69 
f 234/246/69 235/247/69 236/248/69 232/244/69 
f 236/248/69 237/249/69 229/241/69 232/244/69 
f 238/250/69 239/251/69 240/252/69 241/253/69 
f 241/253/69 240/252/69 242/254/69 243/255/69 
f 243/255/69 244/256/69 245/257/69 241/253/69 
f 245/257/69 246/258/69 238/250/69 241/253/69 
f 247/259/61 248/260/70 249/261/71 250/262/62 
f 249/261/71 251/263/64 252/264/64 250/262/62 
f 252/264/64 253/265/64 254/266/62 250/262/62 
f 254/266/62 255/267/61 247/259/61 250/262/62 
f 256/268/61 219/231/70 218/230/71 257/269/62 
f 218/230/71 217/229/64 258/270/64 257/269/62 
f 258/270/64 251/263/64 249/261/71 257/269/62 
f 249/261/71 248/260/70 256/268/61 257/269/62 
f 207/219/69 206/218/69 259/271/69 260/272/69 
f 260/272/69 259/271/69 239/251/69 238/250/69 
f 238/250/69 246/258/69 261/273/69 260/272/69 
f 261/273/69 208/220/69 207/219/69 260/272/69 
f 262/274/14 263/275/14 264/276/14 265/277/14 
f 264/276/14 266/278/14 267/279/14 265/277/14 
f 265/277/14 267/279/14 268/280/14 269/281/14 
f 269/281/14 270/282/14 262/274/14 265/277/14 
f 271/283/14 272/284/14 273/285/14 274/286/14 
f 273/285/14 263/275/14 262/274/14 274/286/14 
f 274/286/14 262/274/14 270/282/14 275/287/14 
f 275/287/14 276/288/13 271/283/14 274/286/14 
f 277/289/14 278/290/14 279/291/72 280/292/73 
f 279/291/72 281/293/74 282/294/75 280/292/73 
f 280/292/73 282/294/75 283/295/76 284/296/77 
f 284/296/77 285/297/14 277/289/14 280/292/73 
f 267/279/14 266/278/14 286/298/14 287/299/14 
f 286/298/14 278/290/14 277/289/14 287/299/14 
f 287/299/14 277/289/14 285/297/14 288/300/14 
f 288/300/14 268/280/14 267/279/14 287/299/14 
f 289/301/14 290/302/14 291/303/14 292/304/14 
f 291/303/14 293/305/14 294/306/14 292/304/14 
f 292/304/14 294/306/14 295/307/14 296/308/14 
f 296/308/14 297/309/14 289/301/14 292/304/14 
f 200/310/78 199/311/79 298/312/80 299/313/81 
f 298/312/80 290/302/14 289/301/14 299/313/81 
f 299/313/81 289/301/14 297/309/14 300/314/82 
f 300/314/82 201/315/83 200/310/78 299/313/81 
f 301/316/14 302/317/14 303/318/14 304/319/13 
f 303/318/14 272/284/14 271/283/14 304/319/13 
f 304/319/13 271/283/14 276/288/13 305/320/13 
f 305/320/13 306/321/14 301/316/14 304/319/13 
f 294/306/14 293/305/14 307/322/14 308/323/14 
f 307/322/14 302/317/14 301/316/14 308/323/14 
f 308/323/14 301/316/14 306/321/14 309/324/14 
f 309/324/14 295/307/14 294/306/14 308/323/14 
f 310/325/84 311/326/85 312/327/86 313/328/87 
f 313/328/87 312/327/86 230/242/69 229/241/69 
f 229/241/69 237/249/69 314/329/88 313/328/87 
f 314/329/88 315/330/89 310/325/84 313/328/87 
f 316/331/90 317/332/90 318/333/91 319/334/91 
f 318/333/91 320/335/92 321/336/92 319/334/91 
f 321/336/92 322/337/92 323/338/91 319/334/91 
f 323/338/91 324/339/90 316/331/90 319/334/91 
f 325/340/90 324/339/90 323/338/91 326/341/91 
f 323/338/91 322/337/92 327/342/92 326/341/91 
f 327/342/92 328/343/92 329/344/91 326/341/91 
f 329/344/91 330/345/90 325/340/90 326/341/91 
f 331/346/93 332/347/94 333/348/95 334/349/96 
f 333/348/95 335/350/97 336/351/98 334/349/96 
f 336/351/98 337/352/92 338/353/91 334/349/96 
f 338/353/91 339/354/90 331/346/93 334/349/96 
f 340/355/90 339/354/90 338/353/91 341/356/91 
f 338/353/91 337/352/92 342/357/92 341/356/91 
f 342/357/92 320/335/92 318/333/91 341/356/91 
f 318/333/91 317/332/90 340/355/90 341/356/91 
f 343/358/90 344/359/90 345/360/91 346/361/91 
f 345/360/91 347/362/92 348/363/92 346/361/91 
f 348/363/92 349/364/92 350/365/91 346/361/91 
f 350/365/91 351/366/90 343/358/90 346/361/91 
f 352/367/99 351/366/90 350/365/91 353/368/100 
f 350/365/91 349/364/92 354/369/101 353/368/100 
f 354/369/101 283/370/102 282/371/103 353/368/100 
f 282/371/103 281/372/104 352/367/99 353/368/100 
f 355/373/90 330/345/90 329/344/91 356/374/91 
f 329/344/91 328/343/92 357/375/92 356/374/91 
f 357/375/92 358/376/92 359/377/91 356/374/91 
f 359/377/91 360/378/90 355/373/90 356/374/91 
f 361/379/90 360/378/90 359/377/91 362/380/91 
f 359/377/91 358/376/92 363/381/92 362/380/91 
f 363/381/92 347/362/92 345/360/91 362/380/91 
f 345/360/91 344/359/90 361/379/90 362/380/91 
f 364/382/105 311/383/106 310/384/107 365/385/108 
f 310/384/107 315/386/109 366/387/110 365/385/108 
f 366/387/110 224/236/64 222/234/71 365/385/108 
f 222/234/71 221/233/70 364/382/105 365/385/108 
f 367/388/70 228/240/61 227/239/62 368/389/71 
f 227/239/62 226/238/64 369/390/64 368/389/71 
f 369/390/64 215/227/64 213/225/62 368/389/71 
f 213/225/62 212/224/61 367/388/70 368/389/71 
f 234/246/69 233/245/69 370/391/69 371/392/69 
f 371/392/69 370/391/69 203/215/69 202/214/69 
f 202/214/69 210/222/69 372/393/69 371/392/69 
f 372/393/69 235/247/69 234/246/69 371/392/69 
f 243/255/69 242/254/69 373/394/69 374/395/69 
f 374/395/69 373/394/69 375/396/69 376/397/69 
f 376/397/69 377/398/69 378/399/69 374/395/69 
f 378/399/69 244/256/69 243/255/69 374/395/69 
f 379/400/70 255/267/61 254/266/62 380/401/71 
f 254/266/62 253/265/64 381/402/64 380/401/71 
f 381/402/64 197/209/64 195/207/62 380/401/71 
f 195/207/62 194/206/61 379/400/70 380/401/71 
f 376/397/69 375/396/69 382/403/111 383/404/112 
f 383/404/112 382/403/111 335/405/113 333/406/114 
f 333/406/114 332/407/115 384/408/116 383/404/112 
f 384/408/116 377/398/69 376/397/69 383/404/112 
# 256 polygons

#
# object Cube_004
#

v  -260.4784 244.6989 -54.4310
v  -260.7906 244.6937 -53.3864
v  -262.3385 242.3690 -53.4888
v  -262.0588 242.3741 -54.4310
v  -264.4197 259.3589 -53.6322
v  -264.1855 259.3589 -54.4310
v  -266.7740 261.0333 -54.4310
v  -266.9626 261.0333 -53.8012
v  -264.4197 240.3311 -53.6322
v  -264.1855 240.3362 -54.4310
v  -262.0588 257.3209 -54.4310
v  -262.3385 257.3158 -53.4888
v  -266.9626 238.6567 -53.8012
v  -266.7740 238.6618 -54.4310
v  -260.4784 254.9962 -54.4310
v  -260.7906 254.9911 -53.3864
v  -269.8568 237.4175 -53.9958
v  -269.7267 237.4175 -54.4310
v  -259.5094 252.4718 -54.4310
v  -259.8346 252.4667 -53.3199
v  -272.9980 236.6545 -54.2108
v  -272.9330 236.6545 -54.4310
v  -259.5159 249.8399 -53.2994
v  -259.1777 249.8501 -54.4310
v  -272.9330 263.0405 -54.4310
v  -276.2693 263.3017 -54.4310
v  -272.9980 263.0405 -54.2108
v  -276.2693 236.3934 -54.4310
v  -259.8346 247.2182 -53.3199
v  -259.5094 247.2233 -54.4310
v  -269.8568 262.2725 -53.9958
v  -269.7267 262.2776 -54.4310
v  -270.2339 237.4124 -53.5810
v  -273.1866 236.6494 -53.9958
v  -260.7971 252.4615 -52.2548
v  -260.4980 249.8347 -52.2087
v  -273.1866 263.0405 -53.9958
v  -260.7971 247.2130 -52.2548
v  -270.2339 262.2725 -53.5810
v  -261.6946 244.6886 -52.3777
v  -267.5024 261.0282 -53.1970
v  -263.1514 242.3639 -52.5876
v  -265.1155 259.3538 -52.8590
v  -265.1155 240.3259 -52.8590
v  -263.1514 257.3107 -52.5876
v  -267.5024 238.6567 -53.1970
v  -261.6946 254.9860 -52.3777
v  -268.3869 261.0230 -52.6388
v  -266.2342 259.3486 -52.1524
v  -266.2342 240.3208 -52.1524
v  -264.4717 242.3588 -51.7530
v  -264.4717 257.3107 -51.7530
v  -268.3869 238.6515 -52.6388
v  -263.1645 254.9809 -51.4560
v  -270.8388 237.4124 -53.1970
v  -262.3580 252.4565 -51.2717
v  -273.4988 236.6494 -53.8012
v  -262.0848 249.8296 -51.2102
v  -273.4988 263.0405 -53.8012
v  -262.3580 247.2079 -51.2717
v  -270.8388 262.2725 -53.1970
v  -263.1645 244.6835 -51.4509
v  -264.2115 249.8245 -50.3295
v  -264.4457 252.4513 -50.4063
v  -273.9150 263.0405 -53.6322
v  -273.9150 236.6494 -53.6322
v  -264.4457 247.2028 -50.4063
v  -271.6517 262.2673 -52.8590
v  -265.1286 244.6784 -50.6418
v  -269.5706 261.0230 -52.1524
v  -266.2472 242.3537 -51.0207
v  -267.7430 259.3435 -51.5328
v  -267.7430 240.3208 -51.5328
v  -266.2472 257.3056 -51.0207
v  -269.5706 238.6515 -52.1524
v  -265.1286 254.9757 -50.6418
v  -271.6517 237.4124 -52.8590
v  -268.3999 242.3537 -50.4216
v  -269.5771 240.3157 -51.0207
v  -269.5771 259.3435 -51.0207
v  -268.3999 257.3004 -50.4216
v  -271.0144 238.6464 -51.7530
v  -267.5284 254.9706 -49.9762
v  -272.6468 237.4073 -52.5876
v  -266.9886 252.4462 -49.6997
v  -274.4223 236.6494 -53.4888
v  -266.8065 249.8245 -49.6075
v  -274.4223 263.0354 -53.4888
v  -266.9886 247.1977 -49.6997
v  -272.6468 262.2673 -52.5876
v  -267.5284 244.6784 -49.9762
v  -271.0144 261.0179 -51.7530
v  -275.0012 263.0354 -53.3864
v  -275.0012 236.6494 -53.3864
v  -269.7657 249.8194 -49.0698
v  -269.8893 247.1977 -49.1722
v  -273.7784 262.2673 -52.3777
v  -270.2599 244.6732 -49.4795
v  -272.6533 261.0179 -51.4560
v  -270.8648 242.3486 -49.9762
v  -271.6713 259.3435 -50.6418
v  -271.6713 240.3157 -50.6418
v  -270.8648 257.3004 -49.9762
v  -272.6533 238.6464 -51.4509
v  -270.2599 254.9706 -49.4795
v  -273.7784 237.4073 -52.3777
v  -269.8893 252.4462 -49.1722
v  -273.9410 259.3384 -50.4063
v  -273.5313 257.2953 -49.6997
v  -273.9410 240.3157 -50.4063
v  -274.4353 238.6464 -51.2717
v  -273.2256 254.9706 -49.1722
v  -275.0076 237.4073 -52.2548
v  -273.0370 252.4411 -48.8497
v  -275.6255 236.6494 -53.3199
v  -272.9720 249.8194 -48.7421
v  -275.6255 263.0354 -53.3199
v  -273.0370 247.1926 -48.8497
v  -275.0076 262.2673 -52.2548
v  -273.2256 244.6732 -49.1722
v  -274.4353 261.0179 -51.2717
v  -273.5313 242.3486 -49.6997
v  -276.3084 249.8194 -48.6295
v  -276.3084 247.1926 -48.7421
v  -276.2759 263.0354 -53.2994
v  -276.2823 262.2673 -52.2087
v  -276.3084 244.6732 -49.0698
v  -276.2888 261.0179 -51.2102
v  -276.3019 242.3486 -49.6075
v  -276.2954 259.3384 -50.3295
v  -276.2954 240.3157 -50.3295
v  -276.3019 257.2953 -49.6075
v  -276.2888 238.6464 -51.2102
v  -276.3084 254.9706 -49.0698
v  -276.2823 237.4073 -52.2087
v  -276.3084 252.4411 -48.7421
v  -276.2759 236.6494 -53.2994
v  -278.1424 238.6464 -51.2717
v  -278.6497 240.3157 -50.4063
v  -279.3846 254.9706 -49.1722
v  -279.0724 257.2953 -49.6997
v  -277.5571 237.4073 -52.2548
v  -279.5732 252.4411 -48.8497
v  -276.9262 236.6494 -53.3199
v  -279.6382 249.8194 -48.7421
v  -276.9262 263.0354 -53.3199
v  -279.5732 247.1926 -48.8497
v  -277.5571 262.2673 -52.2548
v  -279.3846 244.6732 -49.1722
v  -278.1424 261.0179 -51.2717
v  -279.0724 242.3486 -49.6997
v  -278.6497 259.3384 -50.4063
v  -282.7210 247.1977 -49.1722
v  -282.3438 244.6732 -49.4795
v  -279.9179 261.0179 -51.4509
v  -278.7863 262.2673 -52.3777
v  -281.7325 242.3486 -49.9762
v  -280.9195 259.3435 -50.6418
v  -280.9195 240.3157 -50.6418
v  -281.7325 257.3004 -49.9762
v  -279.9179 238.6464 -51.4509
v  -282.3438 254.9706 -49.4795
v  -278.7863 237.4073 -52.3777
v  -282.7210 252.4462 -49.1722
v  -277.5506 236.6494 -53.3864
v  -282.8446 249.8194 -49.0698
v  -277.5506 263.0354 -53.3864
v  -281.5568 238.6464 -51.7530
v  -279.9114 237.4073 -52.5825
v  -285.6086 252.4462 -49.6997
v  -285.0688 254.9706 -49.9762
v  -278.1229 236.6494 -53.4888
v  -285.7972 249.8245 -49.6075
v  -278.1229 263.0354 -53.4888
v  -285.6086 247.1977 -49.6997
v  -279.9114 262.2673 -52.5876
v  -285.0688 244.6784 -49.9762
v  -281.5568 261.0179 -51.7530
v  -284.1908 242.3537 -50.4216
v  -283.0006 259.3435 -51.0207
v  -283.0006 240.3157 -51.0207
v  -284.1908 257.3004 -50.4216
v  -282.9941 261.0230 -52.1524
v  -280.9000 262.2673 -52.8590
v  -286.3370 242.3537 -51.0207
v  -287.4557 244.6784 -50.6418
v  -284.8282 259.3435 -51.5328
v  -284.8282 240.3208 -51.5328
v  -286.3370 257.3056 -51.0207
v  -282.9941 238.6515 -52.1524
v  -287.4557 254.9757 -50.6418
v  -280.9000 237.4124 -52.8590
v  -288.1451 252.4513 -50.4063
v  -278.6302 236.6494 -53.6322
v  -288.3792 249.8245 -50.3295
v  -278.6302 263.0405 -53.6322
v  -288.1451 247.2028 -50.4063
v  -290.2262 252.4565 -51.2717
v  -289.4133 254.9809 -51.4509
v  -281.7130 237.4124 -53.1970
v  -279.0399 236.6494 -53.8012
v  -290.4994 249.8296 -51.2102
v  -279.0399 263.0405 -53.8012
v  -290.2262 247.2079 -51.2717
v  -281.7130 262.2725 -53.1970
v  -289.4133 244.6835 -51.4509
v  -284.1713 261.0230 -52.6388
v  -288.0995 242.3588 -51.7530
v  -286.3305 259.3486 -52.1524
v  -286.3305 240.3208 -52.1524
v  -288.0995 257.3107 -51.7530
v  -284.1713 238.6515 -52.6388
v  -290.8636 244.6886 -52.3777
v  -289.4068 242.3639 -52.5825
v  -287.4427 259.3538 -52.8590
v  -285.0428 261.0282 -53.1970
v  -287.4427 240.3259 -52.8590
v  -289.4068 257.3107 -52.5876
v  -285.0428 238.6567 -53.1970
v  -290.8636 254.9860 -52.3777
v  -282.3112 237.4124 -53.5810
v  -291.7676 252.4615 -52.2548
v  -279.3521 236.6494 -53.9958
v  -292.0668 249.8347 -52.2087
v  -279.3521 263.0405 -53.9958
v  -291.7676 247.2130 -52.2548
v  -282.3112 262.2725 -53.5810
v  -282.6820 237.4175 -53.9958
v  -279.5407 236.6545 -54.2108
v  -292.7106 252.4667 -53.3199
v  -293.0358 249.8399 -53.2994
v  -279.5407 263.0405 -54.2108
v  -292.7106 247.2182 -53.3199
v  -282.6820 262.2725 -53.9958
v  -291.7546 244.6937 -53.3864
v  -285.5826 261.0333 -53.8012
v  -290.2067 242.3690 -53.4888
v  -288.1255 259.3589 -53.6322
v  -288.1255 240.3311 -53.6322
v  -290.2067 257.3158 -53.4888
v  -285.5826 238.6567 -53.8012
v  -291.7546 254.9911 -53.3864
v  -285.7582 261.0333 -54.4310
v  -288.3466 259.3589 -54.4310
v  -288.3466 240.3362 -54.4310
v  -290.4734 242.3741 -54.4310
v  -290.4734 257.3209 -54.4310
v  -285.7582 238.6618 -54.4310
v  -292.0538 254.9962 -54.4310
v  -282.8055 237.4175 -54.4310
v  -293.0228 252.4718 -54.4310
v  -279.5992 236.6545 -54.4310
v  -293.3545 249.8501 -54.4310
v  -279.5992 263.0405 -54.4310
v  -293.0228 247.2233 -54.4310
v  -282.8055 262.2776 -54.4310
v  -292.0538 244.6989 -54.4310
v  -137.4550 244.6989 -54.4310
v  -137.7607 244.6937 -53.3864
v  -139.3086 242.3690 -53.4888
v  -139.0289 242.3741 -54.4310
v  -143.7441 261.0333 -54.4310
v  -143.9327 261.0333 -53.8012
v  -141.3963 259.3589 -53.6322
v  -141.1556 259.3589 -54.4310
v  -141.1556 240.3362 -54.4310
v  -141.3963 240.3311 -53.6322
v  -139.3086 257.3158 -53.4888
v  -139.0289 257.3209 -54.4310
v  -143.9327 238.6567 -53.8012
v  -143.7441 238.6618 -54.4310
v  -137.7607 254.9911 -53.3864
v  -137.4550 254.9962 -54.4310
v  -146.6968 237.4175 -54.4310
v  -146.8268 237.4175 -53.9958
v  -136.8112 252.4667 -53.3199
v  -136.4795 252.4718 -54.4310
v  -149.9031 236.6545 -54.4310
v  -149.9681 236.6545 -54.2108
v  -136.1543 249.8501 -54.4310
v  -136.4860 249.8399 -53.2994
v  -149.9031 263.0405 -54.4310
v  -153.2394 263.3017 -54.4310
v  -149.9681 263.0405 -54.2108
v  -153.2394 236.3934 -54.4310
v  -136.4795 247.2233 -54.4310
v  -136.8112 247.2182 -53.3199
v  -146.8268 262.2725 -53.9958
v  -146.6968 262.2776 -54.4310
v  -147.2041 237.4124 -53.5810
v  -150.1632 236.6494 -53.9958
v  -137.7737 252.4615 -52.2548
v  -137.4680 249.8347 -52.2087
v  -150.1632 263.0405 -53.9958
v  -137.7737 247.2130 -52.2548
v  -147.2041 262.2725 -53.5810
v  -138.6712 244.6886 -52.3777
v  -144.4790 261.0282 -53.1970
v  -140.1281 242.3639 -52.5876
v  -142.0857 259.3538 -52.8590
v  -142.0857 240.3259 -52.8590
v  -140.1281 257.3107 -52.5876
v  -144.4790 238.6567 -53.1970
v  -138.6712 254.9860 -52.3777
v  -145.3570 261.0230 -52.6388
v  -143.2108 259.3486 -52.1524
v  -141.4418 242.3588 -51.7530
v  -143.2108 240.3208 -52.1524
v  -141.4418 257.3107 -51.7530
v  -145.3570 238.6515 -52.6388
v  -140.1346 254.9809 -51.4560
v  -147.8089 237.4124 -53.1970
v  -139.3281 252.4565 -51.2717
v  -150.4689 236.6494 -53.8012
v  -139.0549 249.8296 -51.2102
v  -150.4689 263.0405 -53.8012
v  -139.3281 247.2079 -51.2717
v  -147.8089 262.2725 -53.1970
v  -140.1346 244.6835 -51.4509
v  -141.4158 252.4513 -50.4063
v  -141.1882 249.8245 -50.3295
v  -150.8851 263.0405 -53.6322
v  -150.8851 236.6494 -53.6322
v  -141.4158 247.2028 -50.4063
v  -148.6283 262.2673 -52.8590
v  -142.1052 244.6784 -50.6418
v  -146.5407 261.0230 -52.1524
v  -143.2173 242.3537 -51.0207
v  -144.7131 259.3435 -51.5328
v  -144.7131 240.3208 -51.5328
v  -143.2173 257.3056 -51.0207
v  -146.5407 238.6515 -52.1524
v  -142.1052 254.9757 -50.6418
v  -148.6283 237.4124 -52.8590
v  -145.3765 242.3537 -50.4216
v  -146.5537 240.3157 -51.0207
v  -146.5537 259.3435 -51.0207
v  -145.3765 257.3004 -50.4216
v  -147.9845 238.6464 -51.7530
v  -144.4985 254.9706 -49.9762
v  -149.6169 237.4073 -52.5876
v  -143.9587 252.4462 -49.6997
v  -151.3924 236.6494 -53.4888
v  -143.7831 249.8245 -49.6075
v  -151.3924 263.0354 -53.4888
v  -143.9587 247.1977 -49.6997
v  -149.6169 262.2673 -52.5876
v  -144.4985 244.6784 -49.9762
v  -147.9845 261.0179 -51.7530
v  -151.9712 263.0354 -53.3864
v  -151.9712 236.6494 -53.3864
v  -146.8658 247.1977 -49.1722
v  -146.7358 249.8194 -49.0698
v  -150.7485 262.2673 -52.3777
v  -147.2301 244.6732 -49.4795
v  -149.6299 261.0179 -51.4560
v  -147.8349 242.3486 -49.9762
v  -148.6414 259.3435 -50.6418
v  -148.6414 240.3157 -50.6418
v  -147.8349 257.3004 -49.9762
v  -149.6299 238.6464 -51.4509
v  -147.2301 254.9706 -49.4795
v  -150.7485 237.4073 -52.3777
v  -146.8658 252.4462 -49.1722
v  -150.9111 259.3384 -50.4063
v  -150.5014 257.2953 -49.6997
v  -151.4119 238.6464 -51.2717
v  -150.9111 240.3157 -50.4063
v  -150.1957 254.9706 -49.1722
v  -151.9777 237.4073 -52.2548
v  -150.0071 252.4411 -48.8497
v  -152.5956 236.6494 -53.3199
v  -149.9486 249.8194 -48.7421
v  -152.5956 263.0354 -53.3199
v  -150.0071 247.1926 -48.8497
v  -151.9777 262.2673 -52.2548
v  -150.1957 244.6732 -49.1722
v  -151.4119 261.0179 -51.2717
v  -150.5014 242.3486 -49.6997
v  -153.2785 247.1926 -48.7421
v  -153.2785 249.8194 -48.6295
v  -153.2525 262.2673 -52.2087
v  -153.2460 263.0354 -53.2994
v  -153.2785 244.6732 -49.0698
v  -153.2590 261.0179 -51.2102
v  -153.2720 242.3486 -49.6075
v  -153.2655 259.3384 -50.3295
v  -153.2655 240.3157 -50.3295
v  -153.2720 257.2953 -49.6075
v  -153.2590 238.6464 -51.2102
v  -153.2785 254.9706 -49.0698
v  -153.2525 237.4073 -52.2087
v  -153.2785 252.4411 -48.7421
v  -153.2460 236.6494 -53.2994
v  -155.6263 240.3157 -50.4063
v  -155.1125 238.6464 -51.2717
v  -156.0425 257.2953 -49.6997
v  -156.3547 254.9706 -49.1722
v  -154.5272 237.4073 -52.2548
v  -156.5498 252.4411 -48.8497
v  -153.8963 236.6494 -53.3199
v  -156.6149 249.8194 -48.7421
v  -153.8963 263.0354 -53.3199
v  -156.5498 247.1926 -48.8497
v  -154.5272 262.2673 -52.2548
v  -156.3547 244.6732 -49.1722
v  -155.1125 261.0179 -51.2717
v  -156.0425 242.3486 -49.6997
v  -155.6263 259.3384 -50.4063
v  -159.3139 244.6732 -49.4795
v  -159.6911 247.1977 -49.1722
v  -155.7564 262.2673 -52.3777
v  -156.8945 261.0179 -51.4509
v  -158.7090 242.3486 -49.9762
v  -157.8896 259.3435 -50.6418
v  -157.8896 240.3157 -50.6418
v  -158.7090 257.3004 -49.9762
v  -156.8945 238.6464 -51.4509
v  -159.3139 254.9706 -49.4795
v  -155.7564 237.4073 -52.3777
v  -159.6911 252.4462 -49.1722
v  -154.5207 236.6494 -53.3864
v  -159.8147 249.8194 -49.0698
v  -154.5207 263.0354 -53.3864
v  -158.5334 238.6464 -51.7530
v  -156.8815 237.4073 -52.5825
v  -162.5852 252.4462 -49.6997
v  -162.0389 254.9706 -49.9762
v  -155.0995 236.6494 -53.4888
v  -162.7673 249.8245 -49.6075
v  -155.0995 263.0354 -53.4888
v  -162.5852 247.1977 -49.6997
v  -156.8815 262.2673 -52.5876
v  -162.0389 244.6784 -49.9762
v  -158.5334 261.0179 -51.7530
v  -161.1609 242.3537 -50.4216
v  -159.9772 259.3435 -51.0207
v  -159.9772 240.3157 -51.0207
v  -161.1609 257.3004 -50.4216
v  -159.9707 261.0230 -52.1524
v  -157.8766 262.2673 -52.8590
v  -164.4258 244.6784 -50.6418
v  -163.3071 242.3537 -51.0207
v  -161.8048 259.3435 -51.5328
v  -161.8048 240.3208 -51.5328
v  -163.3071 257.3056 -51.0207
v  -159.9707 238.6515 -52.1524
v  -164.4258 254.9757 -50.6418
v  -157.8766 237.4124 -52.8590
v  -165.1151 252.4513 -50.4063
v  -155.6003 236.6494 -53.6322
v  -165.3493 249.8245 -50.3295
v  -155.6003 263.0405 -53.6322
v  -165.1151 247.2028 -50.4063
v  -166.3834 254.9809 -51.4509
v  -167.1963 252.4565 -51.2717
v  -158.6830 237.4124 -53.1970
v  -156.0165 236.6494 -53.8012
v  -167.4695 249.8296 -51.2102
v  -156.0165 263.0405 -53.8012
v  -167.1963 247.2079 -51.2717
v  -158.6830 262.2725 -53.1970
v  -166.3834 244.6835 -51.4509
v  -161.1479 261.0230 -52.6388
v  -165.0696 242.3588 -51.7530
v  -163.3006 259.3486 -52.1524
v  -163.3006 240.3208 -52.1524
v  -165.0696 257.3107 -51.7530
v  -161.1479 238.6515 -52.6388
v  -167.8402 244.6886 -52.3777
v  -166.3768 242.3639 -52.5825
v  -162.0194 261.0282 -53.1970
v  -164.4128 259.3538 -52.8590
v  -164.4128 240.3259 -52.8590
v  -166.3768 257.3107 -52.5876
v  -162.0194 238.6567 -53.1970
v  -167.8402 254.9860 -52.3777
v  -159.2879 237.4124 -53.5810
v  -168.7377 252.4615 -52.2548
v  -156.3222 236.6494 -53.9958
v  -169.0434 249.8347 -52.2087
v  -156.3222 263.0405 -53.9958
v  -168.7377 247.2130 -52.2548
v  -159.2879 262.2725 -53.5810
v  -156.5108 236.6545 -54.2108
v  -159.6521 237.4175 -53.9958
v  -169.6807 252.4667 -53.3199
v  -170.0059 249.8399 -53.2994
v  -156.5108 263.0405 -54.2108
v  -169.6807 247.2182 -53.3199
v  -159.6521 262.2725 -53.9958
v  -168.7312 244.6937 -53.3864
v  -162.5527 261.0333 -53.8012
v  -167.1768 242.3690 -53.4888
v  -165.0956 259.3589 -53.6322
v  -165.0956 240.3311 -53.6322
v  -167.1768 257.3158 -53.4888
v  -162.5527 238.6567 -53.8012
v  -168.7312 254.9911 -53.3864
v  -162.7348 261.0333 -54.4310
v  -165.3233 259.3589 -54.4310
v  -167.4435 242.3741 -54.4310
v  -165.3233 240.3362 -54.4310
v  -167.4435 257.3209 -54.4310
v  -162.7348 238.6618 -54.4310
v  -169.0239 254.9962 -54.4310
v  -159.7756 237.4175 -54.4310
v  -169.9994 252.4718 -54.4310
v  -156.5693 236.6545 -54.4310
v  -170.3246 249.8501 -54.4310
v  -156.5693 263.0405 -54.4310
v  -169.9994 247.2233 -54.4310
v  -159.7756 262.2776 -54.4310
v  -169.0239 244.6989 -54.4310
v  -16.0055 242.3741 -54.4310
v  -14.4251 244.6989 -54.4310
v  -14.7373 244.6937 -53.3864
v  -16.2852 242.3690 -53.4888
v  -20.9028 261.0333 -53.8012
v  -18.3664 259.3589 -53.6322
v  -18.1257 259.3589 -54.4310
v  -20.7142 261.0333 -54.4310
v  -18.3664 240.3311 -53.6322
v  -18.1257 240.3362 -54.4310
v  -16.0055 257.3209 -54.4310
v  -16.2852 257.3158 -53.4888
v  -20.7142 238.6618 -54.4310
v  -20.9028 238.6567 -53.8012
v  -14.7373 254.9911 -53.3864
v  -14.4251 254.9962 -54.4310
v  -23.6734 237.4175 -54.4310
v  -23.8034 237.4175 -53.9958
v  -13.4496 252.4718 -54.4310
v  -13.7813 252.4667 -53.3199
v  -26.9447 236.6545 -54.2108
v  -26.8797 236.6545 -54.4310
v  -13.1244 249.8501 -54.4310
v  -13.4626 249.8399 -53.2994
v  -26.8797 263.0405 -54.4310
v  -30.2095 263.3017 -54.4310
v  -26.9447 263.0405 -54.2108
v  -30.2095 236.3934 -54.4310
v  -13.7813 247.2182 -53.3199
v  -13.4496 247.2233 -54.4310
v  -23.6734 262.2776 -54.4310
v  -23.8034 262.2725 -53.9958
v  -24.1741 237.4124 -53.5810
v  -27.1333 236.6494 -53.9958
v  -14.7438 252.4615 -52.2548
v  -14.4381 249.8347 -52.2087
v  -27.1333 263.0405 -53.9958
v  -14.7438 247.2130 -52.2548
v  -24.1741 262.2725 -53.5810
v  -15.6413 244.6886 -52.3777
v  -21.4491 261.0282 -53.1970
v  -17.0981 242.3639 -52.5876
v  -19.0623 259.3538 -52.8590
v  -19.0623 240.3259 -52.8590
v  -17.0981 257.3107 -52.5876
v  -21.4491 238.6567 -53.1970
v  -15.6413 254.9860 -52.3777
v  -20.1809 259.3486 -52.1524
v  -22.3271 261.0230 -52.6388
v  -18.4184 242.3588 -51.7530
v  -20.1809 240.3208 -52.1524
v  -18.4184 257.3107 -51.7530
v  -22.3271 238.6515 -52.6388
v  -17.1047 254.9809 -51.4560
v  -24.7855 237.4124 -53.1970
v  -16.2982 252.4565 -51.2717
v  -27.4455 236.6494 -53.8012
v  -16.0250 249.8296 -51.2102
v  -27.4455 263.0405 -53.8012
v  -16.2982 247.2079 -51.2717
v  -24.7855 262.2725 -53.1970
v  -17.1047 244.6835 -51.4509
v  -18.3924 252.4513 -50.4063
v  -18.1582 249.8245 -50.3295
v  -27.8617 263.0405 -53.6322
v  -27.8617 236.6494 -53.6322
v  -18.3924 247.2028 -50.4063
v  -25.5984 262.2673 -52.8590
v  -19.0753 244.6784 -50.6418
v  -23.5173 261.0230 -52.1524
v  -20.1874 242.3537 -51.0207
v  -21.6897 259.3435 -51.5328
v  -21.6897 240.3208 -51.5328
v  -20.1874 257.3056 -51.0207
v  -23.5173 238.6515 -52.1524
v  -19.0753 254.9757 -50.6418
v  -25.5984 237.4124 -52.8590
v  -23.5238 240.3157 -51.0207
v  -22.3466 242.3537 -50.4216
v  -22.3466 257.3004 -50.4216
v  -23.5238 259.3435 -51.0207
v  -24.9546 238.6464 -51.7530
v  -21.4751 254.9706 -49.9762
v  -26.5935 237.4073 -52.5876
v  -20.9353 252.4462 -49.6997
v  -28.3625 236.6494 -53.4888
v  -20.7532 249.8245 -49.6075
v  -28.3625 263.0354 -53.4888
v  -20.9353 247.1977 -49.6997
v  -26.5935 262.2673 -52.5876
v  -21.4751 244.6784 -49.9762
v  -24.9546 261.0179 -51.7530
v  -28.9413 263.0354 -53.3864
v  -28.9413 236.6494 -53.3864
v  -23.7124 249.8194 -49.0698
v  -23.8359 247.1977 -49.1722
v  -27.7251 262.2673 -52.3777
v  -24.2067 244.6732 -49.4795
v  -26.6000 261.0179 -51.4560
v  -24.8050 242.3486 -49.9762
v  -25.6114 259.3435 -50.6418
v  -25.6114 240.3157 -50.6418
v  -24.8050 257.3004 -49.9762
v  -26.6000 238.6464 -51.4509
v  -24.2067 254.9706 -49.4795
v  -27.7251 237.4073 -52.3777
v  -23.8359 252.4462 -49.1722
v  -27.4715 257.2953 -49.6997
v  -27.8812 259.3384 -50.4063
v  -27.8812 240.3157 -50.4063
v  -28.3820 238.6464 -51.2717
v  -27.1658 254.9706 -49.1722
v  -28.9478 237.4073 -52.2548
v  -26.9837 252.4411 -48.8497
v  -29.5657 236.6494 -53.3199
v  -26.9187 249.8194 -48.7421
v  -29.5657 263.0354 -53.3199
v  -26.9837 247.1926 -48.8497
v  -28.9478 262.2673 -52.2548
v  -27.1658 244.6732 -49.1722
v  -28.3820 261.0179 -51.2717
v  -27.4715 242.3486 -49.6997
v  -30.2551 249.8194 -48.6295
v  -30.2486 247.1926 -48.7421
v  -30.2160 263.0354 -53.2994
v  -30.2291 262.2673 -52.2087
v  -30.2486 244.6732 -49.0698
v  -30.2356 261.0179 -51.2102
v  -30.2486 242.3486 -49.6075
v  -30.2421 259.3384 -50.3295
v  -30.2421 240.3157 -50.3295
v  -30.2486 257.2953 -49.6075
v  -30.2356 238.6464 -51.2102
v  -30.2486 254.9706 -49.0698
v  -30.2291 237.4073 -52.2087
v  -30.2486 252.4411 -48.7421
v  -30.2160 236.6494 -53.2994
v  -32.0826 238.6464 -51.2717
v  -32.5964 240.3157 -50.4063
v  -33.0191 257.2953 -49.6997
v  -33.3313 254.9706 -49.1722
v  -31.5038 237.4073 -52.2548
v  -33.5199 252.4411 -48.8497
v  -30.8664 236.6494 -53.3199
v  -33.5849 249.8194 -48.7421
v  -30.8664 263.0354 -53.3199
v  -33.5199 247.1926 -48.8497
v  -31.5038 262.2673 -52.2548
v  -33.3313 244.6732 -49.1722
v  -32.0826 261.0179 -51.2717
v  -33.0191 242.3486 -49.6997
v  -32.5964 259.3384 -50.4063
v  -36.6612 247.1977 -49.1722
v  -36.2905 244.6732 -49.4795
v  -32.7265 262.2673 -52.3777
v  -33.8646 261.0179 -51.4509
v  -35.6791 242.3486 -49.9762
v  -34.8597 259.3435 -50.6418
v  -34.8597 240.3157 -50.6418
v  -35.6791 257.3004 -49.9762
v  -33.8646 238.6464 -51.4509
v  -36.2905 254.9706 -49.4795
v  -32.7265 237.4073 -52.3777
v  -36.6612 252.4462 -49.1722
v  -31.4908 236.6494 -53.3864
v  -36.7913 249.8194 -49.0698
v  -31.4908 263.0354 -53.3864
v  -33.8581 237.4073 -52.5825
v  -35.5035 238.6464 -51.7530
v  -39.0155 254.9706 -49.9762
v  -39.5553 252.4462 -49.6997
v  -32.0696 236.6494 -53.4888
v  -39.7374 249.8245 -49.6075
v  -32.0696 263.0354 -53.4888
v  -39.5553 247.1977 -49.6997
v  -33.8581 262.2673 -52.5876
v  -39.0155 244.6784 -49.9762
v  -35.5035 261.0179 -51.7530
v  -38.1310 242.3537 -50.4216
v  -36.9473 259.3435 -51.0207
v  -36.9473 240.3157 -51.0207
v  -38.1310 257.3004 -50.4216
v  -34.8467 262.2673 -52.8590
v  -36.9408 261.0230 -52.1524
v  -40.2837 242.3537 -51.0207
v  -41.4024 244.6784 -50.6418
v  -38.7749 259.3435 -51.5328
v  -38.7749 240.3208 -51.5328
v  -40.2837 257.3056 -51.0207
v  -36.9408 238.6515 -52.1524
v  -41.4024 254.9757 -50.6418
v  -34.8467 237.4124 -52.8590
v  -42.0917 252.4513 -50.4063
v  -32.5704 236.6494 -53.6322
v  -42.3259 249.8245 -50.3295
v  -32.5704 263.0405 -53.6322
v  -42.0917 247.2028 -50.4063
v  -44.1664 252.4565 -51.2717
v  -43.3600 254.9809 -51.4509
v  -35.6596 237.4124 -53.1970
v  -32.9866 236.6494 -53.8012
v  -44.4396 249.8296 -51.2102
v  -32.9866 263.0405 -53.8012
v  -44.1664 247.2079 -51.2717
v  -35.6596 262.2725 -53.1970
v  -43.3600 244.6835 -51.4509
v  -38.1180 261.0230 -52.6388
v  -42.0462 242.3588 -51.7530
v  -40.2707 259.3486 -52.1524
v  -40.2707 240.3208 -52.1524
v  -42.0462 257.3107 -51.7530
v  -38.1180 238.6515 -52.6388
v  -43.3470 242.3639 -52.5825
v  -44.8103 244.6886 -52.3777
v  -41.3828 259.3538 -52.8590
v  -38.9895 261.0282 -53.1970
v  -41.3828 240.3259 -52.8590
v  -43.3470 257.3107 -52.5876
v  -38.9895 238.6567 -53.1970
v  -44.8103 254.9860 -52.3777
v  -36.2580 237.4124 -53.5810
v  -45.7078 252.4615 -52.2548
v  -33.2923 236.6494 -53.9958
v  -46.0135 249.8347 -52.2087
v  -33.2923 263.0405 -53.9958
v  -45.7078 247.2130 -52.2548
v  -36.2580 262.2725 -53.5810
v  -33.4809 236.6545 -54.2108
v  -36.6287 237.4175 -53.9958
v  -46.9760 249.8399 -53.2994
v  -46.6573 252.4667 -53.3199
v  -33.4809 263.0405 -54.2108
v  -46.6573 247.2182 -53.3199
v  -36.6287 262.2725 -53.9958
v  -45.7013 244.6937 -53.3864
v  -39.5228 261.0333 -53.8012
v  -44.1534 242.3690 -53.4888
v  -42.0657 259.3589 -53.6322
v  -42.0657 240.3311 -53.6322
v  -44.1534 257.3158 -53.4888
v  -39.5228 238.6567 -53.8012
v  -45.7013 254.9911 -53.3864
v  -42.2934 259.3589 -54.4310
v  -39.7049 261.0333 -54.4310
v  -42.2934 240.3362 -54.4310
v  -44.4201 242.3741 -54.4310
v  -44.4201 257.3209 -54.4310
v  -39.7049 238.6618 -54.4310
v  -45.9939 254.9962 -54.4310
v  -36.7522 237.4175 -54.4310
v  -46.9695 252.4718 -54.4310
v  -33.5459 236.6545 -54.4310
v  -47.2947 249.8501 -54.4310
v  -33.5459 263.0405 -54.4310
v  -46.9695 247.2233 -54.4310
v  -36.7522 262.2776 -54.4310
v  -45.9939 244.6989 -54.4310
v  108.6048 244.6989 -54.4310
v  108.2926 244.6937 -53.3864
v  106.7447 242.3690 -53.4888
v  107.0244 242.3741 -54.4310
v  102.1206 261.0333 -53.8012
v  104.6635 259.3589 -53.6322
v  104.8977 259.3589 -54.4310
v  102.3092 261.0333 -54.4310
v  104.8977 240.3362 -54.4310
v  104.6635 240.3311 -53.6322
v  106.7447 257.3158 -53.4888
v  107.0244 257.3209 -54.4310
v  102.1206 238.6567 -53.8012
v  102.3092 238.6618 -54.4310
v  108.6048 254.9962 -54.4310
v  108.2926 254.9911 -53.3864
v  99.2265 237.4175 -53.9958
v  99.3565 237.4175 -54.4310
v  109.5738 252.4718 -54.4310
v  109.2486 252.4667 -53.3199
v  96.0852 236.6545 -54.2108
v  96.1502 236.6545 -54.4310
v  109.5673 249.8399 -53.2994
v  109.9055 249.8501 -54.4310
v  96.1502 263.0405 -54.4310
v  92.8204 263.3017 -54.4310
v  96.0852 263.0405 -54.2108
v  92.8204 236.3934 -54.4310
v  109.5738 247.2233 -54.4310
v  109.2486 247.2182 -53.3199
v  99.3565 262.2776 -54.4310
v  99.2265 262.2725 -53.9958
v  98.8558 237.4124 -53.5810
v  95.8966 236.6494 -53.9958
v  108.2861 252.4615 -52.2548
v  108.5853 249.8347 -52.2087
v  95.8966 263.0405 -53.9958
v  108.2861 247.2130 -52.2548
v  98.8558 262.2725 -53.5810
v  107.3886 244.6886 -52.3777
v  101.5808 261.0282 -53.1970
v  105.9318 242.3639 -52.5876
v  103.9677 259.3538 -52.8590
v  103.9677 240.3259 -52.8590
v  105.9318 257.3107 -52.5876
v  101.5808 238.6567 -53.1970
v  107.3886 254.9860 -52.3777
v  100.6963 261.0230 -52.6388
v  102.8490 259.3486 -52.1524
v  104.6115 242.3588 -51.7530
v  102.8490 240.3208 -52.1524
v  104.6115 257.3107 -51.7530
v  100.6963 238.6515 -52.6388
v  105.9253 254.9809 -51.4560
v  98.2444 237.4124 -53.1970
v  106.7317 252.4565 -51.2717
v  95.5844 236.6494 -53.8012
v  107.0049 249.8296 -51.2102
v  95.5844 263.0405 -53.8012
v  106.7317 247.2079 -51.2717
v  98.2444 262.2725 -53.1970
v  105.9253 244.6835 -51.4509
v  104.6375 252.4513 -50.4063
v  104.8717 249.8245 -50.3295
v  95.1682 263.0405 -53.6322
v  95.1682 236.6494 -53.6322
v  104.6375 247.2028 -50.4063
v  97.4315 262.2673 -52.8590
v  103.9546 244.6784 -50.6418
v  99.5126 261.0230 -52.1524
v  102.8360 242.3537 -51.0207
v  101.3402 259.3435 -51.5328
v  101.3402 240.3208 -51.5328
v  102.8360 257.3056 -51.0207
v  99.5126 238.6515 -52.1524
v  103.9546 254.9757 -50.6418
v  97.4315 237.4124 -52.8590
v  100.6833 242.3537 -50.4216
v  99.5061 240.3157 -51.0207
v  99.5061 259.3435 -51.0207
v  100.6833 257.3004 -50.4216
v  98.0753 238.6464 -51.7530
v  101.5548 254.9706 -49.9762
v  96.4364 237.4073 -52.5876
v  102.0946 252.4462 -49.6997
v  94.6609 236.6494 -53.4888
v  102.2767 249.8245 -49.6075
v  94.6609 263.0354 -53.4888
v  102.0946 247.1977 -49.6997
v  96.4364 262.2673 -52.5876
v  101.5548 244.6784 -49.9762
v  98.0753 261.0179 -51.7530
v  94.0886 263.0354 -53.3864
v  94.0886 236.6494 -53.3864
v  99.3175 249.8194 -49.0698
v  99.1940 247.1977 -49.1722
v  95.3048 262.2673 -52.3777
v  98.8232 244.6732 -49.4795
v  96.4299 261.0179 -51.4560
v  98.2249 242.3486 -49.9762
v  97.4120 259.3435 -50.6418
v  97.4120 240.3157 -50.6418
v  98.2249 257.3004 -49.9762
v  96.4299 238.6464 -51.4509
v  98.8232 254.9706 -49.4795
v  95.3048 237.4073 -52.3777
v  99.1940 252.4462 -49.1722
v  95.5519 257.2953 -49.6997
v  95.1487 259.3384 -50.4063
v  95.1487 240.3157 -50.4063
v  94.6479 238.6464 -51.2717
v  95.8576 254.9706 -49.1722
v  94.0756 237.4073 -52.2548
v  96.0462 252.4411 -48.8497
v  93.4577 236.6494 -53.3199
v  96.1112 249.8194 -48.7421
v  93.4577 263.0354 -53.3199
v  96.0462 247.1926 -48.8497
v  94.0756 262.2673 -52.2548
v  95.8576 244.6732 -49.1722
v  94.6479 261.0179 -51.2717
v  95.5519 242.3486 -49.6997
v  92.7748 249.8194 -48.6295
v  92.7748 247.1926 -48.7421
v  92.8074 263.0354 -53.2994
v  92.8009 262.2673 -52.2087
v  92.7813 244.6732 -49.0698
v  92.7943 261.0179 -51.2102
v  92.7813 242.3486 -49.6075
v  92.7878 259.3384 -50.3295
v  92.7878 240.3157 -50.3295
v  92.7813 257.2953 -49.6075
v  92.7943 238.6464 -51.2102
v  92.7813 254.9706 -49.0698
v  92.8009 237.4073 -52.2087
v  92.7748 252.4411 -48.7421
v  92.8074 236.6494 -53.2994
v  90.4335 240.3157 -50.4063
v  90.9408 238.6464 -51.2717
v  90.0108 257.2953 -49.6997
v  89.6986 254.9706 -49.1722
v  91.5261 237.4073 -52.2548
v  89.5100 252.4411 -48.8497
v  92.1570 236.6494 -53.3199
v  89.4450 249.8194 -48.7421
v  92.1570 263.0354 -53.3199
v  89.5100 247.1926 -48.8497
v  91.5261 262.2673 -52.2548
v  89.6986 244.6732 -49.1722
v  90.9408 261.0179 -51.2717
v  90.0108 242.3486 -49.6997
v  90.4335 259.3384 -50.4063
v  86.3687 247.1977 -49.1722
v  86.7394 244.6732 -49.4795
v  90.3034 262.2673 -52.3777
v  89.1653 261.0179 -51.4509
v  87.3508 242.3486 -49.9762
v  88.1637 259.3435 -50.6418
v  88.1637 240.3157 -50.6418
v  87.3508 257.3004 -49.9762
v  89.1653 238.6464 -51.4509
v  86.7394 254.9706 -49.4795
v  90.3034 237.4073 -52.3777
v  86.3687 252.4462 -49.1722
v  91.5326 236.6494 -53.3864
v  86.2386 249.8194 -49.0698
v  91.5326 263.0354 -53.3864
v  87.5264 238.6464 -51.7530
v  89.1718 237.4073 -52.5825
v  84.0144 254.9706 -49.9762
v  83.4746 252.4462 -49.6997
v  90.9603 236.6494 -53.4888
v  83.2925 249.8245 -49.6075
v  90.9603 263.0354 -53.4888
v  83.4746 247.1977 -49.6997
v  89.1718 262.2673 -52.5876
v  84.0144 244.6784 -49.9762
v  87.5264 261.0179 -51.7530
v  84.8924 242.3537 -50.4216
v  86.0826 259.3435 -51.0207
v  86.0826 240.3157 -51.0207
v  84.8924 257.3004 -50.4216
v  88.1833 262.2673 -52.8590
v  86.0891 261.0230 -52.1524
v  81.6275 244.6784 -50.6418
v  82.7462 242.3537 -51.0207
v  84.2550 259.3435 -51.5328
v  84.2550 240.3208 -51.5328
v  82.7462 257.3056 -51.0207
v  86.0891 238.6515 -52.1524
v  81.6275 254.9757 -50.6418
v  88.1833 237.4124 -52.8590
v  80.9382 252.4513 -50.4063
v  90.4530 236.6494 -53.6322
v  80.7040 249.8245 -50.3295
v  90.4530 263.0405 -53.6322
v  80.9382 247.2028 -50.4063
v  79.6699 254.9809 -51.4509
v  78.8570 252.4565 -51.2717
v  90.0433 236.6494 -53.8012
v  87.3703 237.4124 -53.1970
v  78.5838 249.8296 -51.2102
v  90.0433 263.0405 -53.8012
v  78.8570 247.2079 -51.2717
v  87.3703 262.2725 -53.1970
v  79.6699 244.6835 -51.4509
v  84.9119 261.0230 -52.6388
v  80.9837 242.3588 -51.7530
v  82.7527 259.3486 -52.1524
v  82.7527 240.3208 -52.1524
v  80.9837 257.3107 -51.7530
v  84.9119 238.6515 -52.6388
v  79.6765 242.3639 -52.5825
v  78.2196 244.6886 -52.3777
v  84.0404 261.0282 -53.1970
v  81.6406 259.3538 -52.8590
v  81.6406 240.3259 -52.8590
v  79.6765 257.3107 -52.5876
v  84.0404 238.6567 -53.1970
v  78.2196 254.9860 -52.3777
v  86.7719 237.4124 -53.5810
v  77.3156 252.4615 -52.2548
v  89.7376 236.6494 -53.9958
v  77.0164 249.8347 -52.2087
v  89.7376 263.0405 -53.9958
v  77.3156 247.2130 -52.2548
v  86.7719 262.2725 -53.5810
v  86.4012 237.4175 -53.9958
v  89.5490 236.6545 -54.2108
v  76.0474 249.8399 -53.2994
v  76.3726 252.4667 -53.3199
v  89.5490 263.0405 -54.2108
v  76.3726 247.2182 -53.3199
v  86.4012 262.2725 -53.9958
v  77.3286 244.6937 -53.3864
v  83.5006 261.0333 -53.8012
v  78.8765 242.3690 -53.4888
v  80.9642 259.3589 -53.6322
v  80.9642 240.3311 -53.6322
v  78.8765 257.3158 -53.4888
v  83.5006 238.6567 -53.8012
v  77.3286 254.9911 -53.3864
v  83.3250 261.0333 -54.4310
v  80.7365 259.3589 -54.4310
v  78.6098 242.3741 -54.4310
v  80.7365 240.3362 -54.4310
v  78.6098 257.3209 -54.4310
v  83.3250 238.6618 -54.4310
v  77.0294 254.9962 -54.4310
v  86.2777 237.4175 -54.4310
v  76.0604 252.4718 -54.4310
v  89.4840 236.6545 -54.4310
v  75.7287 249.8501 -54.4310
v  89.4840 263.0405 -54.4310
v  76.0604 247.2233 -54.4310
v  86.2777 262.2776 -54.4310
v  77.0294 244.6989 -54.4310
v  231.3225 244.6937 -53.3864
v  229.7746 242.3690 -53.4888
v  230.0543 242.3741 -54.4310
v  231.6347 244.6989 -54.4310
v  225.1505 261.0333 -53.8012
v  227.6870 259.3589 -53.6322
v  227.9276 259.3589 -54.4310
v  225.3391 261.0333 -54.4310
v  227.9276 240.3362 -54.4310
v  227.6870 240.3311 -53.6322
v  229.7746 257.3158 -53.4888
v  230.0543 257.3209 -54.4310
v  225.1505 238.6567 -53.8012
v  225.3391 238.6618 -54.4310
v  231.3225 254.9911 -53.3864
v  231.6347 254.9962 -54.4310
v  222.2564 237.4175 -53.9958
v  222.3865 237.4175 -54.4310
v  232.2720 252.4667 -53.3199
v  232.6037 252.4718 -54.4310
v  219.1801 236.6545 -54.4310
v  219.1151 236.6545 -54.2108
v  232.9354 249.8501 -54.4310
v  232.5972 249.8399 -53.2994
v  219.1801 263.0405 -54.4310
v  215.8438 263.3017 -54.4310
v  219.1151 263.0405 -54.2108
v  215.8438 236.3934 -54.4310
v  232.2720 247.2182 -53.3199
v  232.6037 247.2233 -54.4310
v  222.2564 262.2725 -53.9958
v  222.3865 262.2776 -54.4310
v  221.8792 237.4124 -53.5810
v  218.9200 236.6494 -53.9958
v  231.3160 252.4615 -52.2548
v  231.6152 249.8347 -52.2087
v  218.9200 263.0405 -53.9958
v  231.3160 247.2130 -52.2548
v  221.8792 262.2725 -53.5810
v  230.4185 244.6886 -52.3777
v  224.6042 261.0282 -53.1970
v  228.9552 242.3639 -52.5876
v  226.9976 259.3538 -52.8590
v  226.9976 240.3259 -52.8590
v  228.9552 257.3107 -52.5876
v  224.6042 238.6567 -53.1970
v  230.4185 254.9860 -52.3777
v  225.8724 259.3486 -52.1524
v  223.7262 261.0230 -52.6388
v  227.6414 242.3588 -51.7530
v  225.8724 240.3208 -52.1524
v  227.6414 257.3107 -51.7530
v  223.7262 238.6515 -52.6388
v  228.9487 254.9809 -51.4560
v  221.2743 237.4124 -53.1970
v  229.7551 252.4565 -51.2717
v  218.6143 236.6494 -53.8012
v  230.0283 249.8296 -51.2102
v  218.6143 263.0405 -53.8012
v  229.7551 247.2079 -51.2717
v  221.2743 262.2725 -53.1970
v  228.9487 244.6835 -51.4509
v  227.8951 249.8245 -50.3295
v  227.6674 252.4513 -50.4063
v  218.1981 263.0405 -53.6322
v  218.1981 236.6494 -53.6322
v  227.6674 247.2028 -50.4063
v  220.4549 262.2673 -52.8590
v  226.9780 244.6784 -50.6418
v  222.5425 261.0230 -52.1524
v  225.8659 242.3537 -51.0207
v  224.3701 259.3435 -51.5328
v  224.3701 240.3208 -51.5328
v  225.8659 257.3056 -51.0207
v  222.5425 238.6515 -52.1524
v  226.9780 254.9757 -50.6418
v  220.4549 237.4124 -52.8590
v  223.7067 242.3537 -50.4216
v  222.5360 240.3157 -51.0207
v  222.5360 259.3435 -51.0207
v  223.7067 257.3004 -50.4216
v  221.0987 238.6464 -51.7530
v  224.5847 254.9706 -49.9762
v  219.4663 237.4073 -52.5876
v  225.1245 252.4462 -49.6997
v  217.6908 236.6494 -53.4888
v  225.3066 249.8245 -49.6075
v  217.6908 263.0354 -53.4888
v  225.1245 247.1977 -49.6997
v  219.4663 262.2673 -52.5876
v  224.5847 244.6784 -49.9762
v  221.0987 261.0179 -51.7530
v  217.1120 263.0354 -53.3864
v  217.1120 236.6494 -53.3864
v  222.3474 249.8194 -49.0698
v  222.2239 247.1977 -49.1722
v  218.3347 262.2673 -52.3777
v  221.8532 244.6732 -49.4795
v  219.4598 261.0179 -51.4560
v  221.2483 242.3486 -49.9762
v  220.4418 259.3435 -50.6418
v  220.4418 240.3157 -50.6418
v  221.2483 257.3004 -49.9762
v  219.4598 238.6464 -51.4509
v  221.8532 254.9706 -49.4795
v  218.3347 237.4073 -52.3777
v  222.2239 252.4462 -49.1722
v  218.1721 259.3384 -50.4063
v  218.5818 257.2953 -49.6997
v  218.1721 240.3157 -50.4063
v  217.6778 238.6464 -51.2717
v  218.8875 254.9706 -49.1722
v  217.1055 237.4073 -52.2548
v  219.0761 252.4411 -48.8497
v  216.4876 236.6494 -53.3199
v  219.1411 249.8194 -48.7421
v  216.4876 263.0354 -53.3199
v  219.0761 247.1926 -48.8497
v  217.1055 262.2673 -52.2548
v  218.8875 244.6732 -49.1722
v  217.6778 261.0179 -51.2717
v  218.5818 242.3486 -49.6997
v  215.8047 249.8194 -48.6295
v  215.8047 247.1926 -48.7421
v  215.8373 263.0354 -53.2994
v  215.8307 262.2673 -52.2087
v  215.8047 244.6732 -49.0698
v  215.8243 261.0179 -51.2102
v  215.8112 242.3486 -49.6075
v  215.8177 259.3384 -50.3295
v  215.8177 240.3157 -50.3295
v  215.8112 257.2953 -49.6075
v  215.8243 238.6464 -51.2102
v  215.8047 254.9706 -49.0698
v  215.8307 237.4073 -52.2087
v  215.8047 252.4411 -48.7421
v  215.8373 236.6494 -53.2994
v  213.4569 240.3157 -50.4063
v  213.9707 238.6464 -51.2717
v  213.0407 257.2953 -49.6997
v  212.7285 254.9706 -49.1722
v  214.5560 237.4073 -52.2548
v  212.5334 252.4411 -48.8497
v  215.1869 236.6494 -53.3199
v  212.4684 249.8194 -48.7421
v  215.1869 263.0354 -53.3199
v  212.5334 247.1926 -48.8497
v  214.5560 262.2673 -52.2548
v  212.7285 244.6732 -49.1722
v  213.9707 261.0179 -51.2717
v  213.0407 242.3486 -49.6997
v  213.4569 259.3384 -50.4063
v  209.3921 247.1977 -49.1722
v  209.7693 244.6732 -49.4795
v  212.1887 261.0179 -51.4509
v  213.3269 262.2673 -52.3777
v  210.3742 242.3486 -49.9762
v  211.1936 259.3435 -50.6418
v  211.1936 240.3157 -50.6418
v  210.3742 257.3004 -49.9762
v  212.1887 238.6464 -51.4509
v  209.7693 254.9706 -49.4795
v  213.3269 237.4073 -52.3777
v  209.3921 252.4462 -49.1722
v  214.5625 236.6494 -53.3864
v  209.2686 249.8194 -49.0698
v  214.5625 263.0354 -53.3864
v  210.5498 238.6464 -51.7530
v  212.2017 237.4073 -52.5825
v  207.0443 254.9706 -49.9762
v  206.4980 252.4462 -49.6997
v  213.9837 236.6494 -53.4888
v  206.3159 249.8245 -49.6075
v  213.9837 263.0354 -53.4888
v  206.4980 247.1977 -49.6997
v  212.2017 262.2673 -52.5876
v  207.0443 244.6784 -49.9762
v  210.5498 261.0179 -51.7530
v  207.9223 242.3537 -50.4216
v  209.1060 259.3435 -51.0207
v  209.1060 240.3157 -51.0207
v  207.9223 257.3004 -50.4216
v  211.2132 262.2673 -52.8590
v  209.1190 261.0230 -52.1524
v  204.6575 244.6784 -50.6418
v  205.7761 242.3537 -51.0207
v  207.2784 259.3435 -51.5328
v  207.2784 240.3208 -51.5328
v  205.7761 257.3056 -51.0207
v  209.1190 238.6515 -52.1524
v  204.6575 254.9757 -50.6418
v  211.2132 237.4124 -52.8590
v  203.9681 252.4513 -50.4063
v  213.4829 236.6494 -53.6322
v  203.7339 249.8245 -50.3295
v  213.4829 263.0405 -53.6322
v  203.9681 247.2028 -50.4063
v  202.6998 254.9809 -51.4509
v  201.8869 252.4565 -51.2717
v  210.4002 237.4124 -53.1970
v  213.0667 236.6494 -53.8012
v  201.6137 249.8296 -51.2102
v  213.0667 263.0405 -53.8012
v  201.8869 247.2079 -51.2717
v  210.4002 262.2725 -53.1970
v  202.6998 244.6835 -51.4509
v  207.9418 261.0230 -52.6388
v  204.0136 242.3588 -51.7530
v  205.7826 259.3486 -52.1524
v  205.7826 240.3208 -52.1524
v  204.0136 257.3107 -51.7530
v  207.9418 238.6515 -52.6388
v  201.2430 244.6886 -52.3777
v  202.7064 242.3639 -52.5825
v  207.0638 261.0282 -53.1970
v  204.6705 259.3538 -52.8590
v  204.6705 240.3259 -52.8590
v  202.7064 257.3107 -52.5876
v  207.0638 238.6567 -53.1970
v  201.2430 254.9860 -52.3777
v  209.7953 237.4124 -53.5810
v  200.3455 252.4615 -52.2548
v  212.7610 236.6494 -53.9958
v  200.0398 249.8347 -52.2087
v  212.7610 263.0405 -53.9958
v  200.3455 247.2130 -52.2548
v  209.7953 262.2725 -53.5810
v  209.4312 237.4175 -53.9958
v  212.5724 236.6545 -54.2108
v  199.4025 252.4667 -53.3199
v  199.0773 249.8399 -53.2994
v  212.5724 263.0405 -54.2108
v  199.4025 247.2182 -53.3199
v  209.4312 262.2725 -53.9958
v  200.3520 244.6937 -53.3864
v  206.5305 261.0333 -53.8012
v  201.9064 242.3690 -53.4888
v  203.9876 259.3589 -53.6322
v  203.9876 240.3311 -53.6322
v  201.9064 257.3158 -53.4888
v  206.5305 238.6567 -53.8012
v  200.3520 254.9911 -53.3864
v  206.3549 261.0333 -54.4310
v  203.7599 259.3589 -54.4310
v  201.6398 242.3741 -54.4310
v  203.7599 240.3362 -54.4310
v  201.6398 257.3209 -54.4310
v  206.3549 238.6618 -54.4310
v  200.0594 254.9962 -54.4310
v  209.3076 237.4175 -54.4310
v  199.0838 252.4718 -54.4310
v  212.5139 236.6545 -54.4310
v  198.7586 249.8501 -54.4310
v  212.5139 263.0405 -54.4310
v  199.0838 247.2233 -54.4310
v  209.3076 262.2776 -54.4310
v  200.0594 244.6989 -54.4310
v  354.6581 244.6989 -54.4310
v  354.3524 244.6937 -53.3864
v  352.7980 242.3690 -53.4888
v  353.0842 242.3741 -54.4310
v  350.9575 259.3589 -54.4310
v  348.3690 261.0333 -54.4310
v  348.1804 261.0333 -53.8012
v  350.7169 259.3589 -53.6322
v  350.7169 240.3311 -53.6322
v  350.9575 240.3362 -54.4310
v  352.7980 257.3158 -53.4888
v  353.0842 257.3209 -54.4310
v  348.1804 238.6567 -53.8012
v  348.3690 238.6618 -54.4310
v  354.3524 254.9911 -53.3864
v  354.6581 254.9962 -54.4310
v  345.4099 237.4175 -54.4310
v  345.2863 237.4175 -53.9958
v  355.3019 252.4667 -53.3199
v  355.6336 252.4718 -54.4310
v  342.1385 236.6545 -54.2108
v  342.2101 236.6545 -54.4310
v  355.6271 249.8399 -53.2994
v  355.9588 249.8501 -54.4310
v  342.2101 263.0405 -54.4310
v  338.8737 263.3017 -54.4310
v  342.1385 263.0405 -54.2108
v  338.8737 236.3934 -54.4310
v  355.3019 247.2182 -53.3199
v  355.6336 247.2233 -54.4310
v  345.2863 262.2725 -53.9958
v  345.4099 262.2776 -54.4310
v  344.9091 237.4124 -53.5810
v  341.9499 236.6494 -53.9958
v  354.3394 252.4615 -52.2548
v  354.6451 249.8347 -52.2087
v  341.9499 263.0405 -53.9958
v  354.3394 247.2130 -52.2548
v  344.9091 262.2725 -53.5810
v  353.4419 244.6886 -52.3777
v  347.6341 261.0282 -53.1970
v  351.9850 242.3639 -52.5876
v  350.0275 259.3538 -52.8590
v  350.0275 240.3259 -52.8590
v  351.9850 257.3107 -52.5876
v  347.6341 238.6567 -53.1970
v  353.4419 254.9860 -52.3777
v  346.7561 261.0230 -52.6388
v  348.9023 259.3486 -52.1524
v  350.6648 242.3588 -51.7530
v  348.9023 240.3208 -52.1524
v  350.6648 257.3107 -51.7530
v  346.7561 238.6515 -52.6388
v  351.9786 254.9809 -51.4560
v  344.3043 237.4124 -53.1970
v  352.7850 252.4565 -51.2717
v  341.6377 236.6494 -53.8012
v  353.0582 249.8296 -51.2102
v  341.6377 263.0405 -53.8012
v  352.7850 247.2079 -51.2717
v  344.3043 262.2725 -53.1970
v  351.9786 244.6835 -51.4509
v  350.6974 252.4513 -50.4063
v  350.9250 249.8245 -50.3295
v  341.2280 263.0405 -53.6322
v  341.2280 236.6494 -53.6322
v  350.6974 247.2028 -50.4063
v  343.4848 262.2673 -52.8590
v  350.0080 244.6784 -50.6418
v  345.5724 261.0230 -52.1524
v  348.8958 242.3537 -51.0207
v  347.3935 259.3435 -51.5328
v  347.3935 240.3208 -51.5328
v  348.8958 257.3056 -51.0207
v  345.5724 238.6515 -52.1524
v  350.0080 254.9757 -50.6418
v  343.4848 237.4124 -52.8590
v  346.7366 242.3537 -50.4216
v  345.5594 240.3157 -51.0207
v  345.5594 259.3435 -51.0207
v  346.7366 257.3004 -50.4216
v  344.1286 238.6464 -51.7530
v  347.6146 254.9706 -49.9762
v  342.4962 237.4073 -52.5876
v  348.1479 252.4462 -49.6997
v  340.7207 236.6494 -53.4888
v  348.3300 249.8245 -49.6075
v  340.7207 263.0354 -53.4888
v  348.1479 247.1977 -49.6997
v  342.4962 262.2673 -52.5876
v  347.6146 244.6784 -49.9762
v  344.1286 261.0179 -51.7530
v  340.1419 263.0354 -53.3864
v  340.1419 236.6494 -53.3864
v  345.3708 249.8194 -49.0698
v  345.2473 247.1977 -49.1722
v  341.3581 262.2673 -52.3777
v  344.8766 244.6732 -49.4795
v  342.4832 261.0179 -51.4560
v  344.2782 242.3486 -49.9762
v  343.4718 259.3435 -50.6418
v  343.4718 240.3157 -50.6418
v  344.2782 257.3004 -49.9762
v  342.4832 238.6464 -51.4509
v  344.8766 254.9706 -49.4795
v  341.3581 237.4073 -52.3777
v  345.2473 252.4462 -49.1722
v  341.2020 259.3384 -50.4063
v  341.6117 257.2953 -49.6997
v  341.2020 240.3157 -50.4063
v  340.7012 238.6464 -51.2717
v  341.9174 254.9706 -49.1722
v  340.1354 237.4073 -52.2548
v  342.0995 252.4411 -48.8497
v  339.5175 236.6494 -53.3199
v  342.1645 249.8194 -48.7421
v  339.5175 263.0354 -53.3199
v  342.0995 247.1926 -48.8497
v  340.1354 262.2673 -52.2548
v  341.9174 244.6732 -49.1722
v  340.7012 261.0179 -51.2717
v  341.6117 242.3486 -49.6997
v  338.8347 249.8194 -48.6295
v  338.8347 247.1926 -48.7421
v  338.8542 262.2673 -52.2087
v  338.8672 263.0354 -53.2994
v  338.8347 244.6732 -49.0698
v  338.8477 261.0179 -51.2102
v  338.8412 242.3486 -49.6075
v  338.8412 259.3384 -50.3295
v  338.8412 240.3157 -50.3295
v  338.8412 257.2953 -49.6075
v  338.8477 238.6464 -51.2102
v  338.8347 254.9706 -49.0698
v  338.8542 237.4073 -52.2087
v  338.8347 252.4411 -48.7421
v  338.8672 236.6494 -53.2994
v  336.4868 240.3157 -50.4063
v  337.0006 238.6464 -51.2717
v  336.0706 257.2953 -49.6997
v  335.7584 254.9706 -49.1722
v  337.5794 237.4073 -52.2548
v  335.5633 252.4411 -48.8497
v  338.2168 236.6494 -53.3199
v  335.4983 249.8194 -48.7421
v  338.2168 263.0354 -53.3199
v  335.5633 247.1926 -48.8497
v  337.5794 262.2673 -52.2548
v  335.7584 244.6732 -49.1722
v  337.0006 261.0179 -51.2717
v  336.0706 242.3486 -49.6997
v  336.4868 259.3384 -50.4063
v  332.4220 247.1977 -49.1722
v  332.7992 244.6732 -49.4795
v  335.2186 261.0179 -51.4509
v  336.3568 262.2673 -52.3777
v  333.4041 242.3486 -49.9762
v  334.2235 259.3435 -50.6418
v  334.2235 240.3157 -50.6418
v  333.4041 257.3004 -49.9762
v  335.2186 238.6464 -51.4509
v  332.7992 254.9706 -49.4795
v  336.3568 237.4073 -52.3777
v  332.4220 252.4462 -49.1722
v  337.5925 236.6494 -53.3864
v  332.2985 249.8194 -49.0698
v  337.5925 263.0354 -53.3864
v  333.5797 238.6464 -51.7530
v  335.2251 237.4073 -52.5825
v  330.0677 254.9706 -49.9762
v  329.5279 252.4462 -49.6997
v  337.0136 236.6494 -53.4888
v  329.3458 249.8245 -49.6075
v  337.0136 263.0354 -53.4888
v  329.5279 247.1977 -49.6997
v  335.2251 262.2673 -52.5876
v  330.0677 244.6784 -49.9762
v  333.5797 261.0179 -51.7530
v  330.9522 242.3537 -50.4216
v  332.1359 259.3435 -51.0207
v  332.1359 240.3157 -51.0207
v  330.9522 257.3004 -50.4216
v  334.2366 262.2673 -52.8590
v  332.1424 261.0230 -52.1524
v  327.6809 244.6784 -50.6418
v  328.7995 242.3537 -51.0207
v  330.3083 259.3435 -51.5328
v  330.3083 240.3208 -51.5328
v  328.7995 257.3056 -51.0207
v  332.1424 238.6515 -52.1524
v  327.6809 254.9757 -50.6418
v  334.2366 237.4124 -52.8590
v  326.9915 252.4513 -50.4063
v  336.5128 236.6494 -53.6322
v  326.7639 249.8245 -50.3295
v  336.5128 263.0405 -53.6322
v  326.9915 247.2028 -50.4063
v  325.7232 254.9809 -51.4509
v  324.9168 252.4565 -51.2717
v  333.4301 237.4124 -53.1970
v  336.0966 236.6494 -53.8012
v  324.6436 249.8296 -51.2102
v  336.0966 263.0405 -53.8012
v  324.9168 247.2079 -51.2717
v  333.4301 262.2725 -53.1970
v  325.7232 244.6835 -51.4509
v  330.9652 261.0230 -52.6388
v  327.0435 242.3588 -51.7530
v  328.8125 259.3486 -52.1524
v  328.8125 240.3208 -52.1524
v  327.0435 257.3107 -51.7530
v  330.9652 238.6515 -52.6388
v  324.2729 244.6886 -52.3777
v  325.7363 242.3639 -52.5825
v  330.0937 261.0282 -53.1970
v  327.7004 259.3538 -52.8590
v  327.7004 240.3259 -52.8590
v  325.7363 257.3107 -52.5876
v  330.0937 238.6567 -53.1970
v  324.2729 254.9860 -52.3777
v  332.8253 237.4124 -53.5810
v  323.3754 252.4615 -52.2548
v  335.7909 236.6494 -53.9958
v  323.0698 249.8347 -52.2087
v  335.7909 263.0405 -53.9958
v  323.3754 247.2130 -52.2548
v  332.8253 262.2725 -53.5810
v  332.4546 237.4175 -53.9958
v  335.6023 236.6545 -54.2108
v  322.4259 252.4667 -53.3199
v  322.1072 249.8399 -53.2994
v  335.6023 263.0405 -54.2108
v  322.4259 247.2182 -53.3199
v  332.4546 262.2725 -53.9958
v  323.3819 244.6937 -53.3864
v  329.5604 261.0333 -53.8012
v  324.9298 242.3690 -53.4888
v  327.0175 259.3589 -53.6322
v  327.0175 240.3311 -53.6322
v  324.9298 257.3158 -53.4888
v  329.5604 238.6567 -53.8012
v  323.3819 254.9911 -53.3864
v  329.3783 261.0333 -54.4310
v  326.7899 259.3589 -54.4310
v  324.6631 242.3741 -54.4310
v  326.7899 240.3362 -54.4310
v  324.6631 257.3209 -54.4310
v  329.3783 238.6618 -54.4310
v  323.0893 254.9962 -54.4310
v  332.3375 237.4175 -54.4310
v  322.1137 252.4718 -54.4310
v  335.5373 236.6545 -54.4310
v  321.7885 249.8501 -54.4310
v  335.5373 263.0405 -54.4310
v  322.1137 247.2233 -54.4310
v  332.3375 262.2776 -54.4310
v  323.0893 244.6989 -54.4310
v  341.2150 789.3418 -49.0801
v  343.9205 789.5517 -49.0801
v  343.9205 789.5517 -51.0720
v  341.2150 789.3418 -51.0720
v  349.2275 788.7170 -51.0720
v  349.2275 788.7170 -49.0801
v  351.6208 787.7083 -49.0801
v  351.6208 787.7083 -51.0720
v  353.7215 786.3514 -49.0801
v  353.7215 786.3514 -51.0720
v  355.4450 784.6974 -49.0801
v  355.4450 784.6974 -51.0720
v  356.7263 782.8131 -49.0801
v  356.7263 782.8131 -51.0720
v  357.5197 780.7649 -49.0801
v  357.5197 780.7649 -51.0720
v  357.7863 778.6348 -49.0801
v  357.7863 778.6348 -51.0720
v  357.5197 776.5046 -49.0801
v  357.5197 776.5046 -51.0720
v  356.7263 774.4565 -49.0801
v  356.7263 774.4565 -51.0720
v  355.4450 772.5721 -49.0801
v  355.4450 772.5721 -51.0720
v  353.7215 770.9182 -49.0801
v  353.7215 770.9182 -51.0720
v  351.6208 769.5561 -49.0801
v  351.6208 769.5561 -51.0720
v  349.2275 768.5525 -49.0801
v  349.2275 768.5525 -51.0720
v  346.6260 767.9278 -49.0801
v  346.6260 767.9278 -51.0720
v  343.9205 767.7178 -49.0801
v  343.9205 767.7178 -51.0720
v  341.2150 767.9278 -49.0801
v  341.2150 767.9278 -51.0720
v  338.6135 768.5525 -49.0801
v  338.6135 768.5525 -51.0720
v  336.2202 769.5561 -49.0801
v  336.2202 769.5561 -51.0720
v  334.1195 770.9182 -49.0801
v  334.1195 770.9182 -51.0720
v  332.3895 772.5721 -49.0801
v  332.3895 772.5721 -51.0720
v  331.1083 774.4565 -49.0801
v  331.1083 774.4565 -51.0720
v  330.3214 776.5046 -49.0801
v  330.3214 776.5046 -51.0720
v  330.0547 778.6348 -49.0801
v  330.0547 778.6348 -51.0720
v  330.3214 780.7649 -49.0801
v  330.3214 780.7649 -51.0720
v  331.1083 782.8131 -49.0801
v  331.1083 782.8131 -51.0720
v  332.3895 784.6974 -49.0801
v  332.3895 784.6974 -51.0720
v  334.1195 786.3514 -49.0801
v  334.1195 786.3514 -51.0720
v  336.2202 787.7083 -49.0801
v  336.2202 787.7083 -51.0720
v  338.6135 788.7170 -51.0720
v  338.6135 788.7170 -49.0801
v  346.6260 789.3418 -51.0720
v  346.6260 789.3418 -49.0801
v  346.2033 787.6622 -47.3749
v  343.9205 787.8363 -47.3749
v  341.6377 787.6622 -47.3749
v  339.4460 787.1348 -47.3749
v  335.6543 785.1429 -47.3749
v  334.1975 783.7502 -47.3749
v  333.1180 782.1577 -47.3749
v  332.4546 780.4321 -47.3749
v  337.4233 786.2849 -47.3749
v  335.6543 772.1266 -47.3749
v  332.2334 778.6348 -47.3749
v  332.4546 776.8375 -47.3749
v  333.1180 775.1119 -47.3749
v  334.1975 773.5194 -47.3749
v  337.4233 770.9847 -47.3749
v  339.4460 770.1296 -47.3749
v  341.6377 769.6073 -47.3749
v  343.9205 769.4332 -47.3749
v  346.2033 769.6073 -47.3749
v  348.3951 770.1296 -47.3749
v  352.1867 772.1266 -47.3749
v  350.4112 770.9847 -47.3749
v  353.6370 773.5194 -47.3749
v  354.7166 775.1119 -47.3749
v  355.3865 776.8375 -47.3749
v  355.6076 778.6348 -47.3749
v  353.6370 783.7502 -47.3749
v  355.3865 780.4321 -47.3749
v  354.7166 782.1577 -47.3749
v  352.1867 785.1429 -47.3749
v  350.4112 786.2849 -47.3749
v  348.3951 787.1348 -47.3749
v  343.9205 789.0499 -47.8768
v  346.5025 788.8502 -47.8768
v  348.9804 788.2562 -47.8768
v  351.2697 787.2936 -47.8768
v  353.2728 785.9981 -47.8768
v  354.9182 784.4209 -47.8768
v  356.1409 782.6185 -47.8768
v  356.8953 780.6676 -47.8768
v  357.1490 778.6348 -47.8768
v  356.8953 776.6019 -47.8768
v  356.1409 774.6510 -47.8768
v  354.9182 772.8486 -47.8768
v  353.2728 771.2715 -47.8768
v  351.2697 769.9760 -47.8768
v  348.9804 769.0134 -47.8768
v  346.5025 768.4193 -47.8768
v  343.9205 768.2197 -47.8768
v  341.3386 768.4193 -47.8768
v  338.8607 769.0134 -47.8768
v  336.5714 769.9760 -47.8768
v  334.5682 771.2715 -47.8768
v  332.9228 772.8486 -47.8768
v  331.7001 774.6510 -47.8768
v  330.9457 776.6019 -47.8768
v  330.6921 778.6348 -47.8768
v  330.9457 780.6676 -47.8768
v  331.7001 782.6185 -47.8768
v  332.9228 784.4209 -47.8768
v  334.5682 785.9981 -47.8768
v  336.5714 787.2936 -47.8768
v  338.8607 788.2562 -47.8768
v  341.3386 788.8502 -47.8768
v  327.4532 765.1166 -59.0446
v  327.4532 765.1166 -52.2548
v  325.8208 768.2094 -52.2548
v  325.8208 768.2094 -59.0446
v  327.4532 792.0352 -52.2548
v  327.4532 792.0352 -59.0446
v  325.8208 788.9424 -59.0446
v  325.8208 788.9424 -52.2548
v  357.7148 763.8365 -52.2548
v  331.3815 763.8365 -52.2548
v  331.3815 763.8365 -59.0446
v  357.7148 763.8365 -59.0446
v  363.2755 788.9424 -52.2548
v  363.2755 788.9424 -59.0446
v  361.6430 792.0352 -59.0446
v  361.6430 792.0352 -52.2548
v  331.3815 793.3204 -52.2548
v  331.3815 793.3204 -59.0446
v  357.7148 793.3204 -52.2548
v  357.7148 793.3204 -59.0446
v  361.6430 765.1166 -59.0446
v  361.6430 765.1166 -52.2548
v  363.2755 768.2094 -59.0446
v  363.2755 768.2094 -52.2548
v  331.5570 764.5278 -50.6777
v  328.1296 765.6492 -50.6777
v  326.7053 768.3477 -50.6777
v  328.1296 791.5026 -50.6777
v  331.5570 792.6240 -50.6777
v  326.7053 788.8041 -50.6777
v  357.5392 764.5278 -50.6777
v  360.9666 765.6492 -50.6777
v  362.3910 768.3477 -50.6777
v  357.5392 792.6240 -50.6777
v  360.9666 791.5026 -50.6777
v  362.3910 788.8041 -50.6777
v  341.3060 673.5978 -50.0837
v  341.3060 668.7692 -35.0140
v  345.2668 668.2520 -35.3776
v  345.2668 672.9680 -50.0581
v  337.3388 668.2520 -35.3776
v  337.3388 672.9680 -50.0581
v  334.1065 671.2526 -49.9864
v  334.1000 666.8489 -36.3659
v  331.9213 668.7077 -49.8840
v  331.9213 664.7598 -37.8303
v  331.1213 665.5893 -49.7560
v  331.1213 662.2047 -39.6225
v  331.9213 662.4709 -49.6280
v  331.9213 659.6495 -41.4147
v  334.1000 659.9209 -49.5204
v  334.1000 657.5654 -42.8791
v  337.3388 658.2055 -49.4487
v  337.3388 656.1573 -43.8674
v  341.3060 657.5757 -49.4231
v  341.3060 655.6402 -44.2310
v  345.2668 658.2055 -49.4487
v  345.2668 656.1573 -43.8674
v  348.5056 657.5654 -42.8791
v  348.5056 659.9209 -49.5204
v  350.6908 662.4658 -49.6280
v  350.6908 659.6495 -41.4147
v  351.4908 665.5842 -49.7560
v  351.4908 662.2047 -39.6225
v  350.6908 668.7026 -49.8840
v  350.6908 664.7598 -37.8303
v  348.5056 671.2526 -49.9864
v  348.5056 666.8438 -36.3659
v  341.3060 656.2751 -24.8447
v  345.2668 655.9679 -25.3926
v  337.3388 655.9679 -25.3926
v  334.1000 655.1281 -26.8929
v  331.9213 653.8839 -29.1152
v  331.1213 652.3579 -31.8393
v  331.9213 650.8269 -34.5634
v  334.1000 649.5826 -36.7857
v  337.3388 648.7429 -38.2860
v  341.3060 648.4356 -38.8339
v  345.2668 648.7429 -38.2860
v  348.5056 649.5826 -36.7857
v  350.6908 650.8269 -34.5634
v  351.4908 652.3528 -31.8393
v  350.6908 653.8787 -29.1203
v  348.5056 655.1281 -26.8929
v  341.3060 639.9100 -18.7411
v  345.2668 639.7461 -19.3504
v  337.3388 639.7461 -19.3504
v  334.1000 639.3109 -21.0146
v  331.9213 638.6605 -23.4775
v  331.1148 637.8669 -26.4986
v  331.9147 637.0732 -29.5146
v  334.1000 636.4280 -31.9827
v  337.3388 635.9876 -33.6417
v  341.2995 635.8289 -34.2511
v  345.2668 635.9876 -33.6417
v  348.5056 636.4280 -31.9827
v  350.6843 637.0732 -29.5146
v  351.4908 637.8669 -26.4986
v  350.6843 638.6605 -23.4775
v  348.5056 639.3109 -21.0146
v  341.2995 621.2610 -15.6995
v  345.2668 621.2098 -16.3293
v  337.3388 621.2098 -16.3293
v  334.1000 621.0613 -18.0396
v  331.9147 620.8463 -20.5793
v  331.1148 620.5800 -23.6926
v  331.9147 620.3138 -26.8007
v  334.1000 620.0987 -29.3405
v  337.3388 619.9502 -31.0508
v  341.2995 619.8939 -31.6806
v  345.2668 619.9502 -31.0508
v  348.5056 620.0936 -29.3405
v  350.6843 620.3138 -26.8007
v  351.4843 620.5800 -23.6926
v  350.6843 620.8463 -20.5793
v  348.5056 621.0613 -18.0396
v  345.2668 601.8185 -16.1450
v  341.2995 601.7775 -15.5151
v  337.3388 601.8185 -16.1450
v  334.1000 601.9363 -17.8552
v  331.9147 602.1104 -20.4001
v  331.1148 602.3203 -23.5134
v  331.9147 602.5354 -26.6266
v  334.1000 602.7043 -29.1715
v  337.3388 602.8221 -30.8869
v  341.2995 602.8631 -31.5167
v  345.2668 602.8221 -30.8869
v  348.5056 602.7043 -29.1715
v  350.6843 602.5303 -26.6266
v  351.4843 602.3203 -23.5134
v  350.6843 602.1104 -20.4001
v  348.5056 601.9363 -17.8552
v  341.2995 582.9597 -18.2905
v  345.2668 583.1184 -18.8998
v  337.3388 583.1184 -18.8998
v  334.1000 583.5383 -20.5640
v  331.9147 584.1630 -23.0372
v  331.1148 584.9310 -26.0634
v  331.9147 585.6940 -29.0896
v  334.1000 586.3187 -31.5577
v  337.3388 586.7437 -33.2270
v  341.2995 586.8973 -33.8363
v  345.2668 586.7386 -33.2270
v  348.4991 586.3187 -31.5577
v  350.6843 585.6940 -29.0896
v  351.4843 584.9259 -26.0634
v  350.6843 584.1630 -23.0372
v  348.4991 583.5383 -20.5640
v  341.2995 566.2719 -24.4555
v  345.2603 566.5842 -25.0034
v  337.3323 566.5842 -25.0034
v  334.1000 567.4343 -26.4986
v  331.9147 568.6939 -28.7158
v  331.1148 570.2352 -31.4297
v  331.9147 571.7765 -34.1436
v  334.1000 573.0361 -36.3556
v  337.3323 573.8861 -37.8508
v  341.2995 574.1985 -38.3987
v  345.2603 573.8861 -37.8508
v  348.4991 573.0361 -36.3556
v  350.6843 571.7765 -34.1436
v  351.4843 570.2352 -31.4297
v  350.6843 568.6939 -28.7158
v  348.4991 567.4343 -26.4986
v  341.2995 553.4809 -35.1420
v  345.2603 553.9980 -35.5005
v  337.3323 553.9980 -35.5005
v  334.0935 555.4113 -36.4785
v  331.9147 557.5107 -37.9327
v  331.1148 560.0761 -39.7095
v  331.9147 562.6415 -41.4864
v  334.0935 564.7358 -42.9355
v  337.3323 566.1490 -43.9135
v  341.2995 566.6662 -44.2719
v  345.2603 566.1490 -43.9135
v  348.4991 564.7358 -42.9355
v  350.6843 562.6415 -41.4864
v  351.4843 560.0710 -39.7095
v  350.6843 557.5056 -37.9327
v  348.4991 555.4113 -36.4785
v  345.2603 548.8878 -50.9951
v  341.2931 548.2580 -50.9951
v  337.3323 548.8929 -50.9951
v  334.0935 550.6083 -50.9951
v  331.9083 553.1583 -50.9951
v  331.1083 556.2818 -50.9951
v  331.9147 559.4002 -50.9951
v  334.0935 561.9502 -50.9951
v  337.3323 563.6707 -50.9951
v  341.2995 564.3005 -50.9951
v  345.2603 563.6656 -50.9951
v  348.4991 561.9502 -50.9951
v  350.6843 559.4002 -50.9951
v  351.4843 556.2767 -50.9951
v  350.6779 553.1583 -50.9951
v  348.4991 550.6083 -50.9951
v  314.2117 679.6758 -48.4093
v  314.2117 547.0598 -48.4093
v  372.1855 547.0598 -48.4093
v  372.1855 679.6758 -48.4093
v  311.9875 684.7605 -50.1605
v  374.4097 684.7605 -50.1605
v  374.4097 684.7605 -55.5678
v  311.9875 684.7605 -55.5678
v  311.9875 541.9751 -55.5678
v  311.9875 541.9751 -50.1605
v  374.4097 541.9751 -50.1605
v  374.4097 541.9751 -55.5678
v  169.1474 393.7313 -54.7126
v  169.1474 393.7313 -51.4048
v  162.1430 394.1819 -51.4457
v  162.1430 394.1819 -54.6717
v  162.1430 398.6931 -45.5060
v  143.3734 403.2042 -45.9105
v  143.3734 398.6982 -51.8451
v  -186.3691 481.3380 -51.8451
v  -171.3652 466.3657 -51.8451
v  -171.3652 466.3657 -54.2672
v  -186.3691 481.3380 -54.2672
v  143.3734 423.2254 -45.9105
v  162.1430 427.7366 -45.5060
v  162.1430 432.2477 -51.4457
v  143.3734 427.7314 -51.8451
v  175.0202 395.2930 -51.5430
v  175.0202 395.2930 -54.5744
v  175.0202 431.1366 -51.5430
v  169.1474 432.6983 -51.4048
v  169.1474 428.1923 -45.4650
v  175.0202 426.6254 -45.6084
v  -201.3796 349.6027 -45.9105
v  -189.1462 349.6027 -45.9105
v  -178.6623 360.0639 -45.9105
v  -190.8957 360.0639 -45.9105
v  169.1474 398.2373 -45.4650
v  -212.9366 345.0916 -51.8451
v  -186.3691 345.0916 -51.8451
v  -206.9988 446.0219 -51.8451
v  -197.9327 466.3657 -51.8451
v  -197.9327 466.3657 -54.2672
v  -206.9988 446.0219 -54.2672
v  -199.9618 446.0219 -45.9105
v  -190.8957 466.3657 -45.9105
v  -189.1462 476.8269 -45.9105
v  -178.6623 466.3657 -45.9105
v  -187.7284 446.0219 -45.9105
v  -199.9618 380.4077 -45.9105
v  -206.9988 380.4077 -51.8451
v  -197.9327 360.0639 -51.8451
v  -171.3652 360.0639 -51.8451
v  -180.4313 380.4077 -51.8451
v  -187.7284 380.4077 -45.9105
v  -180.4313 380.4077 -54.2672
v  -171.3652 360.0639 -54.2672
v  -212.9366 481.3380 -51.8451
v  -201.3796 476.8269 -45.9105
v  -180.4313 446.0219 -51.8451
v  -223.5636 427.7314 -54.2672
v  -223.5636 427.7314 -51.8451
v  -287.7158 385.7279 -51.7069
v  -329.9897 379.9315 -51.9373
v  -329.9897 379.9315 -54.1801
v  -287.7158 385.7228 -54.4105
v  204.3258 413.8907 -53.0792
v  201.5877 413.9931 -51.3331
v  -208.3775 423.2254 -45.9105
v  -196.9961 427.7314 -51.8451
v  -212.9366 481.3380 -54.2672
v  175.0202 399.8042 -45.6084
v  -287.7158 436.1291 -45.7671
v  -245.4420 423.1588 -45.9105
v  -245.4420 427.7314 -51.8451
v  -287.7158 440.7017 -51.7069
v  143.3734 427.7314 -54.2672
v  162.1430 432.2477 -54.6717
v  -208.3775 403.2042 -45.9105
v  -196.9961 398.6982 -51.8451
v  -220.6695 423.1588 -45.9105
v  -223.5636 398.6982 -51.8451
v  -220.6695 403.2708 -45.9105
v  -324.3640 441.1523 -45.9668
v  -329.9897 446.4981 -51.9373
v  -287.7158 390.3005 -45.7671
v  -324.3640 385.2773 -45.9668
v  -197.9327 360.0639 -54.2672
v  -206.9988 380.4077 -54.2672
v  201.5877 412.4365 -51.3331
v  204.3258 412.5389 -53.0792
v  -245.4420 403.2708 -45.9105
v  -245.4420 398.6982 -51.8451
v  175.0202 431.1366 -54.5744
v  169.1474 432.6983 -54.7126
v  -196.9961 427.7314 -54.2672
v  -180.4313 446.0219 -54.2672
v  -186.3691 345.0916 -54.2672
v  -212.9366 345.0916 -54.2672
v  204.3258 412.5389 -53.0382
v  204.3258 413.8907 -53.0382
v  -245.4420 427.7314 -54.2672
v  -223.5636 398.6982 -54.2672
v  143.3734 398.6982 -54.2672
v  -196.9961 398.6982 -54.2672
v  -245.4420 398.6982 -54.2672
v  -287.7158 440.7017 -54.4105
v  -329.9897 446.4981 -54.1801
v  340.1549 1034.9623 -75.1435
v  294.6422 1071.6969 -75.1435
v  295.9495 1299.4008 -75.1435
v  340.0053 1257.9604 -75.1435
v  161.8633 150.2050 -57.3599
v  161.8633 150.2050 -72.1070
v  224.0124 150.2050 -72.1070
v  224.1034 150.2050 -57.3599
v  384.1327 1182.1206 -75.1435
v  384.4384 968.0322 -75.1435
v  288.7824 1317.4249 -72.1070
v  288.7824 1317.4249 -57.3599
v  340.1029 1267.8892 -57.3599
v  340.1093 1267.7919 -72.1070
v  391.3908 1179.8728 -57.3599
v  391.4103 1179.5758 -72.1070
v  339.9793 1258.1294 -54.3235
v  295.9495 1299.4058 -54.3235
v  294.5381 1071.7839 -54.3235
v  340.1549 1034.9982 -54.3235
v  222.5881 1357.1089 -75.1435
v  217.1900 1152.1400 -74.5290
v  157.9091 1166.1344 -73.7251
v  161.8633 1382.5117 -75.1435
v  96.2803 150.2050 -72.1070
v  96.2803 150.2050 -57.3599
v  35.5491 150.2050 -57.3599
v  35.5491 150.2050 -72.1070
v  276.1523 1323.6464 -75.1435
v  272.0615 1131.8373 -75.1076
v  161.8633 1389.2605 -72.1070
v  161.8633 1389.2605 -57.3599
v  222.5881 1363.8577 -57.3599
v  222.5881 1363.8577 -72.1070
v  283.3193 1325.9147 -57.3599
v  283.3193 1325.9147 -72.1070
v  164.5688 1163.6202 -52.8949
v  216.9039 1151.7919 -53.6578
v  222.5881 1357.1089 -54.3235
v  169.0303 1379.5162 -54.3235
v  42.7161 1401.5856 -75.1435
v  96.2803 1400.4335 -75.1435
v  94.7975 1134.2848 -73.0031
v  42.6511 1138.2225 -73.3820
v  149.8380 1385.4612 -75.1435
v  146.2805 1125.5083 -73.3820
v  35.5491 1407.5459 -72.1070
v  35.5491 1407.5459 -57.3599
v  96.2803 1406.2401 -57.3599
v  96.2803 1406.2401 -72.1070
v  157.0051 1389.2605 -57.3599
v  157.0051 1389.2605 -72.1070
v  94.6869 1133.3632 -52.0653
v  96.2803 1400.4335 -54.3235
v  42.7161 1401.5856 -54.3235
v  42.6315 1137.5005 -52.4699
v  384.4384 967.9861 -54.3235
v  384.0872 1182.5251 -54.3235
v  286.6232 1085.5580 -57.3599
v  286.7143 1085.4812 -72.1070
v  399.9951 150.2050 -72.1070
v  400.3138 150.2050 -57.3599
v  347.8878 150.2050 -57.3599
v  347.6536 150.2050 -72.1070
v  391.6054 964.7038 -72.1070
v  391.6054 964.6730 -57.3599
v  271.8469 1131.9089 -54.2774
v  276.1523 1323.6464 -54.3235
v  157.8115 1170.5892 -55.9211
v  288.2296 150.2050 -57.3599
v  288.0735 150.2050 -72.1070
v  279.2285 1133.6653 -57.3446
v  279.3781 1133.5730 -72.0968
v  146.0919 1124.7709 -52.4750
v  149.8380 1385.4612 -54.3235
v  35.5295 1142.0015 -55.6190
v  35.5360 1142.4929 -70.4326
v  157.0051 150.2050 -72.1070
v  157.0051 150.2050 -57.3599
v  153.0964 1127.9047 -70.4121
v  152.9533 1127.3977 -55.5985
v  293.9984 150.2050 -57.3599
v  301.5816 155.8478 -54.3235
v  313.6329 384.5604 -54.3235
v  305.8545 392.8659 -57.3599
v  347.9203 155.8478 -54.3235
v  399.1172 353.8681 -57.3599
v  393.1143 358.9323 -54.3235
v  393.2248 155.8478 -54.3235
v  392.7891 358.9323 -75.1435
v  398.9026 353.8681 -72.1070
v  392.7826 155.8478 -75.1435
v  347.5886 155.8478 -75.1435
v  174.6300 359.7925 -54.3235
v  166.6630 356.7151 -57.3599
v  169.0303 155.8478 -54.3235
v  224.1099 155.8478 -54.3235
v  280.6788 155.8478 -54.3235
v  298.3753 346.1566 -57.3599
v  291.5725 350.4834 -54.3235
v  291.0392 350.4834 -75.1435
v  298.0046 346.1566 -72.1070
v  280.4707 155.8478 -75.1435
v  223.9929 155.8478 -75.1435
v  47.6719 404.9964 -54.3235
v  40.4723 401.6732 -57.3599
v  42.7161 155.8478 -54.3235
v  96.2803 155.8478 -54.3235
v  162.2470 398.0171 -57.3599
v  154.5207 401.7705 -54.3235
v  149.8380 155.8478 -54.3235
v  149.8380 155.8478 -75.1435
v  154.2280 401.7705 -75.1435
v  162.0259 398.0171 -72.1070
v  96.2803 155.8478 -75.1435
v  293.8293 150.2050 -72.1070
v  301.3345 155.8478 -75.1435
v  161.8633 155.8478 -75.1435
v  42.7161 155.8478 -75.1435
v  161.0894 892.6583 -72.1070
v  156.7905 892.8528 -75.1435
v  157.2327 645.8293 -72.1070
v  150.0787 647.6931 -75.1435
v  157.1807 892.7350 -54.3235
v  161.3690 892.5610 -57.3599
v  150.1047 647.6931 -54.3235
v  157.2522 645.8293 -57.3599
v  38.0985 904.6096 -57.3599
v  45.6623 903.2935 -54.3235
v  35.5491 653.1414 -57.3599
v  42.7161 654.1450 -54.3235
v  40.2967 401.6732 -72.1070
v  47.4183 404.9964 -75.1435
v  35.5491 653.1414 -72.1070
v  42.7161 654.1450 -75.1435
v  37.9879 904.6096 -72.1070
v  45.4867 903.2935 -75.1435
v  100.2541 404.7660 -54.3235
v  96.4494 653.6841 -54.3235
v  101.9840 902.6022 -54.3235
v  100.0459 404.7660 -75.1435
v  96.4299 653.6841 -75.1435
v  101.7044 902.6022 -75.1435
v  400.2423 759.2332 -72.1070
v  393.4655 762.6025 -75.1435
v  391.6054 557.5363 -72.1070
v  384.4384 562.0117 -75.1435
v  393.8947 762.4283 -54.3235
v  400.5349 759.1308 -57.3599
v  384.4384 562.0117 -54.3235
v  391.6054 557.5363 -57.3599
v  295.7934 839.4152 -57.3599
v  303.7864 827.5100 -54.3235
v  288.7824 617.0930 -57.3599
v  295.9495 613.2679 -54.3235
v  306.0952 383.6490 -72.1070
v  312.9956 384.5604 -75.1435
v  288.7824 617.0930 -72.1070
v  295.9495 613.2679 -75.1435
v  295.5267 839.8146 -72.1070
v  303.5717 831.2582 -75.1435
v  354.8141 375.5790 -54.3235
v  340.1549 595.3052 -54.3235
v  351.3152 806.1985 -54.3235
v  354.3199 375.5790 -75.1435
v  340.1549 595.3052 -75.1435
v  350.7689 806.5928 -75.1435
v  284.0738 930.3914 -72.1070
v  276.7831 930.9699 -75.1435
v  288.5027 735.5406 -72.1070
v  281.0756 737.1996 -75.1435
v  283.3193 542.1082 -72.1070
v  276.1523 545.1140 -75.1435
v  276.8612 930.7343 -54.3235
v  284.1388 930.2172 -57.3599
v  281.3812 736.9999 -54.3235
v  288.7239 735.3972 -57.3599
v  276.1523 545.1140 -54.3235
v  283.3193 542.1082 -57.3599
v  161.8633 976.2454 -57.3599
v  169.0303 971.6268 -54.3235
v  164.3022 769.1414 -57.3599
v  171.5538 766.8832 -54.3235
v  161.8633 563.2252 -57.3599
v  169.0303 563.7373 -54.3235
v  166.5525 360.2943 -75.1435
v  161.8633 564.7358 -75.1435
v  164.1656 768.6907 -75.1435
v  161.8633 973.6238 -75.1435
v  234.2947 356.0597 -54.3235
v  222.5881 556.2664 -54.3235
v  226.3342 753.8618 -54.3235
v  222.6401 956.0860 -54.3235
v  233.8654 356.0597 -75.1435
v  222.5881 556.2664 -75.1435
v  226.0935 754.0615 -75.1435
v  222.6336 956.1679 -75.1435
v  -273.6353 1034.9572 -75.1435
v  -273.4923 1257.9604 -75.1435
v  -229.4299 1299.4008 -75.1435
v  -228.1292 1071.6969 -75.1435
v  -95.3438 150.2050 -57.3599
v  -157.5839 150.2050 -57.3599
v  -157.4994 150.2050 -72.1070
v  -95.3438 150.2050 -72.1070
v  -317.9189 968.0322 -75.1435
v  -317.6197 1182.1206 -75.1435
v  -273.5833 1267.8892 -57.3599
v  -222.2629 1317.4249 -57.3599
v  -222.2629 1317.4249 -72.1070
v  -273.5963 1267.7919 -72.1070
v  -324.8973 1179.5758 -72.1070
v  -324.8713 1179.8728 -57.3599
v  -273.4598 1258.1294 -54.3235
v  -273.6353 1034.9982 -54.3235
v  -228.0251 1071.7839 -54.3235
v  -229.4299 1299.4058 -54.3235
v  -91.3961 1166.1344 -73.7251
v  -150.6705 1152.1400 -74.5290
v  -156.0751 1357.1089 -75.1435
v  -95.3438 1382.5117 -75.1435
v  -29.7608 150.2050 -72.1070
v  30.9705 150.2050 -72.1070
v  30.9705 150.2050 -57.3599
v  -29.7608 150.2050 -57.3599
v  -205.5419 1131.8322 -75.1076
v  -209.6328 1323.6464 -75.1435
v  -156.0751 1363.8577 -57.3599
v  -95.3438 1389.2605 -57.3599
v  -95.3438 1389.2605 -72.1070
v  -156.0751 1363.8577 -72.1070
v  -216.7998 1325.9147 -72.1070
v  -216.7998 1325.9147 -57.3599
v  -102.5108 1379.5162 -54.3235
v  -156.0751 1357.1089 -54.3235
v  -150.3843 1151.7919 -53.6578
v  -98.0558 1163.6202 -52.8949
v  -28.2780 1134.2848 -73.0031
v  -29.7608 1400.4335 -75.1435
v  23.7969 1401.5856 -75.1435
v  23.8620 1138.2225 -73.3820
v  -79.7610 1125.5083 -73.3820
v  -83.3250 1385.4612 -75.1435
v  -29.7608 1406.2401 -57.3599
v  30.9705 1407.5459 -57.3599
v  30.9705 1407.5459 -72.1070
v  -29.7608 1406.2401 -72.1070
v  -90.4921 1389.2605 -72.1070
v  -90.4921 1389.2605 -57.3599
v  23.7969 1401.5856 -54.3235
v  -29.7608 1400.4335 -54.3235
v  -28.1739 1133.3632 -52.0653
v  23.8880 1137.5005 -52.4699
v  -317.5742 1182.5251 -54.3235
v  -317.9254 967.9861 -54.3235
v  -220.2012 1085.4812 -72.1070
v  -220.1037 1085.5580 -57.3599
v  -281.3747 150.2050 -57.3599
v  -333.8008 150.2050 -57.3599
v  -333.4756 150.2050 -72.1070
v  -281.1406 150.2050 -72.1070
v  -325.0924 964.6730 -57.3599
v  -325.0859 964.7038 -72.1070
v  -209.6328 1323.6464 -54.3235
v  -205.3273 1131.9089 -54.2774
v  -91.2985 1170.5892 -55.9211
v  -221.7166 150.2050 -57.3599
v  -221.5540 150.2050 -72.1070
v  -212.7155 1133.6653 -57.3446
v  -212.8586 1133.5730 -72.0968
v  -79.5724 1124.7709 -52.4750
v  -83.3250 1385.4612 -54.3235
v  30.9835 1142.4929 -70.4326
v  30.9900 1142.0015 -55.6190
v  -90.4921 150.2050 -72.1070
v  -90.4921 150.2050 -57.3599
v  -86.5768 1127.9047 -70.4121
v  -86.4338 1127.3977 -55.5985
v  -227.4788 150.2050 -57.3599
v  -239.3415 392.8659 -57.3599
v  -247.1199 384.5604 -54.3235
v  -235.0621 155.8478 -54.3235
v  -281.4073 155.8478 -54.3235
v  -332.5976 353.8681 -57.3599
v  -326.7118 155.8478 -54.3235
v  -326.6013 358.9272 -54.3235
v  -326.2696 358.9272 -75.1435
v  -326.2696 155.8478 -75.1435
v  -332.3830 353.8681 -72.1070
v  -281.0756 155.8478 -75.1435
v  -108.1170 359.7925 -54.3235
v  -102.5108 155.8478 -54.3235
v  -100.1435 356.7151 -57.3599
v  -157.5969 155.8478 -54.3235
v  -231.8558 346.1566 -57.3599
v  -214.1593 155.8478 -54.3235
v  -225.0595 350.4834 -54.3235
v  -224.5197 350.4834 -75.1435
v  -213.9512 155.8478 -75.1435
v  -231.4851 346.1566 -72.1070
v  -157.4733 155.8478 -75.1435
v  18.8476 404.9964 -54.3235
v  23.7969 155.8478 -54.3235
v  26.0472 401.6732 -57.3599
v  -29.7608 155.8478 -54.3235
v  -83.3250 155.8478 -54.3235
v  -88.0011 401.7705 -54.3235
v  -95.7275 398.0171 -57.3599
v  -95.5129 398.0171 -72.1070
v  -87.7085 401.7705 -75.1435
v  -83.3250 155.8478 -75.1435
v  -29.7608 155.8478 -75.1435
v  -234.8215 155.8478 -75.1435
v  -227.3162 150.2050 -72.1070
v  -95.3438 155.8478 -75.1435
v  23.7969 155.8478 -75.1435
v  -90.2774 892.8528 -75.1435
v  -94.5764 892.6583 -72.1070
v  -83.5656 647.6931 -75.1435
v  -90.7197 645.8293 -72.1070
v  -94.8560 892.5610 -57.3599
v  -90.6611 892.7350 -54.3235
v  -83.5917 647.6931 -54.3235
v  -90.7392 645.8293 -57.3599
v  20.8573 903.2935 -54.3235
v  28.4145 904.6096 -57.3599
v  30.9705 653.1414 -57.3599
v  23.7969 654.1450 -54.3235
v  19.0948 404.9964 -75.1435
v  26.2228 401.6732 -72.1070
v  30.9705 653.1414 -72.1070
v  23.7969 654.1450 -75.1435
v  21.0264 903.2935 -75.1435
v  28.5251 904.6096 -72.1070
v  -33.7345 404.7660 -54.3235
v  -29.9364 653.6841 -54.3235
v  -35.4710 902.6022 -54.3235
v  -33.5329 404.7660 -75.1435
v  -29.9104 653.6841 -75.1435
v  -35.1848 902.6022 -75.1435
v  -326.9525 762.6025 -75.1435
v  -333.7293 759.2332 -72.1070
v  -317.9189 562.0117 -75.1435
v  -325.0859 557.5363 -72.1070
v  -334.0219 759.1308 -57.3599
v  -327.3817 762.4283 -54.3235
v  -317.9189 562.0117 -54.3235
v  -325.0859 557.5363 -57.3599
v  -237.2733 827.5100 -54.3235
v  -229.2738 839.4152 -57.3599
v  -229.4299 613.2679 -54.3235
v  -222.2629 617.0930 -57.3599
v  -246.4826 384.5604 -75.1435
v  -239.5757 383.6490 -72.1070
v  -229.4299 613.2679 -75.1435
v  -222.2629 617.0930 -72.1070
v  -229.0137 839.8146 -72.1070
v  -237.0587 831.2532 -75.1435
v  -288.2946 375.5790 -54.3235
v  -273.6353 595.3052 -54.3235
v  -284.7957 806.1985 -54.3235
v  -287.8069 375.5739 -75.1435
v  -273.6353 595.3052 -75.1435
v  -284.2494 806.5928 -75.1435
v  -210.2636 930.9699 -75.1435
v  -217.5607 930.3862 -72.1070
v  -214.5560 737.1996 -75.1435
v  -221.9832 735.5406 -72.1070
v  -216.7998 542.1082 -72.1070
v  -209.6328 545.1140 -75.1435
v  -217.6193 930.2172 -57.3599
v  -210.3417 930.7343 -54.3235
v  -222.2044 735.3972 -57.3599
v  -214.8617 736.9999 -54.3235
v  -216.7998 542.1082 -57.3599
v  -209.6328 545.1140 -54.3235
v  -102.5108 971.6268 -54.3235
v  -95.3438 976.2454 -57.3599
v  -105.0408 766.8832 -54.3235
v  -97.7827 769.1414 -57.3599
v  -102.5108 563.7373 -54.3235
v  -95.3438 563.2252 -57.3599
v  -100.0329 360.2943 -75.1435
v  -95.3438 564.7358 -75.1435
v  -97.6461 768.6907 -75.1435
v  -95.3438 973.6238 -75.1435
v  -167.7751 356.0597 -54.3235
v  -156.0751 556.2664 -54.3235
v  -159.8212 753.8566 -54.3235
v  -156.1271 956.0860 -54.3235
v  -167.3459 356.0597 -75.1435
v  -156.0751 556.2664 -75.1435
v  -159.5740 754.0615 -75.1435
v  -156.1141 956.1679 -75.1435
v  -287.7158 1027.8447 -45.7671
v  -287.7158 1073.6682 -45.7671
v  -324.3640 1078.6914 -45.9668
v  -324.3640 1022.8216 -45.9668
v  -329.9897 1084.0425 -54.1801
v  -329.9897 1084.0425 -51.9373
v  -287.7158 1078.2460 -51.7069
v  -287.7158 1078.2460 -54.4105
v  -245.4420 1040.8151 -45.9105
v  -220.6695 1040.8151 -45.9105
v  -220.6695 1060.6980 -45.9105
v  -245.4420 1060.6980 -45.9105
v  -223.5636 1036.2373 -54.2672
v  -223.5636 1036.2373 -51.8451
v  -245.4420 1036.2373 -51.8451
v  -245.4420 1036.2373 -54.2672
v  -208.3775 1040.7485 -45.9105
v  -199.9618 1017.9520 -45.9105
v  -187.7284 1017.9520 -45.9105
v  -245.4420 1065.2758 -51.8451
v  -245.4420 1065.2758 -54.2672
v  -206.9988 1017.9520 -54.2672
v  -206.9988 1017.9520 -51.8451
v  162.1430 1031.7211 -51.4457
v  143.3734 1036.2373 -51.8451
v  143.3734 1036.2373 -54.2672
v  162.1430 1031.7211 -54.6717
v  -208.3775 1060.7645 -45.9105
v  -187.7284 1083.5610 -45.9105
v  -199.9618 1083.5610 -45.9105
v  -197.9327 997.6082 -54.2672
v  -197.9327 997.6082 -51.8451
v  -180.4313 1017.9520 -51.8451
v  -180.4313 1017.9520 -54.2672
v  -196.9961 1036.2373 -54.2672
v  -196.9961 1036.2373 -51.8451
v  143.3734 1040.7485 -45.9105
v  143.3734 1060.7645 -45.9105
v  204.3258 1050.0833 -53.0382
v  204.3258 1050.0833 -53.0792
v  175.0202 1032.8322 -51.5430
v  175.0202 1032.8322 -54.5744
v  175.0202 1068.6809 -54.5744
v  175.0202 1068.6809 -51.5430
v  204.3258 1051.4349 -53.0792
v  204.3258 1051.4349 -53.0382
v  175.0202 1064.1697 -45.6084
v  175.0202 1037.3434 -45.6084
v  201.5877 1049.9807 -51.3331
v  201.5877 1051.5322 -51.3331
v  162.1430 1069.7920 -54.6717
v  143.3734 1065.2758 -54.2672
v  143.3734 1065.2758 -51.8451
v  162.1430 1069.7920 -51.4457
v  162.1430 1036.2322 -45.5060
v  162.1430 1065.2808 -45.5060
v  -223.5636 1065.2758 -54.2672
v  -223.5636 1065.2758 -51.8451
v  -329.9897 1017.4707 -54.1801
v  -329.9897 1017.4707 -51.9373
v  -287.7158 1023.2671 -51.7069
v  -287.7158 1023.2671 -54.4105
v  -171.3652 997.6082 -51.8451
v  -171.3652 997.6082 -54.2672
v  -196.9961 1065.2758 -54.2672
v  -196.9961 1065.2758 -51.8451
v  -206.9988 1083.5610 -54.2672
v  -206.9988 1083.5610 -51.8451
v  -180.4313 1083.5610 -54.2672
v  -180.4313 1083.5610 -51.8451
v  -197.9327 1103.9049 -54.2672
v  -197.9327 1103.9049 -51.8451
v  -212.9366 1118.8772 -51.8451
v  -212.9366 1118.8772 -54.2672
v  -178.6623 1103.9049 -45.9105
v  -190.8957 1103.9049 -45.9105
v  -171.3652 1103.9049 -54.2672
v  -171.3652 1103.9049 -51.8451
v  -190.8957 997.6082 -45.9105
v  -178.6623 997.6082 -45.9105
v  -212.9366 982.6359 -54.2672
v  -212.9366 982.6359 -51.8451
v  -186.3691 1118.8772 -51.8451
v  -186.3691 1118.8772 -54.2672
v  169.1474 1031.2704 -51.4048
v  169.1474 1031.2704 -54.7126
v  -186.3691 982.6359 -51.8451
v  -186.3691 982.6359 -54.2672
v  -189.1462 1114.3661 -45.9105
v  -201.3796 1114.3661 -45.9105
v  -201.3796 987.1470 -45.9105
v  -189.1462 987.1470 -45.9105
v  169.1474 1070.2427 -51.4048
v  169.1474 1070.2427 -54.7126
v  169.1474 1065.7314 -45.4650
v  169.1474 1035.7816 -45.4650
v  341.5597 668.7692 -95.7586
v  337.5989 668.2520 -95.3951
v  337.5989 672.9680 -80.7146
v  341.5597 673.5978 -80.6890
v  345.5269 672.9680 -80.7146
v  345.5269 668.2520 -95.3951
v  348.7657 671.2526 -80.7863
v  348.7657 666.8489 -94.4068
v  350.9445 668.7077 -80.8887
v  350.9445 664.7598 -92.9424
v  351.7444 665.5893 -81.0167
v  351.7509 662.2047 -91.1502
v  350.9445 662.4709 -81.1447
v  350.9445 659.6495 -89.3580
v  348.7657 659.9209 -81.2522
v  348.7657 657.5654 -87.8935
v  345.5269 658.2055 -81.3239
v  345.5269 656.1573 -86.9053
v  341.5597 657.5757 -81.3495
v  341.5662 655.6402 -86.5417
v  337.5989 656.1573 -86.9053
v  337.5989 658.2055 -81.3239
v  334.3601 659.9209 -81.2522
v  334.3601 657.5654 -87.8935
v  332.1749 662.4658 -81.1498
v  332.1814 659.6495 -89.3580
v  331.3749 665.5842 -81.0167
v  331.3749 662.2047 -91.1502
v  332.1749 668.7026 -80.8887
v  332.1749 664.7598 -92.9424
v  334.3601 671.2526 -80.7863
v  334.3601 666.8438 -94.4068
v  337.5989 655.9679 -105.3801
v  341.5662 656.2751 -105.9280
v  345.5269 655.9679 -105.3801
v  348.7657 655.1281 -103.8798
v  350.9510 653.8839 -101.6575
v  351.7509 652.3579 -98.9333
v  350.9510 650.8269 -96.2092
v  348.7657 649.5826 -93.9869
v  345.5269 648.7429 -92.4866
v  341.5662 648.4356 -91.9387
v  337.5989 648.7429 -92.4866
v  334.3601 649.5826 -93.9869
v  332.1814 650.8269 -96.2092
v  331.3749 652.3528 -98.9333
v  332.1814 653.8787 -101.6575
v  334.3601 655.1281 -103.8798
v  337.5989 639.7461 -111.4223
v  341.5662 639.9100 -112.0316
v  345.5269 639.7461 -111.4223
v  348.7657 639.3109 -109.7581
v  350.9510 638.6605 -107.2951
v  351.7509 637.8669 -104.2740
v  350.9510 637.0732 -101.2581
v  348.7657 636.4280 -98.7900
v  345.5269 635.9876 -97.1309
v  341.5662 635.8289 -96.5216
v  337.5989 635.9876 -97.1309
v  334.3601 636.4280 -98.7900
v  332.1814 637.0732 -101.2581
v  331.3815 637.8669 -104.2740
v  332.1814 638.6605 -107.2951
v  334.3601 639.3109 -109.7581
v  341.5662 621.2610 -115.0732
v  337.5989 621.2098 -114.4434
v  345.5269 621.2098 -114.4434
v  348.7657 621.0613 -112.7331
v  350.9510 620.8463 -110.1933
v  351.7509 620.5800 -107.0801
v  350.9510 620.3138 -103.9719
v  348.7657 620.0987 -101.4322
v  345.5269 619.9502 -99.7219
v  341.5662 619.8939 -99.0921
v  337.5989 619.9502 -99.7219
v  334.3666 620.0936 -101.4322
v  332.1814 620.3138 -103.9719
v  331.3815 620.5800 -107.0801
v  332.1814 620.8463 -110.1933
v  334.3666 621.0613 -112.7331
v  341.5662 601.7775 -115.2575
v  337.5989 601.8185 -114.6328
v  345.5269 601.8185 -114.6328
v  348.7657 601.9363 -112.9174
v  350.9510 602.1104 -110.3726
v  351.7509 602.3203 -107.2593
v  350.9510 602.5354 -104.1460
v  348.7657 602.7043 -101.6011
v  345.5269 602.8221 -99.8858
v  341.5662 602.8631 -99.2559
v  337.5989 602.8221 -99.8858
v  334.3666 602.7043 -101.6011
v  332.1814 602.5303 -104.1460
v  331.3815 602.3203 -107.2593
v  332.1814 602.1104 -110.3726
v  334.3666 601.9363 -112.9174
v  341.5662 582.9597 -112.4873
v  337.6055 583.1184 -111.8729
v  345.5334 583.1184 -111.8729
v  348.7657 583.5383 -110.2087
v  350.9510 584.1630 -107.7355
v  351.7509 584.9310 -104.7093
v  350.9510 585.6940 -101.6831
v  348.7657 586.3187 -99.2150
v  345.5334 586.7437 -97.5457
v  341.5662 586.8973 -96.9363
v  337.6055 586.7386 -97.5457
v  334.3666 586.3187 -99.2150
v  332.1814 585.6940 -101.6831
v  331.3815 584.9259 -104.7093
v  332.1814 584.1630 -107.7355
v  334.3666 583.5383 -110.2087
v  341.5662 566.2719 -106.3171
v  337.6055 566.5842 -105.7692
v  345.5334 566.5842 -105.7692
v  348.7722 567.4343 -104.2740
v  350.9510 568.6939 -102.0569
v  351.7509 570.2352 -99.3430
v  350.9510 571.7765 -96.6291
v  348.7722 573.0361 -94.4171
v  345.5334 573.8861 -92.9219
v  341.5662 574.1985 -92.3740
v  337.6055 573.8861 -92.9219
v  334.3666 573.0361 -94.4171
v  332.1814 571.7765 -96.6291
v  331.3815 570.2352 -99.3430
v  332.1814 568.6939 -102.0569
v  334.3666 567.4343 -104.2740
v  337.6055 553.9980 -95.2722
v  341.5727 553.4809 -95.6306
v  345.5334 553.9980 -95.2722
v  348.7722 555.4113 -94.2942
v  350.9510 557.5107 -92.8399
v  351.7574 560.0761 -91.0631
v  350.9510 562.6415 -89.2863
v  348.7722 564.7358 -87.8372
v  345.5334 566.1490 -86.8592
v  341.5662 566.6662 -86.5007
v  337.6055 566.1490 -86.8592
v  334.3666 564.7358 -87.8372
v  332.1814 562.6415 -89.2863
v  331.3815 560.0710 -91.0631
v  332.1879 557.5056 -92.8399
v  334.3666 555.4113 -94.2942
v  337.6055 548.8878 -79.7775
v  341.5727 548.2580 -79.7775
v  345.5334 548.8929 -79.7775
v  348.7722 550.6083 -79.7775
v  350.9575 553.1583 -79.7775
v  351.7574 556.2818 -79.7775
v  350.9575 559.4002 -79.7775
v  348.7722 561.9502 -79.7775
v  345.5334 563.6707 -79.7775
v  341.5727 564.3005 -79.7775
v  337.6055 563.6656 -79.7775
v  334.3666 561.9502 -79.7775
v  332.1879 559.4002 -79.7775
v  331.3879 556.2767 -79.7775
v  332.1879 553.1583 -79.7775
v  334.3666 550.6083 -79.7775
v  310.6803 547.0598 -82.3634
v  310.6803 679.6758 -82.3634
v  368.6605 679.6758 -82.3634
v  368.6605 547.0598 -82.3634
v  308.4560 684.7605 -75.2049
v  370.8782 684.7605 -75.2049
v  370.8782 684.7605 -80.6122
v  308.4560 684.7605 -80.6122
v  370.8782 541.9751 -75.2049
v  370.8782 541.9751 -80.6122
v  308.4560 541.9751 -80.6122
v  308.4560 541.9751 -75.2049
v  323.3624 244.6937 -75.8347
v  324.9103 242.3690 -75.7323
v  324.6306 242.3741 -74.7901
v  323.0502 244.6989 -74.7901
v  326.9980 259.3589 -75.5889
v  326.7573 259.3589 -74.7901
v  329.3458 261.0333 -74.7901
v  329.5344 261.0333 -75.4200
v  326.7573 240.3362 -74.7901
v  326.9980 240.3311 -75.5889
v  324.6306 257.3209 -74.7901
v  324.9103 257.3158 -75.7323
v  329.5344 238.6567 -75.4200
v  329.3458 238.6618 -74.7901
v  323.3624 254.9911 -75.8347
v  323.0502 254.9962 -74.7901
v  332.4286 237.4175 -75.2254
v  332.2985 237.4175 -74.7901
v  322.4129 252.4667 -75.9013
v  322.0812 252.4718 -74.7901
v  335.5698 236.6545 -75.0103
v  335.5048 236.6545 -74.7901
v  322.0877 249.8399 -75.9218
v  321.7495 249.8501 -74.7901
v  335.5048 263.0405 -74.7901
v  338.8412 263.3017 -74.7901
v  335.5698 263.0405 -75.0103
v  338.8412 236.3934 -74.7901
v  322.4129 247.2182 -75.9013
v  322.0812 247.2233 -74.7901
v  332.4286 262.2725 -75.2254
v  332.2985 262.2776 -74.7901
v  332.8058 237.4124 -75.6402
v  335.7649 236.6494 -75.2254
v  323.3754 252.4615 -76.9664
v  323.0698 249.8347 -77.0124
v  335.7649 263.0405 -75.2254
v  323.3754 247.2130 -76.9664
v  332.8058 262.2725 -75.6402
v  324.2729 244.6886 -76.8435
v  330.0807 261.0282 -76.0242
v  325.7298 242.3639 -76.6387
v  327.6873 259.3538 -76.3621
v  327.6873 240.3259 -76.3621
v  325.7298 257.3107 -76.6387
v  330.0807 238.6567 -76.0242
v  324.2729 254.9860 -76.8435
v  330.9587 261.0230 -76.5823
v  328.8125 259.3486 -77.0688
v  327.0435 242.3588 -77.4682
v  328.8125 240.3208 -77.0688
v  327.0435 257.3107 -77.4682
v  330.9587 238.6515 -76.5823
v  325.7363 254.9809 -77.7703
v  333.4106 237.4124 -76.0242
v  324.9298 252.4565 -77.9495
v  336.0706 236.6494 -75.4200
v  324.6566 249.8296 -78.0161
v  336.0706 263.0405 -75.4200
v  324.9298 247.2079 -77.9495
v  333.4106 262.2725 -76.0242
v  325.7363 244.6835 -77.7703
v  327.0175 252.4513 -78.8149
v  326.7899 249.8245 -78.8917
v  336.4868 263.0405 -75.5889
v  336.4868 236.6494 -75.5889
v  327.0175 247.2028 -78.8149
v  334.2301 262.2673 -76.3621
v  327.7068 244.6784 -78.5793
v  332.1424 261.0230 -77.0688
v  328.8190 242.3537 -78.2004
v  330.3148 259.3435 -77.6935
v  330.3148 240.3208 -77.6935
v  328.8190 257.3056 -78.2004
v  332.1424 238.6515 -77.0688
v  327.7068 254.9757 -78.5793
v  334.2301 237.4124 -76.3621
v  332.1489 240.3157 -78.2004
v  330.9782 242.3537 -78.7995
v  330.9782 257.3004 -78.7995
v  332.1489 259.3435 -78.2004
v  333.5862 238.6464 -77.4682
v  330.1002 254.9706 -79.2450
v  335.2186 237.4073 -76.6387
v  329.5604 252.4462 -79.5215
v  336.9941 236.6494 -75.7323
v  329.3848 249.8245 -79.6137
v  336.9941 263.0354 -75.7323
v  329.5604 247.1977 -79.5215
v  335.2186 262.2673 -76.6387
v  330.1002 244.6784 -79.2450
v  333.5862 261.0179 -77.4682
v  337.5729 263.0354 -75.8347
v  337.5729 236.6494 -75.8347
v  332.4676 247.1977 -80.0489
v  332.3375 249.8194 -80.1513
v  336.3503 262.2673 -76.8435
v  332.8318 244.6732 -79.7417
v  335.2316 261.0179 -77.7703
v  333.4366 242.3486 -79.2450
v  334.2430 259.3435 -78.5793
v  334.2430 240.3157 -78.5793
v  333.4366 257.3004 -79.2450
v  335.2316 238.6464 -77.7703
v  332.8318 254.9706 -79.7417
v  336.3503 237.4073 -76.8435
v  332.4676 252.4462 -80.0489
v  336.1031 257.2953 -79.5215
v  336.5128 259.3384 -78.8149
v  337.0136 238.6464 -77.9495
v  336.5128 240.3157 -78.8149
v  335.7974 254.9706 -80.0489
v  337.5794 237.4073 -76.9664
v  335.6088 252.4411 -80.3715
v  338.1973 236.6494 -75.9013
v  335.5503 249.8194 -80.4790
v  338.1973 263.0354 -75.9013
v  335.6088 247.1926 -80.3715
v  337.5794 262.2673 -76.9664
v  335.7974 244.6732 -80.0489
v  337.0136 261.0179 -77.9495
v  336.1031 242.3486 -79.5215
v  338.8802 249.8194 -80.5917
v  338.8802 247.1926 -80.4790
v  338.8477 263.0354 -75.9218
v  338.8542 262.2673 -77.0124
v  338.8802 244.6732 -80.1513
v  338.8607 261.0179 -78.0161
v  338.8737 242.3486 -79.6137
v  338.8672 259.3384 -78.8917
v  338.8672 240.3157 -78.8917
v  338.8737 257.2953 -79.6137
v  338.8607 238.6464 -78.0161
v  338.8802 254.9706 -80.1513
v  338.8542 237.4073 -77.0124
v  338.8802 252.4411 -80.4790
v  338.8477 236.6494 -75.9218
v  341.2280 240.3157 -78.8149
v  340.7142 238.6464 -77.9495
v  341.6442 257.2953 -79.5215
v  341.9564 254.9706 -80.0489
v  340.1289 237.4073 -76.9664
v  342.1515 252.4411 -80.3715
v  339.4980 236.6494 -75.9013
v  342.2166 249.8194 -80.4790
v  339.4980 263.0354 -75.9013
v  342.1515 247.1926 -80.3715
v  340.1289 262.2673 -76.9664
v  341.9564 244.6732 -80.0489
v  340.7142 261.0179 -77.9495
v  341.6442 242.3486 -79.5215
v  341.2280 259.3384 -78.8149
v  344.9156 244.6732 -79.7417
v  345.2928 247.1977 -80.0489
v  341.3581 262.2673 -76.8435
v  342.4962 261.0179 -77.7703
v  344.3107 242.3486 -79.2450
v  343.4913 259.3435 -78.5793
v  343.4913 240.3157 -78.5793
v  344.3107 257.3004 -79.2450
v  342.4962 238.6464 -77.7703
v  344.9156 254.9706 -79.7417
v  341.3581 237.4073 -76.8435
v  345.2928 252.4462 -80.0489
v  340.1224 236.6494 -75.8347
v  345.4164 249.8194 -80.1513
v  340.1224 263.0354 -75.8347
v  344.1351 238.6464 -77.4733
v  342.4832 237.4073 -76.6387
v  348.1870 252.4462 -79.5215
v  347.6406 254.9706 -79.2450
v  340.7012 236.6494 -75.7323
v  348.3690 249.8245 -79.6137
v  340.7012 263.0354 -75.7323
v  348.1870 247.1977 -79.5215
v  342.4832 262.2673 -76.6387
v  347.6406 244.6784 -79.2450
v  344.1351 261.0179 -77.4682
v  346.7626 242.3537 -78.7995
v  345.5789 259.3435 -78.2004
v  345.5789 240.3157 -78.2004
v  346.7626 257.3004 -78.7995
v  343.4718 262.2673 -76.3621
v  345.5659 261.0230 -77.0688
v  350.0275 244.6784 -78.5793
v  348.9088 242.3537 -78.2004
v  347.4065 259.3435 -77.6935
v  347.4065 240.3208 -77.6935
v  348.9088 257.3056 -78.2004
v  345.5659 238.6515 -77.0688
v  350.0275 254.9757 -78.5793
v  343.4718 237.4124 -76.3621
v  350.7169 252.4513 -78.8149
v  341.2020 236.6494 -75.5889
v  350.9510 249.8245 -78.8917
v  341.2020 263.0405 -75.5889
v  350.7169 247.2028 -78.8149
v  352.7980 252.4565 -77.9495
v  351.9850 254.9809 -77.7703
v  341.6182 236.6494 -75.4200
v  344.2847 237.4124 -76.0242
v  353.0712 249.8296 -78.0161
v  341.6182 263.0405 -75.4200
v  352.7980 247.2079 -77.9495
v  344.2847 262.2725 -76.0242
v  351.9850 244.6835 -77.7703
v  346.7431 261.0230 -76.5823
v  350.6713 242.3588 -77.4733
v  348.9023 259.3486 -77.0688
v  348.9023 240.3208 -77.0688
v  350.6713 257.3107 -77.4682
v  346.7431 238.6515 -76.5823
v  351.9786 242.3639 -76.6387
v  353.4419 244.6886 -76.8435
v  350.0145 259.3538 -76.3621
v  347.6211 261.0282 -76.0242
v  350.0145 240.3259 -76.3621
v  351.9786 257.3107 -76.6387
v  347.6211 238.6567 -76.0242
v  353.4419 254.9860 -76.8435
v  344.8896 237.4124 -75.6402
v  354.3394 252.4615 -76.9664
v  341.9239 236.6494 -75.2254
v  354.6451 249.8347 -77.0124
v  341.9239 263.0405 -75.2254
v  354.3394 247.2130 -76.9664
v  344.8896 262.2725 -75.6402
v  342.1125 236.6545 -75.0103
v  345.2538 237.4175 -75.2254
v  355.6076 249.8399 -75.9218
v  355.2824 252.4667 -75.9013
v  342.1125 263.0405 -75.0103
v  355.2824 247.2182 -75.9013
v  345.2538 262.2725 -75.2254
v  354.3329 244.6937 -75.8347
v  348.1544 261.0333 -75.4200
v  352.7785 242.3690 -75.7323
v  350.6974 259.3589 -75.5889
v  350.6974 240.3311 -75.5889
v  352.7785 257.3158 -75.7323
v  348.1544 238.6567 -75.4200
v  354.3329 254.9911 -75.8347
v  350.9250 259.3589 -74.7901
v  348.3300 261.0333 -74.7901
v  350.9250 240.3362 -74.7901
v  353.0452 242.3741 -74.7901
v  353.0452 257.3209 -74.7901
v  348.3300 238.6618 -74.7901
v  354.6256 254.9962 -74.7901
v  345.3773 237.4175 -74.7901
v  355.6011 252.4718 -74.7901
v  342.1710 236.6545 -74.7901
v  355.9263 249.8501 -74.7901
v  342.1710 263.0405 -74.7901
v  355.6011 247.2233 -74.7901
v  345.3773 262.2776 -74.7901
v  354.6256 244.6989 -74.7901
v  201.6072 242.3741 -74.7901
v  200.0268 244.6989 -74.7901
v  200.3390 244.6937 -75.8347
v  201.8869 242.3690 -75.7323
v  203.7274 259.3589 -74.7901
v  206.3159 261.0333 -74.7901
v  206.5045 261.0333 -75.4200
v  203.9681 259.3589 -75.5889
v  203.7274 240.3362 -74.7901
v  203.9681 240.3311 -75.5889
v  201.6072 257.3209 -74.7901
v  201.8869 257.3158 -75.7323
v  206.5045 238.6567 -75.4200
v  206.3159 238.6618 -74.7901
v  200.0268 254.9962 -74.7901
v  200.3390 254.9911 -75.8347
v  209.2751 237.4175 -74.7901
v  209.3986 237.4175 -75.2254
v  199.0513 252.4718 -74.7901
v  199.3830 252.4667 -75.9013
v  212.4814 236.6545 -74.7901
v  212.5464 236.6545 -75.0103
v  198.7261 249.8501 -74.7901
v  199.0643 249.8399 -75.9218
v  212.4814 263.0405 -74.7901
v  215.8112 263.3017 -74.7901
v  212.5464 263.0405 -75.0103
v  215.8112 236.3934 -74.7901
v  199.3830 247.2182 -75.9013
v  199.0513 247.2233 -74.7901
v  209.2751 262.2776 -74.7901
v  209.3986 262.2725 -75.2254
v  209.7758 237.4124 -75.6402
v  212.7350 236.6494 -75.2254
v  200.3455 252.4615 -76.9664
v  200.0398 249.8347 -77.0124
v  212.7350 263.0405 -75.2254
v  200.3455 247.2130 -76.9664
v  209.7758 262.2725 -75.6402
v  201.2430 244.6886 -76.8435
v  207.0508 261.0282 -76.0242
v  202.6998 242.3639 -76.6387
v  204.6575 259.3538 -76.3621
v  204.6575 240.3259 -76.3621
v  202.6998 257.3107 -76.6387
v  207.0508 238.6567 -76.0242
v  201.2430 254.9860 -76.8435
v  205.7826 259.3486 -77.0688
v  207.9288 261.0230 -76.5823
v  205.7826 240.3208 -77.0688
v  204.0201 242.3588 -77.4682
v  204.0201 257.3107 -77.4682
v  207.9288 238.6515 -76.5823
v  202.7064 254.9809 -77.7703
v  210.3807 237.4124 -76.0242
v  201.8999 252.4565 -77.9495
v  213.0472 236.6494 -75.4200
v  201.6267 249.8296 -78.0161
v  213.0472 263.0405 -75.4200
v  201.8999 247.2079 -77.9495
v  210.3807 262.2725 -76.0242
v  202.7064 244.6835 -77.7703
v  203.9876 252.4513 -78.8149
v  203.7599 249.8245 -78.8917
v  213.4634 263.0405 -75.5889
v  213.4634 236.6494 -75.5889
v  203.9876 247.2028 -78.8149
v  211.2001 262.2673 -76.3621
v  204.6770 244.6784 -78.5793
v  209.1125 261.0230 -77.0688
v  205.7891 242.3537 -78.2004
v  207.2914 259.3435 -77.6935
v  207.2914 240.3208 -77.6935
v  205.7891 257.3056 -78.2004
v  209.1125 238.6515 -77.0688
v  204.6770 254.9757 -78.5793
v  211.2001 237.4124 -76.3621
v  209.1255 240.3157 -78.2004
v  207.9483 242.3537 -78.7995
v  209.1255 259.3435 -78.2004
v  207.9483 257.3004 -78.7995
v  210.5563 238.6464 -77.4682
v  207.0703 254.9706 -79.2450
v  212.1952 237.4073 -76.6387
v  206.5370 252.4462 -79.5215
v  213.9642 236.6494 -75.7323
v  206.3549 249.8245 -79.6137
v  213.9642 263.0354 -75.7323
v  206.5370 247.1977 -79.5215
v  212.1952 262.2673 -76.6387
v  207.0703 244.6784 -79.2450
v  210.5563 261.0179 -77.4682
v  214.5430 263.0354 -75.8347
v  214.5430 236.6494 -75.8347
v  209.4377 247.1977 -80.0489
v  209.3141 249.8194 -80.1513
v  213.3269 262.2673 -76.8435
v  209.8084 244.6732 -79.7417
v  212.2017 261.0179 -77.7703
v  210.4067 242.3486 -79.2450
v  211.2132 259.3435 -78.5793
v  211.2132 240.3157 -78.5793
v  210.4067 257.3004 -79.2450
v  212.2017 238.6464 -77.7703
v  209.8084 254.9706 -79.7417
v  213.3269 237.4073 -76.8435
v  209.4377 252.4462 -80.0489
v  213.0732 257.2953 -79.5215
v  213.4829 259.3384 -78.8149
v  213.4829 240.3157 -78.8149
v  213.9837 238.6464 -77.9495
v  212.7675 254.9706 -80.0489
v  214.5495 237.4073 -76.9664
v  212.5854 252.4411 -80.3715
v  215.1674 236.6494 -75.9013
v  212.5204 249.8194 -80.4790
v  215.1674 263.0354 -75.9013
v  212.5854 247.1926 -80.3715
v  214.5495 262.2673 -76.9664
v  212.7675 244.6732 -80.0489
v  213.9837 261.0179 -77.9495
v  213.0732 242.3486 -79.5215
v  215.8568 249.8194 -80.5917
v  215.8503 247.1926 -80.4790
v  215.8177 263.0354 -75.9218
v  215.8307 262.2673 -77.0124
v  215.8503 244.6732 -80.1513
v  215.8373 261.0179 -78.0161
v  215.8438 242.3486 -79.6137
v  215.8438 259.3384 -78.8917
v  215.8438 240.3157 -78.8917
v  215.8438 257.2953 -79.6137
v  215.8373 238.6464 -78.0161
v  215.8503 254.9706 -80.1513
v  215.8307 237.4073 -77.0124
v  215.8503 252.4411 -80.4790
v  215.8177 236.6494 -75.9218
v  218.1981 240.3157 -78.8149
v  217.6843 238.6464 -77.9495
v  218.6208 257.2953 -79.5215
v  218.9265 254.9706 -80.0489
v  217.1055 237.4073 -76.9664
v  219.1216 252.4411 -80.3715
v  216.4681 236.6494 -75.9013
v  219.1866 249.8194 -80.4790
v  216.4681 263.0354 -75.9013
v  219.1216 247.1926 -80.3715
v  217.1055 262.2673 -76.9664
v  218.9265 244.6732 -80.0489
v  217.6843 261.0179 -77.9495
v  218.6208 242.3486 -79.5215
v  218.1981 259.3384 -78.8149
v  222.2629 247.1977 -80.0489
v  221.8857 244.6732 -79.7417
v  218.3282 262.2673 -76.8435
v  219.4663 261.0179 -77.7703
v  221.2808 242.3486 -79.2450
v  220.4614 259.3435 -78.5793
v  220.4614 240.3157 -78.5793
v  221.2808 257.3004 -79.2450
v  219.4663 238.6464 -77.7703
v  221.8857 254.9706 -79.7417
v  218.3282 237.4073 -76.8435
v  222.2629 252.4462 -80.0489
v  217.0925 236.6494 -75.8347
v  222.3865 249.8194 -80.1513
v  217.0925 263.0354 -75.8347
v  221.1052 238.6464 -77.4682
v  219.4598 237.4073 -76.6387
v  224.6172 254.9706 -79.2450
v  225.1570 252.4462 -79.5215
v  217.6713 236.6494 -75.7323
v  225.3391 249.8245 -79.6137
v  217.6713 263.0354 -75.7323
v  225.1570 247.1977 -79.5215
v  219.4598 262.2673 -76.6387
v  224.6172 244.6784 -79.2450
v  221.1052 261.0179 -77.4682
v  223.7327 242.3537 -78.7995
v  222.5491 259.3435 -78.2004
v  222.5491 240.3157 -78.2004
v  223.7327 257.3004 -78.7995
v  220.4484 262.2673 -76.3621
v  222.5425 261.0230 -77.0688
v  227.0041 244.6784 -78.5793
v  225.8854 242.3537 -78.2004
v  224.3766 259.3435 -77.6935
v  224.3766 240.3208 -77.6935
v  225.8854 257.3056 -78.2004
v  222.5425 238.6515 -77.0688
v  227.0041 254.9757 -78.5793
v  220.4484 237.4124 -76.3621
v  227.6935 252.4513 -78.8149
v  218.1721 236.6494 -75.5889
v  227.9211 249.8245 -78.8917
v  218.1721 263.0405 -75.5889
v  227.6935 247.2028 -78.8149
v  228.9617 254.9809 -77.7703
v  229.7681 252.4565 -77.9495
v  218.5883 236.6494 -75.4200
v  221.2548 237.4124 -76.0242
v  230.0413 249.8296 -78.0161
v  218.5883 263.0405 -75.4200
v  229.7681 247.2079 -77.9495
v  221.2548 262.2725 -76.0242
v  228.9617 244.6835 -77.7703
v  223.7197 261.0230 -76.5823
v  227.6414 242.3588 -77.4733
v  225.8724 259.3486 -77.0688
v  225.8724 240.3208 -77.0688
v  227.6414 257.3107 -77.4682
v  223.7197 238.6515 -76.5823
v  230.4120 244.6886 -76.8435
v  228.9487 242.3639 -76.6387
v  224.5912 261.0282 -76.0242
v  226.9845 259.3538 -76.3621
v  226.9845 240.3259 -76.3621
v  228.9487 257.3107 -76.6387
v  224.5912 238.6567 -76.0242
v  230.4120 254.9860 -76.8435
v  221.8596 237.4124 -75.6402
v  231.3095 252.4615 -76.9664
v  218.8940 236.6494 -75.2254
v  231.6152 249.8347 -77.0124
v  218.8940 263.0405 -75.2254
v  231.3095 247.2130 -76.9664
v  221.8596 262.2725 -75.6402
v  222.2304 237.4175 -75.2254
v  219.0826 236.6545 -75.0103
v  232.2590 252.4667 -75.9013
v  232.5777 249.8399 -75.9218
v  219.0826 263.0405 -75.0103
v  232.2590 247.2182 -75.9013
v  222.2304 262.2725 -75.2254
v  231.3030 244.6937 -75.8347
v  225.1245 261.0333 -75.4200
v  229.7551 242.3690 -75.7323
v  227.6674 259.3589 -75.5889
v  227.6674 240.3311 -75.5889
v  229.7551 257.3158 -75.7323
v  225.1245 238.6567 -75.4200
v  231.3030 254.9911 -75.8347
v  225.3066 261.0333 -74.7901
v  227.8951 259.3589 -74.7901
v  230.0218 242.3741 -74.7901
v  227.8951 240.3362 -74.7901
v  230.0218 257.3209 -74.7901
v  225.3066 238.6618 -74.7901
v  231.5957 254.9962 -74.7901
v  222.3539 237.4175 -74.7901
v  232.5712 252.4718 -74.7901
v  219.1476 236.6545 -74.7901
v  232.8964 249.8501 -74.7901
v  219.1476 263.0405 -74.7901
v  232.5712 247.2233 -74.7901
v  222.3539 262.2776 -74.7901
v  231.5957 244.6989 -74.7901
v  77.3091 244.6937 -75.8347
v  78.8570 242.3690 -75.7323
v  78.5773 242.3741 -74.7901
v  76.9969 244.6989 -74.7901
v  83.2925 261.0333 -74.7901
v  83.4746 261.0333 -75.4200
v  80.9382 259.3589 -75.5889
v  80.7040 259.3589 -74.7901
v  80.7040 240.3362 -74.7901
v  80.9382 240.3311 -75.5889
v  78.8570 257.3158 -75.7323
v  78.5773 257.3209 -74.7901
v  83.4746 238.6567 -75.4200
v  83.2925 238.6618 -74.7901
v  76.9969 254.9962 -74.7901
v  77.3091 254.9911 -75.8347
v  86.3752 237.4175 -75.2254
v  86.2452 237.4175 -74.7901
v  76.0279 252.4718 -74.7901
v  76.3531 252.4667 -75.9013
v  89.4515 236.6545 -74.7901
v  89.5165 236.6545 -75.0103
v  76.0344 249.8399 -75.9218
v  75.6962 249.8501 -74.7901
v  89.4515 263.0405 -74.7901
v  92.7813 263.3017 -74.7901
v  89.5165 263.0405 -75.0103
v  92.7813 236.3934 -74.7901
v  76.3531 247.2182 -75.9013
v  76.0279 247.2233 -74.7901
v  86.3752 262.2725 -75.2254
v  86.2452 262.2776 -74.7901
v  86.7459 237.4124 -75.6402
v  89.7051 236.6494 -75.2254
v  77.3156 252.4615 -76.9664
v  77.0164 249.8347 -77.0124
v  89.7051 263.0405 -75.2254
v  77.3156 247.2130 -76.9664
v  86.7459 262.2725 -75.6402
v  78.2131 244.6886 -76.8435
v  84.0209 261.0282 -76.0242
v  79.6699 242.3639 -76.6387
v  81.6341 259.3538 -76.3621
v  81.6341 240.3259 -76.3621
v  79.6699 257.3107 -76.6387
v  84.0209 238.6567 -76.0242
v  78.2131 254.9860 -76.8435
v  84.9054 261.0230 -76.5823
v  82.7527 259.3486 -77.0688
v  82.7527 240.3208 -77.0688
v  80.9902 242.3588 -77.4682
v  80.9902 257.3107 -77.4682
v  84.9054 238.6515 -76.5823
v  79.6765 254.9809 -77.7703
v  87.3573 237.4124 -76.0242
v  78.8700 252.4565 -77.9495
v  90.0173 236.6494 -75.4200
v  78.5968 249.8296 -78.0161
v  90.0173 263.0405 -75.4200
v  78.8700 247.2079 -77.9495
v  87.3573 262.2725 -76.0242
v  79.6765 244.6835 -77.7703
v  80.9642 252.4513 -78.8149
v  80.7300 249.8245 -78.8917
v  90.4335 263.0405 -75.5889
v  90.4335 236.6494 -75.5889
v  80.9642 247.2028 -78.8149
v  88.1702 262.2673 -76.3621
v  81.6471 244.6784 -78.5793
v  86.0891 261.0230 -77.0688
v  82.7592 242.3537 -78.2004
v  84.2615 259.3435 -77.6935
v  84.2615 240.3208 -77.6935
v  82.7592 257.3056 -78.2004
v  86.0891 238.6515 -77.0688
v  81.6471 254.9757 -78.5793
v  88.1702 237.4124 -76.3621
v  84.9184 242.3537 -78.7995
v  86.0956 240.3157 -78.2004
v  84.9184 257.3004 -78.7995
v  86.0956 259.3435 -78.2004
v  87.5264 238.6464 -77.4682
v  84.0469 254.9706 -79.2450
v  89.1653 237.4073 -76.6387
v  83.5071 252.4462 -79.5215
v  90.9408 236.6494 -75.7323
v  83.3250 249.8245 -79.6137
v  90.9408 263.0354 -75.7323
v  83.5071 247.1977 -79.5215
v  89.1653 262.2673 -76.6387
v  84.0469 244.6784 -79.2450
v  87.5264 261.0179 -77.4682
v  91.5131 263.0354 -75.8347
v  91.5131 236.6494 -75.8347
v  86.2842 249.8194 -80.1513
v  86.4078 247.1977 -80.0489
v  90.2969 262.2673 -76.8435
v  86.7785 244.6732 -79.7417
v  89.1718 261.0179 -77.7703
v  87.3768 242.3486 -79.2450
v  88.1898 259.3435 -78.5793
v  88.1898 240.3157 -78.5793
v  87.3768 257.3004 -79.2450
v  89.1718 238.6464 -77.7703
v  86.7785 254.9706 -79.7417
v  90.2969 237.4073 -76.8435
v  86.4078 252.4462 -80.0489
v  90.0433 257.2953 -79.5215
v  90.4530 259.3384 -78.8149
v  90.4530 240.3157 -78.8149
v  90.9538 238.6464 -77.9495
v  89.7441 254.9706 -80.0489
v  91.5261 237.4073 -76.9664
v  89.5555 252.4411 -80.3715
v  92.1440 236.6494 -75.9013
v  89.4905 249.8194 -80.4790
v  92.1440 263.0354 -75.9013
v  89.5555 247.1926 -80.3715
v  91.5261 262.2673 -76.9664
v  89.7441 244.6732 -80.0489
v  90.9538 261.0179 -77.9495
v  90.0433 242.3486 -79.5215
v  92.8269 249.8194 -80.5917
v  92.8269 247.1926 -80.4790
v  92.7943 263.0354 -75.9218
v  92.8009 262.2673 -77.0124
v  92.8204 244.6732 -80.1513
v  92.8074 261.0179 -78.0161
v  92.8204 242.3486 -79.6137
v  92.8139 259.3384 -78.8917
v  92.8139 240.3157 -78.8917
v  92.8204 257.2953 -79.6137
v  92.8074 238.6464 -78.0161
v  92.8204 254.9706 -80.1513
v  92.8009 237.4073 -77.0124
v  92.8269 252.4411 -80.4790
v  92.7943 236.6494 -75.9218
v  94.6609 238.6464 -77.9495
v  95.1682 240.3157 -78.8149
v  95.5909 257.2953 -79.5215
v  95.9031 254.9706 -80.0489
v  94.0756 237.4073 -76.9664
v  96.0917 252.4411 -80.3715
v  93.4447 236.6494 -75.9013
v  96.1567 249.8194 -80.4790
v  93.4447 263.0354 -75.9013
v  96.0917 247.1926 -80.3715
v  94.0756 262.2673 -76.9664
v  95.9031 244.6732 -80.0489
v  94.6609 261.0179 -77.9495
v  95.5909 242.3486 -79.5215
v  95.1682 259.3384 -78.8149
v  99.2330 247.1977 -80.0489
v  98.8623 244.6732 -79.7417
v  95.2983 262.2673 -76.8435
v  96.4364 261.0179 -77.7703
v  98.2509 242.3486 -79.2450
v  97.4380 259.3435 -78.5793
v  97.4380 240.3157 -78.5793
v  98.2509 257.3004 -79.2450
v  96.4364 238.6464 -77.7703
v  98.8623 254.9706 -79.7417
v  95.2983 237.4073 -76.8435
v  99.2330 252.4462 -80.0489
v  94.0691 236.6494 -75.8347
v  99.3631 249.8194 -80.1513
v  94.0691 263.0354 -75.8347
v  98.0753 238.6464 -77.4682
v  96.4299 237.4073 -76.6387
v  101.5873 254.9706 -79.2450
v  102.1271 252.4462 -79.5215
v  94.6414 236.6494 -75.7323
v  102.3092 249.8245 -79.6137
v  94.6414 263.0354 -75.7323
v  102.1271 247.1977 -79.5215
v  96.4299 262.2673 -76.6387
v  101.5873 244.6784 -79.2450
v  98.0753 261.0179 -77.4682
v  100.7093 242.3537 -78.7995
v  99.5191 259.3435 -78.2004
v  99.5191 240.3157 -78.2004
v  100.7093 257.3004 -78.7995
v  97.4185 262.2673 -76.3621
v  99.5126 261.0230 -77.0688
v  103.9742 244.6784 -78.5793
v  102.8555 242.3537 -78.2004
v  101.3467 259.3435 -77.6935
v  101.3467 240.3208 -77.6935
v  102.8555 257.3056 -78.2004
v  99.5126 238.6515 -77.0688
v  103.9742 254.9757 -78.5793
v  97.4185 237.4124 -76.3621
v  104.6635 252.4513 -78.8149
v  95.1487 236.6494 -75.5889
v  104.8977 249.8245 -78.8917
v  95.1487 263.0405 -75.5889
v  104.6635 247.2028 -78.8149
v  105.9318 254.9809 -77.7703
v  106.7382 252.4565 -77.9495
v  98.2314 237.4124 -76.0242
v  95.5584 236.6494 -75.4200
v  107.0179 249.8296 -78.0161
v  95.5584 263.0405 -75.4200
v  106.7382 247.2079 -77.9495
v  98.2314 262.2725 -76.0242
v  105.9318 244.6835 -77.7703
v  100.6898 261.0230 -76.5823
v  104.6180 242.3588 -77.4733
v  102.8490 259.3486 -77.0688
v  102.8490 240.3208 -77.0688
v  104.6180 257.3107 -77.4682
v  100.6898 238.6515 -76.5823
v  105.9253 242.3639 -76.6387
v  107.3821 244.6886 -76.8435
v  101.5613 261.0282 -76.0242
v  103.9612 259.3538 -76.3621
v  103.9612 240.3259 -76.3621
v  105.9253 257.3107 -76.6387
v  101.5613 238.6567 -76.0242
v  107.3821 254.9860 -76.8435
v  98.8298 237.4124 -75.6402
v  108.2796 252.4615 -76.9664
v  95.8641 236.6494 -75.2254
v  108.5853 249.8347 -77.0124
v  95.8641 263.0405 -75.2254
v  108.2796 247.2130 -76.9664
v  98.8298 262.2725 -75.6402
v  96.0527 236.6545 -75.0103
v  99.2005 237.4175 -75.2254
v  109.5478 249.8399 -75.9218
v  109.2291 252.4667 -75.9013
v  96.0527 263.0405 -75.0103
v  109.2291 247.2182 -75.9013
v  99.2005 262.2725 -75.2254
v  108.2731 244.6937 -75.8347
v  102.1011 261.0333 -75.4200
v  106.7252 242.3690 -75.7323
v  104.6375 259.3589 -75.5889
v  104.6375 240.3311 -75.5889
v  106.7252 257.3158 -75.7323
v  102.1011 238.6567 -75.4200
v  108.2731 254.9911 -75.8347
v  102.2767 261.0333 -74.7901
v  104.8652 259.3589 -74.7901
v  104.8652 240.3362 -74.7901
v  106.9919 242.3741 -74.7901
v  106.9919 257.3209 -74.7901
v  102.2767 238.6618 -74.7901
v  108.5723 254.9962 -74.7901
v  99.3240 237.4175 -74.7901
v  109.5413 252.4718 -74.7901
v  96.1177 236.6545 -74.7901
v  109.8730 249.8501 -74.7901
v  96.1177 263.0405 -74.7901
v  109.5413 247.2233 -74.7901
v  99.3240 262.2776 -74.7901
v  108.5723 244.6989 -74.7901
v  -44.4526 242.3741 -74.7901
v  -46.0330 244.6989 -74.7901
v  -45.7208 244.6937 -75.8347
v  -44.1729 242.3690 -75.7323
v  -42.0917 259.3589 -75.5889
v  -42.3259 259.3589 -74.7901
v  -39.7374 261.0333 -74.7901
v  -39.5488 261.0333 -75.4200
v  -42.0917 240.3311 -75.5889
v  -42.3259 240.3362 -74.7901
v  -44.1729 257.3158 -75.7323
v  -44.4526 257.3209 -74.7901
v  -39.5488 238.6567 -75.4200
v  -39.7374 238.6618 -74.7901
v  -45.7208 254.9911 -75.8347
v  -46.0330 254.9962 -74.7901
v  -36.7848 237.4175 -74.7901
v  -36.6547 237.4175 -75.2254
v  -47.0020 252.4718 -74.7901
v  -46.6703 252.4667 -75.9013
v  -33.5134 236.6545 -75.0103
v  -33.5784 236.6545 -74.7901
v  -46.9955 249.8399 -75.9218
v  -47.3337 249.8501 -74.7901
v  -33.5784 263.0405 -74.7901
v  -30.2421 263.3017 -74.7901
v  -33.5134 263.0405 -75.0103
v  -30.2421 236.3934 -74.7901
v  -47.0020 247.2233 -74.7901
v  -46.6703 247.2182 -75.9013
v  -36.7848 262.2776 -74.7901
v  -36.6547 262.2725 -75.2254
v  -36.2775 237.4124 -75.6402
v  -33.3183 236.6494 -75.2254
v  -45.7143 252.4615 -76.9664
v  -46.0135 249.8347 -77.0124
v  -33.3183 263.0405 -75.2254
v  -45.7143 247.2130 -76.9664
v  -36.2775 262.2725 -75.6402
v  -44.8168 244.6886 -76.8435
v  -39.0025 261.0282 -76.0242
v  -43.3600 242.3639 -76.6387
v  -41.3959 259.3538 -76.3621
v  -41.3959 240.3259 -76.3621
v  -43.3600 257.3107 -76.6387
v  -39.0025 238.6567 -76.0242
v  -44.8168 254.9860 -76.8435
v  -40.2707 259.3486 -77.0688
v  -38.1245 261.0230 -76.5823
v  -42.0397 242.3588 -77.4682
v  -40.2707 240.3208 -77.0688
v  -42.0397 257.3107 -77.4682
v  -38.1245 238.6515 -76.5823
v  -43.3470 254.9809 -77.7703
v  -35.6726 237.4124 -76.0242
v  -44.1534 252.4565 -77.9495
v  -33.0126 236.6494 -75.4200
v  -44.4266 249.8296 -78.0161
v  -33.0126 263.0405 -75.4200
v  -44.1534 247.2079 -77.9495
v  -35.6726 262.2725 -76.0242
v  -43.3470 244.6835 -77.7703
v  -42.0657 252.4513 -78.8149
v  -42.2999 249.8245 -78.8917
v  -32.5964 263.0405 -75.5889
v  -32.5964 236.6494 -75.5889
v  -42.0657 247.2028 -78.8149
v  -34.8597 262.2673 -76.3621
v  -41.3763 244.6784 -78.5793
v  -36.9408 261.0230 -77.0688
v  -40.2642 242.3537 -78.2004
v  -38.7684 259.3435 -77.6935
v  -38.7684 240.3208 -77.6935
v  -40.2642 257.3056 -78.2004
v  -36.9408 238.6515 -77.0688
v  -41.3763 254.9757 -78.5793
v  -34.8597 237.4124 -76.3621
v  -36.9343 240.3157 -78.2004
v  -38.1115 242.3537 -78.7995
v  -36.9343 259.3435 -78.2004
v  -38.1115 257.3004 -78.7995
v  -35.4970 238.6464 -77.4682
v  -38.9830 254.9706 -79.2450
v  -33.8646 237.4073 -76.6387
v  -39.5228 252.4462 -79.5215
v  -32.0891 236.6494 -75.7323
v  -39.7049 249.8245 -79.6137
v  -32.0891 263.0354 -75.7323
v  -39.5228 247.1977 -79.5215
v  -33.8646 262.2673 -76.6387
v  -38.9830 244.6784 -79.2450
v  -35.4970 261.0179 -77.4682
v  -31.5103 263.0354 -75.8347
v  -31.5103 236.6494 -75.8347
v  -36.6222 247.1977 -80.0489
v  -36.7457 249.8194 -80.1513
v  -32.7330 262.2673 -76.8435
v  -36.2514 244.6732 -79.7417
v  -33.8581 261.0179 -77.7703
v  -35.6466 242.3486 -79.2450
v  -34.8402 259.3435 -78.5793
v  -34.8402 240.3157 -78.5793
v  -35.6466 257.3004 -79.2450
v  -33.8581 238.6464 -77.7703
v  -36.2514 254.9706 -79.7417
v  -32.7330 237.4073 -76.8435
v  -36.6222 252.4462 -80.0489
v  -32.5704 259.3384 -78.8149
v  -32.9801 257.2953 -79.5215
v  -32.5704 240.3157 -78.8149
v  -32.0761 238.6464 -77.9495
v  -33.2858 254.9706 -80.0489
v  -31.5038 237.4073 -76.9664
v  -33.4744 252.4411 -80.3715
v  -30.8859 236.6494 -75.9013
v  -33.5394 249.8194 -80.4790
v  -30.8859 263.0354 -75.9013
v  -33.4744 247.1926 -80.3715
v  -31.5038 262.2673 -76.9664
v  -33.2858 244.6732 -80.0489
v  -32.0761 261.0179 -77.9495
v  -32.9801 242.3486 -79.5215
v  -30.2030 249.8194 -80.5917
v  -30.2030 247.1926 -80.4790
v  -30.2356 263.0354 -75.9218
v  -30.2291 262.2673 -77.0124
v  -30.2030 244.6732 -80.1513
v  -30.2226 261.0179 -78.0161
v  -30.2095 242.3486 -79.6137
v  -30.2160 259.3384 -78.8917
v  -30.2160 240.3157 -78.8917
v  -30.2095 257.2953 -79.6137
v  -30.2226 238.6464 -78.0161
v  -30.2030 254.9706 -80.1513
v  -30.2291 237.4073 -77.0124
v  -30.2030 252.4411 -80.4790
v  -30.2356 236.6494 -75.9218
v  -27.8552 240.3157 -78.8149
v  -28.3690 238.6464 -77.9495
v  -27.4390 257.2953 -79.5215
v  -27.1268 254.9706 -80.0489
v  -28.9543 237.4073 -76.9664
v  -26.9317 252.4411 -80.3715
v  -29.5852 236.6494 -75.9013
v  -26.8667 249.8194 -80.4790
v  -29.5852 263.0354 -75.9013
v  -26.9317 247.1926 -80.3715
v  -28.9543 262.2673 -76.9664
v  -27.1268 244.6732 -80.0489
v  -28.3690 261.0179 -77.9495
v  -27.4390 242.3486 -79.5215
v  -27.8552 259.3384 -78.8149
v  -23.7904 247.1977 -80.0489
v  -24.1676 244.6732 -79.7417
v  -27.7251 262.2673 -76.8435
v  -26.5870 261.0179 -77.7703
v  -24.7725 242.3486 -79.2450
v  -25.5919 259.3435 -78.5793
v  -25.5919 240.3157 -78.5793
v  -24.7725 257.3004 -79.2450
v  -26.5870 238.6464 -77.7703
v  -24.1676 254.9706 -79.7417
v  -27.7251 237.4073 -76.8435
v  -23.7904 252.4462 -80.0489
v  -28.9608 236.6494 -75.8347
v  -23.6669 249.8194 -80.1513
v  -28.9608 263.0354 -75.8347
v  -24.9481 238.6464 -77.4682
v  -26.6000 237.4073 -76.6387
v  -21.4426 254.9706 -79.2450
v  -20.8963 252.4462 -79.5215
v  -28.3885 236.6494 -75.7323
v  -20.7142 249.8245 -79.6137
v  -28.3885 263.0354 -75.7323
v  -20.8963 247.1977 -79.5215
v  -26.6000 262.2673 -76.6387
v  -21.4426 244.6784 -79.2450
v  -24.9481 261.0179 -77.4682
v  -22.3206 242.3537 -78.7995
v  -23.5043 259.3435 -78.2004
v  -23.5043 240.3157 -78.2004
v  -22.3206 257.3004 -78.7995
v  -23.5173 261.0230 -77.0688
v  -25.6114 262.2673 -76.3621
v  -20.1744 242.3537 -78.2004
v  -19.0558 244.6784 -78.5793
v  -21.6767 259.3435 -77.6935
v  -21.6767 240.3208 -77.6935
v  -20.1744 257.3056 -78.2004
v  -23.5173 238.6515 -77.0688
v  -19.0558 254.9757 -78.5793
v  -25.6114 237.4124 -76.3621
v  -18.3664 252.4513 -78.8149
v  -27.8812 236.6494 -75.5889
v  -18.1322 249.8245 -78.8917
v  -27.8812 263.0405 -75.5889
v  -18.3664 247.2028 -78.8149
v  -16.2852 252.4565 -77.9495
v  -17.0981 254.9809 -77.7703
v  -27.4650 236.6494 -75.4200
v  -24.7985 237.4124 -76.0242
v  -16.0120 249.8296 -78.0161
v  -27.4650 263.0405 -75.4200
v  -16.2852 247.2079 -77.9495
v  -24.7985 262.2725 -76.0242
v  -17.0981 244.6835 -77.7703
v  -22.3401 261.0230 -76.5823
v  -18.4119 242.3588 -77.4733
v  -20.1809 259.3486 -77.0688
v  -20.1809 240.3208 -77.0688
v  -18.4119 257.3107 -77.4682
v  -22.3401 238.6515 -76.5823
v  -17.1047 242.3639 -76.6387
v  -15.6413 244.6886 -76.8435
v  -19.0688 259.3538 -76.3621
v  -21.4621 261.0282 -76.0242
v  -19.0688 240.3259 -76.3621
v  -17.1047 257.3107 -76.6387
v  -21.4621 238.6567 -76.0242
v  -15.6413 254.9860 -76.8435
v  -24.1936 237.4124 -75.6402
v  -14.7438 252.4615 -76.9664
v  -27.1593 236.6494 -75.2254
v  -14.4446 249.8347 -77.0124
v  -27.1593 263.0405 -75.2254
v  -14.7438 247.2130 -76.9664
v  -24.1936 262.2725 -75.6402
v  -26.9707 236.6545 -75.0103
v  -23.8294 237.4175 -75.2254
v  -13.4756 249.8399 -75.9218
v  -13.8008 252.4667 -75.9013
v  -26.9707 263.0405 -75.0103
v  -13.8008 247.2182 -75.9013
v  -23.8294 262.2725 -75.2254
v  -14.7503 244.6937 -75.8347
v  -20.9288 261.0333 -75.4200
v  -16.3047 242.3690 -75.7323
v  -18.3859 259.3589 -75.5889
v  -18.3859 240.3311 -75.5889
v  -16.3047 257.3158 -75.7323
v  -20.9288 238.6567 -75.4200
v  -14.7503 254.9911 -75.8347
v  -20.7532 261.0333 -74.7901
v  -18.1647 259.3589 -74.7901
v  -18.1647 240.3362 -74.7901
v  -16.0380 242.3741 -74.7901
v  -16.0380 257.3209 -74.7901
v  -20.7532 238.6618 -74.7901
v  -14.4577 254.9962 -74.7901
v  -23.7059 237.4175 -74.7901
v  -13.4821 252.4718 -74.7901
v  -26.9122 236.6545 -74.7901
v  -13.1569 249.8501 -74.7901
v  -26.9122 263.0405 -74.7901
v  -13.4821 247.2233 -74.7901
v  -23.7059 262.2776 -74.7901
v  -14.4577 244.6989 -74.7901
v  -167.2028 242.3690 -75.7323
v  -167.4825 242.3741 -74.7901
v  -169.0564 244.6989 -74.7901
v  -168.7507 244.6937 -75.8347
v  -162.7673 261.0333 -74.7901
v  -162.5787 261.0333 -75.4200
v  -165.1151 259.3589 -75.5889
v  -165.3558 259.3589 -74.7901
v  -165.3558 240.3362 -74.7901
v  -165.1151 240.3311 -75.5889
v  -167.4825 257.3209 -74.7901
v  -167.2028 257.3158 -75.7323
v  -162.5787 238.6567 -75.4200
v  -162.7673 238.6618 -74.7901
v  -168.7507 254.9911 -75.8347
v  -169.0564 254.9962 -74.7901
v  -159.6846 237.4175 -75.2254
v  -159.8082 237.4175 -74.7901
v  -170.0319 252.4718 -74.7901
v  -169.7002 252.4667 -75.9013
v  -156.5368 236.6545 -75.0103
v  -156.6084 236.6545 -74.7901
v  -170.3571 249.8501 -74.7901
v  -170.0254 249.8399 -75.9218
v  -156.6084 263.0405 -74.7901
v  -153.2720 263.3017 -74.7901
v  -156.5368 263.0405 -75.0103
v  -153.2720 236.3934 -74.7901
v  -169.7002 247.2182 -75.9013
v  -170.0319 247.2233 -74.7901
v  -159.8082 262.2776 -74.7901
v  -159.6846 262.2725 -75.2254
v  -156.3482 236.6494 -75.2254
v  -159.3074 237.4124 -75.6402
v  -168.7377 252.4615 -76.9664
v  -169.0434 249.8347 -77.0124
v  -156.3482 263.0405 -75.2254
v  -168.7377 247.2130 -76.9664
v  -159.3074 262.2725 -75.6402
v  -167.8402 244.6886 -76.8435
v  -162.0324 261.0282 -76.0242
v  -166.3834 242.3639 -76.6387
v  -164.4258 259.3538 -76.3621
v  -164.4258 240.3259 -76.3621
v  -166.3834 257.3107 -76.6387
v  -162.0324 238.6567 -76.0242
v  -167.8402 254.9860 -76.8435
v  -161.1544 261.0230 -76.5823
v  -163.3006 259.3486 -77.0688
v  -165.0631 242.3588 -77.4682
v  -163.3006 240.3208 -77.0688
v  -165.0631 257.3107 -77.4682
v  -161.1544 238.6515 -76.5823
v  -166.3768 254.9809 -77.7703
v  -158.7025 237.4124 -76.0242
v  -167.1833 252.4565 -77.9495
v  -156.0425 236.6494 -75.4200
v  -167.4565 249.8296 -78.0161
v  -156.0425 263.0405 -75.4200
v  -167.1833 247.2079 -77.9495
v  -158.7025 262.2725 -76.0242
v  -166.3768 244.6835 -77.7703
v  -165.0956 252.4513 -78.8149
v  -165.3233 249.8245 -78.8917
v  -155.6263 263.0405 -75.5889
v  -155.6263 236.6494 -75.5889
v  -165.0956 247.2028 -78.8149
v  -157.8831 262.2673 -76.3621
v  -164.4062 244.6784 -78.5793
v  -159.9707 261.0230 -77.0688
v  -163.2941 242.3537 -78.2004
v  -161.7918 259.3435 -77.6935
v  -161.7918 240.3208 -77.6935
v  -163.2941 257.3056 -78.2004
v  -159.9707 238.6515 -77.0688
v  -164.4062 254.9757 -78.5793
v  -157.8831 237.4124 -76.3621
v  -161.1349 242.3537 -78.7995
v  -159.9577 240.3157 -78.2004
v  -159.9577 259.3435 -78.2004
v  -161.1349 257.3004 -78.7995
v  -158.5269 238.6464 -77.4682
v  -162.0129 254.9706 -79.2450
v  -156.8945 237.4073 -76.6387
v  -162.5462 252.4462 -79.5215
v  -155.1190 236.6494 -75.7323
v  -162.7283 249.8245 -79.6137
v  -155.1190 263.0354 -75.7323
v  -162.5462 247.1977 -79.5215
v  -156.8945 262.2673 -76.6387
v  -162.0129 244.6784 -79.2450
v  -158.5269 261.0179 -77.4682
v  -154.5402 263.0354 -75.8347
v  -154.5402 236.6494 -75.8347
v  -159.7691 249.8194 -80.1513
v  -159.6456 247.1977 -80.0489
v  -155.7629 262.2673 -76.8435
v  -159.2748 244.6732 -79.7417
v  -156.8815 261.0179 -77.7703
v  -158.6765 242.3486 -79.2450
v  -157.8701 259.3435 -78.5793
v  -157.8701 240.3157 -78.5793
v  -158.6765 257.3004 -79.2450
v  -156.8815 238.6464 -77.7703
v  -159.2748 254.9706 -79.7417
v  -155.7629 237.4073 -76.8435
v  -159.6456 252.4462 -80.0489
v  -155.6003 259.3384 -78.8149
v  -156.0100 257.2953 -79.5215
v  -155.6003 240.3157 -78.8149
v  -155.0995 238.6464 -77.9495
v  -156.3157 254.9706 -80.0489
v  -154.5337 237.4073 -76.9664
v  -156.5043 252.4411 -80.3715
v  -153.9158 236.6494 -75.9013
v  -156.5628 249.8194 -80.4790
v  -153.9158 263.0354 -75.9013
v  -156.5043 247.1926 -80.3715
v  -154.5337 262.2673 -76.9664
v  -156.3157 244.6732 -80.0489
v  -155.0995 261.0179 -77.9495
v  -156.0100 242.3486 -79.5215
v  -153.2330 249.8194 -80.5917
v  -153.2330 247.1926 -80.4790
v  -153.2590 262.2673 -77.0124
v  -153.2655 263.0354 -75.9218
v  -153.2330 244.6732 -80.1513
v  -153.2460 261.0179 -78.0161
v  -153.2394 242.3486 -79.6137
v  -153.2394 259.3384 -78.8917
v  -153.2394 240.3157 -78.8917
v  -153.2394 257.2953 -79.6137
v  -153.2460 238.6464 -78.0161
v  -153.2330 254.9706 -80.1513
v  -153.2590 237.4073 -77.0124
v  -153.2330 252.4411 -80.4790
v  -153.2655 236.6494 -75.9218
v  -150.8851 240.3157 -78.8149
v  -151.3989 238.6464 -77.9495
v  -150.4689 257.2953 -79.5215
v  -150.1567 254.9706 -80.0489
v  -151.9777 237.4073 -76.9664
v  -149.9616 252.4411 -80.3715
v  -152.6151 236.6494 -75.9013
v  -149.8966 249.8194 -80.4790
v  -152.6151 263.0354 -75.9013
v  -149.9616 247.1926 -80.3715
v  -151.9777 262.2673 -76.9664
v  -150.1567 244.6732 -80.0489
v  -151.3989 261.0179 -77.9495
v  -150.4689 242.3486 -79.5215
v  -150.8851 259.3384 -78.8149
v  -146.8203 247.1977 -80.0489
v  -147.1975 244.6732 -79.7417
v  -149.6169 261.0179 -77.7703
v  -150.7551 262.2673 -76.8435
v  -147.8024 242.3486 -79.2450
v  -148.6219 259.3435 -78.5793
v  -148.6219 240.3157 -78.5793
v  -147.8024 257.3004 -79.2450
v  -149.6169 238.6464 -77.7703
v  -147.1975 254.9706 -79.7417
v  -150.7551 237.4073 -76.8435
v  -146.8203 252.4462 -80.0489
v  -151.9907 236.6494 -75.8347
v  -146.6968 249.8194 -80.1513
v  -151.9907 263.0354 -75.8347
v  -147.9780 238.6464 -77.4682
v  -149.6234 237.4073 -76.6387
v  -144.4725 254.9706 -79.2450
v  -143.9262 252.4462 -79.5215
v  -151.4119 236.6494 -75.7323
v  -143.7441 249.8245 -79.6137
v  -151.4119 263.0354 -75.7323
v  -143.9262 247.1977 -79.5215
v  -149.6234 262.2673 -76.6387
v  -144.4725 244.6784 -79.2450
v  -147.9780 261.0179 -77.4682
v  -145.3505 242.3537 -78.7995
v  -146.5342 259.3435 -78.2004
v  -146.5342 240.3157 -78.2004
v  -145.3505 257.3004 -78.7995
v  -148.6348 262.2673 -76.3621
v  -146.5407 261.0230 -77.0688
v  -142.0792 244.6784 -78.5793
v  -143.2043 242.3537 -78.2004
v  -144.7066 259.3435 -77.6935
v  -144.7066 240.3208 -77.6935
v  -143.2043 257.3056 -78.2004
v  -146.5407 238.6515 -77.0688
v  -142.0792 254.9757 -78.5793
v  -148.6348 237.4124 -76.3621
v  -141.3898 252.4513 -78.8149
v  -150.9111 236.6494 -75.5889
v  -141.1621 249.8245 -78.8917
v  -150.9111 263.0405 -75.5889
v  -141.3898 247.2028 -78.8149
v  -140.1216 254.9809 -77.7703
v  -139.3151 252.4565 -77.9495
v  -147.8284 237.4124 -76.0242
v  -150.4949 236.6494 -75.4200
v  -139.0419 249.8296 -78.0161
v  -150.4949 263.0405 -75.4200
v  -139.3151 247.2079 -77.9495
v  -147.8284 262.2725 -76.0242
v  -140.1216 244.6835 -77.7703
v  -145.3635 261.0230 -76.5823
v  -141.4418 242.3588 -77.4682
v  -143.2108 259.3486 -77.0688
v  -143.2108 240.3208 -77.0688
v  -141.4418 257.3107 -77.4682
v  -145.3635 238.6515 -76.5823
v  -138.6712 244.6886 -76.8435
v  -140.1346 242.3639 -76.6387
v  -144.4920 261.0282 -76.0242
v  -142.0987 259.3538 -76.3621
v  -142.0987 240.3259 -76.3621
v  -140.1346 257.3107 -76.6387
v  -144.4920 238.6567 -76.0242
v  -138.6712 254.9860 -76.8435
v  -147.2236 237.4124 -75.6402
v  -137.7737 252.4615 -76.9664
v  -150.1892 236.6494 -75.2254
v  -137.4680 249.8347 -77.0124
v  -150.1892 263.0405 -75.2254
v  -137.7737 247.2130 -76.9664
v  -147.2236 262.2725 -75.6402
v  -146.8528 237.4175 -75.2254
v  -150.0006 236.6545 -75.0103
v  -136.8242 252.4667 -75.9013
v  -136.5055 249.8399 -75.9218
v  -150.0006 263.0405 -75.0103
v  -136.8242 247.2182 -75.9013
v  -146.8528 262.2725 -75.2254
v  -137.7802 244.6937 -75.8347
v  -143.9587 261.0333 -75.4200
v  -139.3281 242.3690 -75.7323
v  -141.4158 259.3589 -75.5889
v  -141.4158 240.3311 -75.5889
v  -139.3281 257.3158 -75.7323
v  -143.9587 238.6567 -75.4200
v  -137.7802 254.9911 -75.8347
v  -143.7766 261.0333 -74.7901
v  -141.1882 259.3589 -74.7901
v  -139.0614 242.3741 -74.7901
v  -141.1882 240.3362 -74.7901
v  -139.0614 257.3209 -74.7901
v  -143.7766 238.6618 -74.7901
v  -137.4876 254.9962 -74.7901
v  -146.7358 237.4175 -74.7901
v  -136.5120 252.4718 -74.7901
v  -149.9356 236.6545 -74.7901
v  -136.1868 249.8501 -74.7901
v  -149.9356 263.0405 -74.7901
v  -136.5120 247.2233 -74.7901
v  -146.7358 262.2776 -74.7901
v  -137.4876 244.6989 -74.7901
v  -292.0863 244.6989 -74.7901
v  -291.7741 244.6937 -75.8347
v  -290.2262 242.3690 -75.7323
v  -290.5059 242.3741 -74.7901
v  -288.3857 259.3589 -74.7901
v  -285.7907 261.0333 -74.7901
v  -285.6086 261.0333 -75.4200
v  -288.1451 259.3589 -75.5889
v  -288.1451 240.3311 -75.5889
v  -288.3857 240.3362 -74.7901
v  -290.2262 257.3158 -75.7323
v  -290.5059 257.3209 -74.7901
v  -285.6086 238.6567 -75.4200
v  -285.7907 238.6618 -74.7901
v  -291.7741 254.9911 -75.8347
v  -292.0863 254.9962 -74.7901
v  -282.8380 237.4175 -74.7901
v  -282.7080 237.4175 -75.2254
v  -292.7301 252.4667 -75.9013
v  -293.0618 252.4718 -74.7901
v  -279.5667 236.6545 -75.0103
v  -279.6317 236.6545 -74.7901
v  -293.0488 249.8399 -75.9218
v  -293.3870 249.8501 -74.7901
v  -279.6317 263.0405 -74.7901
v  -276.3019 263.3017 -74.7901
v  -279.5667 263.0405 -75.0103
v  -276.3019 236.3934 -74.7901
v  -292.7301 247.2182 -75.9013
v  -293.0618 247.2233 -74.7901
v  -282.7080 262.2725 -75.2254
v  -282.8380 262.2776 -74.7901
v  -282.3373 237.4124 -75.6402
v  -279.3781 236.6494 -75.2254
v  -291.7676 252.4615 -76.9664
v  -292.0733 249.8347 -77.0124
v  -279.3781 263.0405 -75.2254
v  -291.7676 247.2130 -76.9664
v  -282.3373 262.2725 -75.6402
v  -290.8701 244.6886 -76.8435
v  -285.0623 261.0282 -76.0242
v  -289.4133 242.3639 -76.6387
v  -287.4492 259.3538 -76.3621
v  -287.4492 240.3259 -76.3621
v  -289.4133 257.3107 -76.6387
v  -285.0623 238.6567 -76.0242
v  -290.8701 254.9860 -76.8435
v  -284.1778 261.0230 -76.5823
v  -286.3305 259.3486 -77.0688
v  -288.0930 242.3588 -77.4682
v  -286.3305 240.3208 -77.0688
v  -288.0930 257.3107 -77.4682
v  -284.1778 238.6515 -76.5823
v  -289.4068 254.9809 -77.7703
v  -281.7259 237.4124 -76.0242
v  -290.2132 252.4565 -77.9495
v  -279.0659 236.6494 -75.4200
v  -290.4864 249.8296 -78.0161
v  -279.0659 263.0405 -75.4200
v  -290.2132 247.2079 -77.9495
v  -281.7259 262.2725 -76.0242
v  -289.4068 244.6835 -77.7703
v  -288.1190 252.4513 -78.8149
v  -288.3532 249.8245 -78.8917
v  -278.6497 263.0405 -75.5889
v  -278.6497 236.6494 -75.5889
v  -288.1190 247.2028 -78.8149
v  -280.9130 262.2673 -76.3621
v  -287.4362 244.6784 -78.5793
v  -282.9941 261.0230 -77.0688
v  -286.3240 242.3537 -78.2004
v  -284.8217 259.3435 -77.6935
v  -284.8217 240.3208 -77.6935
v  -286.3240 257.3056 -78.2004
v  -282.9941 238.6515 -77.0688
v  -287.4362 254.9757 -78.5793
v  -280.9130 237.4124 -76.3621
v  -284.1648 242.3537 -78.7995
v  -282.9876 240.3157 -78.2004
v  -282.9876 259.3435 -78.2004
v  -284.1648 257.3004 -78.7995
v  -281.5568 238.6464 -77.4682
v  -285.0363 254.9706 -79.2450
v  -279.9179 237.4073 -76.6387
v  -285.5761 252.4462 -79.5215
v  -278.1424 236.6494 -75.7323
v  -285.7582 249.8245 -79.6137
v  -278.1424 263.0354 -75.7323
v  -285.5761 247.1977 -79.5215
v  -279.9179 262.2673 -76.6387
v  -285.0363 244.6784 -79.2450
v  -281.5568 261.0179 -77.4682
v  -277.5701 263.0354 -75.8347
v  -277.5701 236.6494 -75.8347
v  -282.7990 249.8194 -80.1513
v  -282.6754 247.1977 -80.0489
v  -278.7863 262.2673 -76.8435
v  -282.3048 244.6732 -79.7417
v  -279.9114 261.0179 -77.7703
v  -281.7064 242.3486 -79.2450
v  -280.8935 259.3435 -78.5793
v  -280.8935 240.3157 -78.5793
v  -281.7064 257.3004 -79.2450
v  -279.9114 238.6464 -77.7703
v  -282.3048 254.9706 -79.7417
v  -278.7863 237.4073 -76.8435
v  -282.6754 252.4462 -80.0489
v  -278.6302 259.3384 -78.8149
v  -279.0399 257.2953 -79.5215
v  -278.6302 240.3157 -78.8149
v  -278.1294 238.6464 -77.9495
v  -279.3391 254.9706 -80.0489
v  -277.5571 237.4073 -76.9664
v  -279.5277 252.4411 -80.3715
v  -276.9392 236.6494 -75.9013
v  -279.5927 249.8194 -80.4790
v  -276.9392 263.0354 -75.9013
v  -279.5277 247.1926 -80.3715
v  -277.5571 262.2673 -76.9664
v  -279.3391 244.6732 -80.0489
v  -278.1294 261.0179 -77.9495
v  -279.0399 242.3486 -79.5215
v  -276.2563 249.8194 -80.5917
v  -276.2563 247.1926 -80.4790
v  -276.2823 262.2673 -77.0124
v  -276.2888 263.0354 -75.9218
v  -276.2628 244.6732 -80.1513
v  -276.2759 261.0179 -78.0161
v  -276.2628 242.3486 -79.6137
v  -276.2693 259.3384 -78.8917
v  -276.2693 240.3157 -78.8917
v  -276.2628 257.2953 -79.6137
v  -276.2759 238.6464 -78.0161
v  -276.2628 254.9706 -80.1513
v  -276.2823 237.4073 -77.0124
v  -276.2563 252.4411 -80.4790
v  -276.2888 236.6494 -75.9218
v  -273.9150 240.3157 -78.8149
v  -274.4223 238.6464 -77.9495
v  -273.4923 257.2953 -79.5215
v  -273.1801 254.9706 -80.0489
v  -275.0076 237.4073 -76.9664
v  -272.9915 252.4411 -80.3715
v  -275.6385 236.6494 -75.9013
v  -272.9265 249.8194 -80.4790
v  -275.6385 263.0354 -75.9013
v  -272.9915 247.1926 -80.3715
v  -275.0076 262.2673 -76.9664
v  -273.1801 244.6732 -80.0489
v  -274.4223 261.0179 -77.9495
v  -273.4923 242.3486 -79.5215
v  -273.9150 259.3384 -78.8149
v  -269.8502 247.1977 -80.0489
v  -270.2209 244.6732 -79.7417
v  -272.6468 261.0179 -77.7703
v  -273.7850 262.2673 -76.8435
v  -270.8323 242.3486 -79.2450
v  -271.6517 259.3435 -78.5793
v  -271.6517 240.3157 -78.5793
v  -270.8323 257.3004 -79.2450
v  -272.6468 238.6464 -77.7703
v  -270.2209 254.9706 -79.7417
v  -273.7850 237.4073 -76.8435
v  -269.8502 252.4462 -80.0489
v  -275.0142 236.6494 -75.8347
v  -269.7202 249.8194 -80.1513
v  -275.0142 263.0354 -75.8347
v  -271.0079 238.6464 -77.4682
v  -272.6533 237.4073 -76.6387
v  -267.4959 254.9706 -79.2450
v  -266.9561 252.4462 -79.5215
v  -274.4418 236.6494 -75.7323
v  -266.7740 249.8245 -79.6137
v  -274.4418 263.0354 -75.7323
v  -266.9561 247.1977 -79.5215
v  -272.6533 262.2673 -76.6387
v  -267.4959 244.6784 -79.2450
v  -271.0079 261.0179 -77.4682
v  -268.3804 242.3537 -78.7995
v  -269.5641 259.3435 -78.2004
v  -269.5641 240.3157 -78.2004
v  -268.3804 257.3004 -78.7995
v  -271.6648 262.2673 -76.3621
v  -269.5706 261.0230 -77.0688
v  -265.1091 244.6784 -78.5793
v  -266.2277 242.3537 -78.2004
v  -267.7365 259.3435 -77.6935
v  -267.7365 240.3208 -77.6935
v  -266.2277 257.3056 -78.2004
v  -269.5706 238.6515 -77.0688
v  -265.1091 254.9757 -78.5793
v  -271.6648 237.4124 -76.3621
v  -264.4197 252.4513 -78.8149
v  -273.9345 236.6494 -75.5889
v  -264.1855 249.8245 -78.8917
v  -273.9345 263.0405 -75.5889
v  -264.4197 247.2028 -78.8149
v  -263.1514 254.9809 -77.7703
v  -262.3450 252.4565 -77.9495
v  -270.8518 237.4124 -76.0242
v  -273.5248 236.6494 -75.4200
v  -262.0719 249.8296 -78.0161
v  -273.5248 263.0405 -75.4200
v  -262.3450 247.2079 -77.9495
v  -270.8518 262.2725 -76.0242
v  -263.1514 244.6835 -77.7703
v  -268.3934 261.0230 -76.5823
v  -264.4652 242.3588 -77.4682
v  -266.2342 259.3486 -77.0688
v  -266.2342 240.3208 -77.0688
v  -264.4652 257.3107 -77.4682
v  -268.3934 238.6515 -76.5823
v  -261.7011 244.6886 -76.8435
v  -263.1580 242.3639 -76.6387
v  -267.5219 261.0282 -76.0242
v  -265.1286 259.3538 -76.3621
v  -265.1286 240.3259 -76.3621
v  -263.1580 257.3107 -76.6387
v  -267.5219 238.6567 -76.0242
v  -261.7011 254.9860 -76.8435
v  -270.2534 237.4124 -75.6402
v  -260.8036 252.4615 -76.9664
v  -273.2191 236.6494 -75.2254
v  -260.4980 249.8347 -77.0124
v  -273.2191 263.0405 -75.2254
v  -260.8036 247.2130 -76.9664
v  -270.2534 262.2725 -75.6402
v  -269.8828 237.4175 -75.2254
v  -273.0305 236.6545 -75.0103
v  -259.8541 252.4667 -75.9013
v  -259.5354 249.8399 -75.9218
v  -273.0305 263.0405 -75.0103
v  -259.8541 247.2182 -75.9013
v  -269.8828 262.2725 -75.2254
v  -260.8101 244.6937 -75.8347
v  -266.9821 261.0333 -75.4200
v  -262.3580 242.3690 -75.7323
v  -264.4457 259.3589 -75.5889
v  -264.4457 240.3311 -75.5889
v  -262.3580 257.3158 -75.7323
v  -266.9821 238.6567 -75.4200
v  -260.8101 254.9911 -75.8347
v  -266.8065 261.0333 -74.7901
v  -264.2181 259.3589 -74.7901
v  -262.0914 242.3741 -74.7901
v  -264.2181 240.3362 -74.7901
v  -262.0914 257.3209 -74.7901
v  -266.8065 238.6618 -74.7901
v  -260.5110 254.9962 -74.7901
v  -269.7592 237.4175 -74.7901
v  -259.5419 252.4718 -74.7901
v  -272.9655 236.6545 -74.7901
v  -259.2102 249.8501 -74.7901
v  -272.9655 263.0405 -74.7901
v  -259.5419 247.2233 -74.7901
v  -269.7592 262.2776 -74.7901
v  -260.5110 244.6989 -74.7901
v  162.1430 1069.7920 -72.1019
v  169.1474 1070.2427 -72.0609
v  169.1474 1070.2427 -75.3688
v  162.1430 1069.7920 -75.3278
v  162.1430 1065.2808 -81.2676
v  143.3734 1060.7645 -80.8631
v  143.3734 1065.2758 -74.9284
v  -186.3691 982.6359 -72.5064
v  -186.3691 982.6359 -74.9284
v  -171.3652 997.6082 -74.9284
v  -171.3652 997.6082 -72.5064
v  162.1430 1031.7211 -75.3278
v  143.3734 1036.2373 -74.9284
v  143.3734 1040.7485 -80.8631
v  162.1430 1036.2322 -81.2676
v  175.0202 1068.6809 -72.1992
v  175.0202 1068.6809 -75.2305
v  175.0202 1032.8322 -75.2305
v  169.1474 1031.2704 -75.3688
v  169.1474 1035.7816 -81.3086
v  175.0202 1037.3434 -81.1652
v  -178.6623 1103.9049 -80.8631
v  -190.8957 1103.9049 -80.8631
v  -201.3796 1114.3661 -80.8631
v  -189.1462 1114.3661 -80.8631
v  169.1474 1065.7314 -81.3086
v  -212.9366 1118.8772 -74.9284
v  -186.3691 1118.8772 -74.9284
v  -197.9327 997.6082 -72.5064
v  -206.9988 1017.9520 -72.5064
v  -206.9988 1017.9520 -74.9284
v  -197.9327 997.6082 -74.9284
v  -190.8957 997.6082 -80.8631
v  -199.9618 1017.9520 -80.8631
v  -189.1462 987.1470 -80.8631
v  -178.6623 997.6082 -80.8631
v  -187.7284 1017.9520 -80.8631
v  -206.9988 1083.5610 -74.9284
v  -197.9327 1103.9049 -74.9284
v  -199.9618 1083.5610 -80.8631
v  -187.7284 1083.5610 -80.8631
v  -171.3652 1103.9049 -74.9284
v  -180.4313 1083.5610 -74.9284
v  -171.3652 1103.9049 -72.5064
v  -180.4313 1083.5610 -72.5064
v  -201.3796 987.1470 -80.8631
v  -212.9366 982.6359 -74.9284
v  -180.4313 1017.9520 -74.9284
v  -223.5636 1036.2373 -74.9284
v  -223.5636 1036.2373 -72.5064
v  -329.9897 1084.0425 -72.5935
v  -287.7158 1078.2460 -72.3630
v  -287.7158 1078.2460 -75.0667
v  -329.9897 1084.0425 -74.8362
v  201.5877 1049.9807 -75.4405
v  204.3258 1050.0833 -73.6944
v  -196.9961 1036.2373 -74.9284
v  -208.3775 1040.7485 -80.8631
v  -212.9366 982.6359 -72.5064
v  175.0202 1064.1697 -81.1652
v  -245.4420 1036.2373 -74.9284
v  -287.7158 1023.2671 -75.0667
v  -287.7158 1027.8447 -81.0064
v  -245.4420 1040.8151 -80.8631
v  162.1430 1031.7211 -72.1019
v  143.3734 1036.2373 -72.5064
v  -208.3775 1060.7645 -80.8631
v  -196.9961 1065.2758 -74.9284
v  -220.6695 1040.8151 -80.8631
v  -220.6695 1060.6980 -80.8631
v  -223.5636 1065.2758 -74.9284
v  -329.9897 1017.4707 -74.8362
v  -324.3640 1022.8216 -80.8067
v  -287.7158 1073.6682 -81.0064
v  -324.3640 1078.6965 -80.8067
v  -206.9988 1083.5610 -72.5064
v  -197.9327 1103.9049 -72.5064
v  201.5877 1051.5322 -75.4405
v  204.3258 1051.4349 -73.6944
v  -245.4420 1060.6980 -80.8631
v  -245.4420 1065.2758 -74.9284
v  169.1474 1031.2704 -72.0609
v  175.0202 1032.8322 -72.1992
v  -196.9961 1036.2373 -72.5064
v  -180.4313 1017.9520 -72.5064
v  -186.3691 1118.8772 -72.5064
v  -212.9366 1118.8772 -72.5064
v  204.3258 1051.4349 -73.7353
v  204.3258 1050.0833 -73.7353
v  -245.4420 1036.2373 -72.5064
v  -223.5636 1065.2758 -72.5064
v  143.3734 1065.2758 -72.5064
v  -196.9961 1065.2758 -72.5064
v  -245.4420 1065.2758 -72.5064
v  -287.7158 1023.2671 -72.3630
v  -329.9897 1017.4707 -72.5935
v  -324.3640 385.2773 -80.8067
v  -324.3640 441.1523 -80.8067
v  -287.7158 436.1291 -81.0064
v  -287.7158 390.3005 -81.0064
v  -329.9897 379.9315 -74.8362
v  -287.7158 385.7279 -75.0667
v  -287.7158 385.7279 -72.3630
v  -329.9897 379.9315 -72.5935
v  -245.4420 403.2708 -80.8631
v  -245.4420 423.1588 -80.8631
v  -220.6695 423.1588 -80.8631
v  -220.6695 403.2708 -80.8631
v  -223.5636 427.7314 -72.5064
v  -223.5636 427.7314 -74.9284
v  -245.4420 427.7314 -74.9284
v  -245.4420 427.7314 -72.5064
v  -208.3775 423.2254 -80.8631
v  -199.9618 446.0219 -80.8631
v  -187.7284 446.0219 -80.8631
v  -245.4420 398.6982 -74.9284
v  -245.4420 398.6982 -72.5064
v  -206.9988 446.0219 -72.5064
v  -206.9988 446.0219 -74.9284
v  143.3734 427.7314 -74.9284
v  143.3734 427.7314 -72.5064
v  162.1430 432.2477 -72.1019
v  162.1430 432.2477 -75.3278
v  -187.7284 380.4077 -80.8631
v  -199.9618 380.4077 -80.8631
v  -208.3775 403.2042 -80.8631
v  -197.9327 466.3657 -72.5064
v  -197.9327 466.3657 -74.9284
v  -196.9961 427.7314 -72.5064
v  -196.9961 427.7314 -74.9284
v  -180.4313 446.0219 -74.9284
v  -180.4313 446.0219 -72.5064
v  143.3734 423.2254 -80.8631
v  143.3734 403.2042 -80.8631
v  175.0202 431.1366 -75.2305
v  175.0202 431.1366 -72.1992
v  204.3258 413.8907 -73.7353
v  204.3258 413.8907 -73.6944
v  175.0202 395.2930 -72.1992
v  175.0202 395.2930 -75.2305
v  204.3258 412.5389 -73.6944
v  204.3258 412.5389 -73.7353
v  201.5877 413.9931 -75.4405
v  201.5877 412.4365 -75.4405
v  175.0202 399.8042 -81.1652
v  175.0202 426.6254 -81.1652
v  143.3734 398.6982 -72.5064
v  143.3734 398.6982 -74.9284
v  162.1430 394.1819 -75.3278
v  162.1430 394.1819 -72.1019
v  162.1430 427.7366 -81.2676
v  162.1430 398.6931 -81.2676
v  -223.5636 398.6982 -74.9284
v  -223.5636 398.6982 -72.5064
v  -329.9897 446.4981 -74.8362
v  -329.9897 446.4981 -72.5935
v  -287.7158 440.7068 -75.0667
v  -287.7158 440.7068 -72.3630
v  -171.3652 466.3657 -74.9284
v  -171.3652 466.3657 -72.5064
v  -196.9961 398.6982 -72.5064
v  -196.9961 398.6982 -74.9284
v  -206.9988 380.4077 -74.9284
v  -206.9988 380.4077 -72.5064
v  -180.4313 380.4077 -72.5064
v  -180.4313 380.4077 -74.9284
v  -212.9366 345.0916 -74.9284
v  -212.9366 345.0916 -72.5064
v  -197.9327 360.0639 -72.5064
v  -197.9327 360.0639 -74.9284
v  -190.8957 360.0639 -80.8631
v  -178.6623 360.0639 -80.8631
v  -171.3652 360.0639 -74.9284
v  -171.3652 360.0639 -72.5064
v  -178.6623 466.3657 -80.8631
v  -190.8957 466.3657 -80.8631
v  -212.9366 481.3380 -72.5064
v  -212.9366 481.3380 -74.9284
v  -186.3691 345.0916 -74.9284
v  -186.3691 345.0916 -72.5064
v  169.1474 432.6983 -75.3688
v  169.1474 432.6983 -72.0609
v  -186.3691 481.3380 -72.5064
v  -186.3691 481.3380 -74.9284
v  -189.1462 349.6027 -80.8631
v  -201.3796 349.6027 -80.8631
v  -201.3796 476.8269 -80.8631
v  -189.1462 476.8269 -80.8631
v  169.1474 393.7313 -75.3688
v  169.1474 393.7313 -72.0609
v  169.1474 398.2373 -81.3086
v  169.1474 428.1923 -81.3086
v  346.8992 789.3418 -79.6546
v  346.8992 789.3418 -81.6465
v  344.1937 789.5517 -81.6465
v  344.1937 789.5517 -79.6546
v  336.4933 787.7083 -81.6465
v  336.4933 787.7083 -79.6546
v  338.8867 788.7170 -79.6546
v  338.8867 788.7170 -81.6465
v  334.3926 786.3514 -81.6465
v  334.3926 786.3514 -79.6546
v  332.6692 784.6974 -81.6465
v  332.6692 784.6974 -79.6546
v  331.3879 782.8131 -81.6465
v  331.3879 782.8131 -79.6546
v  330.5945 780.7649 -81.6465
v  330.5945 780.7649 -79.6546
v  330.3279 778.6348 -81.6465
v  330.3279 778.6348 -79.6546
v  330.5945 776.5046 -81.6465
v  330.5945 776.5046 -79.6546
v  331.3879 774.4565 -79.6546
v  331.3879 774.4565 -81.6465
v  332.6692 772.5721 -81.6465
v  332.6692 772.5721 -79.6546
v  334.3926 770.9182 -81.6465
v  334.3926 770.9182 -79.6546
v  336.4933 769.5561 -81.6465
v  336.4933 769.5561 -79.6546
v  338.8867 768.5525 -81.6465
v  338.8867 768.5525 -79.6546
v  341.4882 767.9278 -81.6465
v  341.4882 767.9278 -79.6546
v  344.1937 767.7178 -81.6465
v  344.1937 767.7178 -79.6546
v  346.8992 767.9278 -81.6465
v  346.8992 767.9278 -79.6546
v  349.5007 768.5525 -81.6465
v  349.5007 768.5525 -79.6546
v  351.9005 769.5561 -81.6465
v  351.9005 769.5561 -79.6546
v  354.0012 770.9182 -81.6465
v  354.0012 770.9182 -79.6546
v  355.7247 772.5721 -81.6465
v  355.7247 772.5721 -79.6546
v  357.0059 774.4565 -81.6465
v  357.0059 774.4565 -79.6546
v  357.7928 776.5046 -81.6465
v  357.7928 776.5046 -79.6546
v  358.0595 778.6348 -81.6465
v  358.0595 778.6348 -79.6546
v  357.7928 780.7649 -81.6465
v  357.7928 780.7649 -79.6546
v  357.0059 782.8131 -79.6546
v  357.0059 782.8131 -81.6465
v  355.7247 784.6974 -81.6465
v  355.7247 784.6974 -79.6546
v  354.0012 786.3514 -81.6465
v  354.0012 786.3514 -79.6546
v  351.9005 787.7083 -81.6465
v  351.9005 787.7083 -79.6546
v  349.5007 788.7170 -81.6465
v  349.5007 788.7170 -79.6546
v  341.4882 789.3418 -79.6546
v  341.4882 789.3418 -81.6465
v  344.1937 787.8363 -83.3516
v  346.4765 787.6622 -83.3516
v  348.6682 787.1348 -83.3516
v  350.6908 786.2849 -83.3516
v  352.4598 785.1429 -83.3516
v  353.9167 783.7502 -83.3516
v  354.9962 782.1577 -83.3516
v  355.6596 780.4321 -83.3516
v  355.8873 778.6348 -83.3516
v  355.6596 776.8375 -83.3516
v  354.9962 775.1119 -83.3516
v  353.9167 773.5194 -83.3516
v  352.4598 772.1266 -83.3516
v  350.6908 770.9847 -83.3516
v  348.6682 770.1296 -83.3516
v  346.4765 769.6073 -83.3516
v  344.1937 769.4332 -83.3516
v  341.9174 769.6073 -83.3516
v  339.7191 770.1296 -83.3516
v  337.7030 770.9847 -83.3516
v  335.9275 772.1266 -83.3516
v  334.4772 773.5194 -83.3516
v  341.9174 787.6622 -83.3516
v  333.3976 775.1119 -83.3516
v  332.7277 776.8375 -83.3516
v  332.5066 778.6348 -83.3516
v  332.7277 780.4321 -83.3516
v  333.3976 782.1577 -83.3516
v  334.4772 783.7502 -83.3516
v  335.9275 785.1429 -83.3516
v  337.7030 786.2849 -83.3516
v  339.7191 787.1348 -83.3516
v  344.1937 789.0499 -82.8498
v  341.6117 788.8502 -82.8498
v  339.1338 788.2562 -82.8498
v  336.8445 787.2936 -82.8498
v  334.8414 785.9981 -82.8498
v  333.1960 784.4209 -82.8498
v  331.9733 782.6185 -82.8498
v  331.2253 780.6676 -82.8498
v  330.9652 778.6348 -82.8498
v  331.2253 776.6019 -82.8498
v  331.9733 774.6510 -82.8498
v  333.1960 772.8486 -82.8498
v  334.8414 771.2715 -82.8498
v  336.8445 769.9760 -82.8498
v  339.1338 769.0134 -82.8498
v  341.6117 768.4193 -82.8498
v  344.1937 768.2197 -82.8498
v  346.7756 768.4193 -82.8498
v  349.2600 769.0134 -82.8498
v  351.5428 769.9760 -82.8498
v  353.5460 771.2715 -82.8498
v  355.1914 772.8486 -82.8498
v  356.4141 774.6510 -82.8498
v  357.1685 776.6019 -82.8498
v  357.4221 778.6348 -82.8498
v  357.1685 780.6676 -82.8498
v  356.4141 782.6185 -82.8498
v  355.1914 784.4209 -82.8498
v  353.5460 785.9981 -82.8498
v  351.5428 787.2936 -82.8498
v  349.2600 788.2562 -82.8498
v  346.7756 788.8502 -82.8498
v  360.6609 765.1166 -78.4667
v  362.2934 768.2094 -78.4667
v  362.2934 768.2094 -71.6820
v  360.6609 765.1166 -71.6820
v  362.2934 788.9424 -71.6820
v  362.2934 788.9424 -78.4667
v  360.6609 792.0352 -78.4667
v  360.6609 792.0352 -71.6820
v  330.3994 763.8365 -78.4667
v  356.7327 763.8365 -78.4667
v  356.7327 763.8365 -71.6820
v  330.3994 763.8365 -71.6820
v  324.8453 788.9424 -78.4667
v  324.8453 788.9424 -71.6820
v  326.4712 792.0352 -71.6820
v  326.4712 792.0352 -78.4667
v  356.7327 793.3204 -78.4667
v  356.7327 793.3204 -71.6820
v  330.3994 793.3204 -78.4667
v  330.3994 793.3204 -71.6820
v  326.4712 765.1166 -71.6820
v  326.4712 765.1166 -78.4667
v  324.8453 768.2094 -78.4667
v  324.8453 768.2094 -71.6820
v  356.5571 764.5278 -80.0489
v  359.9846 765.6492 -80.0489
v  361.4089 768.3477 -80.0489
v  356.5571 792.6240 -80.0489
v  359.9846 791.5026 -80.0489
v  361.4089 788.8041 -80.0489
v  327.1476 765.6492 -80.0489
v  330.5750 764.5278 -80.0489
v  325.7232 768.3477 -80.0489
v  330.5750 792.6240 -80.0489
v  327.1476 791.5026 -80.0489
v  325.7232 788.8041 -80.0489
# 4534 vertices

vn 0.9054 0.2100 0.3690
vn 0.8531 0.3811 0.3564
vn 0.7774 0.3490 0.5232
vn 0.8208 0.1893 0.5389
vn 0.6706 0.3101 -0.6739
vn 0.7038 0.1684 -0.6902
vn 0.5600 0.1354 -0.8174
vn 0.5372 0.2532 -0.8045
vn 0.6720 0.3038 0.6753
vn 0.7049 0.1614 0.6907
vn 0.8196 0.1947 -0.5388
vn 0.7760 0.3537 -0.5222
vn 0.5383 0.2454 0.8062
vn 0.5609 0.1270 0.8181
vn 0.9044 0.2136 -0.3693
vn 0.8519 0.3842 -0.3558
vn 0.3796 0.1745 0.9085
vn 0.3934 0.0873 0.9152
vn 0.9561 0.2248 -0.1878
vn 0.8978 0.4019 -0.1801
vn 0.2012 0.0931 0.9751
vn 0.2087 0.0437 0.9770
vn 0.9133 0.4073 0.0001
vn 0.9737 0.2279 -0.0003
vn 0.2084 0.0540 -0.9765
vn 0.0001 0.1834 -0.9830
vn 0.2010 0.1031 -0.9741
vn 0.0002 0.1735 0.9848
vn 0.8984 0.4004 0.1804
vn 0.9567 0.2229 0.1873
vn 0.3789 0.1836 -0.9070
vn 0.3928 0.0968 -0.9145
vn 0.3414 0.3281 0.8808
vn 0.1830 0.1792 0.9666
vn 0.7215 0.6750 -0.1545
vn 0.7309 0.6824 0.0001
vn 0.1826 0.1887 -0.9649
vn 0.7222 0.6741 0.1547
vn 0.3403 0.3362 -0.8782
vn 0.6946 0.6492 0.3098
vn 0.4704 0.4550 -0.7561
vn 0.6459 0.6057 0.4646
vn 0.5710 0.5447 -0.6142
vn 0.5729 0.5402 0.6164
vn 0.6441 0.6088 -0.4632
vn 0.4721 0.4487 0.7588
vn 0.6932 0.6511 -0.3091
vn 0.3878 0.6017 -0.6983
vn 0.4562 0.7009 -0.5482
vn 0.4580 0.6980 0.5505
vn 0.5031 0.7642 0.4036
vn 0.5015 0.7660 -0.4022
vn 0.3895 0.5970 0.7013
vn 0.5298 0.8062 -0.2632
vn 0.2905 0.4502 0.8443
vn 0.5454 0.8281 -0.1300
vn 0.1586 0.2511 0.9549
vn 0.5505 0.8348 0.0000
vn 0.1581 0.2603 -0.9525
vn 0.5460 0.8276 0.1302
vn 0.2894 0.4571 -0.8410
vn 0.5310 0.8053 0.2638
vn 0.4017 0.9158 0.0000
vn 0.3989 0.9102 -0.1118
vn 0.1297 0.3176 -0.9393
vn 0.1303 0.3088 0.9422
vn 0.3993 0.9099 0.1120
vn 0.2330 0.5478 -0.8035
vn 0.3912 0.8914 0.2286
vn 0.3031 0.7019 -0.6446
vn 0.3756 0.8563 0.3545
vn 0.3474 0.7985 -0.4917
vn 0.3488 0.7966 0.4938
vn 0.3744 0.8573 -0.3533
vn 0.3045 0.6985 0.6476
vn 0.3904 0.8919 -0.2281
vn 0.2340 0.5419 0.8072
vn 0.2661 0.9095 0.3194
vn 0.2504 0.8566 0.4512
vn 0.2494 0.8579 -0.4493
vn 0.2653 0.9101 -0.3184
vn 0.2230 0.7649 0.6043
vn 0.2743 0.9398 -0.2038
vn 0.1755 0.6073 0.7748
vn 0.2790 0.9551 -0.0995
vn 0.0992 0.3528 0.9304
vn 0.2806 0.9598 0.0000
vn 0.0989 0.3610 -0.9273
vn 0.2793 0.9550 0.0996
vn 0.1747 0.6124 -0.7710
vn 0.2749 0.9395 0.2043
vn 0.2219 0.7675 -0.6014
vn 0.0667 0.3913 -0.9178
vn 0.0669 0.3834 0.9212
vn 0.1780 0.9840 0.0000
vn 0.1774 0.9799 0.0918
vn 0.1162 0.6552 -0.7465
vn 0.1750 0.9663 0.1886
vn 0.1451 0.8083 -0.5707
vn 0.1703 0.9397 0.2965
vn 0.1610 0.8929 -0.4206
vn 0.1616 0.8919 0.4223
vn 0.1698 0.9401 -0.2956
vn 0.1458 0.8062 0.5735
vn 0.1747 0.9665 -0.1883
vn 0.1168 0.6507 0.7503
vn 0.1772 0.9799 -0.0916
vn 0.0789 0.9113 -0.4041
vn 0.0829 0.9556 -0.2828
vn 0.0792 0.9105 0.4057
vn 0.0720 0.8286 0.5552
vn 0.0850 0.9801 -0.1796
vn 0.0583 0.6755 0.7351
vn 0.0861 0.9924 -0.0873
vn 0.0337 0.4013 0.9153
vn 0.0865 0.9963 0.0000
vn 0.0335 0.4091 -0.9119
vn 0.0862 0.9924 0.0874
vn 0.0580 0.6796 -0.7313
vn 0.0852 0.9800 0.1800
vn 0.0717 0.8304 -0.5525
vn 0.0831 0.9553 0.2836
vn -0.0000 1.0000 0.0000
vn -0.0000 0.9963 0.0861
vn 0.0000 0.4149 -0.9099
vn -0.0000 0.6875 -0.7262
vn -0.0000 0.9842 0.1773
vn -0.0000 0.8374 -0.5466
vn -0.0000 0.9601 0.2795
vn -0.0000 0.9170 -0.3989
vn -0.0000 0.9163 0.4005
vn -0.0000 0.9604 -0.2787
vn -0.0000 0.8357 0.5492
vn -0.0000 0.9842 -0.1769
vn -0.0000 0.6834 0.7300
vn -0.0000 0.9963 -0.0860
vn 0.0000 0.4071 0.9134
vn -0.0721 0.8283 0.5556
vn -0.0793 0.9104 0.4061
vn -0.0851 0.9800 -0.1798
vn -0.0830 0.9555 -0.2830
vn -0.0583 0.6751 0.7354
vn -0.0863 0.9924 -0.0874
vn -0.0336 0.4010 0.9155
vn -0.0866 0.9962 0.0000
vn -0.0334 0.4088 -0.9120
vn -0.0863 0.9924 0.0875
vn -0.0580 0.6793 -0.7316
vn -0.0853 0.9799 0.1802
vn -0.0717 0.8302 -0.5529
vn -0.0832 0.9553 0.2838
vn -0.0790 0.9111 -0.4045
vn -0.1778 0.9798 0.0919
vn -0.1754 0.9662 0.1890
vn -0.1453 0.8077 -0.5714
vn -0.1163 0.6545 -0.7471
vn -0.1706 0.9395 0.2970
vn -0.1613 0.8925 -0.4213
vn -0.1619 0.8916 0.4230
vn -0.1701 0.9399 -0.2961
vn -0.1460 0.8056 0.5742
vn -0.1751 0.9663 -0.1886
vn -0.1169 0.6500 0.7509
vn -0.1776 0.9798 -0.0918
vn -0.0669 0.3828 0.9214
vn -0.1784 0.9840 0.0000
vn -0.0667 0.3907 -0.9181
vn -0.2234 0.7639 0.6055
vn -0.1758 0.6061 0.7757
vn -0.2799 0.9548 -0.0998
vn -0.2751 0.9394 -0.2044
vn -0.0994 0.3519 0.9308
vn -0.2814 0.9596 0.0000
vn -0.0991 0.3601 -0.9276
vn -0.2802 0.9547 0.0999
vn -0.1749 0.6112 -0.7719
vn -0.2757 0.9392 0.2049
vn -0.2224 0.7665 -0.6025
vn -0.2668 0.9090 0.3203
vn -0.2500 0.8571 -0.4504
vn -0.2510 0.8558 0.4523
vn -0.2660 0.9096 -0.3193
vn -0.3038 0.7002 -0.6461
vn -0.2333 0.5460 -0.8046
vn -0.3770 0.8552 0.3558
vn -0.3928 0.8905 0.2295
vn -0.3485 0.7970 -0.4933
vn -0.3499 0.7951 0.4953
vn -0.3758 0.8562 -0.3546
vn -0.3053 0.6967 0.6491
vn -0.3920 0.8910 -0.2290
vn -0.2344 0.5401 0.8083
vn -0.4006 0.9094 -0.1123
vn -0.1305 0.3076 0.9425
vn -0.4034 0.9150 0.0000
vn -0.1299 0.3164 -0.9397
vn -0.4010 0.9092 0.1125
vn -0.5482 0.8261 -0.1307
vn -0.5324 0.8041 -0.2644
vn -0.2910 0.4477 0.8455
vn -0.1588 0.2495 0.9553
vn -0.5534 0.8329 0.0000
vn -0.1583 0.2587 -0.9529
vn -0.5488 0.8256 0.1309
vn -0.2899 0.4546 -0.8422
vn -0.5336 0.8031 0.2651
vn -0.3888 0.5990 -0.7000
vn -0.5053 0.7618 0.4053
vn -0.4579 0.6983 -0.5501
vn -0.4597 0.6954 0.5524
vn -0.5037 0.7636 -0.4039
vn -0.3905 0.5943 0.7031
vn -0.6981 0.6447 0.3113
vn -0.6488 0.6011 0.4666
vn -0.5730 0.5402 -0.6163
vn -0.4717 0.4508 -0.7578
vn -0.5750 0.5357 0.6184
vn -0.6470 0.6042 -0.4652
vn -0.4733 0.4446 0.7605
vn -0.6967 0.6466 -0.3106
vn -0.3419 0.3248 0.8818
vn -0.7254 0.6705 -0.1553
vn -0.1832 0.1772 0.9670
vn -0.7351 0.6780 0.0001
vn -0.1828 0.1868 -0.9652
vn -0.7262 0.6696 0.1556
vn -0.3409 0.3328 -0.8792
vn -0.3800 0.1703 0.9092
vn -0.2014 0.0908 0.9753
vn -0.9013 0.3937 -0.1808
vn -0.9170 0.3989 0.0001
vn -0.2012 0.1008 -0.9744
vn -0.9019 0.3921 0.1811
vn -0.3794 0.1794 -0.9077
vn -0.8561 0.3731 0.3576
vn -0.5382 0.2475 -0.8057
vn -0.7798 0.3415 0.5247
vn -0.6722 0.3033 -0.6753
vn -0.6736 0.2971 0.6768
vn -0.7784 0.3461 -0.5237
vn -0.5392 0.2398 0.8073
vn -0.8550 0.3762 -0.3570
vn -0.5600 0.1290 -0.8184
vn -0.7044 0.1605 -0.6914
vn -0.7055 0.1534 0.6919
vn -0.8220 0.1802 0.5402
vn -0.8209 0.1856 -0.5401
vn -0.5609 0.1205 0.8191
vn -0.9063 0.2037 -0.3703
vn -0.3930 0.0827 0.9158
vn -0.9584 0.2144 -0.1884
vn -0.2080 0.0412 0.9773
vn -0.9761 0.2173 -0.0003
vn -0.2078 0.0515 -0.9768
vn -0.9589 0.2125 0.1878
vn -0.3924 0.0923 -0.9152
vn -0.9072 0.2000 0.3701
vn 0.9044 0.2137 -0.3693
vn 0.6946 0.6493 0.3098
vn -0.0994 0.3519 0.9307
vn -0.2757 0.9392 0.2048
vn -0.4010 0.9092 0.1124
vn -0.6982 0.6447 0.3113
vn -0.4733 0.4445 0.7605
vn -0.9019 0.3921 0.1810
vn -0.3793 0.1794 -0.9077
vn -0.6723 0.3033 -0.6753
vn -0.7044 0.1604 -0.6914
vn -0.5609 0.1206 0.8191
vn 0.7774 0.3490 0.5233
vn 0.6706 0.3100 -0.6739
vn 0.7038 0.1683 -0.6902
vn 0.6720 0.3039 0.6753
vn 0.5383 0.2455 0.8062
vn 0.8978 0.4020 -0.1801
vn 0.9567 0.2230 0.1873
vn 0.4704 0.4549 -0.7561
vn 0.3904 0.8920 -0.2281
vn 0.0667 0.3913 -0.9179
vn -0.7350 0.6780 0.0001
vn -0.9072 0.2001 0.3701
vn 0.5609 0.1269 0.8181
vn 0.3934 0.0872 0.9152
vn 0.1826 0.1888 -0.9649
vn 0.4562 0.7010 -0.5482
vn 0.3894 0.5971 0.7013
vn 0.1747 0.6123 -0.7711
vn -0.2660 0.9095 -0.3193
vn -0.3053 0.6967 0.6492
vn -0.6982 0.6447 0.3114
vn -0.2011 0.1008 -0.9744
vn -0.8209 0.1856 -0.5400
vn -0.9063 0.2038 -0.3703
vn -0.3924 0.0922 -0.9152
vn 0.2085 0.0540 -0.9765
vn 0.2749 0.9395 0.2042
vn 0.1458 0.8061 0.5735
vn 0.8208 0.1892 0.5389
vn 0.6720 0.3038 0.6754
vn 0.7049 0.1613 0.6907
vn 0.8196 0.1946 -0.5388
vn 0.3796 0.1746 0.9085
vn 0.9561 0.2249 -0.1878
vn 0.2086 0.0437 0.9770
vn 0.9737 0.2280 -0.0003
vn 0.1747 0.6123 -0.7710
vn 0.1747 0.9665 -0.1882
vn -0.3485 0.7970 -0.4932
vn -0.6981 0.6447 0.3114
vn -0.6469 0.6042 -0.4652
vn -0.3419 0.3247 0.8818
vn -0.9013 0.3936 -0.1808
vn -0.6736 0.2970 0.6768
vn -0.7784 0.3462 -0.5237
vn -0.5392 0.2397 0.8073
vn -0.8550 0.3761 -0.3570
vn -0.9589 0.2125 0.1879
vn -0.1914 0.1936 -0.9622
vn 0.0000 0.1936 -0.9811
vn 0.0000 0.0000 -1.0000
vn -0.1951 0.0000 -0.9808
vn 0.3827 0.0000 -0.9239
vn 0.3754 0.1936 -0.9064
vn 0.5451 0.1936 -0.8157
vn 0.5556 0.0000 -0.8315
vn 0.6937 0.1936 -0.6937
vn 0.7071 0.0000 -0.7071
vn 0.8157 0.1936 -0.5451
vn 0.8315 0.0000 -0.5556
vn 0.9064 0.1936 -0.3754
vn 0.9239 0.0000 -0.3827
vn 0.9622 0.1936 -0.1914
vn 0.9808 0.0000 -0.1951
vn 0.9811 0.1936 0.0000
vn 1.0000 0.0000 -0.0000
vn 0.9622 0.1936 0.1914
vn 0.9808 0.0000 0.1951
vn 0.9064 0.1936 0.3754
vn 0.9239 0.0000 0.3827
vn 0.8157 0.1936 0.5450
vn 0.8315 0.0000 0.5556
vn 0.6937 0.1936 0.6937
vn 0.7071 0.0000 0.7071
vn 0.5450 0.1936 0.8157
vn 0.5556 0.0000 0.8315
vn 0.3754 0.1936 0.9064
vn 0.3827 0.0000 0.9239
vn 0.1914 0.1936 0.9622
vn 0.1951 0.0000 0.9808
vn 0.0000 0.1936 0.9811
vn 0.0000 0.0000 1.0000
vn -0.1914 0.1936 0.9622
vn -0.1951 0.0000 0.9808
vn -0.3754 0.1936 0.9064
vn -0.3827 0.0000 0.9239
vn -0.5450 0.1936 0.8157
vn -0.5556 0.0000 0.8315
vn -0.6937 0.1936 0.6937
vn -0.7071 0.0000 0.7071
vn -0.8157 0.1936 0.5450
vn -0.8315 0.0000 0.5556
vn -0.9064 0.1936 0.3754
vn -0.9239 0.0000 0.3827
vn -0.9622 0.1936 0.1914
vn -0.9808 0.0000 0.1951
vn -0.9811 0.1936 0.0000
vn -1.0000 0.0000 -0.0000
vn -0.9622 0.1936 -0.1914
vn -0.9808 0.0000 -0.1951
vn -0.9064 0.1936 -0.3754
vn -0.9239 0.0000 -0.3827
vn -0.8157 0.1936 -0.5451
vn -0.8315 0.0000 -0.5556
vn -0.6937 0.1936 -0.6937
vn -0.7071 0.0000 -0.7071
vn -0.5451 0.1936 -0.8157
vn -0.5556 0.0000 -0.8315
vn -0.3827 0.0000 -0.9239
vn -0.3754 0.1936 -0.9064
vn 0.1951 0.0000 -0.9808
vn 0.1914 0.1936 -0.9622
vn 0.0402 0.9786 -0.2019
vn 0.0000 0.9786 -0.2059
vn -0.0402 0.9786 -0.2019
vn -0.0788 0.9786 -0.1902
vn -0.1456 0.9786 -0.1456
vn -0.1712 0.9786 -0.1144
vn -0.1902 0.9786 -0.0788
vn -0.2019 0.9786 -0.0402
vn -0.1144 0.9786 -0.1712
vn -0.1456 0.9786 0.1456
vn -0.2059 0.9786 0.0000
vn -0.2019 0.9786 0.0402
vn -0.1902 0.9786 0.0788
vn -0.1712 0.9786 0.1144
vn -0.1144 0.9786 0.1712
vn -0.0788 0.9786 0.1902
vn -0.0402 0.9786 0.2019
vn 0.0000 0.9786 0.2059
vn 0.0402 0.9786 0.2019
vn 0.0788 0.9786 0.1902
vn 0.1456 0.9786 0.1456
vn 0.1144 0.9786 0.1712
vn 0.1712 0.9786 0.1144
vn 0.1902 0.9786 0.0788
vn 0.2019 0.9786 0.0402
vn 0.2059 0.9786 -0.0000
vn 0.1712 0.9786 -0.1144
vn 0.2019 0.9786 -0.0402
vn 0.1902 0.9786 -0.0788
vn 0.1456 0.9786 -0.1456
vn 0.1144 0.9786 -0.1712
vn 0.0788 0.9786 -0.1902
vn 0.0000 0.3843 -0.9232
vn 0.1801 0.3843 -0.9055
vn 0.0000 0.9245 -0.3811
vn 0.0744 0.9245 -0.3738
vn 0.3533 0.3842 -0.8530
vn 0.1458 0.9245 -0.3521
vn 0.5129 0.3842 -0.7676
vn 0.2117 0.9245 -0.3169
vn 0.6528 0.3843 -0.6528
vn 0.2695 0.9245 -0.2695
vn 0.7676 0.3843 -0.5129
vn 0.3169 0.9245 -0.2117
vn 0.8529 0.3843 -0.3533
vn 0.3521 0.9245 -0.1459
vn 0.9055 0.3843 -0.1801
vn 0.3738 0.9245 -0.0744
vn 0.9232 0.3843 0.0000
vn 0.3811 0.9245 -0.0000
vn 0.9055 0.3843 0.1801
vn 0.3738 0.9245 0.0744
vn 0.8529 0.3843 0.3533
vn 0.3521 0.9245 0.1459
vn 0.7676 0.3843 0.5129
vn 0.3169 0.9245 0.2117
vn 0.6528 0.3843 0.6528
vn 0.2695 0.9245 0.2695
vn 0.5129 0.3842 0.7677
vn 0.2117 0.9245 0.3169
vn 0.3533 0.3842 0.8530
vn 0.1458 0.9245 0.3521
vn 0.1801 0.3843 0.9055
vn 0.0744 0.9245 0.3738
vn 0.0000 0.3843 0.9232
vn 0.0000 0.9245 0.3811
vn -0.1801 0.3843 0.9055
vn -0.0744 0.9245 0.3738
vn -0.3533 0.3843 0.8529
vn -0.1459 0.9245 0.3521
vn -0.5129 0.3843 0.7676
vn -0.2117 0.9245 0.3169
vn -0.6528 0.3843 0.6528
vn -0.2695 0.9245 0.2695
vn -0.7676 0.3843 0.5129
vn -0.3169 0.9245 0.2117
vn -0.8529 0.3843 0.3533
vn -0.3521 0.9245 0.1458
vn -0.9055 0.3843 0.1801
vn -0.3738 0.9245 0.0744
vn -0.9232 0.3843 0.0000
vn -0.3811 0.9245 0.0000
vn -0.9055 0.3843 -0.1801
vn -0.3738 0.9245 -0.0744
vn -0.8529 0.3843 -0.3533
vn -0.3521 0.9245 -0.1458
vn -0.7676 0.3843 -0.5129
vn -0.3169 0.9245 -0.2117
vn -0.6528 0.3843 -0.6528
vn -0.2695 0.9245 -0.2695
vn -0.5129 0.3842 -0.7676
vn -0.2117 0.9245 -0.3169
vn -0.3533 0.3842 -0.8530
vn -0.1458 0.9245 -0.3521
vn -0.1801 0.3843 -0.9055
vn -0.0744 0.9245 -0.3738
vn -0.9063 0.1943 0.3754
vn -0.9601 0.2041 0.1910
vn -0.9063 0.1943 -0.3754
vn -0.9601 0.2041 -0.1910
vn 0.1910 0.2041 0.9601
vn -0.1910 0.2041 0.9601
vn 0.9601 0.2041 -0.1910
vn 0.9063 0.1943 -0.3754
vn -0.1910 0.2041 -0.9601
vn -0.3754 0.1943 -0.9063
vn 0.1910 0.2041 -0.9601
vn 0.3754 0.1943 0.9063
vn 0.9601 0.2041 0.1910
vn 0.9063 0.1943 0.3754
vn 0.3754 0.1943 -0.9063
vn -0.3754 0.1943 0.9063
vn -0.1780 0.4092 0.8949
vn -0.3503 0.4026 0.8457
vn -0.8457 0.4027 0.3503
vn -0.8949 0.4092 0.1780
vn -0.3503 0.4026 -0.8457
vn -0.1780 0.4092 -0.8949
vn -0.8949 0.4092 -0.1780
vn -0.8457 0.4026 -0.3503
vn 0.1780 0.4092 0.8949
vn 0.3503 0.4026 0.8457
vn 0.8457 0.4026 0.3503
vn 0.8949 0.4092 0.1780
vn 0.1780 0.4092 -0.8949
vn 0.3503 0.4026 -0.8457
vn 0.8457 0.4026 -0.3503
vn 0.8949 0.4092 -0.1780
vn 0.0000 1.0000 -0.0000
vn 0.0001 0.3055 -0.9522
vn 0.0000 0.5643 -0.8256
vn 0.3744 0.5233 -0.7655
vn 0.3541 0.2862 -0.8903
vn -0.3744 0.5233 -0.7655
vn -0.3540 0.2862 -0.8904
vn -0.6661 0.2294 -0.7097
vn -0.6906 0.4084 -0.5969
vn -0.8970 0.1370 -0.4203
vn -0.9097 0.2350 -0.3425
vn -0.9988 0.0146 -0.0461
vn -0.9993 0.0202 -0.0304
vn -0.9319 -0.1183 0.3430
vn -0.9352 -0.2053 0.2887
vn -0.7110 -0.2349 0.6627
vn -0.7250 -0.4045 0.5574
vn -0.3849 -0.3162 0.8671
vn -0.3990 -0.5455 0.7370
vn -0.0001 -0.3463 0.9381
vn -0.0000 -0.5981 0.8014
vn 0.3848 -0.3162 0.8671
vn 0.3989 -0.5455 0.7371
vn 0.7249 -0.4045 0.5575
vn 0.7109 -0.2349 0.6629
vn 0.9318 -0.1182 0.3432
vn 0.9351 -0.2053 0.2888
vn 0.9988 0.0146 -0.0459
vn 0.9993 0.0202 -0.0302
vn 0.8970 0.1371 -0.4202
vn 0.9097 0.2350 -0.3424
vn 0.6662 0.2294 -0.7096
vn 0.6907 0.4084 -0.5968
vn 0.0000 0.8680 -0.4966
vn 0.3777 0.8038 -0.4596
vn -0.3777 0.8038 -0.4596
vn -0.6959 0.6237 -0.3559
vn -0.9146 0.3514 -0.1998
vn -0.9998 0.0171 -0.0102
vn -0.9285 -0.3247 0.1801
vn -0.7141 -0.6137 0.3368
vn -0.3904 -0.8089 0.4396
vn -0.0000 -0.8794 0.4761
vn 0.3903 -0.8089 0.4397
vn 0.7140 -0.6137 0.3369
vn 0.9285 -0.3247 0.1802
vn 0.9998 0.0171 -0.0101
vn 0.9147 0.3514 -0.1997
vn 0.6960 0.6237 -0.3559
vn 0.0000 0.9666 -0.2563
vn 0.3814 0.8936 -0.2368
vn -0.3813 0.8936 -0.2369
vn -0.7008 0.6896 -0.1826
vn -0.9180 0.3834 -0.1014
vn -0.9999 0.0117 -0.0032
vn -0.9265 -0.3640 0.0953
vn -0.7124 -0.6790 0.1772
vn -0.3897 -0.8912 0.2320
vn -0.0000 -0.9678 0.2517
vn 0.3897 -0.8912 0.2320
vn 0.7124 -0.6791 0.1773
vn 0.9265 -0.3640 0.0954
vn 0.9999 0.0117 -0.0031
vn 0.9180 0.3834 -0.1013
vn 0.7008 0.6896 -0.1825
vn 0.0000 0.9963 -0.0855
vn 0.3825 0.9206 -0.0790
vn -0.3825 0.9206 -0.0790
vn -0.7024 0.7092 -0.0609
vn -0.9191 0.3927 -0.0337
vn -1.0000 0.0095 -0.0009
vn -0.9258 -0.3767 0.0321
vn -0.7115 -0.7001 0.0596
vn -0.3892 -0.9178 0.0781
vn -0.0000 -0.9964 0.0848
vn 0.3892 -0.9178 0.0782
vn 0.7115 -0.7001 0.0597
vn 0.9258 -0.3767 0.0322
vn 1.0000 0.0095 -0.0008
vn 0.9191 0.3927 -0.0336
vn 0.7024 0.7092 -0.0608
vn 0.3824 0.9218 0.0631
vn 0.0000 0.9977 0.0683
vn -0.3824 0.9218 0.0631
vn -0.7022 0.7103 0.0485
vn -0.9190 0.3934 0.0268
vn -1.0000 0.0098 0.0006
vn -0.9258 -0.3770 -0.0256
vn -0.7116 -0.7009 -0.0474
vn -0.3893 -0.9190 -0.0620
vn -0.0000 -0.9977 -0.0673
vn 0.3893 -0.9190 -0.0620
vn 0.7116 -0.7009 -0.0474
vn 0.9258 -0.3770 -0.0255
vn 1.0000 0.0097 0.0007
vn 0.9190 0.3934 0.0269
vn 0.7022 0.7103 0.0486
vn -0.0000 0.9689 0.2475
vn 0.3810 0.8958 0.2288
vn -0.3811 0.8958 0.2287
vn -0.7004 0.6916 0.1764
vn -0.9177 0.3850 0.0979
vn -0.9999 0.0125 0.0032
vn -0.9268 -0.3643 -0.0918
vn -0.7127 -0.6804 -0.1707
vn -0.3899 -0.8933 -0.2234
vn 0.0000 -0.9702 -0.2424
vn 0.3900 -0.8933 -0.2234
vn 0.7127 -0.6804 -0.1707
vn 0.9268 -0.3643 -0.0917
vn 0.9999 0.0125 0.0033
vn 0.9177 0.3850 0.0980
vn 0.7004 0.6916 0.1764
vn -0.0000 0.8655 0.5009
vn 0.3777 0.8015 0.4636
vn -0.3777 0.8015 0.4636
vn -0.6958 0.6220 0.3591
vn -0.9144 0.3508 0.2019
vn -0.9998 0.0181 0.0107
vn -0.9291 -0.3222 -0.1816
vn -0.7152 -0.6102 -0.3407
vn -0.3913 -0.8051 -0.4457
vn 0.0000 -0.8756 -0.4831
vn 0.3914 -0.8051 -0.4457
vn 0.7152 -0.6103 -0.3406
vn 0.9291 -0.3222 -0.1815
vn 0.9998 0.0181 0.0108
vn 0.9144 0.3508 0.2020
vn 0.6958 0.6220 0.3592
vn -0.0001 0.5622 0.8270
vn 0.3751 0.5211 0.7666
vn -0.3752 0.5212 0.7666
vn -0.6916 0.4063 0.5971
vn -0.9103 0.2332 0.3419
vn -0.9994 0.0197 0.0293
vn -0.9351 -0.2028 -0.2906
vn -0.7257 -0.3971 -0.5619
vn -0.4001 -0.5331 -0.7455
vn 0.0001 -0.5835 -0.8121
vn 0.4002 -0.5331 -0.7454
vn 0.7258 -0.3971 -0.5617
vn 0.9351 -0.2028 -0.2905
vn 0.9994 0.0196 0.0295
vn 0.9103 0.2331 0.3421
vn 0.6916 0.4062 0.5972
vn 0.3578 0.2925 0.8868
vn -0.0001 0.3130 0.9498
vn -0.3579 0.2926 0.8867
vn -0.6712 0.2329 0.7037
vn -0.9003 0.1374 0.4131
vn -0.9991 0.0134 0.0405
vn -0.9310 -0.1179 -0.3456
vn -0.7111 -0.2296 -0.6646
vn -0.3855 -0.3045 -0.8710
vn 0.0001 -0.3314 -0.9435
vn 0.3857 -0.3045 -0.8709
vn 0.7112 -0.2296 -0.6644
vn 0.9310 -0.1180 -0.3454
vn 0.9991 0.0132 0.0408
vn 0.9002 0.1373 0.4133
vn 0.6711 0.2328 0.7039
vn -0.0000 0.9837 -0.1800
vn 0.0000 0.9837 0.1800
vn 0.0000 -0.0000 -1.0000
vn -1.0000 -0.0000 -0.0000
vn -0.7071 0.7071 -0.0000
vn 0.7071 0.7071 -0.0000
vn 0.0000 0.9456 0.3255
vn -0.0000 0.9456 -0.3255
vn 0.1203 -0.0000 0.9927
vn 0.1150 0.3088 0.9441
vn -0.1804 0.3102 0.9334
vn -0.1869 0.0000 0.9824
vn -0.1668 0.5964 0.7852
vn -0.1201 0.6005 0.7906
vn -0.1483 0.3228 0.9348
vn 0.7520 0.2871 -0.5933
vn 0.7568 0.2660 -0.5971
vn 0.7851 -0.0000 -0.6194
vn -0.1201 0.6005 -0.7906
vn -0.1668 0.5964 -0.7852
vn -0.1804 0.3102 -0.9334
vn -0.1483 0.3228 -0.9348
vn 0.4453 0.2898 0.8472
vn 0.4615 -0.0000 0.8871
vn 0.4453 0.2898 -0.8472
vn 0.1150 0.3088 -0.9441
vn 0.1116 0.6011 -0.7914
vn 0.4222 0.5579 -0.7145
vn 0.1116 0.6011 0.7913
vn 0.0000 0.6049 0.7963
vn 0.0000 0.1925 0.9813
vn 0.0000 0.2871 0.9579
vn -0.8270 0.3450 -0.4438
vn -0.9436 -0.0000 -0.3310
vn -0.8877 -0.0000 -0.4604
vn -0.6890 0.6429 -0.3346
vn -0.7083 0.6608 -0.2484
vn 0.6252 0.6049 -0.4932
vn -0.7083 0.6608 0.2484
vn -0.6890 0.6429 0.3346
vn -0.8270 0.3451 0.4438
vn 0.6969 0.6742 -0.2445
vn 0.8394 0.3407 -0.4235
vn 0.6668 0.6451 -0.3732
vn 0.8877 -0.0000 -0.4604
vn 0.9436 -0.0000 -0.3310
vn 0.0000 0.2871 -0.9579
vn 0.0000 0.1924 -0.9813
vn 0.0000 0.6049 -0.7963
vn 0.8394 0.3407 0.4235
vn 0.6969 0.6742 0.2445
vn 0.6668 0.6451 0.3732
vn -0.8141 -0.0000 -0.5807
vn -0.7633 0.3478 -0.5444
vn 0.2509 0.3098 0.9171
vn 0.1649 0.2392 0.9569
vn 0.1715 0.0000 0.9852
vn 0.2687 0.0000 0.9632
vn 0.5973 0.1933 -0.7784
vn 0.5351 0.5282 -0.6593
vn 0.6396 0.6188 0.4561
vn 0.7472 0.3970 0.5329
vn 0.6252 0.6049 0.4932
vn 0.7520 0.2871 0.5933
vn 0.7568 0.2660 0.5971
vn 0.4222 0.5579 0.7145
vn -0.7359 0.3485 0.5806
vn -0.6334 0.5909 0.4997
vn -0.7715 0.1855 0.6086
vn -0.7359 0.3485 -0.5806
vn -0.7715 0.1855 -0.6086
vn -0.6334 0.5909 -0.4997
vn 0.2240 0.5949 -0.7720
vn 0.1390 0.6045 -0.7844
vn 0.1815 0.3292 -0.9266
vn 0.2509 0.3097 -0.9171
vn -0.1489 0.0000 -0.9888
vn -0.1869 0.0000 -0.9824
vn 0.6396 0.6188 -0.4561
vn 0.7472 0.3970 -0.5329
vn -0.0148 0.9999 -0.0000
vn -0.0160 0.9999 0.0000
vn -0.6483 0.6049 -0.4624
vn -0.7633 0.3478 0.5444
vn -0.6483 0.6049 0.4624
vn -0.0000 0.6049 -0.7963
vn -0.0000 0.3877 -0.9218
vn 0.1325 0.6050 -0.7851
vn 0.1649 0.2392 -0.9569
vn 0.0000 0.3877 0.9218
vn 0.2240 0.5949 0.7720
vn 0.1325 0.6050 0.7851
vn -0.9436 0.0000 0.3310
vn -0.8877 0.0000 0.4604
vn 0.4275 0.9040 -0.0000
vn 0.6297 0.7768 -0.0000
vn -0.0000 0.6104 -0.7921
vn -0.0000 0.3499 -0.9368
vn 0.0000 0.6104 0.7921
vn 0.1390 0.6045 0.7844
vn 0.1815 0.3292 0.9266
vn 0.0000 0.3499 0.9368
vn 0.0024 1.0000 -0.0000
vn 0.0097 1.0000 0.0000
vn 0.1139 0.9935 -0.0000
vn 0.4615 0.0000 -0.8871
vn 0.1203 0.0000 -0.9927
vn 0.8141 0.0000 0.5807
vn 0.8877 0.0000 0.4604
vn 0.9436 0.0000 0.3310
vn -0.8031 0.5958 -0.0000
vn -0.9719 0.2353 -0.0000
vn 0.7851 0.0000 0.6194
vn -0.7851 0.0000 0.6194
vn -0.7851 0.0000 -0.6194
vn 0.1850 -0.0000 -0.9827
vn 0.5987 0.0000 -0.8010
vn -0.8141 0.0000 0.5807
vn -0.0024 1.0000 -0.0000
vn -0.1489 0.0000 0.9888
vn 0.8141 -0.0000 -0.5807
vn 0.5987 0.0000 0.8010
vn 0.5973 0.1933 0.7784
vn 0.1850 0.0000 0.9827
vn 0.2687 -0.0000 -0.9632
vn 0.1715 -0.0000 -0.9852
vn -0.0070 1.0000 -0.0000
vn -0.0000 0.0000 -1.0000
vn 0.5351 0.5282 0.6593
vn 0.0000 -1.0000 -0.0000
vn -0.2352 -0.9719 0.0056
vn -0.0685 -0.9897 -0.1255
vn 0.2752 -0.9510 -0.1408
vn -0.0000 0.0000 1.0000
vn 0.3032 -0.9481 -0.0956
vn 0.2442 -0.9697 -0.0030
vn 0.7752 -0.0019 -0.6317
vn 0.8487 -0.0033 -0.5289
vn 0.8492 -0.0033 -0.5280
vn 0.9763 -0.0021 -0.2162
vn 0.9775 -0.0021 -0.2109
vn 0.2759 0.9507 -0.1415
vn -0.0686 0.9897 -0.1257
vn -0.2376 0.9714 0.0058
vn 0.0000 1.0000 0.0000
vn 0.1461 -0.9661 -0.2130
vn -0.0077 -1.0000 -0.0004
vn -0.0090 -1.0000 0.0007
vn 0.1378 -0.9544 -0.2648
vn 0.2558 -0.9579 -0.1303
vn 0.2349 -0.9720 -0.0011
vn 0.4692 -0.0000 -0.8831
vn 0.5477 -0.0000 -0.8367
vn 0.6216 -0.0000 -0.7833
vn -0.2507 0.9681 0.0041
vn 0.0082 1.0000 0.0003
vn 0.1555 0.9639 -0.2161
vn -0.1119 0.9766 -0.1835
vn -0.1828 -0.9667 -0.1788
vn 0.0532 -0.9650 -0.2566
vn -0.0002 -1.0000 -0.0002
vn -0.2381 -0.9712 0.0000
vn 0.2316 -0.9594 -0.1608
vn 0.2713 -0.9625 -0.0061
vn 0.0273 -0.0000 -0.9996
vn 0.1832 -0.0000 -0.9831
vn 0.3346 -0.0000 -0.9423
vn 0.0002 1.0000 0.0003
vn 0.0537 0.9632 -0.2632
vn -0.1868 0.9644 -0.1870
vn -0.2489 0.9685 0.0031
vn 0.2447 0.9696 -0.0032
vn 0.3041 0.9477 -0.0967
vn -0.9999 0.0008 0.0107
vn -1.0000 -0.0026 -0.0072
vn -0.9999 0.0008 0.0109
vn 0.9998 -0.0035 -0.0172
vn 0.2425 0.9702 -0.0007
vn 0.2620 0.9561 -0.1312
vn -1.0000 -0.0034 -0.0014
vn -0.9999 -0.0066 -0.0143
vn -1.0000 -0.0022 0.0034
vn 1.0000 0.0031 -0.0010
vn 1.0000 0.0031 -0.0011
vn 0.9999 0.0040 0.0164
vn 0.2808 0.9598 -0.0032
vn 0.2370 0.9566 -0.1693
vn -1.0000 0.0013 0.0042
vn -1.0000 -0.0002 -0.0001
vn -1.0000 0.0012 0.0041
vn 1.0000 0.0004 -0.0074
vn 0.9999 0.0036 0.0120
vn 1.0000 0.0002 -0.0082
vn -0.4500 -0.8930 -0.0004
vn -0.4495 -0.8933 -0.0026
vn -0.2384 0.9413 0.2392
vn -0.1764 0.9674 0.1816
vn -0.2258 0.9742 -0.0040
vn -0.4740 0.8803 0.0186
vn 0.0000 0.9697 0.2443
vn 0.0000 0.8806 0.4738
vn 0.3589 0.8962 -0.2608
vn 0.4940 0.8664 -0.0734
vn 0.5088 0.8609 -0.0013
vn 0.5108 0.8597 -0.0052
vn 0.2695 0.9630 -0.0064
vn 0.2020 0.9614 0.1868
vn 0.2668 -0.9637 -0.0061
vn 0.5046 -0.8633 -0.0049
vn 0.5017 -0.8650 -0.0011
vn 0.1984 -0.9621 0.1873
vn 0.0000 -0.8806 0.4738
vn 0.0000 -0.9697 0.2443
vn 0.3178 -0.9112 -0.2620
vn 0.3585 -0.8965 -0.2602
vn -0.2307 0.9730 0.0012
vn -0.4565 0.8897 -0.0025
vn -0.2412 0.9380 0.2488
vn -0.1824 0.9660 0.1830
vn -0.0000 0.9697 0.2443
vn 0.4041 0.8955 -0.1866
vn 0.2446 0.8843 -0.3978
vn 0.1757 0.9649 0.1954
vn 0.2546 0.9344 0.2491
vn 0.4716 0.8818 0.0046
vn 0.2595 0.9657 -0.0081
vn 0.2564 -0.9666 -0.0077
vn 0.4668 -0.8844 0.0043
vn 0.2525 -0.9353 0.2478
vn 0.1736 -0.9653 0.1953
vn 0.2130 -0.8910 -0.4009
vn 0.2446 -0.8843 -0.3978
vn -0.2417 -0.9386 -0.2463
vn -0.4698 -0.8828 0.0032
vn -0.2416 0.9704 0.0011
vn -0.4752 0.8799 -0.0023
vn -0.2517 0.9350 0.2499
vn -0.1897 0.9644 0.1841
vn 0.3403 0.9104 -0.2354
vn 0.0792 0.8834 -0.4619
vn 0.2428 0.9367 0.2523
vn 0.4579 0.8890 0.0024
vn 0.2390 0.9710 -0.0011
vn 0.1779 0.9657 0.1890
vn 0.2419 -0.9370 0.2521
vn 0.1773 -0.9659 0.1888
vn 0.2378 -0.9713 -0.0010
vn 0.4562 -0.8899 0.0023
vn 0.0792 -0.8834 -0.4619
vn 0.3175 0.9112 -0.2625
vn -0.1914 -0.9646 0.1813
vn 0.4941 -0.8662 -0.0743
vn 0.2130 0.8910 -0.4009
vn 0.0000 -0.9693 0.2457
vn 0.4031 -0.8959 -0.1866
vn -0.2427 0.9365 -0.2531
vn -0.2528 -0.9346 0.2500
vn -0.1903 -0.9643 0.1843
vn 0.3396 -0.9123 -0.2288
vn 0.5145 -0.8575 -0.0021
vn 0.5594 -0.8289 -0.0066
vn 0.2964 -0.9550 -0.0058
vn 0.5010 -0.8655 -0.0000
vn 0.2661 -0.9640 0.0015
vn 0.5211 0.8535 -0.0050
vn 0.3035 0.9528 0.0011
vn 0.5681 0.8230 -0.0009
vn 0.2677 0.9635 0.0016
vn 0.5039 0.8638 0.0000
vn -0.4776 0.8786 -0.0008
vn -0.4710 0.8821 0.0045
vn -0.2419 0.9703 0.0037
vn -0.4676 0.8839 0.0022
vn -0.2423 0.9702 0.0006
vn -0.4770 -0.8789 -0.0022
vn -0.2428 -0.9701 0.0011
vn -0.4694 -0.8830 0.0021
vn -0.2432 -0.9700 0.0006
vn -0.4626 -0.8866 -0.0030
vn -0.2358 -0.9718 -0.0038
vn 1.0000 -0.0061 0.0004
vn 0.9999 -0.0058 0.0163
vn 1.0000 -0.0071 -0.0014
vn 1.0000 -0.0055 -0.0074
vn -1.0000 0.0047 0.0000
vn -1.0000 0.0047 -0.0000
vn -0.9999 0.0047 -0.0151
vn -1.0000 0.0038 0.0037
vn -1.0000 0.0028 0.0003
vn -1.0000 0.0028 0.0002
vn -0.0004 1.0000 0.0047
vn 0.0004 -1.0000 -0.0045
vn 0.4846 -0.8746 -0.0111
vn 0.4807 -0.8769 0.0053
vn 0.2563 -0.9666 -0.0028
vn 0.5011 -0.8654 -0.0056
vn 0.2462 -0.9692 0.0034
vn 0.4871 0.8733 -0.0116
vn 0.2586 0.9660 -0.0029
vn 0.4842 0.8750 0.0055
vn 0.2478 0.9688 0.0036
vn 0.5047 0.8632 -0.0058
vn -0.4493 0.8934 -0.0027
vn -0.4506 0.8927 -0.0004
vn -0.4554 0.8903 0.0092
vn -0.2238 0.9746 -0.0039
vn -0.4542 0.8909 0.0013
vn -0.2479 0.9687 0.0083
vn -0.4806 -0.8767 -0.0196
vn -0.4833 -0.8754 0.0024
vn -0.2424 -0.9702 0.0033
vn -0.4569 -0.8895 0.0014
vn -0.2496 -0.9683 0.0081
vn -0.4512 -0.8924 0.0076
vn -0.2247 -0.9744 -0.0031
vn 0.9998 -0.0100 -0.0165
vn 0.9999 -0.0143 -0.0044
vn 1.0000 -0.0068 0.0028
vn 1.0000 -0.0078 0.0002
vn 1.0000 -0.0078 0.0005
vn -1.0000 -0.0059 -0.0080
vn -0.9991 -0.0144 -0.0399
vn -0.9996 0.0036 0.0272
vn -0.9998 0.0097 0.0174
vn -1.0000 0.0058 0.0018
vn -1.0000 0.0057 0.0027
vn 0.4681 -0.8837 0.0010
vn 0.4650 -0.8853 -0.0084
vn 0.2386 -0.9711 -0.0046
vn 0.4647 -0.8855 0.0021
vn 0.2421 -0.9703 -0.0004
vn 0.4833 -0.8753 -0.0155
vn 0.2389 -0.9710 -0.0021
vn 0.4701 0.8826 0.0009
vn 0.2418 0.9703 -0.0042
vn 0.4674 0.8840 -0.0087
vn 0.2435 0.9699 -0.0003
vn 0.4669 0.8843 0.0022
vn 0.2403 0.9707 -0.0021
vn 0.4872 0.8731 -0.0160
vn -0.4683 0.8835 -0.0130
vn -0.4746 0.8802 -0.0067
vn -0.4891 0.8721 0.0119
vn -0.2451 0.9695 0.0056
vn -0.4726 0.8813 0.0010
vn -0.2419 0.9703 -0.0005
vn -0.4609 0.8874 0.0026
vn -0.2400 0.9708 0.0010
vn 0.9999 -0.0120 -0.0097
vn 0.9991 -0.0141 0.0403
vn 0.9998 -0.0079 -0.0191
vn 1.0000 -0.0067 0.0016
vn 1.0000 -0.0067 0.0018
vn 0.9998 -0.0025 -0.0184
vn 0.9998 -0.0026 -0.0184
vn -0.9998 0.0071 -0.0180
vn -1.0000 0.0039 -0.0022
vn -1.0000 0.0030 0.0024
vn -1.0000 0.0016 0.0038
vn -1.0000 0.0015 0.0053
vn -1.0000 0.0035 -0.0002
vn -1.0000 0.0035 0.0001
vn -0.9999 0.0023 0.0130
vn -0.9999 0.0025 0.0123
vn 0.0035 1.0000 0.0016
vn 0.0000 -1.0000 0.0000
vn -0.0033 -1.0000 -0.0015
vn -0.0042 -1.0000 -0.0031
vn -0.2752 -0.9510 -0.1408
vn 0.0685 -0.9897 -0.1255
vn 0.2352 -0.9719 0.0056
vn -0.2442 -0.9697 -0.0030
vn -0.3032 -0.9481 -0.0956
vn -0.8487 -0.0033 -0.5289
vn -0.7752 -0.0019 -0.6317
vn -0.8492 -0.0033 -0.5280
vn -0.9775 -0.0021 -0.2109
vn -0.9763 -0.0021 -0.2162
vn -0.2759 0.9507 -0.1415
vn 0.2376 0.9714 0.0058
vn 0.0686 0.9897 -0.1257
vn 0.0090 -1.0000 0.0007
vn 0.0077 -1.0000 -0.0004
vn -0.1461 -0.9661 -0.2130
vn -0.1378 -0.9544 -0.2648
vn -0.2349 -0.9720 -0.0011
vn -0.2558 -0.9579 -0.1303
vn -0.5477 -0.0000 -0.8367
vn -0.4692 -0.0000 -0.8831
vn -0.6216 -0.0000 -0.7833
vn 0.1119 0.9766 -0.1835
vn -0.1555 0.9639 -0.2161
vn -0.0082 1.0000 0.0003
vn 0.2506 0.9681 0.0041
vn 0.0002 -1.0000 -0.0002
vn -0.0532 -0.9650 -0.2566
vn 0.1828 -0.9667 -0.1788
vn 0.2381 -0.9712 0.0000
vn -0.2713 -0.9625 -0.0061
vn -0.2316 -0.9594 -0.1608
vn -0.1832 -0.0000 -0.9831
vn -0.0273 0.0000 -0.9996
vn -0.3346 -0.0000 -0.9423
vn 0.1868 0.9644 -0.1870
vn -0.0537 0.9632 -0.2632
vn -0.0002 1.0000 0.0003
vn 0.2489 0.9685 0.0031
vn -0.3041 0.9477 -0.0967
vn -0.2447 0.9696 -0.0032
vn 0.9999 0.0008 0.0109
vn 1.0000 -0.0026 -0.0072
vn 0.9999 0.0008 0.0107
vn -0.9998 -0.0035 -0.0172
vn -0.2620 0.9561 -0.1312
vn -0.2425 0.9702 -0.0007
vn 1.0000 -0.0034 -0.0014
vn 1.0000 -0.0022 0.0034
vn 0.9999 -0.0066 -0.0143
vn -1.0000 0.0031 -0.0010
vn -0.9999 0.0040 0.0164
vn -1.0000 0.0031 -0.0011
vn -0.2808 0.9598 -0.0032
vn -0.2370 0.9566 -0.1693
vn 1.0000 0.0012 0.0041
vn 1.0000 -0.0002 -0.0001
vn 1.0000 0.0013 0.0042
vn -0.9999 0.0036 0.0120
vn -1.0000 0.0004 -0.0074
vn -1.0000 0.0002 -0.0082
vn 0.4495 -0.8933 -0.0026
vn 0.4500 -0.8930 -0.0004
vn 0.2384 0.9413 0.2392
vn 0.4740 0.8803 0.0186
vn 0.2258 0.9742 -0.0040
vn 0.1764 0.9674 0.1816
vn -0.3589 0.8962 -0.2608
vn -0.4940 0.8664 -0.0734
vn -0.5108 0.8597 -0.0052
vn -0.5088 0.8609 -0.0013
vn -0.2020 0.9614 0.1868
vn -0.2695 0.9630 -0.0064
vn -0.2668 -0.9637 -0.0061
vn -0.1984 -0.9621 0.1873
vn -0.5017 -0.8650 -0.0011
vn -0.5046 -0.8633 -0.0049
vn -0.3585 -0.8965 -0.2602
vn -0.3178 -0.9112 -0.2620
vn 0.2307 0.9730 0.0012
vn 0.1824 0.9660 0.1830
vn 0.2412 0.9380 0.2488
vn 0.4565 0.8897 -0.0025
vn -0.2446 0.8843 -0.3978
vn -0.4041 0.8955 -0.1866
vn -0.4716 0.8818 0.0046
vn -0.2546 0.9344 0.2491
vn -0.1757 0.9649 0.1954
vn -0.2595 0.9657 -0.0081
vn -0.2564 -0.9666 -0.0077
vn -0.1736 -0.9653 0.1953
vn -0.2525 -0.9353 0.2478
vn -0.4668 -0.8844 0.0044
vn -0.2446 -0.8843 -0.3978
vn -0.2130 -0.8910 -0.4009
vn 0.2417 -0.9386 -0.2463
vn 0.4698 -0.8828 0.0032
vn 0.2416 0.9704 0.0011
vn 0.1897 0.9644 0.1841
vn 0.2517 0.9350 0.2499
vn 0.4752 0.8799 -0.0023
vn -0.0792 0.8834 -0.4619
vn -0.3403 0.9104 -0.2354
vn -0.2428 0.9367 0.2523
vn -0.1779 0.9657 0.1890
vn -0.2390 0.9710 -0.0011
vn -0.4579 0.8890 0.0024
vn -0.2419 -0.9370 0.2521
vn -0.4562 -0.8899 0.0023
vn -0.2378 -0.9713 -0.0010
vn -0.1773 -0.9659 0.1888
vn -0.0792 -0.8834 -0.4619
vn -0.3175 0.9112 -0.2625
vn 0.1914 -0.9646 0.1813
vn -0.4941 -0.8662 -0.0743
vn -0.2130 0.8910 -0.4009
vn -0.4031 -0.8959 -0.1866
vn 0.2427 0.9365 -0.2531
vn 0.2528 -0.9346 0.2500
vn 0.1903 -0.9643 0.1843
vn -0.3396 -0.9123 -0.2288
vn -0.5145 -0.8575 -0.0021
vn -0.2964 -0.9550 -0.0058
vn -0.5594 -0.8289 -0.0066
vn -0.2661 -0.9640 0.0015
vn -0.5010 -0.8655 -0.0000
vn -0.5211 0.8535 -0.0050
vn -0.5681 0.8230 -0.0009
vn -0.3035 0.9528 0.0011
vn -0.2677 0.9635 0.0016
vn -0.5039 0.8638 0.0000
vn 0.4776 0.8786 -0.0008
vn 0.2419 0.9703 0.0037
vn 0.4710 0.8821 0.0045
vn 0.4676 0.8839 0.0022
vn 0.2423 0.9702 0.0006
vn 0.2428 -0.9701 0.0011
vn 0.4770 -0.8789 -0.0022
vn 0.4694 -0.8830 0.0021
vn 0.2432 -0.9700 0.0006
vn 0.2358 -0.9718 -0.0038
vn 0.4626 -0.8866 -0.0030
vn -1.0000 -0.0061 0.0004
vn -0.9999 -0.0058 0.0163
vn -1.0000 -0.0071 -0.0014
vn -1.0000 -0.0055 -0.0074
vn 0.9999 0.0047 -0.0151
vn 1.0000 0.0047 -0.0000
vn 1.0000 0.0047 0.0000
vn 1.0000 0.0038 0.0037
vn 1.0000 0.0028 0.0002
vn 1.0000 0.0028 0.0003
vn 0.0004 1.0000 0.0047
vn -0.0004 -1.0000 -0.0045
vn -0.4846 -0.8747 -0.0111
vn -0.2563 -0.9666 -0.0028
vn -0.4807 -0.8769 0.0053
vn -0.2462 -0.9692 0.0034
vn -0.5011 -0.8654 -0.0056
vn -0.4871 0.8733 -0.0116
vn -0.4842 0.8750 0.0055
vn -0.2586 0.9660 -0.0029
vn -0.2478 0.9688 0.0036
vn -0.5047 0.8632 -0.0058
vn 0.4506 0.8927 -0.0004
vn 0.4493 0.8934 -0.0027
vn 0.2238 0.9746 -0.0039
vn 0.4554 0.8903 0.0092
vn 0.2479 0.9687 0.0083
vn 0.4542 0.8909 0.0013
vn 0.4806 -0.8767 -0.0196
vn 0.2424 -0.9702 0.0033
vn 0.4833 -0.8754 0.0024
vn 0.2496 -0.9683 0.0081
vn 0.4569 -0.8895 0.0014
vn 0.4512 -0.8924 0.0076
vn 0.2247 -0.9744 -0.0031
vn -0.9998 -0.0100 -0.0165
vn -0.9999 -0.0143 -0.0044
vn -1.0000 -0.0068 0.0028
vn -1.0000 -0.0078 0.0005
vn -1.0000 -0.0078 0.0002
vn 0.9996 0.0036 0.0272
vn 0.9991 -0.0144 -0.0399
vn 1.0000 -0.0059 -0.0080
vn 0.9998 0.0097 0.0174
vn 1.0000 0.0058 0.0018
vn 1.0000 0.0057 0.0027
vn -0.4681 -0.8837 0.0010
vn -0.2386 -0.9711 -0.0046
vn -0.4650 -0.8853 -0.0084
vn -0.2421 -0.9703 -0.0004
vn -0.4647 -0.8855 0.0021
vn -0.4833 -0.8753 -0.0155
vn -0.2389 -0.9710 -0.0021
vn -0.4701 0.8826 0.0009
vn -0.4674 0.8840 -0.0087
vn -0.2418 0.9703 -0.0042
vn -0.4669 0.8843 0.0022
vn -0.2435 0.9699 -0.0003
vn -0.4872 0.8731 -0.0160
vn -0.2403 0.9707 -0.0021
vn 0.4746 0.8802 -0.0067
vn 0.4683 0.8835 -0.0130
vn 0.2451 0.9695 0.0056
vn 0.4891 0.8721 0.0119
vn 0.2419 0.9703 -0.0005
vn 0.4726 0.8813 0.0010
vn 0.2400 0.9708 0.0010
vn 0.4609 0.8874 0.0026
vn -0.9991 -0.0141 0.0403
vn -0.9999 -0.0120 -0.0097
vn -0.9998 -0.0079 -0.0191
vn -1.0000 -0.0067 0.0018
vn -1.0000 -0.0067 0.0016
vn -0.9998 -0.0026 -0.0184
vn -0.9998 -0.0025 -0.0184
vn 0.9998 0.0071 -0.0180
vn 1.0000 0.0030 0.0024
vn 1.0000 0.0039 -0.0022
vn 1.0000 0.0016 0.0038
vn 1.0000 0.0015 0.0053
vn 1.0000 0.0035 -0.0002
vn 1.0000 0.0035 0.0001
vn 0.9999 0.0025 0.0123
vn 0.9999 0.0023 0.0130
vn -0.0035 1.0000 0.0016
vn 0.0033 -1.0000 -0.0015
vn 0.0042 -1.0000 -0.0031
vn 0.4274 0.9040 -0.0000
vn 0.6396 0.6188 -0.4562
vn -0.0000 -0.5643 -0.8256
vn -0.3744 -0.5233 -0.7655
vn -0.3541 -0.2862 -0.8903
vn -0.0001 -0.3055 -0.9522
vn 0.3540 -0.2862 -0.8904
vn 0.3744 -0.5233 -0.7655
vn 0.6661 -0.2294 -0.7097
vn 0.6906 -0.4084 -0.5969
vn 0.8970 -0.1370 -0.4203
vn 0.9097 -0.2350 -0.3425
vn 0.9988 -0.0146 -0.0461
vn 0.9993 -0.0202 -0.0304
vn 0.9319 0.1183 0.3430
vn 0.9352 0.2053 0.2887
vn 0.7110 0.2349 0.6627
vn 0.7250 0.4045 0.5574
vn 0.3849 0.3162 0.8671
vn 0.3990 0.5455 0.7370
vn 0.0001 0.3463 0.9381
vn 0.0001 0.5981 0.8014
vn -0.3989 0.5455 0.7371
vn -0.3848 0.3162 0.8671
vn -0.7110 0.2349 0.6628
vn -0.7249 0.4045 0.5575
vn -0.9318 0.1182 0.3432
vn -0.9351 0.2053 0.2888
vn -0.9988 -0.0146 -0.0459
vn -0.9993 -0.0202 -0.0302
vn -0.8970 -0.1371 -0.4201
vn -0.9097 -0.2350 -0.3424
vn -0.6662 -0.2294 -0.7096
vn -0.6907 -0.4084 -0.5968
vn -0.3777 -0.8038 -0.4596
vn -0.0000 -0.8680 -0.4966
vn 0.3777 -0.8038 -0.4596
vn 0.6959 -0.6237 -0.3559
vn 0.9147 -0.3514 -0.1998
vn 0.9998 -0.0171 -0.0102
vn 0.9285 0.3247 0.1801
vn 0.7141 0.6137 0.3368
vn 0.3904 0.8089 0.4396
vn 0.0000 0.8794 0.4761
vn -0.3903 0.8089 0.4397
vn -0.7140 0.6137 0.3369
vn -0.9285 0.3247 0.1802
vn -0.9998 -0.0171 -0.0101
vn -0.9147 -0.3514 -0.1997
vn -0.6960 -0.6237 -0.3559
vn -0.3814 -0.8936 -0.2368
vn -0.0000 -0.9666 -0.2563
vn 0.3813 -0.8936 -0.2369
vn 0.7008 -0.6896 -0.1826
vn 0.9180 -0.3834 -0.1014
vn 0.9999 -0.0117 -0.0032
vn 0.9265 0.3640 0.0953
vn 0.7124 0.6790 0.1772
vn 0.3897 0.8912 0.2320
vn 0.0000 0.9678 0.2517
vn -0.3897 0.8912 0.2320
vn -0.7124 0.6791 0.1773
vn -0.9265 0.3640 0.0954
vn -0.9999 -0.0117 -0.0031
vn -0.9180 -0.3834 -0.1013
vn -0.7008 -0.6896 -0.1825
vn -0.0000 -0.9963 -0.0855
vn -0.3825 -0.9206 -0.0790
vn 0.3825 -0.9206 -0.0790
vn 0.7024 -0.7092 -0.0609
vn 0.9191 -0.3927 -0.0337
vn 1.0000 -0.0095 -0.0009
vn 0.9258 0.3767 0.0321
vn 0.7116 0.7001 0.0596
vn 0.3892 0.9178 0.0781
vn 0.0000 0.9964 0.0848
vn -0.3892 0.9178 0.0782
vn -0.7115 0.7001 0.0597
vn -0.9258 0.3767 0.0322
vn -1.0000 -0.0095 -0.0008
vn -0.9191 -0.3927 -0.0336
vn -0.7024 -0.7092 -0.0608
vn -0.0000 -0.9977 0.0683
vn -0.3824 -0.9218 0.0631
vn 0.3824 -0.9218 0.0631
vn 0.7022 -0.7103 0.0485
vn 0.9190 -0.3934 0.0268
vn 1.0000 -0.0098 0.0006
vn 0.9258 0.3770 -0.0256
vn 0.7117 0.7009 -0.0474
vn 0.3893 0.9190 -0.0620
vn 0.0000 0.9977 -0.0673
vn -0.3893 0.9190 -0.0620
vn -0.7116 0.7009 -0.0474
vn -0.9258 0.3770 -0.0255
vn -1.0000 -0.0097 0.0007
vn -0.9190 -0.3934 0.0269
vn -0.7022 -0.7103 0.0486
vn 0.0000 -0.9689 0.2475
vn -0.3811 -0.8958 0.2288
vn 0.3811 -0.8958 0.2287
vn 0.7004 -0.6916 0.1764
vn 0.9177 -0.3850 0.0979
vn 0.9999 -0.0125 0.0032
vn 0.9268 0.3643 -0.0918
vn 0.7127 0.6804 -0.1707
vn 0.3900 0.8933 -0.2235
vn -0.0000 0.9702 -0.2424
vn -0.3900 0.8933 -0.2234
vn -0.7127 0.6804 -0.1707
vn -0.9268 0.3643 -0.0917
vn -0.9999 -0.0125 0.0033
vn -0.9177 -0.3850 0.0980
vn -0.7004 -0.6916 0.1764
vn 0.0000 -0.8655 0.5009
vn -0.3777 -0.8015 0.4636
vn 0.3777 -0.8015 0.4636
vn 0.6958 -0.6220 0.3591
vn 0.9144 -0.3508 0.2019
vn 0.9998 -0.0181 0.0107
vn 0.9291 0.3222 -0.1816
vn 0.7152 0.6102 -0.3407
vn 0.3914 0.8051 -0.4457
vn -0.0000 0.8756 -0.4831
vn -0.3914 0.8051 -0.4457
vn -0.7152 0.6103 -0.3406
vn -0.9291 0.3222 -0.1815
vn -0.9998 -0.0181 0.0108
vn -0.9144 -0.3508 0.2020
vn -0.6958 -0.6220 0.3592
vn -0.3751 -0.5211 0.7666
vn 0.0001 -0.5622 0.8270
vn 0.3752 -0.5212 0.7666
vn 0.6916 -0.4063 0.5971
vn 0.9103 -0.2332 0.3419
vn 0.9994 -0.0197 0.0293
vn 0.9351 0.2028 -0.2906
vn 0.7257 0.3971 -0.5619
vn 0.4001 0.5331 -0.7455
vn -0.0001 0.5835 -0.8121
vn -0.4002 0.5331 -0.7454
vn -0.7258 0.3971 -0.5617
vn -0.9351 0.2028 -0.2905
vn -0.9994 -0.0196 0.0295
vn -0.9103 -0.2331 0.3421
vn -0.6916 -0.4063 0.5972
vn -0.3578 -0.2925 0.8868
vn 0.0001 -0.3130 0.9498
vn 0.3579 -0.2926 0.8867
vn 0.6712 -0.2329 0.7037
vn 0.9003 -0.1374 0.4131
vn 0.9991 -0.0134 0.0405
vn 0.9310 0.1179 -0.3456
vn 0.7111 0.2295 -0.6646
vn 0.3855 0.3044 -0.8710
vn -0.0001 0.3314 -0.9435
vn -0.3857 0.3045 -0.8709
vn -0.7112 0.2296 -0.6644
vn -0.9310 0.1180 -0.3454
vn -0.9991 -0.0132 0.0408
vn -0.9002 -0.1373 0.4133
vn -0.6711 -0.2328 0.7039
vn 0.0000 -0.9837 0.1800
vn 0.0000 -0.9837 -0.1800
vn 0.7071 -0.7071 -0.0000
vn -0.7071 -0.7071 -0.0000
vn 0.0000 -0.9456 0.3255
vn 0.0000 -0.9456 -0.3255
vn 0.0000 -0.0000 1.0000
vn -0.8531 -0.3811 0.3564
vn -0.7774 -0.3490 0.5232
vn -0.8208 -0.1893 0.5389
vn -0.9054 -0.2100 0.3690
vn -0.6706 -0.3100 -0.6739
vn -0.7038 -0.1684 -0.6902
vn -0.5599 -0.1354 -0.8174
vn -0.5372 -0.2532 -0.8045
vn -0.7049 -0.1613 0.6907
vn -0.6720 -0.3038 0.6753
vn -0.8196 -0.1947 -0.5388
vn -0.7760 -0.3537 -0.5222
vn -0.5383 -0.2454 0.8062
vn -0.5609 -0.1269 0.8181
vn -0.8519 -0.3842 -0.3558
vn -0.9044 -0.2136 -0.3693
vn -0.3796 -0.1745 0.9085
vn -0.3934 -0.0873 0.9152
vn -0.8978 -0.4020 -0.1801
vn -0.9561 -0.2248 -0.1878
vn -0.2012 -0.0931 0.9751
vn -0.2087 -0.0437 0.9770
vn -0.9133 -0.4073 0.0001
vn -0.9737 -0.2279 -0.0003
vn -0.2084 -0.0540 -0.9765
vn -0.0001 -0.1834 -0.9830
vn -0.2010 -0.1031 -0.9742
vn -0.0002 -0.1735 0.9848
vn -0.8984 -0.4004 0.1804
vn -0.9567 -0.2229 0.1873
vn -0.3789 -0.1836 -0.9070
vn -0.3928 -0.0968 -0.9145
vn -0.3414 -0.3281 0.8808
vn -0.1830 -0.1792 0.9666
vn -0.7215 -0.6750 -0.1545
vn -0.7309 -0.6824 0.0001
vn -0.1826 -0.1888 -0.9649
vn -0.7222 -0.6741 0.1547
vn -0.3403 -0.3362 -0.8782
vn -0.6946 -0.6492 0.3098
vn -0.4704 -0.4549 -0.7561
vn -0.6459 -0.6057 0.4646
vn -0.5710 -0.5447 -0.6142
vn -0.5729 -0.5402 0.6164
vn -0.6441 -0.6088 -0.4632
vn -0.4721 -0.4487 0.7588
vn -0.6932 -0.6511 -0.3091
vn -0.3878 -0.6017 -0.6983
vn -0.4562 -0.7009 -0.5482
vn -0.5031 -0.7642 0.4036
vn -0.4580 -0.6980 0.5505
vn -0.5015 -0.7660 -0.4022
vn -0.3894 -0.5971 0.7013
vn -0.5298 -0.8062 -0.2632
vn -0.2905 -0.4502 0.8444
vn -0.5454 -0.8280 -0.1300
vn -0.1586 -0.2511 0.9549
vn -0.5505 -0.8348 0.0000
vn -0.1581 -0.2603 -0.9525
vn -0.5460 -0.8276 0.1302
vn -0.2894 -0.4571 -0.8410
vn -0.5310 -0.8052 0.2638
vn -0.3989 -0.9102 -0.1118
vn -0.4017 -0.9158 0.0000
vn -0.1297 -0.3176 -0.9393
vn -0.1303 -0.3088 0.9422
vn -0.3993 -0.9099 0.1120
vn -0.2330 -0.5478 -0.8035
vn -0.3912 -0.8914 0.2286
vn -0.3031 -0.7019 -0.6446
vn -0.3756 -0.8563 0.3545
vn -0.3474 -0.7985 -0.4917
vn -0.3488 -0.7966 0.4938
vn -0.3744 -0.8573 -0.3533
vn -0.3045 -0.6984 0.6476
vn -0.3904 -0.8920 -0.2281
vn -0.2340 -0.5419 0.8072
vn -0.2504 -0.8566 0.4512
vn -0.2661 -0.9095 0.3194
vn -0.2653 -0.9101 -0.3184
vn -0.2494 -0.8578 -0.4493
vn -0.2230 -0.7649 0.6043
vn -0.2743 -0.9398 -0.2038
vn -0.1755 -0.6073 0.7748
vn -0.2790 -0.9551 -0.0995
vn -0.0993 -0.3528 0.9304
vn -0.2806 -0.9598 0.0000
vn -0.0989 -0.3610 -0.9273
vn -0.2793 -0.9550 0.0996
vn -0.1747 -0.6123 -0.7710
vn -0.2749 -0.9395 0.2043
vn -0.2219 -0.7675 -0.6014
vn -0.0667 -0.3913 -0.9178
vn -0.0669 -0.3834 0.9212
vn -0.1774 -0.9799 0.0918
vn -0.1780 -0.9840 0.0000
vn -0.1162 -0.6552 -0.7465
vn -0.1750 -0.9663 0.1886
vn -0.1451 -0.8083 -0.5707
vn -0.1703 -0.9397 0.2965
vn -0.1610 -0.8929 -0.4206
vn -0.1616 -0.8919 0.4223
vn -0.1698 -0.9401 -0.2956
vn -0.1458 -0.8061 0.5735
vn -0.1747 -0.9665 -0.1883
vn -0.1168 -0.6507 0.7503
vn -0.1772 -0.9799 -0.0916
vn -0.0829 -0.9556 -0.2828
vn -0.0789 -0.9113 -0.4041
vn -0.0720 -0.8286 0.5552
vn -0.0792 -0.9105 0.4057
vn -0.0850 -0.9801 -0.1796
vn -0.0583 -0.6755 0.7351
vn -0.0861 -0.9924 -0.0873
vn -0.0337 -0.4013 0.9153
vn -0.0865 -0.9963 0.0000
vn -0.0335 -0.4091 -0.9119
vn -0.0862 -0.9924 0.0874
vn -0.0580 -0.6796 -0.7312
vn -0.0852 -0.9800 0.1800
vn -0.0717 -0.8304 -0.5525
vn -0.0831 -0.9553 0.2836
vn 0.0000 -0.9963 0.0861
vn -0.0000 -0.4148 -0.9099
vn 0.0000 -0.6875 -0.7262
vn 0.0000 -0.9842 0.1773
vn 0.0000 -0.8374 -0.5466
vn 0.0000 -0.9601 0.2795
vn 0.0000 -0.9170 -0.3989
vn 0.0000 -0.9163 0.4004
vn 0.0000 -0.9604 -0.2787
vn 0.0000 -0.8357 0.5492
vn 0.0000 -0.9842 -0.1769
vn -0.0000 -0.6834 0.7300
vn 0.0000 -0.9963 -0.0860
vn -0.0001 -0.4071 0.9134
vn 0.0793 -0.9104 0.4061
vn 0.0721 -0.8283 0.5556
vn 0.0830 -0.9555 -0.2830
vn 0.0851 -0.9800 -0.1798
vn 0.0583 -0.6751 0.7354
vn 0.0863 -0.9924 -0.0874
vn 0.0336 -0.4010 0.9155
vn 0.0866 -0.9962 0.0000
vn 0.0334 -0.4088 -0.9120
vn 0.0863 -0.9924 0.0875
vn 0.0581 -0.6793 -0.7316
vn 0.0853 -0.9799 0.1802
vn 0.0717 -0.8302 -0.5529
vn 0.0832 -0.9553 0.2838
vn 0.0790 -0.9111 -0.4045
vn 0.1754 -0.9662 0.1890
vn 0.1778 -0.9798 0.0919
vn 0.1163 -0.6545 -0.7471
vn 0.1453 -0.8077 -0.5714
vn 0.1706 -0.9395 0.2970
vn 0.1613 -0.8925 -0.4213
vn 0.1619 -0.8916 0.4230
vn 0.1701 -0.9399 -0.2961
vn 0.1460 -0.8056 0.5742
vn 0.1751 -0.9663 -0.1886
vn 0.1169 -0.6500 0.7509
vn 0.1776 -0.9798 -0.0918
vn 0.0670 -0.3828 0.9214
vn 0.1784 -0.9840 0.0000
vn 0.0667 -0.3907 -0.9181
vn 0.2234 -0.7638 0.6055
vn 0.1758 -0.6061 0.7757
vn 0.2799 -0.9548 -0.0998
vn 0.2751 -0.9394 -0.2044
vn 0.0993 -0.3519 0.9308
vn 0.2814 -0.9596 0.0000
vn 0.0991 -0.3601 -0.9276
vn 0.2802 -0.9547 0.0999
vn 0.1749 -0.6112 -0.7719
vn 0.2757 -0.9392 0.2049
vn 0.2224 -0.7665 -0.6025
vn 0.2668 -0.9090 0.3203
vn 0.2500 -0.8571 -0.4504
vn 0.2510 -0.8558 0.4523
vn 0.2660 -0.9096 -0.3193
vn 0.2333 -0.5460 -0.8046
vn 0.3038 -0.7002 -0.6461
vn 0.3928 -0.8905 0.2295
vn 0.3770 -0.8552 0.3558
vn 0.3485 -0.7970 -0.4933
vn 0.3499 -0.7951 0.4953
vn 0.3758 -0.8562 -0.3546
vn 0.3053 -0.6967 0.6491
vn 0.3920 -0.8910 -0.2290
vn 0.2344 -0.5401 0.8083
vn 0.4006 -0.9094 -0.1123
vn 0.1304 -0.3076 0.9425
vn 0.4034 -0.9150 0.0000
vn 0.1299 -0.3164 -0.9397
vn 0.4010 -0.9092 0.1125
vn 0.5482 -0.8261 -0.1307
vn 0.5324 -0.8041 -0.2644
vn 0.1588 -0.2495 0.9553
vn 0.2910 -0.4477 0.8455
vn 0.5534 -0.8329 0.0000
vn 0.1583 -0.2587 -0.9529
vn 0.5488 -0.8256 0.1309
vn 0.2899 -0.4546 -0.8422
vn 0.5336 -0.8031 0.2651
vn 0.3888 -0.5990 -0.7000
vn 0.5053 -0.7618 0.4053
vn 0.4579 -0.6983 -0.5501
vn 0.4597 -0.6954 0.5524
vn 0.5037 -0.7636 -0.4039
vn 0.3905 -0.5943 0.7031
vn 0.6488 -0.6011 0.4666
vn 0.6981 -0.6447 0.3113
vn 0.5730 -0.5402 -0.6163
vn 0.4717 -0.4508 -0.7578
vn 0.5750 -0.5357 0.6184
vn 0.6469 -0.6042 -0.4652
vn 0.4733 -0.4445 0.7605
vn 0.6967 -0.6466 -0.3106
vn 0.3419 -0.3248 0.8818
vn 0.7254 -0.6705 -0.1553
vn 0.1832 -0.1772 0.9670
vn 0.7350 -0.6780 0.0001
vn 0.1828 -0.1868 -0.9652
vn 0.7262 -0.6696 0.1556
vn 0.3409 -0.3328 -0.8792
vn 0.2014 -0.0907 0.9753
vn 0.3800 -0.1703 0.9092
vn 0.9170 -0.3990 0.0001
vn 0.9013 -0.3937 -0.1808
vn 0.2011 -0.1008 -0.9744
vn 0.9019 -0.3921 0.1811
vn 0.3794 -0.1794 -0.9077
vn 0.8561 -0.3731 0.3576
vn 0.5382 -0.2475 -0.8057
vn 0.7798 -0.3415 0.5247
vn 0.6722 -0.3033 -0.6753
vn 0.6736 -0.2971 0.6768
vn 0.7784 -0.3461 -0.5237
vn 0.5392 -0.2398 0.8073
vn 0.8550 -0.3762 -0.3570
vn 0.7044 -0.1605 -0.6914
vn 0.5600 -0.1290 -0.8184
vn 0.7055 -0.1534 0.6919
vn 0.8220 -0.1801 0.5402
vn 0.8209 -0.1856 -0.5401
vn 0.5609 -0.1206 0.8191
vn 0.9063 -0.2037 -0.3703
vn 0.3930 -0.0827 0.9158
vn 0.9584 -0.2144 -0.1884
vn 0.2081 -0.0412 0.9772
vn 0.9761 -0.2174 -0.0003
vn 0.2078 -0.0515 -0.9768
vn 0.9589 -0.2125 0.1878
vn 0.3924 -0.0923 -0.9152
vn 0.9072 -0.2000 0.3701
vn -0.6706 -0.3101 -0.6739
vn -0.7049 -0.1614 0.6907
vn -0.6720 -0.3039 0.6753
vn -0.5383 -0.2455 0.8062
vn -0.5609 -0.1270 0.8181
vn -0.3796 -0.1746 0.9085
vn -0.2085 -0.0540 -0.9765
vn -0.2010 -0.1031 -0.9741
vn -0.3928 -0.0969 -0.9145
vn -0.1827 -0.1888 -0.9649
vn -0.3894 -0.5970 0.7013
vn -0.2905 -0.4502 0.8443
vn -0.5454 -0.8281 -0.1300
vn -0.5310 -0.8053 0.2638
vn -0.3045 -0.6985 0.6476
vn -0.3904 -0.8919 -0.2281
vn -0.2494 -0.8579 -0.4493
vn -0.1756 -0.6073 0.7748
vn -0.0990 -0.3610 -0.9273
vn -0.0000 -0.4149 -0.9099
vn 0.0000 -0.9163 0.4005
vn 0.0580 -0.6793 -0.7316
vn 0.2234 -0.7639 0.6055
vn 0.6981 -0.6447 0.3114
vn 0.7351 -0.6780 0.0001
vn 0.2014 -0.0908 0.9753
vn 0.9170 -0.3989 0.0001
vn 0.2012 -0.1008 -0.9744
vn 0.5392 -0.2397 0.8073
vn 0.8550 -0.3761 -0.3570
vn 0.7044 -0.1604 -0.6914
vn 0.8220 -0.1802 0.5402
vn 0.5609 -0.1205 0.8191
vn 0.2080 -0.0412 0.9773
vn 0.9761 -0.2173 -0.0003
vn 0.2078 -0.0514 -0.9768
vn 0.3924 -0.0922 -0.9152
vn -0.7774 -0.3491 0.5232
vn -0.9044 -0.2137 -0.3693
vn -0.9567 -0.2230 0.1873
vn -0.3414 -0.3282 0.8808
vn -0.4704 -0.4550 -0.7561
vn -0.3878 -0.6017 -0.6982
vn -0.1298 -0.3176 -0.9393
vn -0.1747 -0.6124 -0.7710
vn -0.0670 -0.3834 0.9212
vn -0.1747 -0.9665 -0.1882
vn -0.0336 -0.4013 0.9153
vn -0.0580 -0.6796 -0.7313
vn 0.0669 -0.3828 0.9214
vn 0.0994 -0.3519 0.9308
vn 0.2660 -0.9095 -0.3193
vn 0.3053 -0.6967 0.6492
vn 0.1305 -0.3076 0.9425
vn 0.6470 -0.6042 -0.4652
vn 0.4733 -0.4446 0.7605
vn 0.3793 -0.1794 -0.9077
vn 0.6723 -0.3033 -0.6753
vn 0.6736 -0.2970 0.6768
vn 0.9063 -0.2038 -0.3703
vn 0.9072 -0.2001 0.3701
vn -0.7038 -0.1683 -0.6902
vn -0.5600 -0.1354 -0.8174
vn -0.1304 -0.3088 0.9421
vn -0.0992 -0.3528 0.9304
vn -0.2749 -0.9395 0.2042
vn -0.1458 -0.8062 0.5735
vn 0.7262 -0.6697 0.1556
vn 0.9013 -0.3936 -0.1808
vn 0.9019 -0.3921 0.1810
vn 0.7784 -0.3462 -0.5237
vn -0.8978 -0.4019 -0.1801
vn -0.1827 -0.1887 -0.9649
vn -0.3895 -0.5970 0.7013
vn 0.0994 -0.3519 0.9307
vn 0.4010 -0.9092 0.1124
vn -0.6946 -0.6493 0.3098
vn 0.3419 -0.3247 0.8818
vn -0.1869 -0.0000 -0.9824
vn 0.1150 -0.3088 -0.9441
vn -0.1804 -0.3102 -0.9334
vn -0.1668 -0.5964 -0.7852
vn -0.1201 -0.6005 -0.7906
vn -0.1483 -0.3228 -0.9348
vn 0.7520 -0.2871 0.5933
vn 0.7568 -0.2660 0.5971
vn -0.1804 -0.3102 0.9334
vn -0.1483 -0.3228 0.9348
vn -0.1201 -0.6005 0.7906
vn -0.1668 -0.5964 0.7852
vn 0.4453 -0.2898 -0.8472
vn 0.4453 -0.2898 0.8472
vn 0.1150 -0.3088 0.9441
vn 0.1116 -0.6011 0.7914
vn 0.4222 -0.5579 0.7145
vn 0.1116 -0.6011 -0.7913
vn 0.0000 -0.6049 -0.7963
vn 0.0000 -0.1925 -0.9813
vn 0.0000 -0.2871 -0.9579
vn -0.8270 -0.3450 0.4438
vn -0.7083 -0.6608 0.2484
vn -0.6890 -0.6429 0.3346
vn 0.6252 -0.6049 0.4932
vn -0.8270 -0.3451 -0.4438
vn -0.7083 -0.6608 -0.2484
vn -0.6890 -0.6429 -0.3346
vn 0.6668 -0.6451 0.3732
vn 0.6969 -0.6742 0.2445
vn 0.8394 -0.3407 0.4235
vn 0.0000 -0.6049 0.7963
vn 0.0000 -0.2871 0.9579
vn 0.0000 -0.1924 0.9813
vn 0.6668 -0.6451 -0.3732
vn 0.8394 -0.3407 -0.4235
vn 0.6969 -0.6742 -0.2445
vn -0.7633 -0.3478 0.5444
vn 0.2509 -0.3098 -0.9171
vn 0.1649 -0.2392 -0.9569
vn 0.5351 -0.5282 0.6593
vn 0.5973 -0.1933 0.7784
vn 0.7472 -0.3970 -0.5329
vn 0.6396 -0.6188 -0.4561
vn 0.6252 -0.6049 -0.4932
vn 0.7520 -0.2871 -0.5933
vn 0.7568 -0.2660 -0.5971
vn 0.4222 -0.5579 -0.7145
vn -0.7715 -0.1855 -0.6086
vn -0.7359 -0.3485 -0.5806
vn -0.6334 -0.5909 -0.4997
vn -0.7359 -0.3485 0.5806
vn -0.7715 -0.1855 0.6086
vn -0.6334 -0.5909 0.4997
vn 0.1815 -0.3292 0.9266
vn 0.2509 -0.3097 0.9171
vn 0.2240 -0.5949 0.7720
vn 0.1390 -0.6045 0.7844
vn 0.6396 -0.6188 0.4562
vn 0.7472 -0.3970 0.5329
vn -0.0160 -0.9999 -0.0000
vn -0.0148 -0.9999 -0.0000
vn -0.6483 -0.6049 0.4624
vn -0.6483 -0.6049 -0.4624
vn -0.7633 -0.3478 -0.5444
vn -0.0000 -0.3877 0.9218
vn -0.0000 -0.6049 0.7963
vn 0.1649 -0.2392 0.9569
vn 0.1325 -0.6050 0.7851
vn 0.0000 -0.3877 -0.9218
vn 0.2240 -0.5949 -0.7720
vn 0.1325 -0.6050 -0.7851
vn -0.9436 0.0000 -0.3310
vn 0.4274 -0.9040 -0.0000
vn 0.6297 -0.7768 -0.0000
vn -0.0000 -0.6104 0.7921
vn -0.0000 -0.3499 0.9368
vn 0.0000 -0.6104 -0.7921
vn 0.1390 -0.6045 -0.7844
vn 0.1815 -0.3292 -0.9266
vn 0.0000 -0.3499 -0.9368
vn 0.0024 -1.0000 -0.0000
vn 0.0097 -1.0000 0.0000
vn 0.1139 -0.9935 0.0000
vn 0.1203 0.0000 0.9927
vn 0.4615 0.0000 0.8871
vn 0.8141 0.0000 -0.5807
vn -0.9719 -0.2353 -0.0000
vn -0.8031 -0.5958 -0.0000
vn -0.7851 -0.0000 -0.6194
vn -0.0024 -1.0000 -0.0000
vn -0.1489 -0.0000 -0.9888
vn 0.5973 -0.1933 -0.7784
vn -0.0070 -1.0000 -0.0000
vn 0.5351 -0.5282 -0.6593
vn 0.4275 -0.9040 -0.0000
vn 0.6396 -0.6188 0.4561
vn 0.1914 -0.1936 -0.9622
vn 0.0000 -0.1936 -0.9811
vn -0.5451 -0.1936 -0.8157
vn -0.3754 -0.1936 -0.9064
vn -0.6937 -0.1936 -0.6937
vn -0.8157 -0.1936 -0.5451
vn -0.9064 -0.1936 -0.3754
vn -0.9622 -0.1936 -0.1914
vn -0.9811 -0.1936 0.0000
vn -0.9622 -0.1936 0.1914
vn -0.9064 -0.1936 0.3754
vn -0.8157 -0.1936 0.5451
vn -0.6937 -0.1936 0.6937
vn -0.5450 -0.1936 0.8157
vn -0.3754 -0.1936 0.9064
vn -0.1914 -0.1936 0.9622
vn 0.0000 -0.1936 0.9811
vn 0.1914 -0.1936 0.9622
vn 0.3754 -0.1936 0.9064
vn 0.5451 -0.1936 0.8157
vn 0.6937 -0.1936 0.6937
vn 0.8157 -0.1936 0.5451
vn 0.9064 -0.1936 0.3754
vn 0.9622 -0.1936 0.1914
vn 0.9811 -0.1936 0.0000
vn 0.9622 -0.1936 -0.1914
vn 0.9064 -0.1936 -0.3754
vn 0.8157 -0.1936 -0.5451
vn 0.6937 -0.1936 -0.6937
vn 0.5451 -0.1936 -0.8157
vn 0.3754 -0.1936 -0.9064
vn -0.1914 -0.1936 -0.9622
vn -0.0000 -0.9786 -0.2059
vn 0.0402 -0.9786 -0.2019
vn 0.0788 -0.9786 -0.1902
vn 0.1144 -0.9786 -0.1712
vn 0.1456 -0.9786 -0.1456
vn 0.1712 -0.9786 -0.1144
vn 0.1902 -0.9786 -0.0788
vn 0.2019 -0.9786 -0.0402
vn 0.2059 -0.9786 0.0000
vn 0.2019 -0.9786 0.0402
vn 0.1902 -0.9786 0.0788
vn 0.1712 -0.9786 0.1144
vn 0.1456 -0.9786 0.1456
vn 0.1144 -0.9786 0.1712
vn 0.0788 -0.9786 0.1902
vn 0.0402 -0.9786 0.2019
vn -0.0000 -0.9786 0.2059
vn -0.0402 -0.9786 0.2019
vn -0.0788 -0.9786 0.1902
vn -0.1144 -0.9786 0.1712
vn -0.1456 -0.9786 0.1456
vn -0.1712 -0.9786 0.1144
vn -0.0402 -0.9786 -0.2019
vn -0.1902 -0.9786 0.0788
vn -0.2019 -0.9786 0.0402
vn -0.2059 -0.9786 0.0000
vn -0.2019 -0.9786 -0.0402
vn -0.1902 -0.9786 -0.0788
vn -0.1712 -0.9786 -0.1144
vn -0.1456 -0.9786 -0.1456
vn -0.1144 -0.9786 -0.1712
vn -0.0788 -0.9786 -0.1902
vn 0.0000 -0.3843 -0.9232
vn -0.1801 -0.3842 -0.9055
vn -0.0744 -0.9245 -0.3738
vn -0.0000 -0.9245 -0.3811
vn -0.3533 -0.3842 -0.8530
vn -0.1458 -0.9245 -0.3521
vn -0.5129 -0.3842 -0.7676
vn -0.2117 -0.9245 -0.3169
vn -0.6528 -0.3842 -0.6528
vn -0.2695 -0.9245 -0.2695
vn -0.7676 -0.3842 -0.5129
vn -0.3169 -0.9245 -0.2117
vn -0.8529 -0.3843 -0.3533
vn -0.3521 -0.9245 -0.1458
vn -0.9055 -0.3843 -0.1801
vn -0.3738 -0.9245 -0.0744
vn -0.9232 -0.3843 0.0000
vn -0.3811 -0.9245 0.0000
vn -0.9055 -0.3843 0.1801
vn -0.3738 -0.9245 0.0744
vn -0.8530 -0.3842 0.3533
vn -0.3521 -0.9245 0.1458
vn -0.7676 -0.3842 0.5129
vn -0.3169 -0.9245 0.2117
vn -0.6528 -0.3842 0.6528
vn -0.2695 -0.9245 0.2695
vn -0.5129 -0.3842 0.7677
vn -0.2117 -0.9245 0.3169
vn -0.3533 -0.3842 0.8530
vn -0.1459 -0.9245 0.3521
vn -0.1801 -0.3842 0.9055
vn -0.0744 -0.9245 0.3738
vn 0.0000 -0.3842 0.9232
vn -0.0000 -0.9245 0.3811
vn 0.1801 -0.3842 0.9055
vn 0.0744 -0.9245 0.3738
vn 0.3533 -0.3842 0.8530
vn 0.1459 -0.9245 0.3521
vn 0.5129 -0.3843 0.7676
vn 0.2117 -0.9245 0.3169
vn 0.6528 -0.3842 0.6528
vn 0.2695 -0.9245 0.2695
vn 0.7676 -0.3842 0.5129
vn 0.3169 -0.9245 0.2117
vn 0.8529 -0.3843 0.3533
vn 0.3521 -0.9245 0.1458
vn 0.9055 -0.3843 0.1801
vn 0.3738 -0.9245 0.0744
vn 0.9232 -0.3843 0.0000
vn 0.3811 -0.9245 -0.0000
vn 0.9055 -0.3843 -0.1801
vn 0.3738 -0.9245 -0.0744
vn 0.8529 -0.3843 -0.3533
vn 0.3521 -0.9245 -0.1458
vn 0.7676 -0.3843 -0.5129
vn 0.3169 -0.9245 -0.2117
vn 0.6528 -0.3843 -0.6528
vn 0.2695 -0.9245 -0.2695
vn 0.5129 -0.3842 -0.7676
vn 0.2117 -0.9245 -0.3169
vn 0.3533 -0.3842 -0.8530
vn 0.1458 -0.9245 -0.3521
vn 0.1801 -0.3842 -0.9055
vn 0.0744 -0.9245 -0.3738
vn 0.9063 -0.1943 0.3754
vn 0.9601 -0.2041 0.1910
vn 0.9601 -0.2041 -0.1910
vn 0.9063 -0.1943 -0.3754
vn -0.1910 -0.2041 0.9601
vn 0.1910 -0.2041 0.9601
vn -0.9601 -0.2041 -0.1910
vn -0.9063 -0.1943 -0.3754
vn 0.1910 -0.2041 -0.9601
vn 0.3754 -0.1943 -0.9063
vn -0.1910 -0.2041 -0.9601
vn -0.3754 -0.1943 0.9063
vn -0.9601 -0.2041 0.1910
vn -0.9063 -0.1943 0.3754
vn -0.3754 -0.1943 -0.9063
vn 0.3754 -0.1943 0.9063
vn 0.1780 -0.4092 0.8949
vn 0.3503 -0.4026 0.8457
vn 0.8949 -0.4092 0.1780
vn 0.8457 -0.4026 0.3503
vn 0.1780 -0.4092 -0.8949
vn 0.3503 -0.4026 -0.8457
vn 0.8457 -0.4026 -0.3503
vn 0.8949 -0.4092 -0.1780
vn -0.3503 -0.4026 0.8457
vn -0.1780 -0.4092 0.8949
vn -0.8949 -0.4092 0.1780
vn -0.8457 -0.4026 0.3503
vn -0.1780 -0.4092 -0.8949
vn -0.3503 -0.4026 -0.8457
vn -0.8457 -0.4026 -0.3503
vn -0.8949 -0.4092 -0.1780
# 2027 vertex normals

vt 0.9653 0.5333 0.0000
vt 0.9639 0.5338 0.0000
vt 0.9624 0.5309 0.0000
vt 0.9635 0.5303 0.0000
vt 0.9602 0.5520 0.0000
vt 0.9611 0.5527 0.0000
vt 0.9582 0.5546 0.0000
vt 0.9577 0.5540 0.0000
vt 0.9603 0.5284 0.0000
vt 0.9611 0.5277 0.0000
vt 0.9634 0.5501 0.0000
vt 0.9623 0.5495 0.0000
vt 0.9578 0.5263 0.0000
vt 0.9583 0.5257 0.0000
vt 0.9652 0.5471 0.0000
vt 0.9639 0.5466 0.0000
vt 0.9550 0.5249 0.0000
vt 0.9553 0.5244 0.0000
vt 0.9663 0.5437 0.0000
vt 0.9648 0.5434 0.0000
vt 0.9521 0.5240 0.0000
vt 0.9522 0.5237 0.0000
vt 0.9652 0.5402 0.0000
vt 0.9666 0.5402 0.0000
vt 0.9521 0.5566 0.0000
vt 0.9491 0.5569 0.0000
vt 0.9520 0.5563 0.0000
vt 0.9492 0.5234 0.0000
vt 0.9649 0.5369 0.0000
vt 0.9663 0.5367 0.0000
vt 0.9549 0.5555 0.0000
vt 0.9552 0.5559 0.0000
vt 0.9546 0.5253 0.0000
vt 0.9519 0.5242 0.0000
vt 0.9632 0.5433 0.0000
vt 0.9635 0.5402 0.0000
vt 0.9518 0.5561 0.0000
vt 0.9633 0.5371 0.0000
vt 0.9545 0.5551 0.0000
vt 0.9624 0.5341 0.0000
vt 0.9570 0.5535 0.0000
vt 0.9611 0.5313 0.0000
vt 0.9592 0.5515 0.0000
vt 0.9593 0.5288 0.0000
vt 0.9610 0.5491 0.0000
vt 0.9570 0.5268 0.0000
vt 0.9624 0.5463 0.0000
vt 0.9560 0.5531 0.0000
vt 0.9579 0.5511 0.0000
vt 0.9580 0.5292 0.0000
vt 0.9596 0.5316 0.0000
vt 0.9595 0.5487 0.0000
vt 0.9561 0.5272 0.0000
vt 0.9607 0.5461 0.0000
vt 0.9539 0.5256 0.0000
vt 0.9614 0.5432 0.0000
vt 0.9516 0.5244 0.0000
vt 0.9617 0.5402 0.0000
vt 0.9515 0.5559 0.0000
vt 0.9614 0.5372 0.0000
vt 0.9538 0.5547 0.0000
vt 0.9607 0.5343 0.0000
vt 0.9595 0.5402 0.0000
vt 0.9593 0.5431 0.0000
vt 0.9511 0.5558 0.0000
vt 0.9513 0.5245 0.0000
vt 0.9593 0.5372 0.0000
vt 0.9531 0.5545 0.0000
vt 0.9587 0.5344 0.0000
vt 0.9549 0.5528 0.0000
vt 0.9578 0.5318 0.0000
vt 0.9564 0.5508 0.0000
vt 0.9565 0.5295 0.0000
vt 0.9577 0.5485 0.0000
vt 0.9549 0.5275 0.0000
vt 0.9587 0.5459 0.0000
vt 0.9532 0.5258 0.0000
vt 0.9558 0.5320 0.0000
vt 0.9548 0.5297 0.0000
vt 0.9548 0.5506 0.0000
vt 0.9558 0.5483 0.0000
vt 0.9536 0.5277 0.0000
vt 0.9565 0.5457 0.0000
vt 0.9523 0.5260 0.0000
vt 0.9570 0.5430 0.0000
vt 0.9508 0.5247 0.0000
vt 0.9572 0.5401 0.0000
vt 0.9507 0.5557 0.0000
vt 0.9570 0.5373 0.0000
vt 0.9522 0.5543 0.0000
vt 0.9566 0.5346 0.0000
vt 0.9536 0.5526 0.0000
vt 0.9502 0.5556 0.0000
vt 0.9503 0.5247 0.0000
vt 0.9546 0.5401 0.0000
vt 0.9545 0.5373 0.0000
vt 0.9512 0.5541 0.0000
vt 0.9542 0.5346 0.0000
vt 0.9521 0.5525 0.0000
vt 0.9537 0.5321 0.0000
vt 0.9530 0.5505 0.0000
vt 0.9530 0.5298 0.0000
vt 0.9536 0.5482 0.0000
vt 0.9522 0.5278 0.0000
vt 0.9542 0.5456 0.0000
vt 0.9513 0.5262 0.0000
vt 0.9545 0.5429 0.0000
vt 0.9510 0.5504 0.0000
vt 0.9514 0.5481 0.0000
vt 0.9511 0.5299 0.0000
vt 0.9507 0.5279 0.0000
vt 0.9517 0.5456 0.0000
vt 0.9503 0.5262 0.0000
vt 0.9518 0.5429 0.0000
vt 0.9498 0.5248 0.0000
vt 0.9519 0.5401 0.0000
vt 0.9496 0.5555 0.0000
vt 0.9518 0.5374 0.0000
vt 0.9502 0.5541 0.0000
vt 0.9517 0.5347 0.0000
vt 0.9506 0.5524 0.0000
vt 0.9514 0.5322 0.0000
vt 0.9491 0.5401 0.0000
vt 0.9491 0.5374 0.0000
vt 0.9491 0.5555 0.0000
vt 0.9491 0.5540 0.0000
vt 0.9491 0.5347 0.0000
vt 0.9491 0.5523 0.0000
vt 0.9492 0.5322 0.0000
vt 0.9491 0.5503 0.0000
vt 0.9492 0.5299 0.0000
vt 0.9491 0.5481 0.0000
vt 0.9492 0.5279 0.0000
vt 0.9491 0.5455 0.0000
vt 0.9492 0.5263 0.0000
vt 0.9491 0.5429 0.0000
vt 0.9492 0.5248 0.0000
vt 0.9476 0.5279 0.0000
vt 0.9472 0.5299 0.0000
vt 0.9465 0.5456 0.0000
vt 0.9468 0.5481 0.0000
vt 0.9481 0.5262 0.0000
vt 0.9464 0.5429 0.0000
vt 0.9486 0.5248 0.0000
vt 0.9464 0.5401 0.0000
vt 0.9485 0.5555 0.0000
vt 0.9464 0.5373 0.0000
vt 0.9480 0.5541 0.0000
vt 0.9466 0.5347 0.0000
vt 0.9475 0.5524 0.0000
vt 0.9469 0.5322 0.0000
vt 0.9471 0.5504 0.0000
vt 0.9438 0.5373 0.0000
vt 0.9441 0.5346 0.0000
vt 0.9460 0.5524 0.0000
vt 0.9470 0.5541 0.0000
vt 0.9446 0.5321 0.0000
vt 0.9452 0.5504 0.0000
vt 0.9453 0.5298 0.0000
vt 0.9446 0.5481 0.0000
vt 0.9461 0.5278 0.0000
vt 0.9441 0.5456 0.0000
vt 0.9471 0.5261 0.0000
vt 0.9438 0.5429 0.0000
vt 0.9481 0.5247 0.0000
vt 0.9437 0.5401 0.0000
vt 0.9480 0.5556 0.0000
vt 0.9447 0.5277 0.0000
vt 0.9461 0.5260 0.0000
vt 0.9412 0.5429 0.0000
vt 0.9417 0.5457 0.0000
vt 0.9476 0.5247 0.0000
vt 0.9411 0.5401 0.0000
vt 0.9475 0.5556 0.0000
vt 0.9413 0.5372 0.0000
vt 0.9460 0.5543 0.0000
vt 0.9417 0.5345 0.0000
vt 0.9446 0.5526 0.0000
vt 0.9425 0.5319 0.0000
vt 0.9434 0.5506 0.0000
vt 0.9435 0.5296 0.0000
vt 0.9424 0.5483 0.0000
vt 0.9433 0.5528 0.0000
vt 0.9451 0.5544 0.0000
vt 0.9405 0.5318 0.0000
vt 0.9396 0.5344 0.0000
vt 0.9418 0.5508 0.0000
vt 0.9418 0.5294 0.0000
vt 0.9405 0.5484 0.0000
vt 0.9434 0.5274 0.0000
vt 0.9395 0.5458 0.0000
vt 0.9452 0.5258 0.0000
vt 0.9389 0.5430 0.0000
vt 0.9471 0.5245 0.0000
vt 0.9387 0.5401 0.0000
vt 0.9470 0.5558 0.0000
vt 0.9390 0.5372 0.0000
vt 0.9368 0.5431 0.0000
vt 0.9375 0.5460 0.0000
vt 0.9444 0.5256 0.0000
vt 0.9468 0.5244 0.0000
vt 0.9366 0.5401 0.0000
vt 0.9466 0.5559 0.0000
vt 0.9369 0.5371 0.0000
vt 0.9443 0.5547 0.0000
vt 0.9376 0.5342 0.0000
vt 0.9422 0.5531 0.0000
vt 0.9388 0.5315 0.0000
vt 0.9403 0.5511 0.0000
vt 0.9404 0.5291 0.0000
vt 0.9387 0.5487 0.0000
vt 0.9423 0.5272 0.0000
vt 0.9359 0.5340 0.0000
vt 0.9373 0.5312 0.0000
vt 0.9390 0.5514 0.0000
vt 0.9412 0.5535 0.0000
vt 0.9391 0.5288 0.0000
vt 0.9372 0.5490 0.0000
vt 0.9413 0.5268 0.0000
vt 0.9358 0.5462 0.0000
vt 0.9438 0.5252 0.0000
vt 0.9350 0.5432 0.0000
vt 0.9465 0.5242 0.0000
vt 0.9348 0.5401 0.0000
vt 0.9463 0.5561 0.0000
vt 0.9351 0.5370 0.0000
vt 0.9437 0.5550 0.0000
vt 0.9434 0.5249 0.0000
vt 0.9463 0.5240 0.0000
vt 0.9335 0.5433 0.0000
vt 0.9332 0.5401 0.0000
vt 0.9461 0.5563 0.0000
vt 0.9335 0.5368 0.0000
vt 0.9432 0.5554 0.0000
vt 0.9344 0.5337 0.0000
vt 0.9405 0.5539 0.0000
vt 0.9360 0.5308 0.0000
vt 0.9380 0.5519 0.0000
vt 0.9381 0.5283 0.0000
vt 0.9359 0.5494 0.0000
vt 0.9406 0.5263 0.0000
vt 0.9344 0.5465 0.0000
vt 0.9400 0.5546 0.0000
vt 0.9372 0.5526 0.0000
vt 0.9373 0.5276 0.0000
vt 0.9349 0.5302 0.0000
vt 0.9348 0.5500 0.0000
vt 0.9401 0.5257 0.0000
vt 0.9330 0.5469 0.0000
vt 0.9431 0.5244 0.0000
vt 0.9320 0.5435 0.0000
vt 0.9462 0.5237 0.0000
vt 0.9317 0.5401 0.0000
vt 0.9460 0.5566 0.0000
vt 0.9320 0.5366 0.0000
vt 0.9430 0.5559 0.0000
vt 0.9331 0.5332 0.0000
vt 0.9522 0.8731 0.0000
vt 0.9558 0.8707 0.0000
vt 0.9586 0.8742 0.0000
vt 0.9543 0.8771 0.0000
vt 0.9652 0.8662 0.0000
vt 0.9612 0.8641 0.0000
vt 0.9629 0.8601 0.0000
vt 0.9672 0.8614 0.0000
vt 0.9637 0.8559 0.0000
vt 0.9682 0.8563 0.0000
vt 0.9637 0.8515 0.0000
vt 0.9682 0.8511 0.0000
vt 0.9629 0.8473 0.0000
vt 0.9672 0.8460 0.0000
vt 0.9612 0.8433 0.0000
vt 0.9652 0.8412 0.0000
vt 0.9589 0.8397 0.0000
vt 0.9623 0.8369 0.0000
vt 0.9558 0.8367 0.0000
vt 0.9586 0.8332 0.0000
vt 0.9522 0.8343 0.0000
vt 0.9543 0.8304 0.0000
vt 0.9482 0.8326 0.0000
vt 0.9495 0.8284 0.0000
vt 0.9440 0.8318 0.0000
vt 0.9444 0.8274 0.0000
vt 0.9397 0.8318 0.0000
vt 0.9393 0.8274 0.0000
vt 0.9354 0.8326 0.0000
vt 0.9342 0.8284 0.0000
vt 0.9315 0.8343 0.0000
vt 0.9294 0.8304 0.0000
vt 0.9279 0.8367 0.0000
vt 0.9251 0.8332 0.0000
vt 0.9248 0.8397 0.0000
vt 0.9214 0.8369 0.0000
vt 0.9224 0.8433 0.0000
vt 0.9185 0.8412 0.0000
vt 0.9208 0.8473 0.0000
vt 0.9165 0.8460 0.0000
vt 0.9199 0.8516 0.0000
vt 0.9155 0.8511 0.0000
vt 0.9199 0.8559 0.0000
vt 0.9155 0.8563 0.0000
vt 0.9208 0.8601 0.0000
vt 0.9165 0.8614 0.0000
vt 0.9224 0.8641 0.0000
vt 0.9185 0.8662 0.0000
vt 0.9248 0.8677 0.0000
vt 0.9214 0.8705 0.0000
vt 0.9279 0.8708 0.0000
vt 0.9251 0.8742 0.0000
vt 0.9315 0.8732 0.0000
vt 0.9294 0.8771 0.0000
vt 0.9355 0.8748 0.0000
vt 0.9342 0.8790 0.0000
vt 0.9397 0.8756 0.0000
vt 0.9393 0.8801 0.0000
vt 0.9440 0.8756 0.0000
vt 0.9444 0.8800 0.0000
vt 0.9495 0.8790 0.0000
vt 0.9482 0.8748 0.0000
vt 0.9623 0.8705 0.0000
vt 0.9588 0.8677 0.0000
vt 0.9550 0.8645 0.0000
vt 0.9526 0.8669 0.0000
vt 0.9498 0.8687 0.0000
vt 0.9467 0.8700 0.0000
vt 0.9401 0.8707 0.0000
vt 0.9369 0.8700 0.0000
vt 0.9338 0.8687 0.0000
vt 0.9310 0.8669 0.0000
vt 0.9435 0.8707 0.0000
vt 0.9249 0.8520 0.0000
vt 0.9287 0.8645 0.0000
vt 0.9268 0.8617 0.0000
vt 0.9255 0.8586 0.0000
vt 0.9249 0.8554 0.0000
vt 0.9256 0.8488 0.0000
vt 0.9268 0.8457 0.0000
vt 0.9287 0.8429 0.0000
vt 0.9311 0.8405 0.0000
vt 0.9338 0.8387 0.0000
vt 0.9369 0.8374 0.0000
vt 0.9435 0.8368 0.0000
vt 0.9402 0.8368 0.0000
vt 0.9468 0.8374 0.0000
vt 0.9499 0.8387 0.0000
vt 0.9527 0.8406 0.0000
vt 0.9550 0.8429 0.0000
vt 0.9588 0.8521 0.0000
vt 0.9569 0.8457 0.0000
vt 0.9581 0.8488 0.0000
vt 0.9588 0.8554 0.0000
vt 0.9581 0.8587 0.0000
vt 0.9568 0.8618 0.0000
vt 0.9542 0.8688 0.0000
vt 0.9569 0.8661 0.0000
vt 0.9590 0.8629 0.0000
vt 0.9604 0.8594 0.0000
vt 0.9612 0.8556 0.0000
vt 0.9612 0.8518 0.0000
vt 0.9605 0.8481 0.0000
vt 0.9590 0.8445 0.0000
vt 0.9569 0.8414 0.0000
vt 0.9542 0.8387 0.0000
vt 0.9510 0.8365 0.0000
vt 0.9475 0.8351 0.0000
vt 0.9438 0.8343 0.0000
vt 0.9400 0.8343 0.0000
vt 0.9362 0.8351 0.0000
vt 0.9327 0.8365 0.0000
vt 0.9295 0.8387 0.0000
vt 0.9268 0.8414 0.0000
vt 0.9247 0.8445 0.0000
vt 0.9232 0.8481 0.0000
vt 0.9225 0.8518 0.0000
vt 0.9225 0.8556 0.0000
vt 0.9232 0.8594 0.0000
vt 0.9247 0.8629 0.0000
vt 0.9268 0.8661 0.0000
vt 0.9295 0.8688 0.0000
vt 0.9327 0.8709 0.0000
vt 0.9362 0.8723 0.0000
vt 0.9399 0.8731 0.0000
vt 0.9437 0.8731 0.0000
vt 0.9475 0.8723 0.0000
vt 0.9510 0.8709 0.0000
vt 0.9207 0.9013 0.0000
vt 0.9240 0.9052 0.0000
vt 0.9218 0.9094 0.0000
vt 0.9166 0.9072 0.0000
vt 0.9234 0.9443 0.0000
vt 0.9196 0.9477 0.0000
vt 0.9166 0.9417 0.0000
vt 0.9213 0.9401 0.0000
vt 0.9596 0.9034 0.0000
vt 0.9283 0.9031 0.0000
vt 0.9268 0.8983 0.0000
vt 0.9618 0.8981 0.0000
vt 0.9654 0.9405 0.0000
vt 0.9707 0.9427 0.0000
vt 0.9667 0.9487 0.0000
vt 0.9633 0.9448 0.0000
vt 0.9277 0.9464 0.0000
vt 0.9256 0.9517 0.0000
vt 0.9590 0.9469 0.0000
vt 0.9606 0.9517 0.0000
vt 0.9678 0.9021 0.0000
vt 0.9639 0.9055 0.0000
vt 0.9708 0.9082 0.0000
vt 0.9660 0.9098 0.0000
vt 0.9287 0.9046 0.0000
vt 0.9250 0.9062 0.0000
vt 0.9233 0.9098 0.0000
vt 0.9244 0.9433 0.0000
vt 0.9281 0.9449 0.0000
vt 0.9228 0.9397 0.0000
vt 0.9593 0.9049 0.0000
vt 0.9629 0.9065 0.0000
vt 0.9646 0.9101 0.0000
vt 0.9586 0.9454 0.0000
vt 0.9623 0.9438 0.0000
vt 0.9640 0.9401 0.0000
vt 0.9003 0.9355 0.0000
vt 0.8824 0.9354 0.0000
vt 0.8824 0.9324 0.0000
vt 0.8999 0.9313 0.0000
vt 0.8823 0.9385 0.0000
vt 0.8999 0.9397 0.0000
vt 0.8987 0.9437 0.0000
vt 0.8822 0.9415 0.0000
vt 0.8970 0.9474 0.0000
vt 0.8820 0.9446 0.0000
vt 0.8947 0.9511 0.0000
vt 0.8817 0.9480 0.0000
vt 0.8923 0.9547 0.0000
vt 0.8813 0.9517 0.0000
vt 0.8900 0.9582 0.0000
vt 0.8808 0.9556 0.0000
vt 0.8881 0.9618 0.0000
vt 0.8803 0.9597 0.0000
vt 0.8868 0.9657 0.0000
vt 0.8796 0.9640 0.0000
vt 0.8871 0.9052 0.0000
vt 0.8883 0.9091 0.0000
vt 0.8805 0.9111 0.0000
vt 0.8799 0.9068 0.0000
vt 0.8810 0.9152 0.0000
vt 0.8902 0.9127 0.0000
vt 0.8925 0.9162 0.0000
vt 0.8815 0.9191 0.0000
vt 0.8949 0.9198 0.0000
vt 0.8818 0.9228 0.0000
vt 0.8971 0.9235 0.0000
vt 0.8821 0.9262 0.0000
vt 0.8988 0.9273 0.0000
vt 0.8822 0.9294 0.0000
vt 0.8672 0.9353 0.0000
vt 0.8673 0.9322 0.0000
vt 0.8672 0.9385 0.0000
vt 0.8673 0.9415 0.0000
vt 0.8673 0.9447 0.0000
vt 0.8674 0.9481 0.0000
vt 0.8676 0.9518 0.0000
vt 0.8676 0.9555 0.0000
vt 0.8677 0.9594 0.0000
vt 0.8676 0.9635 0.0000
vt 0.8679 0.9113 0.0000
vt 0.8679 0.9071 0.0000
vt 0.8678 0.9152 0.0000
vt 0.8677 0.9189 0.0000
vt 0.8676 0.9225 0.0000
vt 0.8674 0.9260 0.0000
vt 0.8673 0.9291 0.0000
vt 0.8499 0.9352 0.0000
vt 0.8499 0.9319 0.0000
vt 0.8499 0.9386 0.0000
vt 0.8499 0.9418 0.0000
vt 0.8500 0.9451 0.0000
vt 0.8501 0.9487 0.0000
vt 0.8501 0.9523 0.0000
vt 0.8502 0.9560 0.0000
vt 0.8503 0.9598 0.0000
vt 0.8504 0.9638 0.0000
vt 0.8507 0.9067 0.0000
vt 0.8506 0.9107 0.0000
vt 0.8504 0.9145 0.0000
vt 0.8503 0.9182 0.0000
vt 0.8502 0.9218 0.0000
vt 0.8501 0.9254 0.0000
vt 0.8500 0.9287 0.0000
vt 0.8301 0.9352 0.0000
vt 0.8301 0.9317 0.0000
vt 0.8301 0.9386 0.0000
vt 0.8301 0.9419 0.0000
vt 0.8301 0.9453 0.0000
vt 0.8301 0.9489 0.0000
vt 0.8301 0.9526 0.0000
vt 0.8301 0.9562 0.0000
vt 0.8301 0.9600 0.0000
vt 0.8302 0.9639 0.0000
vt 0.8304 0.9103 0.0000
vt 0.8304 0.9064 0.0000
vt 0.8303 0.9141 0.0000
vt 0.8303 0.9177 0.0000
vt 0.8302 0.9214 0.0000
vt 0.8302 0.9250 0.0000
vt 0.8301 0.9284 0.0000
vt 0.8093 0.9316 0.0000
vt 0.8093 0.9351 0.0000
vt 0.8092 0.9385 0.0000
vt 0.8092 0.9418 0.0000
vt 0.8092 0.9452 0.0000
vt 0.8091 0.9488 0.0000
vt 0.8091 0.9525 0.0000
vt 0.8090 0.9562 0.0000
vt 0.8090 0.9600 0.0000
vt 0.8089 0.9639 0.0000
vt 0.8092 0.9062 0.0000
vt 0.8092 0.9101 0.0000
vt 0.8092 0.9139 0.0000
vt 0.8092 0.9176 0.0000
vt 0.8093 0.9213 0.0000
vt 0.8093 0.9249 0.0000
vt 0.8093 0.9283 0.0000
vt 0.7893 0.9350 0.0000
vt 0.7893 0.9316 0.0000
vt 0.7893 0.9383 0.0000
vt 0.7892 0.9415 0.0000
vt 0.7891 0.9449 0.0000
vt 0.7890 0.9484 0.0000
vt 0.7889 0.9521 0.0000
vt 0.7887 0.9558 0.0000
vt 0.7886 0.9596 0.0000
vt 0.7885 0.9636 0.0000
vt 0.7888 0.9063 0.0000
vt 0.7889 0.9103 0.0000
vt 0.7889 0.9141 0.0000
vt 0.7890 0.9178 0.0000
vt 0.7891 0.9215 0.0000
vt 0.7892 0.9251 0.0000
vt 0.7893 0.9284 0.0000
vt 0.7716 0.9349 0.0000
vt 0.7716 0.9317 0.0000
vt 0.7716 0.9380 0.0000
vt 0.7715 0.9411 0.0000
vt 0.7714 0.9443 0.0000
vt 0.7713 0.9477 0.0000
vt 0.7712 0.9514 0.0000
vt 0.7711 0.9551 0.0000
vt 0.7710 0.9590 0.0000
vt 0.7710 0.9632 0.0000
vt 0.7713 0.9065 0.0000
vt 0.7713 0.9107 0.0000
vt 0.7713 0.9146 0.0000
vt 0.7713 0.9184 0.0000
vt 0.7714 0.9220 0.0000
vt 0.7715 0.9255 0.0000
vt 0.7716 0.9287 0.0000
vt 0.7557 0.9348 0.0000
vt 0.7558 0.9317 0.0000
vt 0.7558 0.9379 0.0000
vt 0.7559 0.9409 0.0000
vt 0.7561 0.9441 0.0000
vt 0.7564 0.9475 0.0000
vt 0.7567 0.9513 0.0000
vt 0.7571 0.9552 0.0000
vt 0.7576 0.9593 0.0000
vt 0.7582 0.9636 0.0000
vt 0.7579 0.9103 0.0000
vt 0.7584 0.9060 0.0000
vt 0.7573 0.9144 0.0000
vt 0.7569 0.9183 0.0000
vt 0.7565 0.9221 0.0000
vt 0.7562 0.9255 0.0000
vt 0.7560 0.9287 0.0000
vt 0.7371 0.9305 0.0000
vt 0.7368 0.9347 0.0000
vt 0.7371 0.9390 0.0000
vt 0.7381 0.9429 0.0000
vt 0.7396 0.9468 0.0000
vt 0.7417 0.9506 0.0000
vt 0.7439 0.9543 0.0000
vt 0.7459 0.9580 0.0000
vt 0.7477 0.9617 0.0000
vt 0.7489 0.9657 0.0000
vt 0.7479 0.9078 0.0000
vt 0.7492 0.9038 0.0000
vt 0.7462 0.9115 0.0000
vt 0.7441 0.9151 0.0000
vt 0.7418 0.9188 0.0000
vt 0.7398 0.9226 0.0000
vt 0.7382 0.9265 0.0000
vt 0.9146 0.7916 0.0000
vt 0.9183 0.6091 0.0000
vt 0.9751 0.6102 0.0000
vt 0.9740 0.7929 0.0000
vt 0.9102 0.7991 0.0000
vt 0.9778 0.8012 0.0000
vt 0.9876 0.8100 0.0000
vt 0.8995 0.8100 0.0000
vt 0.9070 0.5933 0.0000
vt 0.9145 0.6011 0.0000
vt 0.9794 0.6028 0.0000
vt 0.9876 0.5929 0.0000
vt 0.7073 0.9149 0.0000
vt 0.7068 0.9171 0.0000
vt 0.7034 0.9168 0.0000
vt 0.7034 0.9147 0.0000
vt 0.7030 0.9199 0.0000
vt 0.6927 0.9215 0.0000
vt 0.6928 0.9185 0.0000
vt 0.5138 0.9718 0.0000
vt 0.5186 0.9646 0.0000
vt 0.5199 0.9648 0.0000
vt 0.5146 0.9730 0.0000
vt 0.6928 0.9353 0.0000
vt 0.7023 0.9374 0.0000
vt 0.7024 0.9403 0.0000
vt 0.6928 0.9382 0.0000
vt 0.7095 0.9181 0.0000
vt 0.7105 0.9163 0.0000
vt 0.7080 0.9394 0.0000
vt 0.7055 0.9402 0.0000
vt 0.7054 0.9375 0.0000
vt 0.7080 0.9368 0.0000
vt 0.5092 0.8828 0.0000
vt 0.5130 0.8840 0.0000
vt 0.5161 0.8895 0.0000
vt 0.5109 0.8892 0.0000
vt 0.7064 0.9200 0.0000
vt 0.5075 0.8805 0.0000
vt 0.5145 0.8821 0.0000
vt 0.5037 0.9523 0.0000
vt 0.5070 0.9652 0.0000
vt 0.5057 0.9654 0.0000
vt 0.5023 0.9528 0.0000
vt 0.5073 0.9525 0.0000
vt 0.5105 0.9647 0.0000
vt 0.5124 0.9699 0.0000
vt 0.5156 0.9645 0.0000
vt 0.5132 0.9534 0.0000
vt 0.5072 0.9024 0.0000
vt 0.5034 0.9027 0.0000
vt 0.5073 0.8885 0.0000
vt 0.5191 0.8894 0.0000
vt 0.5170 0.9005 0.0000
vt 0.5136 0.9012 0.0000
vt 0.5184 0.9009 0.0000
vt 0.5205 0.8890 0.0000
vt 0.5069 0.9732 0.0000
vt 0.5087 0.9709 0.0000
vt 0.5164 0.9541 0.0000
vt 0.4946 0.9401 0.0000
vt 0.4956 0.9387 0.0000
vt 0.4643 0.9145 0.0000
vt 0.4509 0.9159 0.0000
vt 0.4499 0.9151 0.0000
vt 0.4644 0.9130 0.0000
vt 0.7219 0.9296 0.0000
vt 0.7178 0.9291 0.0000
vt 0.5050 0.9355 0.0000
vt 0.5111 0.9390 0.0000
vt 0.5060 0.9742 0.0000
vt 0.7092 0.9212 0.0000
vt 0.4651 0.9384 0.0000
vt 0.4844 0.9341 0.0000
vt 0.4841 0.9370 0.0000
vt 0.4646 0.9408 0.0000
vt 0.6927 0.9400 0.0000
vt 0.7023 0.9422 0.0000
vt 0.5050 0.9202 0.0000
vt 0.5113 0.9166 0.0000
vt 0.4977 0.9352 0.0000
vt 0.4953 0.9170 0.0000
vt 0.4976 0.9205 0.0000
vt 0.4522 0.9366 0.0000
vt 0.4499 0.9384 0.0000
vt 0.4647 0.9169 0.0000
vt 0.4527 0.9176 0.0000
vt 0.5057 0.8882 0.0000
vt 0.5019 0.9021 0.0000
vt 0.7189 0.9279 0.0000
vt 0.7234 0.9277 0.0000
vt 0.4839 0.9218 0.0000
vt 0.4835 0.9189 0.0000
vt 0.7089 0.9411 0.0000
vt 0.7058 0.9422 0.0000
vt 0.5138 0.9417 0.0000
vt 0.5177 0.9537 0.0000
vt 0.5151 0.8812 0.0000
vt 0.5066 0.8791 0.0000
vt 0.7236 0.9277 0.0000
vt 0.7220 0.9297 0.0000
vt 0.4841 0.9384 0.0000
vt 0.4943 0.9155 0.0000
vt 0.6926 0.9164 0.0000
vt 0.5141 0.9141 0.0000
vt 0.4836 0.9175 0.0000
vt 0.4646 0.9422 0.0000
vt 0.4490 0.9392 0.0000
vt 0.7575 0.7117 0.0000
vt 0.7725 0.7285 0.0000
vt 0.7718 0.8325 0.0000
vt 0.7573 0.8136 0.0000
vt 0.7443 0.8862 0.0000
vt 0.7381 0.8862 0.0000
vt 0.7381 0.8639 0.0000
vt 0.7443 0.8638 0.0000
vt 0.7428 0.7789 0.0000
vt 0.7430 0.6811 0.0000
vt 0.8686 0.8412 0.0000
vt 0.8624 0.8412 0.0000
vt 0.8624 0.8183 0.0000
vt 0.8686 0.8183 0.0000
vt 0.8624 0.7778 0.0000
vt 0.8686 0.7777 0.0000
vt 0.6830 0.3346 0.0000
vt 0.6975 0.3157 0.0000
vt 0.6983 0.4197 0.0000
vt 0.6832 0.4366 0.0000
vt 0.4292 0.8588 0.0000
vt 0.4313 0.7652 0.0000
vt 0.4509 0.7717 0.0000
vt 0.4493 0.8705 0.0000
vt 0.7505 0.8626 0.0000
vt 0.7567 0.8626 0.0000
vt 0.7567 0.8844 0.0000
vt 0.7505 0.8844 0.0000
vt 0.4116 0.8435 0.0000
vt 0.4132 0.7559 0.0000
vt 0.7629 0.8408 0.0000
vt 0.7690 0.8408 0.0000
vt 0.7690 0.8626 0.0000
vt 0.7629 0.8626 0.0000
vt 0.7690 0.8844 0.0000
vt 0.7629 0.8844 0.0000
vt 0.4034 0.4106 0.0000
vt 0.3861 0.4160 0.0000
vt 0.3839 0.3223 0.0000
vt 0.4016 0.3120 0.0000
vt 0.6613 0.8791 0.0000
vt 0.6436 0.8786 0.0000
vt 0.6441 0.7570 0.0000
vt 0.6613 0.7588 0.0000
vt 0.6259 0.8717 0.0000
vt 0.6270 0.7530 0.0000
vt 0.8060 0.8408 0.0000
vt 0.8122 0.8408 0.0000
vt 0.8122 0.8626 0.0000
vt 0.8060 0.8626 0.0000
vt 0.8122 0.8844 0.0000
vt 0.8060 0.8844 0.0000
vt 0.5604 0.4327 0.0000
vt 0.5599 0.3107 0.0000
vt 0.5776 0.3102 0.0000
vt 0.5776 0.4308 0.0000
vt 0.6687 0.4672 0.0000
vt 0.6685 0.3692 0.0000
vt 0.8872 0.7347 0.0000
vt 0.8872 0.8406 0.0000
vt 0.8810 0.8406 0.0000
vt 0.8810 0.7347 0.0000
vt 0.7874 0.8409 0.0000
vt 0.7936 0.8408 0.0000
vt 0.7936 0.8596 0.0000
vt 0.7874 0.8597 0.0000
vt 0.8686 0.6796 0.0000
vt 0.8624 0.6796 0.0000
vt 0.3679 0.4252 0.0000
vt 0.3662 0.3376 0.0000
vt 0.8203 0.4074 0.0000
vt 0.8209 0.3075 0.0000
vt 0.8271 0.3075 0.0000
vt 0.8284 0.3106 0.0000
vt 0.8278 0.4094 0.0000
vt 0.7443 0.8408 0.0000
vt 0.7381 0.8408 0.0000
vt 0.8810 0.3953 0.0000
vt 0.8748 0.3953 0.0000
vt 0.8748 0.3075 0.0000
vt 0.8810 0.3075 0.0000
vt 0.5434 0.4366 0.0000
vt 0.5422 0.3176 0.0000
vt 0.8353 0.4288 0.0000
vt 0.8360 0.3075 0.0000
vt 0.8422 0.3075 0.0000
vt 0.8415 0.4286 0.0000
vt 0.7505 0.8408 0.0000
vt 0.7567 0.8408 0.0000
vt 0.8554 0.7541 0.0000
vt 0.8561 0.8734 0.0000
vt 0.8499 0.8734 0.0000
vt 0.8492 0.7539 0.0000
vt 0.7751 0.7348 0.0000
vt 0.7741 0.8408 0.0000
vt 0.6999 0.8406 0.0000
vt 0.6973 0.8381 0.0000
vt 0.6930 0.7336 0.0000
vt 0.6956 0.7298 0.0000
vt 0.6820 0.8381 0.0000
vt 0.6820 0.8407 0.0000
vt 0.6829 0.3302 0.0000
vt 0.6661 0.3705 0.0000
vt 0.6647 0.8408 0.0000
vt 0.6648 0.7478 0.0000
vt 0.6667 0.7454 0.0000
vt 0.6670 0.8382 0.0000
vt 0.7411 0.4029 0.0000
vt 0.7391 0.4005 0.0000
vt 0.7390 0.3075 0.0000
vt 0.7414 0.3101 0.0000
vt 0.7563 0.3076 0.0000
vt 0.7564 0.3102 0.0000
vt 0.7572 0.8180 0.0000
vt 0.4011 0.7777 0.0000
vt 0.4037 0.7791 0.0000
vt 0.4056 0.8734 0.0000
vt 0.4032 0.8709 0.0000
vt 0.3850 0.8735 0.0000
vt 0.3850 0.8709 0.0000
vt 0.3639 0.3366 0.0000
vt 0.3839 0.3192 0.0000
vt 0.3663 0.8710 0.0000
vt 0.3638 0.8736 0.0000
vt 0.3602 0.7841 0.0000
vt 0.3624 0.7821 0.0000
vt 0.4079 0.3990 0.0000
vt 0.4056 0.3970 0.0000
vt 0.4091 0.3075 0.0000
vt 0.4116 0.3101 0.0000
vt 0.4303 0.3076 0.0000
vt 0.4303 0.3102 0.0000
vt 0.4493 0.8736 0.0000
vt 0.4292 0.8619 0.0000
vt 0.6637 0.8818 0.0000
vt 0.6637 0.7607 0.0000
vt 0.5760 0.7654 0.0000
vt 0.5784 0.7669 0.0000
vt 0.5800 0.8818 0.0000
vt 0.5776 0.8792 0.0000
vt 0.5599 0.8818 0.0000
vt 0.5599 0.8792 0.0000
vt 0.5398 0.3159 0.0000
vt 0.5599 0.3081 0.0000
vt 0.5398 0.8818 0.0000
vt 0.5381 0.7686 0.0000
vt 0.5406 0.7669 0.0000
vt 0.5422 0.8792 0.0000
vt 0.6235 0.3075 0.0000
vt 0.6259 0.3101 0.0000
vt 0.6244 0.4224 0.0000
vt 0.6218 0.4207 0.0000
vt 0.6436 0.3075 0.0000
vt 0.6436 0.3101 0.0000
vt 0.6436 0.8812 0.0000
vt 0.6998 0.3075 0.0000
vt 0.7742 0.3076 0.0000
vt 0.7717 0.3102 0.0000
vt 0.7404 0.7777 0.0000
vt 0.4040 0.3075 0.0000
vt 0.4509 0.3103 0.0000
vt 0.4509 0.3077 0.0000
vt 0.4092 0.8445 0.0000
vt 0.5800 0.3075 0.0000
vt 0.6637 0.3075 0.0000
vt 0.6613 0.3101 0.0000
vt 0.6235 0.8734 0.0000
vt 0.7936 0.8790 0.0000
vt 0.7874 0.8791 0.0000
vt 0.6248 0.7541 0.0000
vt 0.6221 0.6466 0.0000
vt 0.6236 0.6467 0.0000
vt 0.6234 0.5339 0.0000
vt 0.6258 0.5348 0.0000
vt 0.5412 0.4355 0.0000
vt 0.5398 0.5426 0.0000
vt 0.5384 0.5427 0.0000
vt 0.5421 0.6546 0.0000
vt 0.5397 0.6554 0.0000
vt 0.5800 0.4288 0.0000
vt 0.5791 0.5372 0.0000
vt 0.5766 0.5378 0.0000
vt 0.5800 0.6521 0.0000
vt 0.5776 0.6516 0.0000
vt 0.6621 0.4224 0.0000
vt 0.6598 0.4239 0.0000
vt 0.6637 0.5372 0.0000
vt 0.6613 0.5377 0.0000
vt 0.6629 0.6521 0.0000
vt 0.6604 0.6515 0.0000
vt 0.8499 0.4207 0.0000
vt 0.8499 0.3075 0.0000
vt 0.8561 0.3075 0.0000
vt 0.8561 0.4207 0.0000
vt 0.8561 0.5339 0.0000
vt 0.8499 0.5339 0.0000
vt 0.8561 0.6466 0.0000
vt 0.8499 0.6466 0.0000
vt 0.8360 0.7669 0.0000
vt 0.8422 0.7669 0.0000
vt 0.8422 0.8818 0.0000
vt 0.8360 0.8818 0.0000
vt 0.8360 0.6521 0.0000
vt 0.8422 0.6521 0.0000
vt 0.8361 0.5372 0.0000
vt 0.8422 0.5372 0.0000
vt 0.5586 0.7655 0.0000
vt 0.5598 0.6518 0.0000
vt 0.5580 0.5381 0.0000
vt 0.6423 0.4238 0.0000
vt 0.6435 0.5375 0.0000
vt 0.6418 0.6512 0.0000
vt 0.7406 0.6795 0.0000
vt 0.7381 0.5857 0.0000
vt 0.7403 0.5872 0.0000
vt 0.7412 0.4936 0.0000
vt 0.7436 0.4956 0.0000
vt 0.6663 0.4688 0.0000
vt 0.6659 0.5611 0.0000
vt 0.6637 0.5627 0.0000
vt 0.6693 0.6527 0.0000
vt 0.6669 0.6547 0.0000
vt 0.7009 0.4134 0.0000
vt 0.6982 0.5259 0.0000
vt 0.6956 0.5313 0.0000
vt 0.7009 0.6274 0.0000
vt 0.6985 0.6291 0.0000
vt 0.7698 0.4143 0.0000
vt 0.7675 0.4147 0.0000
vt 0.7751 0.5209 0.0000
vt 0.7728 0.5192 0.0000
vt 0.7726 0.6226 0.0000
vt 0.7699 0.6187 0.0000
vt 0.8624 0.4005 0.0000
vt 0.8624 0.3075 0.0000
vt 0.8686 0.3075 0.0000
vt 0.8686 0.4005 0.0000
vt 0.8624 0.4936 0.0000
vt 0.8686 0.4936 0.0000
vt 0.8686 0.5857 0.0000
vt 0.8624 0.5856 0.0000
vt 0.8810 0.4142 0.0000
vt 0.8872 0.3075 0.0000
vt 0.8872 0.4184 0.0000
vt 0.8872 0.5207 0.0000
vt 0.8810 0.5207 0.0000
vt 0.8872 0.6223 0.0000
vt 0.8810 0.6225 0.0000
vt 0.6794 0.7378 0.0000
vt 0.6839 0.6374 0.0000
vt 0.6799 0.5411 0.0000
vt 0.7538 0.4105 0.0000
vt 0.7582 0.5109 0.0000
vt 0.7544 0.6074 0.0000
vt 0.4107 0.7567 0.0000
vt 0.4094 0.6639 0.0000
vt 0.4119 0.6642 0.0000
vt 0.4082 0.5749 0.0000
vt 0.4107 0.5756 0.0000
vt 0.4102 0.4865 0.0000
vt 0.4126 0.4879 0.0000
vt 0.3655 0.4244 0.0000
vt 0.3665 0.5171 0.0000
vt 0.3641 0.5173 0.0000
vt 0.3653 0.6055 0.0000
vt 0.3628 0.6063 0.0000
vt 0.3673 0.6932 0.0000
vt 0.3649 0.6946 0.0000
vt 0.4056 0.4074 0.0000
vt 0.4045 0.4962 0.0000
vt 0.4021 0.4983 0.0000
vt 0.4040 0.5908 0.0000
vt 0.4016 0.5918 0.0000
vt 0.4050 0.6848 0.0000
vt 0.4027 0.6846 0.0000
vt 0.8748 0.7551 0.0000
vt 0.8810 0.7551 0.0000
vt 0.8810 0.8445 0.0000
vt 0.8748 0.8445 0.0000
vt 0.8748 0.6655 0.0000
vt 0.8810 0.6655 0.0000
vt 0.8748 0.5772 0.0000
vt 0.8810 0.5773 0.0000
vt 0.8748 0.4882 0.0000
vt 0.8810 0.4883 0.0000
vt 0.8209 0.8734 0.0000
vt 0.8209 0.7791 0.0000
vt 0.8284 0.7775 0.0000
vt 0.8271 0.8734 0.0000
vt 0.8284 0.8709 0.0000
vt 0.8284 0.6841 0.0000
vt 0.8209 0.6848 0.0000
vt 0.8284 0.5909 0.0000
vt 0.8209 0.5907 0.0000
vt 0.8209 0.4962 0.0000
vt 0.8284 0.4974 0.0000
vt 0.3814 0.7795 0.0000
vt 0.3850 0.6880 0.0000
vt 0.3835 0.5978 0.0000
vt 0.3844 0.5054 0.0000
vt 0.4268 0.4016 0.0000
vt 0.4303 0.4931 0.0000
vt 0.4288 0.5834 0.0000
vt 0.4297 0.6757 0.0000
vt 0.4491 0.4036 0.0000
vt 0.4503 0.4970 0.0000
vt 0.4493 0.5902 0.0000
vt 0.4498 0.6838 0.0000
vt 0.7946 0.4366 0.0000
vt 0.7943 0.3347 0.0000
vt 0.8089 0.3157 0.0000
vt 0.8096 0.4197 0.0000
vt 0.7505 0.8631 0.0000
vt 0.7443 0.8631 0.0000
vt 0.7801 0.4672 0.0000
vt 0.7799 0.3694 0.0000
vt 0.8561 0.3304 0.0000
vt 0.8562 0.3075 0.0000
vt 0.8623 0.3304 0.0000
vt 0.8623 0.3710 0.0000
vt 0.8561 0.3708 0.0000
vt 0.7201 0.8136 0.0000
vt 0.7204 0.7117 0.0000
vt 0.7355 0.7286 0.0000
vt 0.7346 0.8326 0.0000
vt 0.4962 0.4094 0.0000
vt 0.4766 0.4159 0.0000
vt 0.4745 0.3222 0.0000
vt 0.4946 0.3106 0.0000
vt 0.4584 0.4252 0.0000
vt 0.4568 0.3376 0.0000
vt 0.7998 0.8844 0.0000
vt 0.7998 0.8626 0.0000
vt 0.7998 0.8408 0.0000
vt 0.3562 0.8691 0.0000
vt 0.3385 0.8589 0.0000
vt 0.3406 0.7651 0.0000
vt 0.3579 0.7706 0.0000
vt 0.6022 0.4323 0.0000
vt 0.6017 0.3107 0.0000
vt 0.6195 0.3102 0.0000
vt 0.6195 0.4305 0.0000
vt 0.5852 0.4363 0.0000
vt 0.5840 0.3176 0.0000
vt 0.7936 0.8626 0.0000
vt 0.7936 0.8844 0.0000
vt 0.5357 0.8791 0.0000
vt 0.5180 0.8786 0.0000
vt 0.5185 0.7566 0.0000
vt 0.5357 0.7585 0.0000
vt 0.7057 0.7791 0.0000
vt 0.7059 0.6811 0.0000
vt 0.8872 0.4135 0.0000
vt 0.8934 0.3075 0.0000
vt 0.8934 0.4134 0.0000
vt 0.7874 0.8602 0.0000
vt 0.7812 0.8789 0.0000
vt 0.7812 0.8601 0.0000
vt 0.8561 0.4691 0.0000
vt 0.8623 0.4691 0.0000
vt 0.3208 0.8435 0.0000
vt 0.3225 0.7559 0.0000
vt 0.8122 0.7735 0.0000
vt 0.8197 0.7715 0.0000
vt 0.8203 0.8704 0.0000
vt 0.8128 0.8734 0.0000
vt 0.8190 0.8734 0.0000
vt 0.7505 0.8862 0.0000
vt 0.8748 0.7567 0.0000
vt 0.8686 0.8445 0.0000
vt 0.8686 0.7567 0.0000
vt 0.5015 0.7527 0.0000
vt 0.5003 0.8717 0.0000
vt 0.8346 0.7607 0.0000
vt 0.8353 0.8818 0.0000
vt 0.8291 0.8818 0.0000
vt 0.8284 0.7605 0.0000
vt 0.8430 0.3075 0.0000
vt 0.8492 0.3075 0.0000
vt 0.8485 0.4269 0.0000
vt 0.8422 0.4271 0.0000
vt 0.8112 0.3075 0.0000
vt 0.8122 0.4134 0.0000
vt 0.7370 0.3077 0.0000
vt 0.7328 0.4185 0.0000
vt 0.7302 0.4147 0.0000
vt 0.7345 0.3102 0.0000
vt 0.7192 0.3076 0.0000
vt 0.7192 0.3102 0.0000
vt 0.7201 0.8181 0.0000
vt 0.7033 0.7778 0.0000
vt 0.7020 0.4005 0.0000
vt 0.7019 0.3075 0.0000
vt 0.7042 0.3101 0.0000
vt 0.7039 0.4029 0.0000
vt 0.7782 0.7454 0.0000
vt 0.7785 0.8382 0.0000
vt 0.7761 0.8408 0.0000
vt 0.7762 0.7477 0.0000
vt 0.7934 0.8381 0.0000
vt 0.7934 0.8407 0.0000
vt 0.7943 0.3302 0.0000
vt 0.3557 0.4034 0.0000
vt 0.3578 0.3102 0.0000
vt 0.3602 0.3077 0.0000
vt 0.3583 0.4020 0.0000
vt 0.3396 0.3102 0.0000
vt 0.3396 0.3076 0.0000
vt 0.3385 0.8619 0.0000
vt 0.3184 0.8445 0.0000
vt 0.3147 0.3970 0.0000
vt 0.3184 0.3075 0.0000
vt 0.3209 0.3101 0.0000
vt 0.3170 0.3990 0.0000
vt 0.4532 0.7821 0.0000
vt 0.4569 0.8710 0.0000
vt 0.4544 0.8736 0.0000
vt 0.4509 0.7841 0.0000
vt 0.4756 0.8735 0.0000
vt 0.4756 0.8709 0.0000
vt 0.4745 0.3192 0.0000
vt 0.4946 0.3075 0.0000
vt 0.6218 0.3075 0.0000
vt 0.6218 0.4286 0.0000
vt 0.5341 0.4239 0.0000
vt 0.5357 0.3101 0.0000
vt 0.5381 0.3075 0.0000
vt 0.5365 0.4224 0.0000
vt 0.5180 0.3075 0.0000
vt 0.5180 0.3101 0.0000
vt 0.5180 0.8812 0.0000
vt 0.4979 0.8734 0.0000
vt 0.4979 0.3075 0.0000
vt 0.5003 0.3101 0.0000
vt 0.4987 0.4224 0.0000
vt 0.4962 0.4207 0.0000
vt 0.5817 0.8818 0.0000
vt 0.5800 0.7686 0.0000
vt 0.5826 0.7669 0.0000
vt 0.5840 0.8792 0.0000
vt 0.6018 0.8792 0.0000
vt 0.6018 0.8818 0.0000
vt 0.6017 0.3081 0.0000
vt 0.7370 0.8408 0.0000
vt 0.8087 0.8380 0.0000
vt 0.8112 0.8406 0.0000
vt 0.7775 0.3706 0.0000
vt 0.3585 0.8736 0.0000
vt 0.4962 0.8734 0.0000
vt 0.4962 0.8708 0.0000
vt 0.4545 0.3366 0.0000
vt 0.5381 0.8818 0.0000
vt 0.6218 0.8818 0.0000
vt 0.6195 0.8792 0.0000
vt 0.5817 0.3159 0.0000
vt 0.7812 0.8408 0.0000
vt 0.7874 0.8408 0.0000
vt 0.5829 0.4353 0.0000
vt 0.5817 0.5426 0.0000
vt 0.5803 0.5427 0.0000
vt 0.5839 0.6546 0.0000
vt 0.5816 0.6554 0.0000
vt 0.4992 0.7539 0.0000
vt 0.4965 0.6466 0.0000
vt 0.4978 0.6467 0.0000
vt 0.5002 0.5348 0.0000
vt 0.4978 0.5339 0.0000
vt 0.5381 0.7605 0.0000
vt 0.5347 0.6515 0.0000
vt 0.5372 0.6521 0.0000
vt 0.5381 0.5372 0.0000
vt 0.5357 0.5377 0.0000
vt 0.6179 0.7654 0.0000
vt 0.6203 0.7669 0.0000
vt 0.6218 0.6521 0.0000
vt 0.6195 0.6516 0.0000
vt 0.6185 0.5378 0.0000
vt 0.6210 0.5372 0.0000
vt 0.8492 0.7603 0.0000
vt 0.8492 0.8734 0.0000
vt 0.8430 0.8734 0.0000
vt 0.8430 0.7603 0.0000
vt 0.8492 0.6471 0.0000
vt 0.8430 0.6471 0.0000
vt 0.8492 0.5344 0.0000
vt 0.8430 0.5344 0.0000
vt 0.8353 0.3075 0.0000
vt 0.8353 0.4224 0.0000
vt 0.8291 0.4224 0.0000
vt 0.8291 0.3075 0.0000
vt 0.8291 0.5372 0.0000
vt 0.8353 0.5372 0.0000
vt 0.8353 0.6521 0.0000
vt 0.8291 0.6521 0.0000
vt 0.5167 0.4238 0.0000
vt 0.5179 0.5375 0.0000
vt 0.5161 0.6512 0.0000
vt 0.6005 0.7655 0.0000
vt 0.6017 0.6518 0.0000
vt 0.6000 0.5381 0.0000
vt 0.7777 0.4687 0.0000
vt 0.7774 0.5610 0.0000
vt 0.7751 0.5626 0.0000
vt 0.7807 0.6526 0.0000
vt 0.7783 0.6547 0.0000
vt 0.7035 0.6795 0.0000
vt 0.7009 0.5856 0.0000
vt 0.7031 0.5872 0.0000
vt 0.7065 0.4956 0.0000
vt 0.7041 0.4936 0.0000
vt 0.7381 0.7349 0.0000
vt 0.7328 0.6170 0.0000
vt 0.7354 0.6224 0.0000
vt 0.7357 0.5192 0.0000
vt 0.7381 0.5209 0.0000
vt 0.8046 0.7336 0.0000
vt 0.8068 0.7340 0.0000
vt 0.8099 0.6291 0.0000
vt 0.8122 0.6274 0.0000
vt 0.8097 0.5257 0.0000
vt 0.8070 0.5296 0.0000
vt 0.8624 0.7482 0.0000
vt 0.8562 0.8412 0.0000
vt 0.8562 0.7482 0.0000
vt 0.8562 0.6551 0.0000
vt 0.8624 0.6551 0.0000
vt 0.8561 0.5631 0.0000
vt 0.8623 0.5630 0.0000
vt 0.8934 0.7297 0.0000
vt 0.8934 0.8406 0.0000
vt 0.8872 0.7339 0.0000
vt 0.8934 0.6274 0.0000
vt 0.8872 0.6274 0.0000
vt 0.8934 0.5258 0.0000
vt 0.8872 0.5256 0.0000
vt 0.7166 0.4105 0.0000
vt 0.7211 0.5109 0.0000
vt 0.7171 0.6072 0.0000
vt 0.7909 0.7378 0.0000
vt 0.7953 0.6374 0.0000
vt 0.7914 0.5409 0.0000
vt 0.4560 0.4244 0.0000
vt 0.4571 0.5169 0.0000
vt 0.4547 0.5172 0.0000
vt 0.4560 0.6054 0.0000
vt 0.4535 0.6062 0.0000
vt 0.4555 0.6946 0.0000
vt 0.4578 0.6932 0.0000
vt 0.3200 0.7567 0.0000
vt 0.3187 0.6638 0.0000
vt 0.3211 0.6640 0.0000
vt 0.3174 0.5748 0.0000
vt 0.3199 0.5756 0.0000
vt 0.3195 0.4865 0.0000
vt 0.3218 0.4879 0.0000
vt 0.3602 0.7737 0.0000
vt 0.3567 0.6828 0.0000
vt 0.3591 0.6849 0.0000
vt 0.3561 0.5893 0.0000
vt 0.3585 0.5903 0.0000
vt 0.3573 0.4965 0.0000
vt 0.3596 0.4963 0.0000
vt 0.8748 0.3970 0.0000
vt 0.8686 0.3970 0.0000
vt 0.8686 0.4865 0.0000
vt 0.8748 0.4865 0.0000
vt 0.8748 0.5748 0.0000
vt 0.8686 0.5749 0.0000
vt 0.8748 0.6638 0.0000
vt 0.8686 0.6639 0.0000
vt 0.8190 0.3075 0.0000
vt 0.8203 0.3101 0.0000
vt 0.8203 0.4035 0.0000
vt 0.8128 0.4019 0.0000
vt 0.8128 0.3075 0.0000
vt 0.8203 0.4968 0.0000
vt 0.8128 0.4962 0.0000
vt 0.8203 0.5900 0.0000
vt 0.8128 0.5902 0.0000
vt 0.8203 0.6836 0.0000
vt 0.8128 0.6848 0.0000
vt 0.3359 0.4016 0.0000
vt 0.3395 0.4931 0.0000
vt 0.3380 0.5833 0.0000
vt 0.3390 0.6757 0.0000
vt 0.4721 0.7795 0.0000
vt 0.4756 0.6880 0.0000
vt 0.4741 0.5977 0.0000
vt 0.4750 0.5054 0.0000
vt 0.4943 0.7775 0.0000
vt 0.4956 0.6841 0.0000
vt 0.4946 0.5909 0.0000
vt 0.4951 0.4973 0.0000
# 1292 texture coords

o Cube_004
g Cube_004
usemtl pruerta_uno_01___Default
s off
f 385/409/117 386/410/118 387/411/119 388/412/120 
f 389/413/121 390/414/122 391/415/123 392/416/124 
f 387/411/119 393/417/125 394/418/126 388/412/120 
f 395/419/127 390/414/122 389/413/121 396/420/128 
f 393/417/125 397/421/129 398/422/130 394/418/126 
f 399/423/131 395/419/127 396/420/128 400/424/132 
f 397/421/129 401/425/133 402/426/134 398/422/130 
f 403/427/135 399/423/131 400/424/132 404/428/136 
f 401/425/133 405/429/137 406/430/138 402/426/134 
f 403/427/135 404/428/136 407/431/139 408/432/140 
f 409/433/141 410/434/142 411/435/143 
f 412/436/144 406/430/138 405/429/137 
f 407/431/139 413/437/145 414/438/146 408/432/140 
f 411/435/143 415/439/147 416/440/148 409/433/141 
f 413/437/145 386/410/118 385/409/117 414/438/146 
f 415/439/147 392/416/124 391/415/123 416/440/148 
f 401/425/133 417/441/149 418/442/150 405/429/137 
f 419/443/151 420/444/152 407/431/139 404/428/136 
f 411/435/143 410/434/142 421/445/153 
f 412/436/144 405/429/137 418/442/150 
f 422/446/154 413/437/145 407/431/139 420/444/152 
f 423/447/155 415/439/147 411/435/143 421/445/153 
f 424/448/156 386/410/118 413/437/145 422/446/154 
f 392/416/124 415/439/147 423/447/155 425/449/157 
f 386/410/118 424/448/156 426/450/158 387/411/119 
f 425/449/157 427/451/159 389/413/121 392/416/124 
f 426/450/158 428/452/160 393/417/125 387/411/119 
f 429/453/161 396/420/128 389/413/121 427/451/159 
f 393/417/125 428/452/160 430/454/162 397/421/129 
f 431/455/163 400/424/132 396/420/128 429/453/161 
f 430/454/162 417/441/149 401/425/133 397/421/129 
f 431/455/163 419/443/151 404/428/136 400/424/132 
f 432/456/164 433/457/165 427/451/159 425/449/157 
f 434/458/166 428/452/160 426/450/158 435/459/167 
f 429/453/161 427/451/159 433/457/165 436/460/168 
f 434/458/166 437/461/169 430/454/162 428/452/160 
f 429/453/161 436/460/168 438/462/170 431/455/163 
f 439/463/171 417/441/149 430/454/162 437/461/169 
f 440/464/172 419/443/151 431/455/163 438/462/170 
f 439/463/171 441/465/173 418/442/150 417/441/149 
f 440/464/172 442/466/174 420/444/152 419/443/151 
f 421/445/153 410/434/142 443/467/175 
f 412/436/144 418/442/150 441/465/173 
f 444/468/176 422/446/154 420/444/152 442/466/174 
f 421/445/153 443/467/175 445/469/177 423/447/155 
f 422/446/154 444/468/176 446/470/178 424/448/156 
f 445/469/177 432/456/164 425/449/157 423/447/155 
f 424/448/156 446/470/178 435/459/167 426/450/158 
f 447/471/179 442/466/174 440/464/172 448/472/180 
f 443/467/175 410/434/142 449/473/181 
f 412/436/144 441/465/173 450/474/182 
f 447/471/179 451/475/183 444/468/176 442/466/174 
f 445/469/177 443/467/175 449/473/181 452/476/184 
f 451/475/183 453/477/185 446/470/178 444/468/176 
f 452/476/184 454/478/186 432/456/164 445/469/177 
f 453/477/185 455/479/187 435/459/167 446/470/178 
f 456/480/188 433/457/165 432/456/164 454/478/186 
f 435/459/167 455/479/187 457/481/189 434/458/166 
f 458/482/190 436/460/168 433/457/165 456/480/188 
f 434/458/166 457/481/189 459/483/191 437/461/169 
f 438/462/170 436/460/168 458/482/190 460/484/192 
f 439/463/171 437/461/169 459/483/191 461/485/193 
f 438/462/170 460/484/192 448/472/180 440/464/172 
f 439/463/171 461/485/193 450/474/182 441/465/173 
f 455/479/187 462/486/194 463/487/195 457/481/189 
f 464/488/196 465/489/197 458/482/190 456/480/188 
f 466/490/198 459/483/191 457/481/189 463/487/195 
f 465/489/197 467/491/199 460/484/192 458/482/190 
f 459/483/191 466/490/198 468/492/200 461/485/193 
f 460/484/192 467/491/199 469/493/201 448/472/180 
f 470/494/202 450/474/182 461/485/193 468/492/200 
f 469/493/201 471/495/203 447/471/179 448/472/180 
f 449/473/181 410/434/142 472/496/204 
f 412/436/144 450/474/182 470/494/202 
f 447/471/179 471/495/203 473/497/205 451/475/183 
f 474/498/206 452/476/184 449/473/181 472/496/204 
f 451/475/183 473/497/205 475/499/207 453/477/185 
f 474/498/206 476/500/208 454/478/186 452/476/184 
f 455/479/187 453/477/185 475/499/207 462/486/194 
f 464/488/196 456/480/188 454/478/186 476/500/208 
f 472/496/204 410/434/142 477/501/209 
f 412/436/144 470/494/202 478/502/210 
f 479/503/211 480/504/212 473/497/205 471/495/203 
f 474/498/206 472/496/204 477/501/209 481/505/213 
f 475/499/207 473/497/205 480/504/212 482/506/214 
f 476/500/208 474/498/206 481/505/213 483/507/215 
f 482/506/214 484/508/216 462/486/194 475/499/207 
f 485/509/217 464/488/196 476/500/208 483/507/215 
f 462/486/194 484/508/216 486/510/218 463/487/195 
f 464/488/196 485/509/217 487/511/219 465/489/197 
f 463/487/195 486/510/218 488/512/220 466/490/198 
f 489/513/221 467/491/199 465/489/197 487/511/219 
f 468/492/200 466/490/198 488/512/220 490/514/222 
f 469/493/201 467/491/199 489/513/221 491/515/223 
f 490/514/222 478/502/210 470/494/202 468/492/200 
f 471/495/203 469/493/201 491/515/223 479/503/211 
f 492/516/224 493/517/225 487/511/219 485/509/217 
f 486/510/218 494/518/226 495/519/227 488/512/220 
f 496/520/228 489/513/221 487/511/219 493/517/225 
f 495/519/227 497/521/229 490/514/222 488/512/220 
f 498/522/230 491/515/223 489/513/221 496/520/228 
f 497/521/229 499/523/231 478/502/210 490/514/222 
f 498/522/230 500/524/232 479/503/211 491/515/223 
f 477/501/209 410/434/142 501/525/233 
f 412/436/144 478/502/210 499/523/231 
f 500/524/232 502/526/234 480/504/212 479/503/211 
f 503/527/235 481/505/213 477/501/209 501/525/233 
f 504/528/236 482/506/214 480/504/212 502/526/234 
f 481/505/213 503/527/235 505/529/237 483/507/215 
f 482/506/214 504/528/236 506/530/238 484/508/216 
f 505/529/237 492/516/224 485/509/217 483/507/215 
f 486/510/218 484/508/216 506/530/238 494/518/226 
f 502/526/234 500/524/232 507/531/239 508/532/240 
f 503/527/235 501/525/233 509/533/241 510/534/242 
f 504/528/236 502/526/234 508/532/240 511/535/243 
f 503/527/235 510/534/242 512/536/244 505/529/237 
f 511/535/243 513/537/245 506/530/238 504/528/236 
f 514/538/246 492/516/224 505/529/237 512/536/244 
f 515/539/247 494/518/226 506/530/238 513/537/245 
f 514/538/246 516/540/248 493/517/225 492/516/224 
f 517/541/249 495/519/227 494/518/226 515/539/247 
f 518/542/250 496/520/228 493/517/225 516/540/248 
f 517/541/249 519/543/251 497/521/229 495/519/227 
f 518/542/250 520/544/252 498/522/230 496/520/228 
f 521/545/253 499/523/231 497/521/229 519/543/251 
f 498/522/230 520/544/252 507/531/239 500/524/232 
f 501/525/233 410/434/142 509/533/241 
f 412/436/144 499/523/231 521/545/253 
f 522/546/254 517/541/249 515/539/247 523/547/255 
f 524/548/256 518/542/250 516/540/248 525/549/257 
f 526/550/258 519/543/251 517/541/249 522/546/254 
f 518/542/250 524/548/256 527/551/259 520/544/252 
f 521/545/253 519/543/251 526/550/258 528/552/260 
f 529/553/261 507/531/239 520/544/252 527/551/259 
f 509/533/241 410/434/142 530/554/262 
f 412/436/144 521/545/253 528/552/260 
f 508/532/240 507/531/239 529/553/261 531/555/263 
f 532/556/264 510/534/242 509/533/241 530/554/262 
f 533/557/265 511/535/243 508/532/240 531/555/263 
f 512/536/244 510/534/242 532/556/264 534/558/266 
f 513/537/245 511/535/243 533/557/265 535/559/267 
f 514/538/246 512/536/244 534/558/266 536/560/268 
f 535/559/267 523/547/255 515/539/247 513/537/245 
f 514/538/246 536/560/268 525/549/257 516/540/248 
f 537/561/269 538/562/270 533/557/265 531/555/263 
f 539/563/271 534/558/266 532/556/264 540/564/272 
f 538/562/270 541/565/273 535/559/267 533/557/265 
f 534/558/266 539/563/271 542/566/274 536/560/268 
f 541/565/273 543/567/275 523/547/255 535/559/267 
f 525/549/257 536/560/268 542/566/274 544/568/276 
f 543/567/275 545/569/277 522/546/254 523/547/255 
f 525/549/257 544/568/276 546/570/278 524/548/256 
f 547/571/279 526/550/258 522/546/254 545/569/277 
f 548/572/280 527/551/259 524/548/256 546/570/278 
f 528/552/260 526/550/258 547/571/279 549/573/281 
f 550/574/282 529/553/261 527/551/259 548/572/280 
f 530/554/262 410/434/142 551/575/283 
f 412/436/144 528/552/260 549/573/281 
f 537/561/269 531/555/263 529/553/261 550/574/282 
f 530/554/262 551/575/283 540/564/272 532/556/264 
f 552/576/284 553/577/285 547/571/279 545/569/277 
f 554/578/286 548/572/280 546/570/278 555/579/287 
f 556/580/288 549/573/281 547/571/279 553/577/285 
f 550/574/282 548/572/280 554/578/286 557/581/289 
f 551/575/283 410/434/142 558/582/290 
f 412/436/144 549/573/281 556/580/288 
f 559/583/291 537/561/269 550/574/282 557/581/289 
f 560/584/292 540/564/272 551/575/283 558/582/290 
f 538/562/270 537/561/269 559/583/291 561/585/293 
f 560/584/292 562/586/294 539/563/271 540/564/272 
f 561/585/293 563/587/295 541/565/273 538/562/270 
f 539/563/271 562/586/294 564/588/296 542/566/274 
f 543/567/275 541/565/273 563/587/295 565/589/297 
f 542/566/274 564/588/296 566/590/298 544/568/276 
f 543/567/275 565/589/297 552/576/284 545/569/277 
f 555/579/287 546/570/278 544/568/276 566/590/298 
f 567/591/299 562/586/294 560/584/292 568/592/300 
f 569/593/301 563/587/295 561/585/293 570/594/302 
f 564/588/296 562/586/294 567/591/299 571/595/303 
f 569/593/301 572/596/304 565/589/297 563/587/295 
f 566/590/298 564/588/296 571/595/303 573/597/305 
f 574/598/306 552/576/284 565/589/297 572/596/304 
f 555/579/287 566/590/298 573/597/305 575/599/307 
f 574/598/306 576/600/308 553/577/285 552/576/284 
f 555/579/287 575/599/307 577/601/309 554/578/286 
f 578/602/310 556/580/288 553/577/285 576/600/308 
f 579/603/311 557/581/289 554/578/286 577/601/309 
f 558/582/290 410/434/142 580/604/312 
f 412/436/144 556/580/288 578/602/310 
f 579/603/311 581/605/313 559/583/291 557/581/289 
f 580/604/312 568/592/300 560/584/292 558/582/290 
f 581/605/313 570/594/302 561/585/293 559/583/291 
f 582/606/314 577/601/309 575/599/307 583/607/315 
f 578/602/310 576/600/308 584/608/316 585/609/317 
f 579/603/311 577/601/309 582/606/314 586/610/318 
f 580/604/312 410/434/142 587/611/319 
f 412/436/144 578/602/310 585/609/317 
f 581/605/313 579/603/311 586/610/318 588/612/320 
f 568/592/300 580/604/312 587/611/319 589/613/321 
f 588/612/320 590/614/322 570/594/302 581/605/313 
f 589/613/321 591/615/323 567/591/299 568/592/300 
f 570/594/302 590/614/322 592/616/324 569/593/301 
f 593/617/325 571/595/303 567/591/299 591/615/323 
f 594/618/326 572/596/304 569/593/301 592/616/324 
f 571/595/303 593/617/325 595/619/327 573/597/305 
f 594/618/326 596/620/328 574/598/306 572/596/304 
f 595/619/327 583/607/315 575/599/307 573/597/305 
f 596/620/328 584/608/316 576/600/308 574/598/306 
f 592/616/324 590/614/322 597/621/329 598/622/330 
f 599/623/331 593/617/325 591/615/323 600/624/332 
f 594/618/326 592/616/324 598/622/330 601/625/333 
f 602/626/334 595/619/327 593/617/325 599/623/331 
f 603/627/335 596/620/328 594/618/326 601/625/333 
f 602/626/334 604/628/336 583/607/315 595/619/327 
f 603/627/335 605/629/337 584/608/316 596/620/328 
f 582/606/314 583/607/315 604/628/336 606/630/338 
f 584/608/316 605/629/337 607/631/339 585/609/317 
f 608/632/340 586/610/318 582/606/314 606/630/338 
f 587/611/319 410/434/142 609/633/341 
f 412/436/144 585/609/317 607/631/339 
f 610/634/342 588/612/320 586/610/318 608/632/340 
f 587/611/319 609/633/341 611/635/343 589/613/321 
f 588/612/320 610/634/342 597/621/329 590/614/322 
f 589/613/321 611/635/343 600/624/332 591/615/323 
f 607/631/339 605/629/337 612/636/344 613/637/345 
f 608/632/340 606/630/338 614/638/346 615/639/347 
f 609/633/341 410/434/142 616/640/348 
f 412/436/144 607/631/339 613/637/345 
f 610/634/342 608/632/340 615/639/347 617/641/349 
f 611/635/343 609/633/341 616/640/348 618/642/350 
f 610/634/342 617/641/349 619/643/351 597/621/329 
f 611/635/343 618/642/350 620/644/352 600/624/332 
f 597/621/329 619/643/351 621/645/353 598/622/330 
f 620/644/352 622/646/354 599/623/331 600/624/332 
f 621/645/353 623/647/355 601/625/333 598/622/330 
f 622/646/354 624/648/356 602/626/334 599/623/331 
f 625/649/357 603/627/335 601/625/333 623/647/355 
f 602/626/334 624/648/356 626/650/358 604/628/336 
f 605/629/337 603/627/335 625/649/357 612/636/344 
f 604/628/336 626/650/358 614/638/346 606/630/338 
f 627/651/359 628/652/360 622/646/354 620/644/352 
f 629/653/361 623/647/355 621/645/353 630/654/362 
f 622/646/354 628/652/360 631/655/363 624/648/356 
f 623/647/355 629/653/361 632/656/364 625/649/357 
f 626/650/358 624/648/356 631/655/363 633/657/365 
f 612/636/344 625/649/357 632/656/364 634/658/366 
f 635/659/367 614/638/346 626/650/358 633/657/365 
f 612/636/344 634/658/366 636/660/368 613/637/345 
f 614/638/346 635/659/367 637/661/369 615/639/347 
f 616/640/348 410/434/142 638/662/370 
f 412/436/144 613/637/345 636/660/368 
f 639/663/371 617/641/349 615/639/347 637/661/369 
f 616/640/348 638/662/370 640/664/372 618/642/350 
f 619/643/351 617/641/349 639/663/371 641/665/373 
f 640/664/372 627/651/359 620/644/352 618/642/350 
f 641/665/373 630/654/362 621/645/353 619/643/351 
f 642/409/117 643/410/118 644/411/119 645/412/120 
f 646/415/123 647/416/124 648/413/121 649/414/122 
f 650/418/126 645/412/120 644/411/119 651/417/125 
f 649/414/122 648/413/121 652/420/128 653/419/127 
f 650/418/126 651/417/125 654/421/129 655/422/130 
f 653/419/127 652/420/128 656/424/132 657/423/374 
f 658/426/134 655/422/130 654/421/129 659/425/133 
f 656/424/132 660/428/136 661/427/135 657/423/374 
f 662/430/138 658/426/134 659/425/133 663/429/137 
f 664/432/140 661/427/135 660/428/136 665/431/139 
f 666/433/141 667/434/142 668/435/143 
f 669/436/144 662/430/138 663/429/137 
f 670/438/146 664/432/140 665/431/139 671/437/145 
f 666/433/141 668/435/143 672/439/147 673/440/148 
f 642/409/117 670/438/146 671/437/145 643/410/118 
f 646/415/123 673/440/148 672/439/147 647/416/124 
f 659/425/133 674/441/149 675/442/150 663/429/137 
f 660/428/136 676/443/151 677/444/152 665/431/139 
f 668/435/143 667/434/142 678/445/153 
f 669/436/144 663/429/137 675/442/150 
f 679/446/154 671/437/145 665/431/139 677/444/152 
f 672/439/147 668/435/143 678/445/153 680/447/155 
f 643/410/118 671/437/145 679/446/154 681/448/375 
f 682/449/157 647/416/124 672/439/147 680/447/155 
f 681/448/375 683/450/158 644/411/119 643/410/118 
f 682/449/157 684/451/159 648/413/121 647/416/124 
f 644/411/119 683/450/158 685/452/160 651/417/125 
f 684/451/159 686/453/161 652/420/128 648/413/121 
f 685/452/160 687/454/162 654/421/129 651/417/125 
f 652/420/128 686/453/161 688/455/163 656/424/132 
f 687/454/162 674/441/149 659/425/133 654/421/129 
f 688/455/163 676/443/151 660/428/136 656/424/132 
f 689/456/164 690/457/165 684/451/159 682/449/157 
f 685/452/160 683/450/158 691/459/167 692/458/166 
f 690/457/165 693/460/168 686/453/161 684/451/159 
f 692/458/166 694/461/169 687/454/162 685/452/160 
f 688/455/163 686/453/161 693/460/168 695/462/170 
f 694/461/169 696/463/171 674/441/149 687/454/162 
f 695/462/170 697/464/172 676/443/151 688/455/163 
f 675/442/150 674/441/149 696/463/171 698/465/173 
f 699/466/174 677/444/152 676/443/151 697/464/172 
f 678/445/153 667/434/142 700/467/175 
f 669/436/144 675/442/150 698/465/173 
f 679/446/154 677/444/152 699/466/174 701/468/176 
f 680/447/155 678/445/153 700/467/175 702/469/177 
f 681/448/375 679/446/154 701/468/176 703/470/178 
f 702/469/177 689/456/164 682/449/157 680/447/155 
f 691/459/167 683/450/158 681/448/375 703/470/178 
f 704/472/180 705/471/179 699/466/174 697/464/172 
f 700/467/175 667/434/142 706/473/181 
f 669/436/144 698/465/173 707/474/182 
f 699/466/174 705/471/179 708/475/183 701/468/176 
f 700/467/175 706/473/181 709/476/184 702/469/177 
f 701/468/176 708/475/183 710/477/185 703/470/178 
f 689/456/164 702/469/177 709/476/184 711/478/186 
f 703/470/178 710/477/185 712/479/187 691/459/167 
f 689/456/164 711/478/186 713/480/188 690/457/165 
f 691/459/167 712/479/187 714/481/189 692/458/166 
f 715/482/190 693/460/168 690/457/165 713/480/188 
f 694/461/169 692/458/166 714/481/189 716/483/191 
f 695/462/170 693/460/168 715/482/190 717/484/192 
f 696/463/171 694/461/169 716/483/191 718/485/193 
f 697/464/172 695/462/170 717/484/192 704/472/180 
f 707/474/182 698/465/173 696/463/171 718/485/193 
f 712/479/187 719/486/194 720/487/195 714/481/189 
f 721/488/196 722/489/197 715/482/190 713/480/188 
f 720/487/195 723/490/198 716/483/191 714/481/189 
f 717/484/192 715/482/190 722/489/197 724/491/199 
f 723/490/198 725/492/200 718/485/193 716/483/191 
f 717/484/192 724/491/199 726/493/201 704/472/180 
f 707/474/182 718/485/193 725/492/200 727/494/202 
f 726/493/201 728/495/203 705/471/179 704/472/180 
f 706/473/181 667/434/142 729/496/204 
f 669/436/144 707/474/182 727/494/202 
f 728/495/203 730/497/205 708/475/183 705/471/179 
f 706/473/181 729/496/204 731/498/206 709/476/184 
f 708/475/183 730/497/205 732/499/207 710/477/185 
f 733/500/208 711/478/186 709/476/184 731/498/206 
f 710/477/185 732/499/207 719/486/194 712/479/187 
f 721/488/196 713/480/188 711/478/186 733/500/208 
f 729/496/204 667/434/142 734/501/209 
f 669/436/144 727/494/202 735/502/210 
f 736/504/212 730/497/205 728/495/203 737/503/211 
f 734/501/209 738/505/213 731/498/206 729/496/204 
f 736/504/212 739/506/214 732/499/207 730/497/205 
f 738/505/213 740/507/215 733/500/208 731/498/206 
f 732/499/207 739/506/214 741/508/216 719/486/194 
f 740/507/215 742/509/217 721/488/196 733/500/208 
f 720/487/195 719/486/194 741/508/216 743/510/218 
f 722/489/197 721/488/196 742/509/217 744/511/219 
f 745/512/220 723/490/198 720/487/195 743/510/218 
f 744/511/219 746/513/221 724/491/199 722/489/197 
f 725/492/200 723/490/198 745/512/220 747/514/222 
f 746/513/221 748/515/223 726/493/201 724/491/199 
f 747/514/222 735/502/210 727/494/202 725/492/200 
f 737/503/211 728/495/203 726/493/201 748/515/223 
f 744/511/219 742/509/217 749/516/224 750/517/225 
f 751/519/227 745/512/220 743/510/218 752/518/226 
f 753/520/228 746/513/221 744/511/219 750/517/225 
f 754/521/229 747/514/222 745/512/220 751/519/227 
f 753/520/228 755/522/230 748/515/223 746/513/221 
f 756/523/231 735/502/210 747/514/222 754/521/229 
f 755/522/230 757/524/232 737/503/211 748/515/223 
f 734/501/209 667/434/142 758/525/233 
f 669/436/144 735/502/210 756/523/231 
f 757/524/232 759/526/234 736/504/212 737/503/211 
f 758/525/233 760/527/235 738/505/213 734/501/209 
f 736/504/212 759/526/234 761/528/236 739/506/214 
f 762/529/237 740/507/215 738/505/213 760/527/235 
f 763/530/238 741/508/216 739/506/214 761/528/236 
f 740/507/215 762/529/237 749/516/224 742/509/217 
f 741/508/216 763/530/238 752/518/226 743/510/218 
f 764/532/240 759/526/234 757/524/232 765/531/239 
f 766/534/242 760/527/235 758/525/233 767/533/241 
f 764/532/240 768/535/243 761/528/236 759/526/234 
f 762/529/237 760/527/235 766/534/242 769/536/244 
f 761/528/236 768/535/243 770/537/245 763/530/238 
f 769/536/244 771/538/246 749/516/224 762/529/237 
f 770/537/245 772/539/247 752/518/226 763/530/238 
f 749/516/224 771/538/246 773/540/248 750/517/225 
f 772/539/247 774/541/249 751/519/227 752/518/226 
f 775/542/250 753/520/228 750/517/225 773/540/248 
f 751/519/227 774/541/249 776/543/251 754/521/229 
f 755/522/230 753/520/228 775/542/250 777/544/252 
f 778/545/253 756/523/231 754/521/229 776/543/251 
f 777/544/252 765/531/239 757/524/232 755/522/230 
f 758/525/233 667/434/142 767/533/241 
f 669/436/144 756/523/231 778/545/253 
f 779/547/255 780/546/254 774/541/249 772/539/247 
f 775/542/250 773/540/248 781/549/257 782/548/256 
f 776/543/251 774/541/249 780/546/254 783/550/258 
f 782/548/256 784/551/259 777/544/252 775/542/250 
f 783/550/258 785/552/260 778/545/253 776/543/251 
f 777/544/252 784/551/259 786/553/261 765/531/239 
f 767/533/241 667/434/142 787/554/262 
f 669/436/144 778/545/253 785/552/260 
f 765/531/239 786/553/261 788/555/263 764/532/240 
f 789/556/264 766/534/242 767/533/241 787/554/262 
f 768/535/243 764/532/240 788/555/263 790/557/265 
f 769/536/244 766/534/242 789/556/264 791/558/266 
f 770/537/245 768/535/243 790/557/265 792/559/267 
f 769/536/244 791/558/266 793/560/268 771/538/246 
f 792/559/267 779/547/255 772/539/247 770/537/245 
f 793/560/268 781/549/257 773/540/248 771/538/246 
f 794/562/270 790/557/265 788/555/263 795/561/269 
f 789/556/264 796/564/272 797/563/271 791/558/266 
f 790/557/265 794/562/270 798/565/273 792/559/267 
f 797/563/271 799/566/274 793/560/268 791/558/266 
f 798/565/273 800/567/275 779/547/255 792/559/267 
f 801/568/276 781/549/257 793/560/268 799/566/274 
f 802/569/277 780/546/254 779/547/255 800/567/275 
f 781/549/257 801/568/276 803/570/278 782/548/256 
f 804/571/279 783/550/258 780/546/254 802/569/277 
f 784/551/259 782/548/256 803/570/278 805/572/280 
f 806/573/281 785/552/260 783/550/258 804/571/279 
f 786/553/261 784/551/259 805/572/280 807/574/282 
f 787/554/262 667/434/142 808/575/283 
f 669/436/144 785/552/260 806/573/281 
f 807/574/282 795/561/269 788/555/263 786/553/261 
f 808/575/283 796/564/272 789/556/264 787/554/262 
f 809/576/284 810/577/285 804/571/279 802/569/277 
f 811/578/286 805/572/280 803/570/278 812/579/287 
f 810/577/285 813/580/376 806/573/281 804/571/279 
f 807/574/282 805/572/280 811/578/286 814/581/289 
f 808/575/283 667/434/142 815/582/290 
f 669/436/144 806/573/281 813/580/376 
f 816/583/291 795/561/269 807/574/282 814/581/289 
f 796/564/272 808/575/283 815/582/290 817/584/292 
f 794/562/270 795/561/269 816/583/291 818/585/377 
f 796/564/272 817/584/292 819/586/294 797/563/271 
f 818/585/377 820/587/295 798/565/273 794/562/270 
f 821/588/296 799/566/274 797/563/271 819/586/294 
f 800/567/275 798/565/273 820/587/295 822/589/297 
f 799/566/274 821/588/296 823/590/298 801/568/276 
f 800/567/275 822/589/297 809/576/284 802/569/277 
f 803/570/278 801/568/276 823/590/298 812/579/287 
f 824/591/299 819/586/294 817/584/292 825/592/300 
f 818/585/377 826/594/302 827/593/301 820/587/295 
f 828/595/303 821/588/296 819/586/294 824/591/299 
f 829/596/304 822/589/297 820/587/295 827/593/301 
f 821/588/296 828/595/303 830/597/305 823/590/298 
f 822/589/297 829/596/304 831/598/306 809/576/284 
f 823/590/298 830/597/305 832/599/307 812/579/287 
f 833/600/308 810/577/285 809/576/284 831/598/306 
f 832/599/307 834/601/309 811/578/286 812/579/287 
f 810/577/285 833/600/308 835/602/310 813/580/376 
f 811/578/286 834/601/309 836/603/311 814/581/289 
f 815/582/290 667/434/142 837/604/312 
f 669/436/144 813/580/376 835/602/310 
f 836/603/311 838/605/378 816/583/291 814/581/289 
f 825/592/300 817/584/292 815/582/290 837/604/312 
f 838/605/378 826/594/302 818/585/377 816/583/291 
f 834/601/309 832/599/307 839/607/315 840/606/314 
f 833/600/308 841/608/316 842/609/317 835/602/310 
f 834/601/309 840/606/314 843/610/318 836/603/311 
f 837/604/312 667/434/142 844/611/319 
f 669/436/144 835/602/310 842/609/317 
f 843/610/318 845/612/320 838/605/378 836/603/311 
f 846/613/321 825/592/300 837/604/312 844/611/319 
f 845/612/320 847/614/322 826/594/302 838/605/378 
f 825/592/300 846/613/321 848/615/323 824/591/299 
f 849/616/324 827/593/301 826/594/302 847/614/322 
f 848/615/323 850/617/325 828/595/303 824/591/299 
f 827/593/301 849/616/324 851/618/326 829/596/304 
f 828/595/303 850/617/325 852/619/327 830/597/305 
f 829/596/304 851/618/326 853/620/328 831/598/306 
f 832/599/307 830/597/305 852/619/327 839/607/315 
f 853/620/328 841/608/316 833/600/308 831/598/306 
f 854/621/379 855/622/330 849/616/324 847/614/322 
f 848/615/323 856/624/332 857/623/331 850/617/325 
f 855/622/330 858/625/333 851/618/326 849/616/324 
f 852/619/327 850/617/325 857/623/331 859/626/334 
f 853/620/328 851/618/326 858/625/333 860/627/380 
f 852/619/327 859/626/334 861/628/336 839/607/315 
f 853/620/328 860/627/380 862/629/337 841/608/316 
f 861/628/336 863/630/338 840/606/314 839/607/315 
f 842/609/317 841/608/316 862/629/337 864/631/339 
f 843/610/318 840/606/314 863/630/338 865/632/340 
f 844/611/319 667/434/142 866/633/341 
f 669/436/144 842/609/317 864/631/339 
f 867/634/342 845/612/320 843/610/318 865/632/340 
f 868/635/343 846/613/321 844/611/319 866/633/341 
f 867/634/342 854/621/379 847/614/322 845/612/320 
f 868/635/343 856/624/332 848/615/323 846/613/321 
f 869/637/345 864/631/339 862/629/337 870/636/344 
f 863/630/338 871/638/346 872/639/347 865/632/340 
f 866/633/341 667/434/142 873/640/348 
f 669/436/144 864/631/339 869/637/345 
f 867/634/342 865/632/340 872/639/347 874/641/381 
f 873/640/348 875/642/382 868/635/343 866/633/341 
f 867/634/342 874/641/381 876/643/351 854/621/379 
f 877/644/352 856/624/332 868/635/343 875/642/382 
f 876/643/351 878/645/353 855/622/330 854/621/379 
f 857/623/331 856/624/332 877/644/352 879/646/383 
f 855/622/330 878/645/353 880/647/355 858/625/333 
f 857/623/331 879/646/383 881/648/356 859/626/334 
f 860/627/380 858/625/333 880/647/355 882/649/357 
f 883/650/358 861/628/336 859/626/334 881/648/356 
f 860/627/380 882/649/357 870/636/344 862/629/337 
f 871/638/346 863/630/338 861/628/336 883/650/358 
f 879/646/383 877/644/352 884/651/359 885/652/384 
f 880/647/355 878/645/353 886/654/362 887/653/361 
f 879/646/383 885/652/384 888/655/363 881/648/356 
f 880/647/355 887/653/361 889/656/385 882/649/357 
f 883/650/358 881/648/356 888/655/363 890/657/365 
f 870/636/344 882/649/357 889/656/385 891/658/366 
f 890/657/365 892/659/367 871/638/346 883/650/358 
f 870/636/344 891/658/366 893/660/368 869/637/345 
f 871/638/346 892/659/367 894/661/369 872/639/347 
f 873/640/348 667/434/142 895/662/370 
f 669/436/144 869/637/345 893/660/368 
f 894/661/369 896/663/371 874/641/381 872/639/347 
f 895/662/370 897/664/372 875/642/382 873/640/348 
f 898/665/373 876/643/351 874/641/381 896/663/371 
f 897/664/372 884/651/359 877/644/352 875/642/382 
f 898/665/373 886/654/362 878/645/353 876/643/351 
f 899/412/120 900/409/117 901/410/118 902/411/386 
f 903/416/124 904/413/387 905/414/388 906/415/123 
f 907/417/389 908/418/126 899/412/120 902/411/386 
f 909/419/127 905/414/388 904/413/387 910/420/128 
f 911/422/130 908/418/126 907/417/389 912/421/390 
f 913/424/132 914/423/374 909/419/127 910/420/128 
f 915/426/134 911/422/130 912/421/390 916/425/133 
f 917/427/135 914/423/374 913/424/132 918/428/391 
f 919/429/137 920/430/138 915/426/134 916/425/133 
f 921/432/140 917/427/135 918/428/391 922/431/139 
f 923/433/141 924/434/142 925/435/143 
f 926/436/144 920/430/138 919/429/137 
f 921/432/140 922/431/139 927/437/145 928/438/392 
f 929/440/148 923/433/141 925/435/143 930/439/147 
f 901/410/118 900/409/117 928/438/392 927/437/145 
f 929/440/148 930/439/147 903/416/124 906/415/123 
f 931/441/149 932/442/150 919/429/137 916/425/133 
f 933/443/151 934/444/152 922/431/139 918/428/391 
f 925/435/143 924/434/142 935/445/153 
f 926/436/144 919/429/137 932/442/150 
f 927/437/145 922/431/139 934/444/152 936/446/154 
f 930/439/147 925/435/143 935/445/153 937/447/155 
f 927/437/145 936/446/154 938/448/375 901/410/118 
f 930/439/147 937/447/155 939/449/393 903/416/124 
f 902/411/386 901/410/118 938/448/375 940/450/158 
f 904/413/387 903/416/124 939/449/393 941/451/159 
f 940/450/158 942/452/160 907/417/389 902/411/386 
f 910/420/128 904/413/387 941/451/159 943/453/161 
f 942/452/160 944/454/162 912/421/390 907/417/389 
f 910/420/128 943/453/161 945/455/163 913/424/132 
f 944/454/162 931/441/149 916/425/133 912/421/390 
f 933/443/151 918/428/391 913/424/132 945/455/163 
f 946/457/165 941/451/159 939/449/393 947/456/164 
f 942/452/160 940/450/158 948/459/167 949/458/166 
f 941/451/159 946/457/165 950/460/168 943/453/161 
f 951/461/169 944/454/162 942/452/160 949/458/166 
f 945/455/163 943/453/161 950/460/168 952/462/170 
f 951/461/169 953/463/171 931/441/149 944/454/162 
f 954/464/172 933/443/151 945/455/163 952/462/170 
f 955/465/173 932/442/150 931/441/149 953/463/171 
f 956/466/174 934/444/152 933/443/151 954/464/172 
f 935/445/153 924/434/142 957/467/175 
f 926/436/144 932/442/150 955/465/173 
f 934/444/152 956/466/174 958/468/176 936/446/154 
f 937/447/155 935/445/153 957/467/175 959/469/177 
f 938/448/375 936/446/154 958/468/176 960/470/178 
f 937/447/155 959/469/177 947/456/164 939/449/393 
f 938/448/375 960/470/178 948/459/167 940/450/158 
f 954/464/172 961/472/180 962/471/179 956/466/174 
f 957/467/175 924/434/142 963/473/181 
f 926/436/144 955/465/173 964/474/182 
f 958/468/176 956/466/174 962/471/179 965/475/183 
f 959/469/177 957/467/175 963/473/181 966/476/184 
f 967/477/185 960/470/178 958/468/176 965/475/183 
f 959/469/177 966/476/184 968/478/186 947/456/164 
f 967/477/185 969/479/187 948/459/167 960/470/178 
f 968/478/186 970/480/188 946/457/165 947/456/164 
f 969/479/187 971/481/189 949/458/166 948/459/167 
f 946/457/165 970/480/188 972/482/190 950/460/168 
f 949/458/166 971/481/189 973/483/191 951/461/169 
f 974/484/394 952/462/170 950/460/168 972/482/190 
f 953/463/171 951/461/169 973/483/191 975/485/193 
f 974/484/394 961/472/180 954/464/172 952/462/170 
f 975/485/193 964/474/182 955/465/173 953/463/171 
f 976/487/195 971/481/189 969/479/187 977/486/194 
f 978/489/197 972/482/190 970/480/188 979/488/196 
f 971/481/189 976/487/195 980/490/198 973/483/191 
f 974/484/394 972/482/190 978/489/197 981/491/199 
f 975/485/193 973/483/191 980/490/198 982/492/200 
f 961/472/180 974/484/394 981/491/199 983/493/201 
f 964/474/182 975/485/193 982/492/200 984/494/202 
f 961/472/180 983/493/201 985/495/203 962/471/179 
f 963/473/181 924/434/142 986/496/204 
f 926/436/144 964/474/182 984/494/202 
f 987/497/205 965/475/183 962/471/179 985/495/203 
f 963/473/181 986/496/204 988/498/206 966/476/184 
f 967/477/185 965/475/183 987/497/205 989/499/207 
f 968/478/186 966/476/184 988/498/206 990/500/208 
f 977/486/194 969/479/187 967/477/185 989/499/207 
f 979/488/196 970/480/188 968/478/186 990/500/208 
f 986/496/204 924/434/142 991/501/395 
f 926/436/144 984/494/202 992/502/210 
f 993/503/211 994/504/212 987/497/205 985/495/203 
f 988/498/206 986/496/204 991/501/395 995/505/213 
f 989/499/207 987/497/205 994/504/212 996/506/214 
f 990/500/208 988/498/206 995/505/213 997/507/215 
f 996/506/214 998/508/216 977/486/194 989/499/207 
f 997/507/215 999/509/217 979/488/196 990/500/208 
f 977/486/194 998/508/216 1000/510/218 976/487/195 
f 999/509/217 1001/511/219 978/489/197 979/488/196 
f 980/490/198 976/487/195 1000/510/218 1002/512/220 
f 978/489/197 1001/511/219 1003/513/221 981/491/199 
f 980/490/198 1002/512/220 1004/514/222 982/492/200 
f 981/491/199 1003/513/221 1005/515/223 983/493/201 
f 1004/514/222 992/502/210 984/494/202 982/492/200 
f 983/493/201 1005/515/223 993/503/211 985/495/203 
f 1006/517/225 1001/511/219 999/509/217 1007/516/224 
f 1002/512/220 1000/510/218 1008/518/226 1009/519/227 
f 1010/520/228 1003/513/221 1001/511/219 1006/517/225 
f 1002/512/220 1009/519/227 1011/521/229 1004/514/222 
f 1012/522/230 1005/515/223 1003/513/221 1010/520/228 
f 992/502/210 1004/514/222 1011/521/229 1013/523/231 
f 993/503/211 1005/515/223 1012/522/230 1014/524/232 
f 991/501/395 924/434/142 1015/525/233 
f 926/436/144 992/502/210 1013/523/231 
f 993/503/211 1014/524/232 1016/526/234 994/504/212 
f 991/501/395 1015/525/233 1017/527/235 995/505/213 
f 994/504/212 1016/526/234 1018/528/236 996/506/214 
f 995/505/213 1017/527/235 1019/529/237 997/507/215 
f 1020/530/238 998/508/216 996/506/214 1018/528/236 
f 1019/529/237 1007/516/224 999/509/217 997/507/215 
f 998/508/216 1020/530/238 1008/518/226 1000/510/218 
f 1021/531/239 1022/532/240 1016/526/234 1014/524/232 
f 1023/533/241 1024/534/242 1017/527/235 1015/525/233 
f 1022/532/240 1025/535/243 1018/528/236 1016/526/234 
f 1024/534/242 1026/536/244 1019/529/237 1017/527/235 
f 1020/530/238 1018/528/236 1025/535/243 1027/537/245 
f 1019/529/237 1026/536/244 1028/538/246 1007/516/224 
f 1029/539/247 1008/518/226 1020/530/238 1027/537/245 
f 1030/540/248 1006/517/225 1007/516/224 1028/538/246 
f 1029/539/247 1031/541/249 1009/519/227 1008/518/226 
f 1032/542/250 1010/520/228 1006/517/225 1030/540/248 
f 1031/541/249 1033/543/251 1011/521/229 1009/519/227 
f 1012/522/230 1010/520/228 1032/542/250 1034/544/252 
f 1013/523/231 1011/521/229 1033/543/251 1035/545/253 
f 1034/544/252 1021/531/239 1014/524/232 1012/522/230 
f 1015/525/233 924/434/142 1023/533/241 
f 926/436/144 1013/523/231 1035/545/253 
f 1036/546/254 1031/541/249 1029/539/247 1037/547/255 
f 1032/542/250 1030/540/248 1038/549/257 1039/548/256 
f 1033/543/251 1031/541/249 1036/546/254 1040/550/258 
f 1034/544/252 1032/542/250 1039/548/256 1041/551/259 
f 1040/550/258 1042/552/260 1035/545/253 1033/543/251 
f 1041/551/259 1043/553/261 1021/531/239 1034/544/252 
f 1023/533/241 924/434/142 1044/554/262 
f 926/436/144 1035/545/253 1042/552/260 
f 1045/555/263 1022/532/240 1021/531/239 1043/553/261 
f 1023/533/241 1044/554/262 1046/556/264 1024/534/242 
f 1022/532/240 1045/555/263 1047/557/265 1025/535/243 
f 1046/556/264 1048/558/266 1026/536/244 1024/534/242 
f 1047/557/265 1049/559/267 1027/537/245 1025/535/243 
f 1028/538/246 1026/536/244 1048/558/266 1050/560/268 
f 1029/539/247 1027/537/245 1049/559/267 1037/547/255 
f 1050/560/268 1038/549/257 1030/540/248 1028/538/246 
f 1045/555/263 1051/561/269 1052/562/270 1047/557/265 
f 1048/558/266 1046/556/264 1053/564/272 1054/563/271 
f 1047/557/265 1052/562/270 1055/565/273 1049/559/267 
f 1056/566/274 1050/560/268 1048/558/266 1054/563/271 
f 1055/565/273 1057/567/275 1037/547/255 1049/559/267 
f 1056/566/274 1058/568/276 1038/549/257 1050/560/268 
f 1059/569/277 1036/546/254 1037/547/255 1057/567/275 
f 1058/568/276 1060/570/278 1039/548/256 1038/549/257 
f 1059/569/277 1061/571/279 1040/550/258 1036/546/254 
f 1062/572/280 1041/551/259 1039/548/256 1060/570/278 
f 1040/550/258 1061/571/279 1063/573/281 1042/552/260 
f 1041/551/259 1062/572/280 1064/574/282 1043/553/261 
f 1044/554/262 924/434/142 1065/575/283 
f 926/436/144 1042/552/260 1063/573/281 
f 1045/555/263 1043/553/261 1064/574/282 1051/561/269 
f 1046/556/264 1044/554/262 1065/575/283 1053/564/272 
f 1066/577/285 1061/571/279 1059/569/277 1067/576/284 
f 1060/570/278 1068/579/287 1069/578/286 1062/572/280 
f 1066/577/285 1070/580/376 1063/573/281 1061/571/279 
f 1071/581/289 1064/574/282 1062/572/280 1069/578/286 
f 1065/575/283 924/434/142 1072/582/290 
f 926/436/144 1063/573/281 1070/580/376 
f 1073/583/291 1051/561/269 1064/574/282 1071/581/289 
f 1074/584/292 1053/564/272 1065/575/283 1072/582/290 
f 1073/583/291 1075/585/293 1052/562/270 1051/561/269 
f 1076/586/294 1054/563/271 1053/564/272 1074/584/292 
f 1052/562/270 1075/585/293 1077/587/295 1055/565/273 
f 1076/586/294 1078/588/296 1056/566/274 1054/563/271 
f 1079/589/297 1057/567/275 1055/565/273 1077/587/295 
f 1056/566/274 1078/588/296 1080/590/298 1058/568/276 
f 1067/576/284 1059/569/277 1057/567/275 1079/589/297 
f 1080/590/298 1068/579/287 1060/570/278 1058/568/276 
f 1081/592/300 1082/591/299 1076/586/294 1074/584/292 
f 1083/593/301 1077/587/295 1075/585/293 1084/594/302 
f 1085/595/303 1078/588/296 1076/586/294 1082/591/299 
f 1077/587/295 1083/593/301 1086/596/304 1079/589/297 
f 1085/595/303 1087/597/305 1080/590/298 1078/588/296 
f 1088/598/306 1067/576/284 1079/589/297 1086/596/304 
f 1089/599/307 1068/579/287 1080/590/298 1087/597/305 
f 1090/600/308 1066/577/285 1067/576/284 1088/598/306 
f 1089/599/307 1091/601/309 1069/578/286 1068/579/287 
f 1090/600/308 1092/602/310 1070/580/376 1066/577/285 
f 1093/603/311 1071/581/289 1069/578/286 1091/601/309 
f 1072/582/290 924/434/142 1094/604/312 
f 926/436/144 1070/580/376 1092/602/310 
f 1093/603/311 1095/605/313 1073/583/291 1071/581/289 
f 1094/604/312 1081/592/300 1074/584/292 1072/582/290 
f 1073/583/291 1095/605/313 1084/594/302 1075/585/293 
f 1096/606/314 1091/601/309 1089/599/307 1097/607/315 
f 1098/608/316 1099/609/317 1092/602/310 1090/600/308 
f 1093/603/311 1091/601/309 1096/606/314 1100/610/318 
f 1094/604/312 924/434/142 1101/611/319 
f 926/436/144 1092/602/310 1099/609/317 
f 1093/603/311 1100/610/318 1102/612/320 1095/605/313 
f 1094/604/312 1101/611/319 1103/613/321 1081/592/300 
f 1104/614/322 1084/594/302 1095/605/313 1102/612/320 
f 1103/613/321 1105/615/323 1082/591/299 1081/592/300 
f 1084/594/302 1104/614/322 1106/616/324 1083/593/301 
f 1082/591/299 1105/615/323 1107/617/325 1085/595/303 
f 1083/593/301 1106/616/324 1108/618/326 1086/596/304 
f 1085/595/303 1107/617/325 1109/619/327 1087/597/305 
f 1108/618/326 1110/620/328 1088/598/306 1086/596/304 
f 1089/599/307 1087/597/305 1109/619/327 1097/607/315 
f 1090/600/308 1088/598/306 1110/620/328 1098/608/316 
f 1111/622/330 1106/616/324 1104/614/322 1112/621/379 
f 1113/623/331 1107/617/325 1105/615/323 1114/624/332 
f 1115/625/333 1108/618/326 1106/616/324 1111/622/330 
f 1116/626/334 1109/619/327 1107/617/325 1113/623/331 
f 1115/625/333 1117/627/335 1110/620/328 1108/618/326 
f 1118/628/336 1097/607/315 1109/619/327 1116/626/334 
f 1117/627/335 1119/629/337 1098/608/316 1110/620/328 
f 1096/606/314 1097/607/315 1118/628/336 1120/630/338 
f 1098/608/316 1119/629/337 1121/631/339 1099/609/317 
f 1122/632/396 1100/610/318 1096/606/314 1120/630/338 
f 1101/611/319 924/434/142 1123/633/341 
f 926/436/144 1099/609/317 1121/631/339 
f 1124/634/342 1102/612/320 1100/610/318 1122/632/396 
f 1125/635/343 1103/613/321 1101/611/319 1123/633/341 
f 1112/621/379 1104/614/322 1102/612/320 1124/634/342 
f 1105/615/323 1103/613/321 1125/635/343 1114/624/332 
f 1126/637/345 1121/631/339 1119/629/337 1127/636/344 
f 1128/639/347 1122/632/396 1120/630/338 1129/638/346 
f 1123/633/341 924/434/142 1130/640/348 
f 926/436/144 1121/631/339 1126/637/345 
f 1128/639/347 1131/641/381 1124/634/342 1122/632/396 
f 1132/642/350 1125/635/343 1123/633/341 1130/640/348 
f 1112/621/379 1124/634/342 1131/641/381 1133/643/351 
f 1114/624/332 1125/635/343 1132/642/350 1134/644/352 
f 1135/645/353 1111/622/330 1112/621/379 1133/643/351 
f 1134/644/352 1136/646/383 1113/623/331 1114/624/332 
f 1137/647/355 1115/625/333 1111/622/330 1135/645/353 
f 1116/626/334 1113/623/331 1136/646/383 1138/648/356 
f 1117/627/335 1115/625/333 1137/647/355 1139/649/357 
f 1140/650/358 1118/628/336 1116/626/334 1138/648/356 
f 1127/636/344 1119/629/337 1117/627/335 1139/649/357 
f 1140/650/358 1129/638/346 1120/630/338 1118/628/336 
f 1141/652/384 1136/646/383 1134/644/352 1142/651/359 
f 1143/653/361 1137/647/355 1135/645/353 1144/654/362 
f 1138/648/356 1136/646/383 1141/652/384 1145/655/363 
f 1143/653/361 1146/656/385 1139/649/357 1137/647/355 
f 1147/657/365 1140/650/358 1138/648/356 1145/655/363 
f 1139/649/357 1146/656/385 1148/658/366 1127/636/344 
f 1147/657/365 1149/659/367 1129/638/346 1140/650/358 
f 1148/658/366 1150/660/368 1126/637/345 1127/636/344 
f 1129/638/346 1149/659/367 1151/661/369 1128/639/347 
f 1130/640/348 924/434/142 1152/662/370 
f 926/436/144 1126/637/345 1150/660/368 
f 1153/663/371 1131/641/381 1128/639/347 1151/661/369 
f 1130/640/348 1152/662/370 1154/664/372 1132/642/350 
f 1131/641/381 1153/663/371 1155/665/397 1133/643/351 
f 1142/651/359 1134/644/352 1132/642/350 1154/664/372 
f 1144/654/362 1135/645/353 1133/643/351 1155/665/397 
f 1156/409/117 1157/410/118 1158/411/119 1159/412/120 
f 1160/416/124 1161/413/121 1162/414/122 1163/415/123 
f 1164/418/126 1159/412/120 1158/411/119 1165/417/389 
f 1162/414/122 1161/413/121 1166/420/128 1167/419/127 
f 1168/421/129 1169/422/398 1164/418/126 1165/417/389 
f 1170/423/131 1167/419/127 1166/420/128 1171/424/132 
f 1168/421/129 1172/425/133 1173/426/399 1169/422/398 
f 1174/427/135 1170/423/131 1171/424/132 1175/428/136 
f 1173/426/399 1172/425/133 1176/429/137 1177/430/138 
f 1174/427/135 1175/428/136 1178/431/139 1179/432/140 
f 1180/433/141 1181/434/142 1182/435/143 
f 1183/436/144 1177/430/138 1176/429/137 
f 1184/438/392 1179/432/140 1178/431/139 1185/437/145 
f 1186/440/148 1180/433/141 1182/435/143 1187/439/147 
f 1184/438/392 1185/437/145 1157/410/118 1156/409/117 
f 1186/440/148 1187/439/147 1160/416/124 1163/415/123 
f 1176/429/137 1172/425/133 1188/441/149 1189/442/150 
f 1175/428/136 1190/443/151 1191/444/152 1178/431/139 
f 1182/435/143 1181/434/142 1192/445/400 
f 1183/436/144 1176/429/137 1189/442/150 
f 1185/437/145 1178/431/139 1191/444/152 1193/446/154 
f 1192/445/400 1194/447/155 1187/439/147 1182/435/143 
f 1185/437/145 1193/446/154 1195/448/156 1157/410/118 
f 1196/449/157 1160/416/124 1187/439/147 1194/447/155 
f 1158/411/119 1157/410/118 1195/448/156 1197/450/158 
f 1196/449/157 1198/451/159 1161/413/121 1160/416/124 
f 1199/452/160 1165/417/389 1158/411/119 1197/450/158 
f 1161/413/121 1198/451/159 1200/453/161 1166/420/128 
f 1168/421/129 1165/417/389 1199/452/160 1201/454/162 
f 1202/455/163 1171/424/132 1166/420/128 1200/453/161 
f 1168/421/129 1201/454/162 1188/441/149 1172/425/133 
f 1175/428/136 1171/424/132 1202/455/163 1190/443/151 
f 1198/451/159 1196/449/157 1203/456/164 1204/457/401 
f 1199/452/160 1197/450/158 1205/459/167 1206/458/166 
f 1200/453/161 1198/451/159 1204/457/401 1207/460/168 
f 1208/461/402 1201/454/162 1199/452/160 1206/458/166 
f 1207/460/168 1209/462/170 1202/455/163 1200/453/161 
f 1201/454/162 1208/461/402 1210/463/171 1188/441/149 
f 1190/443/151 1202/455/163 1209/462/170 1211/464/172 
f 1189/442/150 1188/441/149 1210/463/171 1212/465/173 
f 1191/444/152 1190/443/151 1211/464/172 1213/466/174 
f 1192/445/400 1181/434/142 1214/467/175 
f 1183/436/144 1189/442/150 1212/465/173 
f 1191/444/152 1213/466/174 1215/468/176 1193/446/154 
f 1214/467/175 1216/469/177 1194/447/155 1192/445/400 
f 1195/448/156 1193/446/154 1215/468/176 1217/470/178 
f 1194/447/155 1216/469/177 1203/456/164 1196/449/157 
f 1217/470/178 1205/459/167 1197/450/158 1195/448/156 
f 1218/472/180 1219/471/179 1213/466/174 1211/464/172 
f 1214/467/175 1181/434/142 1220/473/181 
f 1183/436/144 1212/465/173 1221/474/182 
f 1213/466/174 1219/471/179 1222/475/183 1215/468/176 
f 1220/473/181 1223/476/184 1216/469/177 1214/467/175 
f 1224/477/185 1217/470/178 1215/468/176 1222/475/183 
f 1225/478/186 1203/456/164 1216/469/177 1223/476/184 
f 1217/470/178 1224/477/185 1226/479/187 1205/459/167 
f 1227/480/188 1204/457/401 1203/456/164 1225/478/186 
f 1205/459/167 1226/479/187 1228/481/189 1206/458/166 
f 1227/480/188 1229/482/190 1207/460/168 1204/457/401 
f 1208/461/402 1206/458/166 1228/481/189 1230/483/191 
f 1209/462/170 1207/460/168 1229/482/190 1231/484/192 
f 1230/483/191 1232/485/193 1210/463/171 1208/461/402 
f 1211/464/172 1209/462/170 1231/484/192 1218/472/180 
f 1232/485/193 1221/474/182 1212/465/173 1210/463/171 
f 1226/479/187 1233/486/194 1234/487/195 1228/481/189 
f 1229/482/190 1227/480/188 1235/488/196 1236/489/197 
f 1237/490/198 1230/483/191 1228/481/189 1234/487/195 
f 1238/491/199 1231/484/192 1229/482/190 1236/489/197 
f 1239/492/200 1232/485/193 1230/483/191 1237/490/198 
f 1231/484/192 1238/491/199 1240/493/201 1218/472/180 
f 1241/494/202 1221/474/182 1232/485/193 1239/492/200 
f 1242/495/203 1219/471/179 1218/472/180 1240/493/201 
f 1220/473/181 1181/434/142 1243/496/204 
f 1183/436/144 1221/474/182 1241/494/202 
f 1242/495/203 1244/497/205 1222/475/183 1219/471/179 
f 1243/496/204 1245/498/403 1223/476/184 1220/473/181 
f 1246/499/207 1224/477/185 1222/475/183 1244/497/205 
f 1225/478/186 1223/476/184 1245/498/403 1247/500/208 
f 1226/479/187 1224/477/185 1246/499/207 1233/486/194 
f 1247/500/208 1235/488/196 1227/480/188 1225/478/186 
f 1243/496/204 1181/434/142 1248/501/209 
f 1183/436/144 1241/494/202 1249/502/210 
f 1244/497/205 1242/495/203 1250/503/211 1251/504/212 
f 1245/498/403 1243/496/204 1248/501/209 1252/505/213 
f 1253/506/214 1246/499/207 1244/497/205 1251/504/212 
f 1247/500/208 1245/498/403 1252/505/213 1254/507/215 
f 1255/508/216 1233/486/194 1246/499/207 1253/506/214 
f 1254/507/215 1256/509/217 1235/488/196 1247/500/208 
f 1255/508/216 1257/510/218 1234/487/195 1233/486/194 
f 1256/509/217 1258/511/219 1236/489/197 1235/488/196 
f 1257/510/218 1259/512/220 1237/490/198 1234/487/195 
f 1236/489/197 1258/511/219 1260/513/221 1238/491/199 
f 1237/490/198 1259/512/220 1261/514/222 1239/492/200 
f 1262/515/223 1240/493/201 1238/491/199 1260/513/221 
f 1239/492/200 1261/514/222 1249/502/210 1241/494/202 
f 1262/515/223 1250/503/211 1242/495/203 1240/493/201 
f 1263/517/225 1258/511/219 1256/509/217 1264/516/224 
f 1259/512/220 1257/510/218 1265/518/226 1266/519/227 
f 1263/517/225 1267/520/228 1260/513/221 1258/511/219 
f 1268/521/229 1261/514/222 1259/512/220 1266/519/227 
f 1269/522/230 1262/515/223 1260/513/221 1267/520/228 
f 1268/521/229 1270/523/231 1249/502/210 1261/514/222 
f 1262/515/223 1269/522/230 1271/524/232 1250/503/211 
f 1248/501/209 1181/434/142 1272/525/233 
f 1183/436/144 1249/502/210 1270/523/231 
f 1250/503/211 1271/524/232 1273/526/234 1251/504/212 
f 1272/525/233 1274/527/235 1252/505/213 1248/501/209 
f 1273/526/234 1275/528/236 1253/506/214 1251/504/212 
f 1276/529/237 1254/507/215 1252/505/213 1274/527/235 
f 1277/530/238 1255/508/216 1253/506/214 1275/528/236 
f 1256/509/217 1254/507/215 1276/529/237 1264/516/224 
f 1265/518/226 1257/510/218 1255/508/216 1277/530/238 
f 1273/526/234 1271/524/232 1278/531/239 1279/532/240 
f 1280/533/241 1281/534/242 1274/527/235 1272/525/233 
f 1279/532/240 1282/535/243 1275/528/236 1273/526/234 
f 1283/536/244 1276/529/237 1274/527/235 1281/534/242 
f 1282/535/243 1284/537/245 1277/530/238 1275/528/236 
f 1283/536/244 1285/538/246 1264/516/224 1276/529/237 
f 1265/518/226 1277/530/238 1284/537/245 1286/539/247 
f 1264/516/224 1285/538/246 1287/540/248 1263/517/225 
f 1288/541/249 1266/519/227 1265/518/226 1286/539/247 
f 1289/542/250 1267/520/228 1263/517/225 1287/540/248 
f 1290/543/251 1268/521/229 1266/519/227 1288/541/249 
f 1289/542/250 1291/544/252 1269/522/230 1267/520/228 
f 1268/521/229 1290/543/251 1292/545/253 1270/523/231 
f 1271/524/232 1269/522/230 1291/544/252 1278/531/239 
f 1272/525/233 1181/434/142 1280/533/241 
f 1183/436/144 1270/523/231 1292/545/253 
f 1286/539/247 1293/547/255 1294/546/254 1288/541/249 
f 1287/540/248 1295/549/257 1296/548/256 1289/542/250 
f 1294/546/254 1297/550/258 1290/543/251 1288/541/249 
f 1298/551/259 1291/544/252 1289/542/250 1296/548/256 
f 1290/543/251 1297/550/258 1299/552/260 1292/545/253 
f 1300/553/261 1278/531/239 1291/544/252 1298/551/259 
f 1280/533/241 1181/434/142 1301/554/262 
f 1183/436/144 1292/545/253 1299/552/260 
f 1278/531/239 1300/553/261 1302/555/263 1279/532/240 
f 1280/533/241 1301/554/262 1303/556/264 1281/534/242 
f 1304/557/265 1282/535/243 1279/532/240 1302/555/263 
f 1281/534/242 1303/556/264 1305/558/266 1283/536/244 
f 1304/557/265 1306/559/267 1284/537/245 1282/535/243 
f 1307/560/268 1285/538/246 1283/536/244 1305/558/266 
f 1293/547/255 1286/539/247 1284/537/245 1306/559/267 
f 1307/560/268 1295/549/257 1287/540/248 1285/538/246 
f 1304/557/265 1302/555/263 1308/561/269 1309/562/270 
f 1305/558/266 1303/556/264 1310/564/272 1311/563/271 
f 1309/562/270 1312/565/273 1306/559/267 1304/557/265 
f 1311/563/271 1313/566/274 1307/560/268 1305/558/266 
f 1312/565/273 1314/567/275 1293/547/255 1306/559/267 
f 1295/549/257 1307/560/268 1313/566/274 1315/568/276 
f 1314/567/275 1316/569/277 1294/546/254 1293/547/255 
f 1296/548/256 1295/549/257 1315/568/276 1317/570/278 
f 1316/569/277 1318/571/279 1297/550/258 1294/546/254 
f 1317/570/278 1319/572/280 1298/551/259 1296/548/256 
f 1297/550/258 1318/571/279 1320/573/281 1299/552/260 
f 1300/553/261 1298/551/259 1319/572/280 1321/574/282 
f 1301/554/262 1181/434/142 1322/575/283 
f 1183/436/144 1299/552/260 1320/573/281 
f 1302/555/263 1300/553/261 1321/574/282 1308/561/269 
f 1303/556/264 1301/554/262 1322/575/283 1310/564/272 
f 1323/576/284 1324/577/285 1318/571/279 1316/569/277 
f 1325/579/287 1326/578/286 1319/572/280 1317/570/278 
f 1324/577/285 1327/580/288 1320/573/281 1318/571/279 
f 1319/572/280 1326/578/286 1328/581/289 1321/574/282 
f 1322/575/283 1181/434/142 1329/582/290 
f 1183/436/144 1320/573/281 1327/580/288 
f 1330/583/291 1308/561/269 1321/574/282 1328/581/289 
f 1329/582/290 1331/584/292 1310/564/272 1322/575/283 
f 1332/585/377 1309/562/270 1308/561/269 1330/583/291 
f 1331/584/292 1333/586/294 1311/563/271 1310/564/272 
f 1334/587/295 1312/565/273 1309/562/270 1332/585/377 
f 1313/566/274 1311/563/271 1333/586/294 1335/588/296 
f 1314/567/275 1312/565/273 1334/587/295 1336/589/297 
f 1315/568/276 1313/566/274 1335/588/296 1337/590/404 
f 1336/589/297 1323/576/284 1316/569/277 1314/567/275 
f 1337/590/404 1325/579/287 1317/570/278 1315/568/276 
f 1333/586/294 1331/584/292 1338/592/300 1339/591/299 
f 1332/585/377 1340/594/302 1341/593/301 1334/587/295 
f 1335/588/296 1333/586/294 1339/591/299 1342/595/303 
f 1341/593/301 1343/596/304 1336/589/297 1334/587/295 
f 1337/590/404 1335/588/296 1342/595/303 1344/597/305 
f 1323/576/284 1336/589/297 1343/596/304 1345/598/405 
f 1337/590/404 1344/597/305 1346/599/307 1325/579/287 
f 1345/598/405 1347/600/308 1324/577/285 1323/576/284 
f 1346/599/307 1348/601/309 1326/578/286 1325/579/287 
f 1349/602/310 1327/580/288 1324/577/285 1347/600/308 
f 1348/601/309 1350/603/311 1328/581/289 1326/578/286 
f 1329/582/290 1181/434/142 1351/604/312 
f 1183/436/144 1327/580/288 1349/602/310 
f 1350/603/311 1352/605/378 1330/583/291 1328/581/289 
f 1329/582/290 1351/604/312 1338/592/300 1331/584/292 
f 1332/585/377 1330/583/291 1352/605/378 1340/594/302 
f 1346/599/307 1353/607/315 1354/606/314 1348/601/309 
f 1355/609/317 1349/602/310 1347/600/308 1356/608/316 
f 1350/603/311 1348/601/309 1354/606/314 1357/610/318 
f 1351/604/312 1181/434/142 1358/611/319 
f 1183/436/144 1349/602/310 1355/609/317 
f 1357/610/318 1359/612/320 1352/605/378 1350/603/311 
f 1338/592/300 1351/604/312 1358/611/319 1360/613/321 
f 1352/605/378 1359/612/320 1361/614/322 1340/594/302 
f 1338/592/300 1360/613/321 1362/615/323 1339/591/299 
f 1341/593/301 1340/594/302 1361/614/322 1363/616/324 
f 1364/617/325 1342/595/303 1339/591/299 1362/615/323 
f 1341/593/301 1363/616/324 1365/618/326 1343/596/304 
f 1344/597/305 1342/595/303 1364/617/325 1366/619/327 
f 1367/620/328 1345/598/405 1343/596/304 1365/618/326 
f 1346/599/307 1344/597/305 1366/619/327 1353/607/315 
f 1347/600/308 1345/598/405 1367/620/328 1356/608/316 
f 1368/622/330 1363/616/324 1361/614/322 1369/621/406 
f 1364/617/325 1362/615/323 1370/624/332 1371/623/331 
f 1365/618/326 1363/616/324 1368/622/330 1372/625/333 
f 1364/617/325 1371/623/331 1373/626/334 1366/619/327 
f 1367/620/328 1365/618/326 1372/625/333 1374/627/380 
f 1353/607/315 1366/619/327 1373/626/334 1375/628/336 
f 1374/627/380 1376/629/337 1356/608/316 1367/620/328 
f 1354/606/314 1353/607/315 1375/628/336 1377/630/338 
f 1378/631/339 1355/609/317 1356/608/316 1376/629/337 
f 1354/606/314 1377/630/338 1379/632/396 1357/610/318 
f 1358/611/319 1181/434/142 1380/633/341 
f 1183/436/144 1355/609/317 1378/631/339 
f 1379/632/396 1381/634/342 1359/612/320 1357/610/318 
f 1380/633/341 1382/635/343 1360/613/321 1358/611/319 
f 1361/614/322 1359/612/320 1381/634/342 1369/621/406 
f 1360/613/321 1382/635/343 1370/624/332 1362/615/323 
f 1383/636/344 1384/637/345 1378/631/339 1376/629/337 
f 1385/639/347 1379/632/396 1377/630/338 1386/638/346 
f 1380/633/341 1181/434/142 1387/640/407 
f 1183/436/144 1378/631/339 1384/637/345 
f 1379/632/396 1385/639/347 1388/641/349 1381/634/342 
f 1380/633/341 1387/640/407 1389/642/382 1382/635/343 
f 1381/634/342 1388/641/349 1390/643/351 1369/621/406 
f 1389/642/382 1391/644/352 1370/624/332 1382/635/343 
f 1368/622/330 1369/621/406 1390/643/351 1392/645/353 
f 1370/624/332 1391/644/352 1393/646/354 1371/623/331 
f 1372/625/333 1368/622/330 1392/645/353 1394/647/355 
f 1373/626/334 1371/623/331 1393/646/354 1395/648/356 
f 1372/625/333 1394/647/355 1396/649/357 1374/627/380 
f 1375/628/336 1373/626/334 1395/648/356 1397/650/358 
f 1396/649/357 1383/636/344 1376/629/337 1374/627/380 
f 1397/650/358 1386/638/346 1377/630/338 1375/628/336 
f 1393/646/354 1391/644/352 1398/651/359 1399/652/360 
f 1392/645/353 1400/654/362 1401/653/361 1394/647/355 
f 1395/648/356 1393/646/354 1399/652/360 1402/655/408 
f 1401/653/361 1403/656/385 1396/649/357 1394/647/355 
f 1404/657/409 1397/650/358 1395/648/356 1402/655/408 
f 1396/649/357 1403/656/385 1405/658/366 1383/636/344 
f 1386/638/346 1397/650/358 1404/657/409 1406/659/367 
f 1384/637/345 1383/636/344 1405/658/366 1407/660/368 
f 1406/659/367 1408/661/369 1385/639/347 1386/638/346 
f 1387/640/407 1181/434/142 1409/662/370 
f 1183/436/144 1384/637/345 1407/660/368 
f 1385/639/347 1408/661/369 1410/663/371 1388/641/349 
f 1389/642/382 1387/640/407 1409/662/370 1411/664/410 
f 1390/643/351 1388/641/349 1410/663/371 1412/665/397 
f 1389/642/382 1411/664/410 1398/651/359 1391/644/352 
f 1390/643/351 1412/665/397 1400/654/362 1392/645/353 
f 1413/410/118 1414/411/386 1415/412/120 1416/409/117 
f 1417/416/124 1418/413/121 1419/414/388 1420/415/123 
f 1421/418/126 1415/412/120 1414/411/386 1422/417/389 
f 1418/413/121 1423/420/128 1424/419/127 1419/414/388 
f 1422/417/389 1425/421/390 1426/422/130 1421/418/126 
f 1423/420/128 1427/424/132 1428/423/374 1424/419/127 
f 1429/425/133 1430/426/134 1426/422/130 1425/421/390 
f 1427/424/132 1431/428/136 1432/427/135 1428/423/374 
f 1433/430/138 1430/426/134 1429/425/133 1434/429/137 
f 1435/432/140 1432/427/135 1431/428/136 1436/431/139 
f 1437/433/411 1438/434/142 1439/435/143 
f 1440/436/144 1433/430/138 1434/429/137 
f 1435/432/140 1436/431/139 1441/437/145 1442/438/392 
f 1443/439/147 1444/440/148 1437/433/411 1439/435/143 
f 1416/409/117 1442/438/392 1441/437/145 1413/410/118 
f 1420/415/123 1444/440/148 1443/439/147 1417/416/124 
f 1429/425/133 1445/441/149 1446/442/150 1434/429/137 
f 1447/443/151 1448/444/152 1436/431/139 1431/428/136 
f 1439/435/143 1438/434/142 1449/445/400 
f 1440/436/144 1434/429/137 1446/442/150 
f 1441/437/145 1436/431/139 1448/444/152 1450/446/154 
f 1449/445/400 1451/447/155 1443/439/147 1439/435/143 
f 1441/437/145 1450/446/154 1452/448/156 1413/410/118 
f 1417/416/124 1443/439/147 1451/447/155 1453/449/157 
f 1414/411/386 1413/410/118 1452/448/156 1454/450/158 
f 1417/416/124 1453/449/157 1455/451/159 1418/413/121 
f 1456/452/160 1422/417/389 1414/411/386 1454/450/158 
f 1423/420/128 1418/413/121 1455/451/159 1457/453/161 
f 1425/421/390 1422/417/389 1456/452/160 1458/454/162 
f 1427/424/132 1423/420/128 1457/453/161 1459/455/163 
f 1458/454/162 1445/441/149 1429/425/133 1425/421/390 
f 1459/455/163 1447/443/151 1431/428/136 1427/424/132 
f 1460/457/165 1455/451/159 1453/449/157 1461/456/164 
f 1462/459/167 1463/458/166 1456/452/160 1454/450/158 
f 1460/457/165 1464/460/168 1457/453/161 1455/451/159 
f 1463/458/166 1465/461/402 1458/454/162 1456/452/160 
f 1457/453/161 1464/460/168 1466/462/170 1459/455/163 
f 1465/461/402 1467/463/171 1445/441/149 1458/454/162 
f 1466/462/170 1468/464/172 1447/443/151 1459/455/163 
f 1469/465/173 1446/442/150 1445/441/149 1467/463/171 
f 1447/443/151 1468/464/172 1470/466/174 1448/444/152 
f 1449/445/400 1438/434/142 1471/467/175 
f 1440/436/144 1446/442/150 1469/465/173 
f 1470/466/174 1472/468/176 1450/446/154 1448/444/152 
f 1451/447/155 1449/445/400 1471/467/175 1473/469/177 
f 1472/468/176 1474/470/178 1452/448/156 1450/446/154 
f 1453/449/157 1451/447/155 1473/469/177 1461/456/164 
f 1474/470/178 1462/459/167 1454/450/158 1452/448/156 
f 1475/471/179 1470/466/174 1468/464/172 1476/472/180 
f 1471/467/175 1438/434/142 1477/473/181 
f 1440/436/144 1469/465/173 1478/474/182 
f 1470/466/174 1475/471/179 1479/475/183 1472/468/176 
f 1480/476/184 1473/469/177 1471/467/175 1477/473/181 
f 1474/470/178 1472/468/176 1479/475/183 1481/477/185 
f 1482/478/186 1461/456/164 1473/469/177 1480/476/184 
f 1481/477/185 1483/479/187 1462/459/167 1474/470/178 
f 1461/456/164 1482/478/186 1484/480/188 1460/457/165 
f 1463/458/166 1462/459/167 1483/479/187 1485/481/189 
f 1486/482/190 1464/460/168 1460/457/165 1484/480/188 
f 1463/458/166 1485/481/189 1487/483/191 1465/461/402 
f 1464/460/168 1486/482/190 1488/484/192 1466/462/170 
f 1467/463/171 1465/461/402 1487/483/191 1489/485/193 
f 1468/464/172 1466/462/170 1488/484/192 1476/472/180 
f 1478/474/182 1469/465/173 1467/463/171 1489/485/193 
f 1485/481/189 1483/479/187 1490/486/194 1491/487/195 
f 1486/482/190 1484/480/188 1492/488/196 1493/489/197 
f 1491/487/195 1494/490/198 1487/483/191 1485/481/189 
f 1495/491/199 1488/484/192 1486/482/190 1493/489/197 
f 1489/485/193 1487/483/191 1494/490/198 1496/492/200 
f 1495/491/199 1497/493/201 1476/472/180 1488/484/192 
f 1478/474/182 1489/485/193 1496/492/200 1498/494/202 
f 1476/472/180 1497/493/201 1499/495/203 1475/471/179 
f 1477/473/181 1438/434/142 1500/496/204 
f 1440/436/144 1478/474/182 1498/494/202 
f 1479/475/183 1475/471/179 1499/495/203 1501/497/205 
f 1500/496/204 1502/498/206 1480/476/184 1477/473/181 
f 1501/497/205 1503/499/412 1481/477/185 1479/475/183 
f 1502/498/206 1504/500/208 1482/478/186 1480/476/184 
f 1503/499/412 1490/486/194 1483/479/187 1481/477/185 
f 1484/480/188 1482/478/186 1504/500/208 1492/488/196 
f 1500/496/204 1438/434/142 1505/501/209 
f 1440/436/144 1498/494/202 1506/502/210 
f 1501/497/205 1499/495/203 1507/503/211 1508/504/212 
f 1505/501/209 1509/505/213 1502/498/206 1500/496/204 
f 1508/504/212 1510/506/214 1503/499/412 1501/497/205 
f 1511/507/215 1504/500/208 1502/498/206 1509/505/213 
f 1490/486/194 1503/499/412 1510/506/214 1512/508/216 
f 1504/500/208 1511/507/215 1513/509/217 1492/488/196 
f 1514/510/218 1491/487/195 1490/486/194 1512/508/216 
f 1515/511/219 1493/489/197 1492/488/196 1513/509/217 
f 1494/490/198 1491/487/195 1514/510/218 1516/512/413 
f 1495/491/199 1493/489/197 1515/511/219 1517/513/221 
f 1518/514/222 1496/492/200 1494/490/198 1516/512/413 
f 1519/515/223 1497/493/201 1495/491/199 1517/513/221 
f 1496/492/200 1518/514/222 1506/502/210 1498/494/202 
f 1499/495/203 1497/493/201 1519/515/223 1507/503/211 
f 1513/509/217 1520/516/224 1521/517/225 1515/511/219 
f 1516/512/413 1514/510/218 1522/518/226 1523/519/227 
f 1515/511/219 1521/517/225 1524/520/228 1517/513/221 
f 1518/514/222 1516/512/413 1523/519/227 1525/521/229 
f 1517/513/221 1524/520/228 1526/522/230 1519/515/223 
f 1518/514/222 1525/521/229 1527/523/231 1506/502/210 
f 1519/515/223 1526/522/230 1528/524/232 1507/503/211 
f 1505/501/209 1438/434/142 1529/525/233 
f 1440/436/144 1506/502/210 1527/523/231 
f 1507/503/211 1528/524/232 1530/526/234 1508/504/212 
f 1505/501/209 1529/525/233 1531/527/235 1509/505/213 
f 1510/506/214 1508/504/212 1530/526/234 1532/528/236 
f 1509/505/213 1531/527/235 1533/529/237 1511/507/215 
f 1512/508/216 1510/506/214 1532/528/236 1534/530/238 
f 1511/507/215 1533/529/237 1520/516/224 1513/509/217 
f 1514/510/218 1512/508/216 1534/530/238 1522/518/226 
f 1528/524/232 1535/531/239 1536/532/240 1530/526/234 
f 1537/533/241 1538/534/242 1531/527/235 1529/525/233 
f 1532/528/236 1530/526/234 1536/532/240 1539/535/243 
f 1540/536/244 1533/529/237 1531/527/235 1538/534/242 
f 1534/530/238 1532/528/236 1539/535/243 1541/537/245 
f 1533/529/237 1540/536/244 1542/538/246 1520/516/224 
f 1522/518/226 1534/530/238 1541/537/245 1543/539/247 
f 1520/516/224 1542/538/246 1544/540/248 1521/517/225 
f 1523/519/227 1522/518/226 1543/539/247 1545/541/249 
f 1521/517/225 1544/540/248 1546/542/250 1524/520/228 
f 1525/521/229 1523/519/227 1545/541/249 1547/543/251 
f 1524/520/228 1546/542/250 1548/544/252 1526/522/230 
f 1527/523/231 1525/521/229 1547/543/251 1549/545/253 
f 1526/522/230 1548/544/252 1535/531/239 1528/524/232 
f 1529/525/233 1438/434/142 1537/533/241 
f 1440/436/144 1527/523/231 1549/545/253 
f 1545/541/249 1543/539/247 1550/547/255 1551/546/254 
f 1544/540/248 1552/549/257 1553/548/256 1546/542/250 
f 1547/543/251 1545/541/249 1551/546/254 1554/550/258 
f 1546/542/250 1553/548/256 1555/551/259 1548/544/252 
f 1549/545/253 1547/543/251 1554/550/258 1556/552/260 
f 1548/544/252 1555/551/259 1557/553/261 1535/531/239 
f 1537/533/241 1438/434/142 1558/554/262 
f 1440/436/144 1549/545/253 1556/552/260 
f 1535/531/239 1557/553/261 1559/555/263 1536/532/240 
f 1560/556/264 1538/534/242 1537/533/241 1558/554/262 
f 1539/535/243 1536/532/240 1559/555/263 1561/557/265 
f 1562/558/266 1540/536/244 1538/534/242 1560/556/264 
f 1541/537/245 1539/535/243 1561/557/265 1563/559/267 
f 1540/536/244 1562/558/266 1564/560/268 1542/538/246 
f 1543/539/247 1541/537/245 1563/559/267 1550/547/255 
f 1542/538/246 1564/560/268 1552/549/257 1544/540/248 
f 1559/555/263 1565/561/269 1566/562/270 1561/557/265 
f 1567/563/271 1562/558/266 1560/556/264 1568/564/272 
f 1566/562/270 1569/565/273 1563/559/267 1561/557/265 
f 1570/566/274 1564/560/268 1562/558/266 1567/563/271 
f 1571/567/275 1550/547/255 1563/559/267 1569/565/273 
f 1572/568/276 1552/549/257 1564/560/268 1570/566/274 
f 1573/569/277 1551/546/254 1550/547/255 1571/567/275 
f 1574/570/278 1553/548/256 1552/549/257 1572/568/276 
f 1575/571/279 1554/550/258 1551/546/254 1573/569/277 
f 1576/572/280 1555/551/259 1553/548/256 1574/570/278 
f 1577/573/281 1556/552/260 1554/550/258 1575/571/279 
f 1578/574/282 1557/553/261 1555/551/259 1576/572/280 
f 1558/554/262 1438/434/142 1579/575/283 
f 1440/436/144 1556/552/260 1577/573/281 
f 1578/574/282 1565/561/269 1559/555/263 1557/553/261 
f 1568/564/272 1560/556/264 1558/554/262 1579/575/283 
f 1573/569/277 1580/576/284 1581/577/285 1575/571/279 
f 1576/572/280 1574/570/278 1582/579/287 1583/578/286 
f 1575/571/279 1581/577/285 1584/580/376 1577/573/281 
f 1578/574/282 1576/572/280 1583/578/286 1585/581/289 
f 1579/575/283 1438/434/142 1586/582/290 
f 1440/436/144 1577/573/281 1584/580/376 
f 1585/581/289 1587/583/291 1565/561/269 1578/574/282 
f 1579/575/283 1586/582/290 1588/584/292 1568/564/272 
f 1589/585/293 1566/562/270 1565/561/269 1587/583/291 
f 1567/563/271 1568/564/272 1588/584/292 1590/586/294 
f 1591/587/295 1569/565/273 1566/562/270 1589/585/293 
f 1570/566/274 1567/563/271 1590/586/294 1592/588/296 
f 1569/565/273 1591/587/295 1593/589/297 1571/567/275 
f 1572/568/276 1570/566/274 1592/588/296 1594/590/298 
f 1571/567/275 1593/589/297 1580/576/284 1573/569/277 
f 1574/570/278 1572/568/276 1594/590/298 1582/579/287 
f 1590/586/294 1588/584/292 1595/592/300 1596/591/299 
f 1589/585/293 1597/594/302 1598/593/301 1591/587/295 
f 1592/588/296 1590/586/294 1596/591/299 1599/595/303 
f 1591/587/295 1598/593/301 1600/596/304 1593/589/297 
f 1594/590/298 1592/588/296 1599/595/303 1601/597/305 
f 1593/589/297 1600/596/304 1602/598/306 1580/576/284 
f 1582/579/287 1594/590/298 1601/597/305 1603/599/307 
f 1580/576/284 1602/598/306 1604/600/308 1581/577/285 
f 1583/578/286 1582/579/287 1603/599/307 1605/601/309 
f 1581/577/285 1604/600/308 1606/602/310 1584/580/376 
f 1585/581/289 1583/578/286 1605/601/309 1607/603/311 
f 1586/582/290 1438/434/142 1608/604/312 
f 1440/436/144 1584/580/376 1606/602/310 
f 1587/583/291 1585/581/289 1607/603/311 1609/605/378 
f 1586/582/290 1608/604/312 1595/592/300 1588/584/292 
f 1587/583/291 1609/605/378 1597/594/302 1589/585/293 
f 1603/599/307 1610/607/315 1611/606/314 1605/601/309 
f 1606/602/310 1604/600/308 1612/608/316 1613/609/317 
f 1605/601/309 1611/606/314 1614/610/318 1607/603/311 
f 1608/604/312 1438/434/142 1615/611/319 
f 1440/436/144 1606/602/310 1613/609/317 
f 1607/603/311 1614/610/318 1616/612/320 1609/605/378 
f 1595/592/300 1608/604/312 1615/611/319 1617/613/321 
f 1609/605/378 1616/612/320 1618/614/322 1597/594/302 
f 1595/592/300 1617/613/321 1619/615/323 1596/591/299 
f 1598/593/301 1597/594/302 1618/614/322 1620/616/324 
f 1596/591/299 1619/615/323 1621/617/325 1599/595/303 
f 1600/596/304 1598/593/301 1620/616/324 1622/618/326 
f 1599/595/303 1621/617/325 1623/619/327 1601/597/305 
f 1602/598/306 1600/596/304 1622/618/326 1624/620/328 
f 1601/597/305 1623/619/327 1610/607/315 1603/599/307 
f 1604/600/308 1602/598/306 1624/620/328 1612/608/316 
f 1625/621/406 1626/622/330 1620/616/324 1618/614/322 
f 1619/615/323 1627/624/332 1628/623/331 1621/617/325 
f 1626/622/330 1629/625/333 1622/618/326 1620/616/324 
f 1630/626/334 1623/619/327 1621/617/325 1628/623/331 
f 1629/625/333 1631/627/380 1624/620/328 1622/618/326 
f 1632/628/336 1610/607/315 1623/619/327 1630/626/334 
f 1631/627/380 1633/629/337 1612/608/316 1624/620/328 
f 1634/630/338 1611/606/314 1610/607/315 1632/628/336 
f 1633/629/337 1635/631/339 1613/609/317 1612/608/316 
f 1611/606/314 1634/630/338 1636/632/396 1614/610/318 
f 1615/611/319 1438/434/142 1637/633/341 
f 1440/436/144 1613/609/317 1635/631/339 
f 1636/632/396 1638/634/342 1616/612/320 1614/610/318 
f 1637/633/341 1639/635/343 1617/613/321 1615/611/319 
f 1625/621/406 1618/614/322 1616/612/320 1638/634/342 
f 1639/635/343 1627/624/332 1619/615/323 1617/613/321 
f 1633/629/337 1640/636/344 1641/637/345 1635/631/339 
f 1636/632/396 1634/630/338 1642/638/346 1643/639/347 
f 1637/633/341 1438/434/142 1644/640/348 
f 1440/436/144 1635/631/339 1641/637/345 
f 1638/634/342 1636/632/396 1643/639/347 1645/641/349 
f 1637/633/341 1644/640/348 1646/642/350 1639/635/343 
f 1638/634/342 1645/641/349 1647/643/351 1625/621/406 
f 1627/624/332 1639/635/343 1646/642/350 1648/644/352 
f 1625/621/406 1647/643/351 1649/645/353 1626/622/330 
f 1628/623/331 1627/624/332 1648/644/352 1650/646/383 
f 1626/622/330 1649/645/353 1651/647/355 1629/625/333 
f 1630/626/334 1628/623/331 1650/646/383 1652/648/356 
f 1629/625/333 1651/647/355 1653/649/357 1631/627/380 
f 1632/628/336 1630/626/334 1652/648/356 1654/650/358 
f 1631/627/380 1653/649/357 1640/636/344 1633/629/337 
f 1634/630/338 1632/628/336 1654/650/358 1642/638/346 
f 1650/646/383 1648/644/352 1655/651/359 1656/652/384 
f 1649/645/353 1657/654/362 1658/653/361 1651/647/355 
f 1652/648/356 1650/646/383 1656/652/384 1659/655/363 
f 1651/647/355 1658/653/361 1660/656/385 1653/649/357 
f 1654/650/358 1652/648/356 1659/655/363 1661/657/409 
f 1653/649/357 1660/656/385 1662/658/366 1640/636/344 
f 1642/638/346 1654/650/358 1661/657/409 1663/659/367 
f 1640/636/344 1662/658/366 1664/660/368 1641/637/345 
f 1643/639/347 1642/638/346 1663/659/367 1665/661/369 
f 1644/640/348 1438/434/142 1666/662/370 
f 1440/436/144 1641/637/345 1664/660/368 
f 1645/641/349 1643/639/347 1665/661/369 1667/663/371 
f 1644/640/348 1666/662/370 1668/664/372 1646/642/350 
f 1645/641/349 1667/663/371 1669/665/397 1647/643/351 
f 1648/644/352 1646/642/350 1668/664/372 1655/651/359 
f 1647/643/351 1669/665/397 1657/654/362 1649/645/353 
f 1670/409/117 1671/410/118 1672/411/386 1673/412/414 
f 1674/414/388 1675/415/123 1676/416/124 1677/413/121 
f 1672/411/386 1678/417/415 1679/418/416 1673/412/414 
f 1680/420/128 1681/419/417 1674/414/388 1677/413/121 
f 1678/417/415 1682/421/390 1683/422/130 1679/418/416 
f 1684/424/132 1685/423/131 1681/419/417 1680/420/128 
f 1686/426/134 1683/422/130 1682/421/390 1687/425/418 
f 1688/428/391 1689/427/419 1685/423/131 1684/424/132 
f 1687/425/418 1690/429/137 1691/430/420 1686/426/134 
f 1688/428/391 1692/431/139 1693/432/421 1689/427/419 
f 1694/433/141 1695/434/142 1696/435/143 
f 1697/436/144 1691/430/420 1690/429/137 
f 1692/431/139 1698/437/145 1699/438/392 1693/432/421 
f 1696/435/143 1700/439/147 1701/440/148 1694/433/141 
f 1698/437/145 1671/410/118 1670/409/117 1699/438/392 
f 1700/439/147 1676/416/124 1675/415/123 1701/440/148 
f 1687/425/418 1702/441/149 1703/442/150 1690/429/137 
f 1704/443/151 1705/444/152 1692/431/139 1688/428/391 
f 1696/435/143 1695/434/142 1706/445/153 
f 1697/436/144 1690/429/137 1703/442/150 
f 1707/446/154 1698/437/145 1692/431/139 1705/444/152 
f 1708/447/155 1700/439/147 1696/435/143 1706/445/153 
f 1671/410/118 1698/437/145 1707/446/154 1709/448/375 
f 1676/416/124 1700/439/147 1708/447/155 1710/449/157 
f 1671/410/118 1709/448/375 1711/450/158 1672/411/386 
f 1712/451/159 1677/413/121 1676/416/124 1710/449/157 
f 1713/452/160 1678/417/415 1672/411/386 1711/450/158 
f 1680/420/128 1677/413/121 1712/451/159 1714/453/161 
f 1713/452/160 1715/454/162 1682/421/390 1678/417/415 
f 1716/455/163 1684/424/132 1680/420/128 1714/453/161 
f 1715/454/162 1702/441/149 1687/425/418 1682/421/390 
f 1688/428/391 1684/424/132 1716/455/163 1704/443/151 
f 1717/456/164 1718/457/165 1712/451/159 1710/449/157 
f 1711/450/158 1719/459/167 1720/458/166 1713/452/160 
f 1718/457/165 1721/460/168 1714/453/161 1712/451/159 
f 1720/458/166 1722/461/169 1715/454/162 1713/452/160 
f 1721/460/168 1723/462/170 1716/455/163 1714/453/161 
f 1724/463/171 1702/441/149 1715/454/162 1722/461/169 
f 1716/455/163 1723/462/170 1725/464/172 1704/443/151 
f 1724/463/171 1726/465/173 1703/442/150 1702/441/149 
f 1705/444/152 1704/443/151 1725/464/172 1727/466/174 
f 1706/445/153 1695/434/142 1728/467/175 
f 1697/436/144 1703/442/150 1726/465/173 
f 1705/444/152 1727/466/174 1729/468/176 1707/446/154 
f 1730/469/177 1708/447/155 1706/445/153 1728/467/175 
f 1731/470/178 1709/448/375 1707/446/154 1729/468/176 
f 1708/447/155 1730/469/177 1717/456/164 1710/449/157 
f 1731/470/178 1719/459/167 1711/450/158 1709/448/375 
f 1725/464/172 1732/472/180 1733/471/179 1727/466/174 
f 1728/467/175 1695/434/142 1734/473/181 
f 1697/436/144 1726/465/173 1735/474/182 
f 1733/471/179 1736/475/183 1729/468/176 1727/466/174 
f 1737/476/184 1730/469/177 1728/467/175 1734/473/181 
f 1731/470/178 1729/468/176 1736/475/183 1738/477/185 
f 1737/476/184 1739/478/186 1717/456/164 1730/469/177 
f 1738/477/185 1740/479/187 1719/459/167 1731/470/178 
f 1739/478/186 1741/480/188 1718/457/165 1717/456/164 
f 1719/459/167 1740/479/187 1742/481/189 1720/458/166 
f 1741/480/188 1743/482/190 1721/460/168 1718/457/165 
f 1742/481/189 1744/483/191 1722/461/169 1720/458/166 
f 1743/482/190 1745/484/192 1723/462/170 1721/460/168 
f 1722/461/169 1744/483/191 1746/485/193 1724/463/171 
f 1723/462/170 1745/484/192 1732/472/180 1725/464/172 
f 1726/465/173 1724/463/171 1746/485/193 1735/474/182 
f 1742/481/189 1740/479/187 1747/486/194 1748/487/195 
f 1743/482/190 1741/480/188 1749/488/196 1750/489/197 
f 1748/487/195 1751/490/198 1744/483/191 1742/481/189 
f 1752/491/199 1745/484/192 1743/482/190 1750/489/197 
f 1746/485/193 1744/483/191 1751/490/198 1753/492/200 
f 1752/491/199 1754/493/201 1732/472/180 1745/484/192 
f 1735/474/182 1746/485/193 1753/492/200 1755/494/202 
f 1732/472/180 1754/493/201 1756/495/203 1733/471/179 
f 1734/473/181 1695/434/142 1757/496/204 
f 1697/436/144 1735/474/182 1755/494/202 
f 1736/475/183 1733/471/179 1756/495/203 1758/497/205 
f 1757/496/204 1759/498/422 1737/476/184 1734/473/181 
f 1758/497/205 1760/499/207 1738/477/185 1736/475/183 
f 1759/498/422 1761/500/208 1739/478/186 1737/476/184 
f 1760/499/207 1747/486/194 1740/479/187 1738/477/185 
f 1741/480/188 1739/478/186 1761/500/208 1749/488/196 
f 1757/496/204 1695/434/142 1762/501/395 
f 1697/436/144 1755/494/202 1763/502/210 
f 1758/497/205 1756/495/203 1764/503/211 1765/504/212 
f 1762/501/395 1766/505/213 1759/498/422 1757/496/204 
f 1765/504/212 1767/506/214 1760/499/207 1758/497/205 
f 1768/507/215 1761/500/208 1759/498/422 1766/505/213 
f 1747/486/194 1760/499/207 1767/506/214 1769/508/216 
f 1761/500/208 1768/507/215 1770/509/217 1749/488/196 
f 1771/510/218 1748/487/195 1747/486/194 1769/508/216 
f 1772/511/219 1750/489/197 1749/488/196 1770/509/217 
f 1751/490/198 1748/487/195 1771/510/218 1773/512/220 
f 1752/491/199 1750/489/197 1772/511/219 1774/513/423 
f 1775/514/222 1753/492/200 1751/490/198 1773/512/220 
f 1776/515/223 1754/493/201 1752/491/199 1774/513/423 
f 1753/492/200 1775/514/222 1763/502/210 1755/494/202 
f 1756/495/203 1754/493/201 1776/515/223 1764/503/211 
f 1770/509/217 1777/516/224 1778/517/225 1772/511/219 
f 1773/512/220 1771/510/218 1779/518/226 1780/519/227 
f 1772/511/219 1778/517/225 1781/520/228 1774/513/423 
f 1775/514/222 1773/512/220 1780/519/227 1782/521/229 
f 1774/513/423 1781/520/228 1783/522/230 1776/515/223 
f 1775/514/222 1782/521/229 1784/523/231 1763/502/210 
f 1776/515/223 1783/522/230 1785/524/232 1764/503/211 
f 1762/501/395 1695/434/142 1786/525/233 
f 1697/436/144 1763/502/210 1784/523/231 
f 1764/503/211 1785/524/232 1787/526/234 1765/504/212 
f 1762/501/395 1786/525/233 1788/527/235 1766/505/213 
f 1767/506/214 1765/504/212 1787/526/234 1789/528/236 
f 1766/505/213 1788/527/235 1790/529/237 1768/507/215 
f 1769/508/216 1767/506/214 1789/528/236 1791/530/238 
f 1768/507/215 1790/529/237 1777/516/224 1770/509/217 
f 1771/510/218 1769/508/216 1791/530/238 1779/518/226 
f 1785/524/232 1792/531/239 1793/532/240 1787/526/234 
f 1794/534/242 1788/527/235 1786/525/233 1795/533/241 
f 1789/528/236 1787/526/234 1793/532/240 1796/535/243 
f 1797/536/244 1790/529/237 1788/527/235 1794/534/242 
f 1791/530/238 1789/528/236 1796/535/243 1798/537/245 
f 1790/529/237 1797/536/244 1799/538/246 1777/516/224 
f 1779/518/226 1791/530/238 1798/537/245 1800/539/247 
f 1777/516/224 1799/538/246 1801/540/248 1778/517/225 
f 1780/519/227 1779/518/226 1800/539/247 1802/541/249 
f 1778/517/225 1801/540/248 1803/542/250 1781/520/228 
f 1782/521/229 1780/519/227 1802/541/249 1804/543/251 
f 1781/520/228 1803/542/250 1805/544/252 1783/522/230 
f 1784/523/231 1782/521/229 1804/543/251 1806/545/253 
f 1783/522/230 1805/544/252 1792/531/239 1785/524/232 
f 1786/525/233 1695/434/142 1795/533/241 
f 1697/436/144 1784/523/231 1806/545/253 
f 1802/541/249 1800/539/247 1807/547/255 1808/546/254 
f 1801/540/248 1809/549/257 1810/548/256 1803/542/250 
f 1804/543/251 1802/541/249 1808/546/254 1811/550/258 
f 1803/542/250 1810/548/256 1812/551/259 1805/544/252 
f 1806/545/253 1804/543/251 1811/550/258 1813/552/260 
f 1805/544/252 1812/551/259 1814/553/261 1792/531/239 
f 1795/533/241 1695/434/142 1815/554/262 
f 1697/436/144 1806/545/253 1813/552/260 
f 1792/531/239 1814/553/261 1816/555/263 1793/532/240 
f 1817/556/264 1794/534/242 1795/533/241 1815/554/262 
f 1796/535/243 1793/532/240 1816/555/263 1818/557/265 
f 1819/558/266 1797/536/244 1794/534/242 1817/556/264 
f 1798/537/245 1796/535/243 1818/557/265 1820/559/267 
f 1797/536/244 1819/558/266 1821/560/268 1799/538/246 
f 1800/539/247 1798/537/245 1820/559/267 1807/547/255 
f 1799/538/246 1821/560/268 1809/549/257 1801/540/248 
f 1816/555/263 1822/561/269 1823/562/270 1818/557/265 
f 1824/563/271 1819/558/266 1817/556/264 1825/564/272 
f 1823/562/270 1826/565/273 1820/559/267 1818/557/265 
f 1827/566/274 1821/560/268 1819/558/266 1824/563/271 
f 1828/567/275 1807/547/255 1820/559/267 1826/565/273 
f 1829/568/276 1809/549/257 1821/560/268 1827/566/274 
f 1830/569/277 1808/546/254 1807/547/255 1828/567/275 
f 1831/570/278 1810/548/256 1809/549/257 1829/568/276 
f 1832/571/279 1811/550/258 1808/546/254 1830/569/277 
f 1833/572/280 1812/551/259 1810/548/256 1831/570/278 
f 1834/573/281 1813/552/260 1811/550/258 1832/571/279 
f 1835/574/282 1814/553/261 1812/551/259 1833/572/280 
f 1815/554/262 1695/434/142 1836/575/283 
f 1697/436/144 1813/552/260 1834/573/281 
f 1835/574/282 1822/561/269 1816/555/263 1814/553/261 
f 1825/564/272 1817/556/264 1815/554/262 1836/575/283 
f 1830/569/277 1837/576/284 1838/577/285 1832/571/279 
f 1833/572/280 1831/570/278 1839/579/287 1840/578/286 
f 1832/571/279 1838/577/285 1841/580/376 1834/573/281 
f 1835/574/282 1833/572/280 1840/578/286 1842/581/289 
f 1836/575/283 1695/434/142 1843/582/290 
f 1697/436/144 1834/573/281 1841/580/376 
f 1842/581/289 1844/583/291 1822/561/269 1835/574/282 
f 1836/575/283 1843/582/290 1845/584/292 1825/564/272 
f 1846/585/293 1823/562/270 1822/561/269 1844/583/291 
f 1824/563/271 1825/564/272 1845/584/292 1847/586/294 
f 1848/587/295 1826/565/273 1823/562/270 1846/585/293 
f 1827/566/274 1824/563/271 1847/586/294 1849/588/296 
f 1826/565/273 1848/587/295 1850/589/297 1828/567/275 
f 1829/568/276 1827/566/274 1849/588/296 1851/590/404 
f 1828/567/275 1850/589/297 1837/576/284 1830/569/277 
f 1831/570/278 1829/568/276 1851/590/404 1839/579/287 
f 1847/586/294 1845/584/292 1852/592/300 1853/591/299 
f 1846/585/293 1854/594/302 1855/593/301 1848/587/295 
f 1849/588/296 1847/586/294 1853/591/299 1856/595/424 
f 1848/587/295 1855/593/301 1857/596/304 1850/589/297 
f 1851/590/404 1849/588/296 1856/595/424 1858/597/305 
f 1850/589/297 1857/596/304 1859/598/405 1837/576/284 
f 1839/579/287 1851/590/404 1858/597/305 1860/599/307 
f 1837/576/284 1859/598/405 1861/600/308 1838/577/285 
f 1840/578/286 1839/579/287 1860/599/307 1862/601/309 
f 1838/577/285 1861/600/308 1863/602/310 1841/580/376 
f 1842/581/289 1840/578/286 1862/601/309 1864/603/311 
f 1843/582/290 1695/434/142 1865/604/312 
f 1697/436/144 1841/580/376 1863/602/310 
f 1844/583/291 1842/581/289 1864/603/311 1866/605/313 
f 1843/582/290 1865/604/312 1852/592/300 1845/584/292 
f 1844/583/291 1866/605/313 1854/594/302 1846/585/293 
f 1860/599/307 1867/607/315 1868/606/314 1862/601/309 
f 1863/602/310 1861/600/308 1869/608/316 1870/609/317 
f 1862/601/309 1868/606/314 1871/610/318 1864/603/311 
f 1865/604/312 1695/434/142 1872/611/319 
f 1697/436/144 1863/602/310 1870/609/317 
f 1864/603/311 1871/610/318 1873/612/320 1866/605/313 
f 1852/592/300 1865/604/312 1872/611/319 1874/613/321 
f 1866/605/313 1873/612/320 1875/614/322 1854/594/302 
f 1852/592/300 1874/613/321 1876/615/323 1853/591/299 
f 1855/593/301 1854/594/302 1875/614/322 1877/616/324 
f 1853/591/299 1876/615/323 1878/617/325 1856/595/424 
f 1857/596/304 1855/593/301 1877/616/324 1879/618/326 
f 1856/595/424 1878/617/325 1880/619/327 1858/597/305 
f 1859/598/405 1857/596/304 1879/618/326 1881/620/328 
f 1858/597/305 1880/619/327 1867/607/315 1860/599/307 
f 1861/600/308 1859/598/405 1881/620/328 1869/608/316 
f 1882/621/425 1883/622/330 1877/616/324 1875/614/322 
f 1884/624/332 1885/623/331 1878/617/325 1876/615/323 
f 1883/622/330 1886/625/333 1879/618/326 1877/616/324 
f 1887/626/426 1880/619/327 1878/617/325 1885/623/331 
f 1886/625/333 1888/627/335 1881/620/328 1879/618/326 
f 1889/628/336 1867/607/315 1880/619/327 1887/626/426 
f 1888/627/335 1890/629/427 1869/608/316 1881/620/328 
f 1891/630/338 1868/606/314 1867/607/315 1889/628/336 
f 1890/629/427 1892/631/339 1870/609/317 1869/608/316 
f 1868/606/314 1891/630/338 1893/632/396 1871/610/318 
f 1872/611/319 1695/434/142 1894/633/341 
f 1697/436/144 1870/609/317 1892/631/339 
f 1893/632/396 1895/634/342 1873/612/320 1871/610/318 
f 1894/633/341 1896/635/343 1874/613/321 1872/611/319 
f 1882/621/425 1875/614/322 1873/612/320 1895/634/342 
f 1896/635/343 1884/624/332 1876/615/323 1874/613/321 
f 1890/629/427 1897/636/344 1898/637/345 1892/631/339 
f 1893/632/396 1891/630/338 1899/638/428 1900/639/347 
f 1894/633/341 1695/434/142 1901/640/407 
f 1697/436/144 1892/631/339 1898/637/345 
f 1895/634/342 1893/632/396 1900/639/347 1902/641/349 
f 1894/633/341 1901/640/407 1903/642/382 1896/635/343 
f 1895/634/342 1902/641/349 1904/643/351 1882/621/425 
f 1884/624/332 1896/635/343 1903/642/382 1905/644/352 
f 1882/621/425 1904/643/351 1906/645/353 1883/622/330 
f 1885/623/331 1884/624/332 1905/644/352 1907/646/354 
f 1883/622/330 1906/645/353 1908/647/429 1886/625/333 
f 1887/626/426 1885/623/331 1907/646/354 1909/648/430 
f 1886/625/333 1908/647/429 1910/649/431 1888/627/335 
f 1889/628/336 1887/626/426 1909/648/430 1911/650/432 
f 1888/627/335 1910/649/431 1897/636/344 1890/629/427 
f 1891/630/338 1889/628/336 1911/650/432 1899/638/428 
f 1907/646/354 1905/644/352 1912/651/359 1913/652/360 
f 1906/645/353 1914/654/362 1915/653/361 1908/647/429 
f 1909/648/430 1907/646/354 1913/652/360 1916/655/408 
f 1908/647/429 1915/653/361 1917/656/364 1910/649/431 
f 1911/650/432 1909/648/430 1916/655/408 1918/657/365 
f 1910/649/431 1917/656/364 1919/658/366 1897/636/344 
f 1899/638/428 1911/650/432 1918/657/365 1920/659/367 
f 1897/636/344 1919/658/366 1921/660/368 1898/637/345 
f 1900/639/347 1899/638/428 1920/659/367 1922/661/369 
f 1901/640/407 1695/434/142 1923/662/370 
f 1697/436/144 1898/637/345 1921/660/368 
f 1902/641/349 1900/639/347 1922/661/369 1924/663/433 
f 1901/640/407 1923/662/370 1925/664/372 1903/642/382 
f 1902/641/349 1924/663/433 1926/665/373 1904/643/351 
f 1905/644/352 1903/642/382 1925/664/372 1912/651/359 
f 1904/643/351 1926/665/373 1914/654/362 1906/645/353 
f 1927/666/434 1928/667/435 1929/668/436 1930/669/437 
f 1931/670/438 1932/671/439 1933/672/440 1934/673/441 
f 1935/674/442 1936/675/443 1934/673/441 1933/672/440 
f 1936/675/443 1935/674/442 1937/676/444 1938/677/445 
f 1938/677/445 1937/676/444 1939/678/446 1940/679/447 
f 1941/680/448 1942/681/449 1940/679/447 1939/678/446 
f 1943/682/450 1944/683/451 1942/681/449 1941/680/448 
f 1945/684/452 1946/685/453 1944/683/451 1943/682/450 
f 1947/686/454 1948/687/455 1946/685/453 1945/684/452 
f 1948/687/455 1947/686/454 1949/688/456 1950/689/457 
f 1951/690/458 1952/691/459 1950/689/457 1949/688/456 
f 1953/692/460 1954/693/461 1952/691/459 1951/690/458 
f 1955/694/462 1956/695/463 1954/693/461 1953/692/460 
f 1955/694/462 1957/696/464 1958/697/465 1956/695/463 
f 1959/698/466 1960/699/467 1958/697/465 1957/696/464 
f 1959/698/466 1961/700/468 1962/701/469 1960/699/467 
f 1963/702/470 1964/703/471 1962/701/469 1961/700/468 
f 1965/704/472 1966/705/473 1964/703/471 1963/702/470 
f 1966/705/473 1965/704/472 1967/706/474 1968/707/475 
f 1969/708/476 1970/709/477 1968/707/475 1967/706/474 
f 1971/710/478 1972/711/479 1970/709/477 1969/708/476 
f 1973/712/480 1974/713/481 1972/711/479 1971/710/478 
f 1974/713/481 1973/712/480 1975/714/482 1976/715/483 
f 1977/716/484 1978/717/485 1976/715/483 1975/714/482 
f 1978/717/485 1977/716/484 1979/718/486 1980/719/487 
f 1980/719/487 1979/718/486 1981/720/488 1982/721/489 
f 1982/721/489 1981/720/488 1983/722/490 1984/723/491 
f 1985/724/492 1986/725/493 1984/723/491 1983/722/490 
f 1987/726/494 1986/725/493 1985/724/492 1988/727/495 
f 1988/727/495 1927/666/434 1930/669/437 1987/726/494 
f 1932/671/439 1931/670/438 1989/728/496 1990/729/497 
f 1991/730/498 1992/731/499 1993/732/500 1994/733/501 
f 1995/734/502 1996/735/503 1997/736/504 1998/737/505 
f 1999/738/506 1995/734/502 1998/737/505 2000/739/507 
f 2001/740/508 2002/741/509 2003/742/510 2004/743/511 
f 1998/737/505 2001/740/508 2004/743/511 2000/739/507 
f 2000/739/507 2005/744/512 2006/745/513 2007/746/514 
f 2000/739/507 2007/746/514 2008/747/515 1999/738/506 
f 2008/747/515 2009/748/516 2010/749/517 2011/750/518 
f 2010/749/517 2012/751/519 2011/750/518 
f 1999/738/506 2008/747/515 2011/750/518 2013/752/520 
f 2014/753/521 2015/754/522 2016/755/523 2013/752/520 
f 1999/738/506 2013/752/520 2016/755/523 2017/756/524 
f 2016/755/523 2018/757/525 2019/758/526 2017/756/524 
f 1999/738/506 2017/756/524 2020/759/527 2021/760/528 
f 1999/738/506 2021/760/528 2022/761/529 1994/733/501 
f 1991/730/498 1994/733/501 2022/761/529 
f 1990/729/497 1928/667/435 2023/762/530 2024/763/531 
f 2023/762/532 1992/731/499 1991/730/498 2024/763/533 
f 1990/729/497 2024/763/531 2025/764/534 1932/671/439 
f 2022/761/529 2025/764/535 2024/763/533 1991/730/498 
f 1932/671/439 2025/764/534 2026/765/536 1933/672/440 
f 2021/760/528 2026/765/537 2025/764/535 2022/761/529 
f 2026/765/536 2027/766/538 1935/674/442 1933/672/440 
f 2021/760/528 2020/759/527 2027/766/539 2026/765/537 
f 1937/676/444 1935/674/442 2027/766/538 2028/767/540 
f 2028/767/541 2027/766/539 2020/759/527 2017/756/524 
f 2028/767/540 2029/768/542 1939/678/446 1937/676/444 
f 2028/767/541 2017/756/524 2019/758/526 2029/768/543 
f 1939/678/446 2029/768/542 2030/769/544 1941/680/448 
f 2029/768/543 2019/758/526 2018/757/525 2030/769/545 
f 1941/680/448 2030/769/544 2031/770/546 1943/682/450 
f 2031/770/547 2030/769/545 2018/757/525 2016/755/523 
f 2031/770/546 2032/771/548 1945/684/452 1943/682/450 
f 2016/755/523 2015/754/522 2032/771/549 2031/770/547 
f 2032/771/548 2033/772/550 1947/686/454 1945/684/452 
f 2015/754/522 2014/753/521 2033/772/551 2032/771/549 
f 2033/772/550 2034/773/552 1949/688/456 1947/686/454 
f 2033/772/551 2014/753/521 2013/752/520 2034/773/553 
f 1951/690/458 1949/688/456 2034/773/552 2035/774/554 
f 2035/774/555 2034/773/553 2013/752/520 2011/750/518 
f 1953/692/460 1951/690/458 2035/774/554 2036/775/556 
f 2012/751/519 2036/775/557 2035/774/555 2011/750/518 
f 1953/692/460 2036/775/556 2037/776/558 1955/694/462 
f 2012/751/519 2010/749/517 2037/776/559 2036/775/557 
f 2037/776/558 2038/777/560 1957/696/464 1955/694/462 
f 2010/749/517 2009/748/516 2038/777/561 2037/776/559 
f 2038/777/560 2039/778/562 1959/698/466 1957/696/464 
f 2039/778/563 2038/777/561 2009/748/516 2008/747/515 
f 1961/700/468 1959/698/466 2039/778/562 2040/779/564 
f 2008/747/515 2007/746/514 2040/779/565 2039/778/563 
f 1961/700/468 2040/779/564 2041/780/566 1963/702/470 
f 2041/780/567 2040/779/565 2007/746/514 2006/745/513 
f 2041/780/566 2042/781/568 1965/704/472 1963/702/470 
f 2005/744/512 2042/781/569 2041/780/567 2006/745/513 
f 1965/704/472 2042/781/568 2043/782/570 1967/706/474 
f 2042/781/569 2005/744/512 2000/739/507 2043/782/571 
f 2043/782/570 2044/783/572 1969/708/476 1967/706/474 
f 2000/739/507 2004/743/511 2044/783/573 2043/782/571 
f 2044/783/572 2045/784/574 1971/710/478 1969/708/476 
f 2003/742/510 2045/784/575 2044/783/573 2004/743/511 
f 2045/784/574 2046/785/576 1973/712/480 1971/710/478 
f 2003/742/510 2002/741/509 2046/785/577 2045/784/575 
f 2047/786/578 1975/714/482 1973/712/480 2046/785/576 
f 2002/741/509 2001/740/508 2047/786/579 2046/785/577 
f 1977/716/484 1975/714/482 2047/786/578 2048/787/580 
f 1998/737/505 2048/787/581 2047/786/579 2001/740/508 
f 2048/787/580 2049/788/582 1979/718/486 1977/716/484 
f 2048/787/581 1998/737/505 1997/736/504 2049/788/583 
f 1981/720/488 1979/718/486 2049/788/582 2050/789/584 
f 2049/788/583 1997/736/504 1996/735/503 2050/789/585 
f 1981/720/488 2050/789/584 2051/790/586 1983/722/490 
f 1995/734/502 2051/790/587 2050/789/585 1996/735/503 
f 1985/724/492 1983/722/490 2051/790/586 2052/791/588 
f 1995/734/502 1999/738/506 2052/791/589 2051/790/587 
f 1988/727/495 1985/724/492 2052/791/588 2053/792/590 
f 2053/792/591 2052/791/589 1999/738/506 1994/733/501 
f 1988/727/495 2053/792/590 2054/793/592 1927/666/434 
f 2054/793/593 2053/792/591 1994/733/501 1993/732/500 
f 2023/762/530 1928/667/435 1927/666/434 2054/793/592 
f 2054/793/593 1993/732/500 1992/731/499 2023/762/532 
f 1990/729/497 1989/728/496 1929/668/436 1928/667/435 
f 2055/794/479 2056/795/594 2057/796/595 2058/797/481 
f 2059/798/596 2060/799/487 2061/800/485 2062/801/597 
f 2063/802/598 2064/803/599 2065/804/469 2066/805/465 
f 2067/806/600 2068/807/449 2069/808/447 2070/809/601 
f 2071/810/602 2072/811/437 2060/799/494 2059/798/603 
f 2061/800/485 2058/797/481 2057/796/595 2062/801/597 
f 2073/812/604 2074/813/496 2072/811/437 2071/810/602 
f 2063/802/598 2066/805/465 2075/814/463 2076/815/605 
f 2077/816/453 2078/817/606 2076/815/607 2075/814/455 
f 2078/817/606 2077/816/453 2068/807/449 2067/806/600 
f 2074/813/496 2073/812/604 2070/809/608 2069/808/438 
f 2055/794/471 2065/804/469 2064/803/599 2056/795/609 
f 2064/803/599 2079/818/610 2080/819/611 2056/795/609 
f 2056/795/594 2080/819/612 2081/820/613 2057/796/595 
f 2082/821/614 2083/822/615 2071/810/602 2059/798/603 
f 2059/798/596 2062/801/597 2084/823/616 2082/821/617 
f 2085/824/618 2063/802/598 2076/815/605 2086/825/619 
f 2086/825/620 2076/815/607 2078/817/606 2087/826/621 
f 2070/809/608 2073/812/604 2088/827/622 2089/828/623 
f 2070/809/601 2089/828/624 2090/829/625 2067/806/600 
f 2085/824/618 2079/818/610 2064/803/599 2063/802/598 
f 2062/801/597 2057/796/595 2081/820/613 2084/823/616 
f 2067/806/600 2090/829/625 2087/826/621 2078/817/606 
f 2083/822/615 2088/827/622 2073/812/604 2071/810/602 
f 2085/824/626 2086/825/626 2087/826/626 2081/820/626 
f 2090/829/626 2089/828/626 2088/827/626 2087/826/626 
f 2088/827/626 2083/822/626 2082/821/626 2087/826/626 
f 2082/821/626 2084/823/626 2081/820/626 2087/826/626 
f 2085/824/626 2081/820/626 2080/819/626 2079/818/626 
f 2091/830/627 2092/831/628 2093/832/629 2094/833/630 
f 2095/834/631 2092/831/628 2091/830/627 2096/835/632 
f 2095/834/631 2096/835/632 2097/836/633 2098/837/634 
f 2099/838/635 2100/839/636 2098/837/634 2097/836/633 
f 2100/839/636 2099/838/635 2101/840/637 2102/841/638 
f 2102/841/638 2101/840/637 2103/842/639 2104/843/640 
f 2104/843/640 2103/842/639 2105/844/641 2106/845/642 
f 2107/846/643 2108/847/644 2106/845/642 2105/844/641 
f 2109/848/645 2110/849/646 2108/847/644 2107/846/643 
f 2109/850/645 2111/851/647 2112/852/648 2110/853/646 
f 2113/854/649 2112/852/648 2111/851/647 2114/855/650 
f 2113/854/649 2114/855/650 2115/856/651 2116/857/652 
f 2116/857/652 2115/856/651 2117/858/653 2118/859/654 
f 2119/860/655 2120/861/656 2118/859/654 2117/858/653 
f 2121/862/657 2122/863/658 2120/861/656 2119/860/655 
f 2094/833/630 2093/832/629 2122/863/658 2121/862/657 
f 2092/831/628 2123/864/659 2124/865/660 2093/832/629 
f 2125/866/661 2123/864/659 2092/831/628 2095/834/631 
f 2098/837/634 2126/867/662 2125/866/661 2095/834/631 
f 2127/868/663 2126/867/662 2098/837/634 2100/839/636 
f 2102/841/638 2128/869/664 2127/868/663 2100/839/636 
f 2104/843/640 2129/870/665 2128/869/664 2102/841/638 
f 2106/845/642 2130/871/666 2129/870/665 2104/843/640 
f 2108/847/644 2131/872/667 2130/871/666 2106/845/642 
f 2131/872/667 2108/847/644 2110/849/646 2132/873/668 
f 2112/852/648 2133/874/669 2132/875/668 2110/853/646 
f 2113/854/649 2134/876/670 2133/874/669 2112/852/648 
f 2116/857/652 2135/877/671 2134/876/670 2113/854/649 
f 2118/859/654 2136/878/672 2135/877/671 2116/857/652 
f 2120/861/656 2137/879/673 2136/878/672 2118/859/654 
f 2122/863/658 2138/880/674 2137/879/673 2120/861/656 
f 2122/863/658 2093/832/629 2124/865/660 2138/880/674 
f 2139/881/675 2140/882/676 2124/865/660 2123/864/659 
f 2125/866/661 2141/883/677 2139/881/675 2123/864/659 
f 2126/867/662 2142/884/678 2141/883/677 2125/866/661 
f 2127/868/663 2143/885/679 2142/884/678 2126/867/662 
f 2127/868/663 2128/869/664 2144/886/680 2143/885/679 
f 2144/886/680 2128/869/664 2129/870/665 2145/887/681 
f 2129/870/665 2130/871/666 2146/888/682 2145/887/681 
f 2146/888/682 2130/871/666 2131/872/667 2147/889/683 
f 2131/872/667 2132/873/668 2148/890/684 2147/889/683 
f 2148/891/684 2132/875/668 2133/874/669 2149/892/685 
f 2133/874/669 2134/876/670 2150/893/686 2149/892/685 
f 2150/893/686 2134/876/670 2135/877/671 2151/894/687 
f 2135/877/671 2136/878/672 2152/895/688 2151/894/687 
f 2136/878/672 2137/879/673 2153/896/689 2152/895/688 
f 2138/880/674 2154/897/690 2153/896/689 2137/879/673 
f 2138/880/674 2124/865/660 2140/882/676 2154/897/690 
f 2139/881/675 2155/898/691 2156/899/692 2140/882/676 
f 2139/881/675 2141/883/677 2157/900/693 2155/898/691 
f 2142/884/678 2158/901/694 2157/900/693 2141/883/677 
f 2158/901/694 2142/884/678 2143/885/679 2159/902/695 
f 2159/902/695 2143/885/679 2144/886/680 2160/903/696 
f 2144/886/680 2145/887/681 2161/904/697 2160/903/696 
f 2161/904/697 2145/887/681 2146/888/682 2162/905/698 
f 2146/888/682 2147/889/683 2163/906/699 2162/905/698 
f 2163/906/699 2147/889/683 2148/890/684 2164/907/700 
f 2148/891/684 2149/892/685 2165/908/701 2164/909/700 
f 2165/908/701 2149/892/685 2150/893/686 2166/910/702 
f 2150/893/686 2151/894/687 2167/911/703 2166/910/702 
f 2167/911/703 2151/894/687 2152/895/688 2168/912/704 
f 2153/896/689 2169/913/705 2168/912/704 2152/895/688 
f 2170/914/706 2169/913/705 2153/896/689 2154/897/690 
f 2156/899/692 2170/914/706 2154/897/690 2140/882/676 
f 2171/915/707 2156/899/692 2155/898/691 2172/916/708 
f 2172/916/708 2155/898/691 2157/900/693 2173/917/709 
f 2157/900/693 2158/901/694 2174/918/710 2173/917/709 
f 2174/918/710 2158/901/694 2159/902/695 2175/919/711 
f 2159/902/695 2160/903/696 2176/920/712 2175/919/711 
f 2176/920/712 2160/903/696 2161/904/697 2177/921/713 
f 2161/904/697 2162/905/698 2178/922/714 2177/921/713 
f 2178/922/714 2162/905/698 2163/906/699 2179/923/715 
f 2163/906/699 2164/907/700 2180/924/716 2179/923/715 
f 2180/925/716 2164/909/700 2165/908/701 2181/926/717 
f 2181/926/717 2165/908/701 2166/910/702 2182/927/718 
f 2166/910/702 2167/911/703 2183/928/719 2182/927/718 
f 2168/912/704 2184/929/720 2183/928/719 2167/911/703 
f 2184/929/720 2168/912/704 2169/913/705 2185/930/721 
f 2170/914/706 2186/931/722 2185/930/721 2169/913/705 
f 2156/899/692 2171/915/707 2186/931/722 2170/914/706 
f 2172/916/708 2187/932/723 2188/933/724 2171/915/707 
f 2189/934/725 2187/932/723 2172/916/708 2173/917/709 
f 2173/917/709 2174/918/710 2190/935/726 2189/934/725 
f 2190/935/726 2174/918/710 2175/919/711 2191/936/727 
f 2175/919/711 2176/920/712 2192/937/728 2191/936/727 
f 2192/937/728 2176/920/712 2177/921/713 2193/938/729 
f 2177/921/713 2178/922/714 2194/939/730 2193/938/729 
f 2194/939/730 2178/922/714 2179/923/715 2195/940/731 
f 2179/923/715 2180/924/716 2196/941/732 2195/940/731 
f 2196/942/732 2180/925/716 2181/926/717 2197/943/733 
f 2181/926/717 2182/927/718 2198/944/734 2197/943/733 
f 2183/928/719 2199/945/735 2198/944/734 2182/927/718 
f 2199/945/735 2183/928/719 2184/929/720 2200/946/736 
f 2185/930/721 2201/947/737 2200/946/736 2184/929/720 
f 2201/947/737 2185/930/721 2186/931/722 2202/948/738 
f 2188/933/724 2202/948/738 2186/931/722 2171/915/707 
f 2188/933/724 2187/932/723 2203/949/739 2204/950/740 
f 2203/949/739 2187/932/723 2189/934/725 2205/951/741 
f 2205/951/741 2189/934/725 2190/935/726 2206/952/742 
f 2190/935/726 2191/936/727 2207/953/743 2206/952/742 
f 2207/953/743 2191/936/727 2192/937/728 2208/954/744 
f 2192/937/728 2193/938/729 2209/955/745 2208/954/744 
f 2209/955/745 2193/938/729 2194/939/730 2210/956/746 
f 2210/956/746 2194/939/730 2195/940/731 2211/957/747 
f 2195/940/731 2196/941/732 2212/958/748 2211/957/747 
f 2212/959/748 2196/942/732 2197/943/733 2213/960/749 
f 2214/961/750 2213/960/749 2197/943/733 2198/944/734 
f 2215/962/751 2214/961/750 2198/944/734 2199/945/735 
f 2200/946/736 2216/963/752 2215/962/751 2199/945/735 
f 2216/963/752 2200/946/736 2201/947/737 2217/964/753 
f 2202/948/738 2218/965/754 2217/964/753 2201/947/737 
f 2202/948/738 2188/933/724 2204/950/740 2218/965/754 
f 2204/950/740 2203/949/739 2219/966/755 2220/967/756 
f 2221/968/757 2219/966/755 2203/949/739 2205/951/741 
f 2221/968/757 2205/951/741 2206/952/742 2222/969/758 
f 2206/952/742 2207/953/743 2223/970/759 2222/969/758 
f 2223/970/759 2207/953/743 2208/954/744 2224/971/760 
f 2208/954/744 2209/955/745 2225/972/761 2224/971/760 
f 2225/972/761 2209/955/745 2210/956/746 2226/973/762 
f 2210/956/746 2211/957/747 2227/974/763 2226/973/762 
f 2227/974/763 2211/957/747 2212/958/748 2228/975/764 
f 2213/960/749 2229/976/765 2228/977/764 2212/959/748 
f 2230/978/766 2229/976/765 2213/960/749 2214/961/750 
f 2215/962/751 2231/979/767 2230/978/766 2214/961/750 
f 2231/979/767 2215/962/751 2216/963/752 2232/980/768 
f 2217/964/753 2233/981/769 2232/980/768 2216/963/752 
f 2217/964/753 2218/965/754 2234/982/770 2233/981/769 
f 2234/982/770 2218/965/754 2204/950/740 2220/967/756 
f 2235/983/771 2220/967/756 2219/966/755 2236/984/772 
f 2237/985/773 2236/984/772 2219/966/755 2221/968/757 
f 2221/968/757 2222/969/758 2238/986/774 2237/985/773 
f 2238/986/774 2222/969/758 2223/970/759 2239/987/775 
f 2239/987/775 2223/970/759 2224/971/760 2240/988/776 
f 2224/971/760 2225/972/761 2241/989/777 2240/988/776 
f 2241/989/777 2225/972/761 2226/973/762 2242/990/778 
f 2226/973/762 2227/974/763 2243/991/779 2242/990/778 
f 2227/974/763 2228/975/764 2244/992/780 2243/991/779 
f 2229/976/765 2245/993/781 2244/994/780 2228/977/764 
f 2246/995/782 2245/993/781 2229/976/765 2230/978/766 
f 2247/996/783 2246/995/782 2230/978/766 2231/979/767 
f 2232/980/768 2248/997/784 2247/996/783 2231/979/767 
f 2249/998/785 2248/997/784 2232/980/768 2233/981/769 
f 2233/981/769 2234/982/770 2250/999/786 2249/998/785 
f 2220/967/756 2235/983/771 2250/999/786 2234/982/770 
f 2251/1000/787 2252/1001/788 2253/1002/788 2254/1003/787 
f 2255/1004/789 2256/1005/789 2257/1006/789 2258/1007/789 
f 2258/1007/790 2259/1008/790 2260/1009/790 2255/1004/790 
f 2257/1006/451 2256/1005/451 2261/1010/451 2262/1011/451 
f 2251/1000/791 2255/1004/791 2260/1009/791 2252/1001/791 
f 2256/1005/792 2254/1003/792 2253/1002/792 2261/1010/792 
f 2261/1010/793 2253/1002/788 2252/1001/788 2260/1009/793 
f 2251/1000/787 2254/1003/787 2256/1005/794 2255/1004/794 
f 2261/1010/467 2260/1009/467 2259/1008/467 2262/1011/467 
f 2263/1012/795 2264/1013/796 2265/1014/797 2266/1015/798 
f 2267/1016/799 2268/1017/800 2269/1018/801 2265/1014/797 
f 2270/1019/802 2271/1020/803 2272/1021/804 2273/1022/804 
f 2274/1023/805 2275/1024/806 2276/1025/807 2277/1026/808 
f 2278/1027/809 2264/1013/796 2263/1012/795 2279/1028/810 
f 2280/1029/811 2281/1030/812 2282/1031/813 2283/1032/814 
f 2284/1033/626 2285/1034/626 2286/1035/626 2287/1036/626 
f 2265/1014/797 2264/1013/796 2288/1037/815 2267/1016/799 
f 2285/1034/816 2284/1033/816 2289/1038/817 2290/1039/818 
f 2291/1040/819 2292/1041/820 2293/1042/820 2294/1043/821 
f 2295/1044/822 2296/1045/823 2292/1041/823 2291/1040/819 
f 2297/1046/824 2298/1047/824 2271/1020/803 2270/1019/802 
f 2296/1045/626 2295/1044/626 2299/1048/626 2298/1047/626 
f 2287/1036/825 2300/1049/826 2301/1050/827 2302/1051/825 
f 2303/1052/828 2304/1053/829 2305/1054/830 2286/1035/828 
f 2306/1055/831 2304/1053/829 2303/1052/832 2307/1056/832 
f 2270/1019/833 2308/1057/834 2309/1058/835 2297/1046/835 
f 2310/1059/836 2271/1020/837 2298/1047/837 2299/1048/838 
f 2311/1060/839 2312/1061/840 2291/1040/819 2294/1043/821 
f 2281/1030/812 2276/1025/807 2275/1024/806 2282/1031/813 
f 2313/1062/841 2314/1063/842 2315/1064/843 2316/1065/844 
f 2317/1066/845 2280/1029/811 2283/1032/814 2318/1067/846 
f 2319/1068/847 2320/1069/848 2310/1059/836 2299/1048/838 
f 2270/1019/833 2273/1022/436 2321/1070/436 2308/1057/834 
f 2286/1035/849 2285/1034/849 2290/1039/850 2303/1052/851 
f 2278/1027/809 2322/1071/852 2288/1037/815 2264/1013/796 
f 2292/1041/853 2296/1045/854 2309/1058/854 2308/1057/855 
f 2302/1051/856 2289/1038/857 2284/1033/858 2287/1036/858 
f 2323/1072/859 2324/1073/860 2325/1074/861 2326/1075/862 
f 2327/1076/863 2277/1026/808 2276/1025/807 2328/1077/864 
f 2329/1078/865 2305/1054/830 2304/1053/829 2330/1079/866 
f 2268/1017/867 2267/1016/868 2275/1024/868 2274/1023/867 
f 2291/1040/819 2312/1061/840 2331/1080/869 2295/1044/822 
f 2332/1081/870 2301/1050/827 2300/1049/826 2333/1082/871 
f 2319/1068/872 2274/1023/805 2277/1026/808 2320/1069/873 
f 2334/1083/874 2323/1072/859 2326/1075/862 2335/1084/875 
f 2269/1018/801 2268/1017/800 2329/1078/816 2330/1079/876 
f 2313/1062/841 2336/1085/877 2337/1086/878 2314/1063/842 
f 2338/1087/879 2302/1051/879 2301/1050/827 2339/1088/880 
f 2318/1067/881 2340/1089/881 2341/1090/882 2317/1066/882 
f 2319/1068/626 2329/1078/626 2268/1017/867 2274/1023/867 
f 2324/1073/860 2331/1080/883 2312/1061/884 2325/1074/861 
f 2329/1078/626 2333/1082/626 2300/1049/626 2305/1054/626 
f 2333/1082/885 2342/1091/886 2343/1092/887 2332/1081/888 
f 2336/1085/877 2313/1062/841 2343/1092/887 2342/1091/886 
f 2331/1080/626 2324/1073/889 2342/1091/889 2333/1082/626 
f 2275/1024/868 2267/1016/868 2288/1037/890 2282/1031/890 
f 2322/1071/891 2283/1032/891 2282/1031/890 2288/1037/890 
f 2280/1029/811 2344/1093/892 2345/1094/893 2281/1030/812 
f 2281/1030/812 2345/1094/893 2328/1077/864 2276/1025/807 
f 2297/1046/626 2309/1058/626 2296/1045/626 2298/1047/626 
f 2310/1059/836 2320/1069/848 2346/1095/894 2347/1096/895 
f 2310/1059/836 2347/1096/895 2272/1021/896 2271/1020/896 
f 2329/1078/626 2319/1068/626 2331/1080/626 2333/1082/626 
f 2337/1086/897 2334/1083/897 2335/1084/898 2314/1063/898 
f 2290/1039/850 2348/1097/899 2307/1056/899 2303/1052/851 
f 2289/1038/817 2349/1098/467 2348/1097/467 2290/1039/818 
f 2305/1054/626 2300/1049/626 2287/1036/626 2286/1035/626 
f 2292/1041/853 2308/1057/855 2321/1070/900 2293/1042/900 
f 2338/1087/901 2349/1098/901 2289/1038/857 2302/1051/856 
f 2350/1099/483 2351/1100/483 2317/1066/483 2341/1090/483 
f 2311/1060/436 2352/1101/902 2325/1074/861 2312/1061/884 
f 2322/1071/891 2340/1089/881 2318/1067/881 2283/1032/891 
f 2344/1093/892 2280/1029/811 2317/1066/845 2351/1100/903 
f 2339/1088/880 2301/1050/827 2332/1081/870 2353/1102/904 
f 2323/1072/905 2336/1085/905 2342/1091/889 2324/1073/889 
f 2354/1103/906 2266/1015/798 2265/1014/797 2269/1018/801 
f 2304/1053/829 2306/1055/831 2355/1104/907 2330/1079/866 
f 2278/1027/809 2279/1028/810 2350/1099/908 2341/1090/909 
f 2319/1068/626 2299/1048/626 2295/1044/626 2331/1080/626 
f 2353/1102/467 2332/1081/888 2343/1092/887 2356/1105/910 
f 2352/1101/902 2357/1106/911 2326/1075/862 2325/1074/861 
f 2357/1106/911 2358/1107/912 2335/1084/875 2326/1075/862 
f 2334/1083/913 2337/1086/913 2336/1085/905 2323/1072/905 
f 2358/1107/483 2315/1064/483 2314/1063/898 2335/1084/898 
f 2320/1069/873 2277/1026/808 2327/1076/863 2346/1095/914 
f 2354/1103/906 2269/1018/801 2330/1079/876 2355/1104/467 
f 2316/1065/844 2356/1105/910 2343/1092/887 2313/1062/841 
f 2341/1090/909 2340/1089/915 2322/1071/852 2278/1027/809 
f 2359/1108/916 2360/1109/917 2361/1110/918 2362/1111/919 
f 2363/1112/467 2364/1113/467 2365/1114/920 2366/1115/920 
f 2359/1108/916 2362/1111/919 2367/1116/921 2368/1117/922 
f 2369/1118/923 2370/1119/923 2371/1120/924 2372/1121/925 
f 2373/1122/926 2374/1123/927 2372/1121/925 2371/1120/924 
f 2375/1124/928 2376/1125/929 2377/1126/930 2378/1127/931 
f 2379/1128/932 2380/1129/933 2381/1130/934 2382/1131/935 
f 2383/1132/467 2384/1133/467 2385/1134/467 2386/1135/467 
f 2387/1136/936 2388/1137/937 2380/1129/933 2379/1128/932 
f 2389/1138/938 2390/1139/938 2391/1140/939 2392/1141/939 
f 2393/1142/940 2394/1143/940 2392/1141/939 2391/1140/939 
f 2395/1144/941 2396/1145/942 2397/1146/943 2398/1147/944 
f 2399/1148/945 2400/1149/946 2401/1150/947 2402/1151/948 
f 2403/1152/949 2404/1153/950 2401/1150/947 2400/1149/946 
f 2405/1154/951 2406/1155/951 2407/1156/952 2408/1157/952 
f 2409/1158/953 2410/1159/953 2408/1157/952 2407/1156/952 
f 2411/1160/954 2412/1161/955 2413/1162/956 2414/1163/957 
f 2378/1127/931 2415/1164/958 2416/1165/959 2375/1124/928 
f 2417/1166/960 2370/1167/961 2369/1168/961 2418/1169/962 
f 2419/1170/467 2420/1171/467 2421/1172/467 2422/1173/467 
f 2423/1174/963 2374/1123/927 2373/1122/926 2424/1175/963 
f 2425/1176/964 2426/1177/965 2397/1146/943 2396/1145/942 
f 2427/1178/966 2390/1179/967 2389/1180/967 2382/1181/967 
f 2427/1178/966 2382/1181/967 2381/1182/968 
f 2428/1183/920 2366/1115/920 2365/1114/920 2429/1184/920 
f 2430/1185/969 2431/1186/970 2394/1187/971 2393/1188/971 
f 2412/1161/955 2411/1160/954 2432/1189/972 2433/1190/973 
f 2434/1191/974 2406/1192/975 2405/1193/975 2435/1194/976 
f 2436/1195/467 2437/1196/467 2384/1133/467 2383/1132/467 
f 2438/1197/977 2410/1198/978 2409/1199/978 2439/1200/979 
f 2360/1109/917 2418/1201/980 2369/1202/981 2361/1110/918 
f 2440/1203/982 2441/1204/983 2442/1205/984 2443/1206/985 
f 2444/1207/986 2441/1204/983 2440/1203/982 2421/1208/987 
f 2371/1209/988 2375/1124/928 2416/1165/959 2373/1210/989 
f 2420/1211/990 2445/1212/991 2446/1213/992 2447/1214/993 
f 2448/1215/994 2449/1216/995 2419/1217/996 2450/1218/997 
f 2422/1219/998 2451/1220/999 2450/1218/997 2419/1217/998 
f 2369/1202/1000 2372/1221/1001 2362/1111/919 2361/1110/918 
f 2452/1222/1002 2453/1223/1003 2363/1224/1004 2454/1225/1005 
f 2366/1226/987 2455/1227/1006 2454/1225/1005 2363/1224/1004 
f 2393/1228/1007 2391/1229/1008 2397/1146/943 2426/1177/965 
f 2456/1230/1009 2428/1231/1010 2457/1232/1011 2458/1233/1012 
f 2459/1234/1013 2460/1235/1014 2429/1236/1015 2461/1237/1016 
f 2429/1236/1015 2365/1238/998 2462/1239/999 2461/1237/1016 
f 2382/1131/935 2389/1240/1017 2392/1241/1018 2379/1128/932 
f 2405/1242/1019 2399/1148/945 2402/1151/948 2435/1243/1020 
f 2463/1244/1021 2464/1245/1022 2385/1246/1023 2465/1247/1024 
f 2384/1248/987 2466/1249/986 2465/1247/1024 2385/1246/1023 
f 2412/1161/955 2433/1190/973 2409/1250/1025 2407/1251/1026 
f 2437/1252/1027 2467/1253/1028 2468/1254/1029 2469/1255/1030 
f 2436/1256/1031 2470/1257/1032 2471/1258/1033 2472/1259/1034 
f 2383/1260/998 2473/1261/999 2470/1257/1032 2436/1256/1031 
f 2399/1148/945 2405/1242/1019 2408/1262/1035 2400/1149/946 
f 2444/1207/986 2421/1208/987 2420/1211/987 2447/1214/993 
f 2375/1124/928 2371/1209/988 2370/1263/1036 2376/1125/929 
f 2422/1219/998 2474/1264/998 2475/1265/1037 2451/1220/999 
f 2367/1116/921 2362/1111/919 2372/1221/1001 2374/1266/1038 
f 2455/1227/1006 2366/1226/987 2428/1231/1010 2456/1230/1009 
f 2397/1146/943 2391/1229/1008 2390/1267/1039 2398/1147/944 
f 2476/1268/1040 2462/1239/999 2365/1238/998 2364/1269/998 
f 2394/1270/1041 2387/1136/936 2379/1128/932 2392/1241/1018 
f 2466/1249/986 2384/1248/987 2437/1252/1027 2469/1255/1030 
f 2413/1162/956 2412/1161/955 2407/1251/1026 2406/1271/1042 
f 2386/1272/1043 2477/1273/1044 2473/1261/999 2383/1260/998 
f 2400/1149/946 2408/1262/1035 2410/1274/1045 2403/1152/949 
f 2422/1173/467 2421/1172/467 2440/1275/467 2474/1276/467 
f 2410/1274/1045 2438/1277/1046 2404/1153/950 2403/1152/949 
f 2478/1278/1047 2479/1279/1048 2404/1153/950 2438/1277/1046 
f 2479/1279/1048 2478/1278/1047 2480/1280/1049 2481/1281/1050 
f 2480/1280/1049 2472/1259/1034 2471/1258/1033 2481/1281/1050 
f 2439/1282/1051 2409/1250/1025 2433/1190/973 2432/1189/972 
f 2482/1283/1052 2483/1284/1053 2439/1282/1051 2432/1189/972 
f 2484/1285/1054 2485/1286/1055 2483/1284/1053 2482/1283/1052 
f 2485/1286/1055 2484/1285/1054 2468/1254/1029 2467/1253/1028 
f 2406/1271/1042 2434/1287/1056 2414/1163/957 2413/1162/956 
f 2434/1287/1056 2486/1288/1057 2487/1289/1058 2414/1163/957 
f 2488/1290/1059 2489/1291/1060 2487/1289/1058 2486/1288/1057 
f 2464/1245/1022 2463/1244/1021 2489/1291/1060 2488/1290/1059 
f 2490/1292/1061 2491/1293/1062 2477/1273/1044 2386/1272/1043 
f 2491/1293/1062 2490/1292/1061 2492/1294/1063 2493/1295/1064 
f 2494/1296/1065 2495/1297/1066 2493/1295/1064 2492/1294/1063 
f 2494/1296/1065 2435/1243/1020 2402/1151/948 2495/1297/1066 
f 2467/1298/1067 2437/1299/1068 2436/1300/1068 2472/1301/1067 
f 2480/1302/1069 2485/1303/1069 2467/1298/1067 2472/1301/1067 
f 2478/1304/1070 2483/1305/1070 2485/1303/1069 2480/1302/1069 
f 2439/1200/979 2483/1305/1070 2478/1304/1070 2438/1197/977 
f 2464/1306/1071 2490/1307/1072 2386/1308/1073 2385/1309/1073 
f 2490/1307/1072 2464/1306/1071 2488/1310/1074 2492/1311/1074 
f 2492/1311/1074 2488/1310/1074 2486/1312/1075 2494/1313/1076 
f 2435/1194/976 2494/1313/1076 2486/1312/1075 2434/1191/974 
f 2496/1314/931 2466/1249/986 2469/1255/1030 2468/1254/1029 
f 2496/1314/931 2468/1254/1029 2484/1285/1054 2497/1315/239 
f 2484/1285/1054 2482/1283/1052 2498/1316/1077 2497/1315/239 
f 2432/1189/972 2411/1160/954 2498/1316/1077 2482/1283/1052 
f 2496/1314/931 2463/1244/1021 2465/1247/1024 2466/1249/986 
f 2497/1315/239 2489/1291/1060 2463/1244/1021 2496/1314/931 
f 2487/1289/1058 2489/1291/1060 2497/1315/239 2498/1316/1077 
f 2414/1163/957 2487/1289/1058 2498/1316/1077 2411/1160/954 
f 2473/1261/999 2499/1317/916 2471/1258/1033 2470/1257/1032 
f 2481/1281/1050 2471/1258/1033 2499/1317/916 2500/1318/916 
f 2500/1318/916 2501/1319/1078 2479/1279/1048 2481/1281/1050 
f 2401/1150/947 2404/1153/950 2479/1279/1048 2501/1319/1078 
f 2473/1261/999 2477/1273/1044 2491/1293/1062 2499/1317/916 
f 2493/1295/1064 2500/1318/916 2499/1317/916 2491/1293/1062 
f 2500/1318/916 2493/1295/1064 2495/1297/1066 2501/1319/1078 
f 2495/1297/1066 2402/1151/948 2401/1150/947 2501/1319/1078 
f 2374/1266/1038 2423/1320/1079 2368/1117/922 2367/1116/921 
f 2368/1117/922 2423/1320/1079 2502/1321/1080 2503/1322/1081 
f 2504/1323/1082 2505/1324/1083 2503/1322/1081 2502/1321/1080 
f 2504/1323/1082 2449/1216/995 2448/1215/994 2505/1324/1083 
f 2373/1210/989 2416/1165/959 2415/1164/958 2424/1325/1084 
f 2415/1164/958 2506/1326/1085 2507/1327/1086 2424/1325/1084 
f 2508/1328/1087 2509/1329/1088 2507/1327/1086 2506/1326/1085 
f 2509/1329/1088 2508/1328/1087 2446/1213/992 2445/1212/991 
f 2377/1126/930 2376/1125/929 2370/1263/1089 2417/1330/1090 
f 2377/1126/930 2417/1330/1090 2510/1331/1091 2511/1332/1092 
f 2512/1333/1093 2513/1334/1094 2511/1332/1092 2510/1331/1091 
f 2513/1334/1094 2512/1333/1093 2443/1206/985 2442/1205/984 
f 2475/1265/1037 2474/1264/1095 2514/1335/1096 2515/1336/1097 
f 2516/1337/1098 2517/1338/1099 2515/1336/1097 2514/1335/1096 
f 2517/1338/1099 2516/1337/1098 2518/1339/1100 2519/1340/1101 
f 2518/1339/1100 2418/1201/980 2360/1109/917 2519/1340/1101 
f 2445/1341/1102 2420/1342/1103 2419/1343/1103 2449/1344/1102 
f 2509/1345/1104 2445/1341/1102 2449/1344/1102 2504/1346/1104 
f 2509/1345/1104 2504/1346/1104 2502/1347/1105 2507/1348/1106 
f 2507/1348/1106 2502/1347/1105 2423/1174/963 2424/1175/963 
f 2514/1349/1107 2474/1188/1108 2440/1350/1108 2443/1351/1109 
f 2514/1349/1107 2443/1351/1109 2512/1352/1110 2516/1353/1110 
f 2510/1354/1111 2518/1355/1112 2516/1353/1110 2512/1352/1110 
f 2417/1166/960 2418/1169/962 2518/1355/1112 2510/1354/1111 
f 2444/1207/986 2447/1214/993 2446/1213/992 2520/1356/931 
f 2520/1356/931 2446/1213/992 2508/1328/1087 2521/1357/931 
f 2521/1357/931 2508/1328/1087 2506/1326/1085 2522/1358/931 
f 2378/1127/931 2522/1358/931 2506/1326/1085 2415/1164/958 
f 2444/1207/986 2520/1356/931 2442/1205/984 2441/1204/983 
f 2513/1334/1094 2442/1205/984 2520/1356/931 2521/1357/931 
f 2522/1358/931 2511/1332/1092 2513/1334/1094 2521/1357/931 
f 2522/1358/931 2378/1127/931 2377/1126/930 2511/1332/1092 
f 2451/1220/999 2523/1359/916 2448/1215/994 2450/1218/997 
f 2524/1360/916 2505/1324/1083 2448/1215/994 2523/1359/916 
f 2525/1361/916 2503/1322/1081 2505/1324/1083 2524/1360/916 
f 2525/1361/916 2359/1108/916 2368/1117/922 2503/1322/1081 
f 2475/1265/1037 2515/1336/1097 2523/1359/916 2451/1220/999 
f 2517/1338/1099 2524/1360/916 2523/1359/916 2515/1336/1097 
f 2519/1340/1101 2525/1361/916 2524/1360/916 2517/1338/1099 
f 2360/1109/917 2359/1108/916 2525/1361/916 2519/1340/1101 
f 2388/1137/937 2387/1136/936 2394/1270/1041 2431/1362/1113 
f 2388/1137/937 2431/1362/1113 2526/1363/1114 2527/1364/1115 
f 2526/1363/1114 2528/1365/1116 2529/1366/1117 2527/1364/1115 
f 2530/1367/1118 2531/1368/1119 2529/1366/1117 2528/1365/1116 
f 2531/1368/1119 2530/1367/1118 2460/1235/1014 2459/1234/1013 
f 2430/1369/1120 2393/1228/1007 2426/1177/965 2425/1176/964 
f 2532/1370/1121 2533/1371/1122 2430/1369/1120 2425/1176/964 
f 2533/1371/1122 2532/1370/1121 2534/1372/1123 2535/1373/1124 
f 2535/1373/1124 2534/1372/1123 2536/1374/1125 2537/1375/1126 
f 2537/1375/1126 2536/1374/1125 2458/1233/1012 2457/1232/1011 
f 2398/1147/944 2390/1267/1127 2427/1376/1128 2395/1144/941 
f 2538/1377/1129 2539/1378/1130 2395/1144/941 2427/1376/1128 
f 2539/1378/1130 2538/1377/1129 2540/1379/1131 2541/1380/1132 
f 2541/1380/1132 2540/1379/1131 2542/1381/1133 2543/1382/1134 
f 2543/1382/1134 2542/1381/1133 2453/1223/1003 2452/1222/1002 
f 2460/1383/1135 2457/1384/1135 2428/1385/1136 2429/1386/1136 
f 2460/1383/1135 2530/1387/1137 2537/1388/1137 2457/1384/1135 
f 2537/1388/1137 2530/1387/1137 2528/1389/1138 2535/1390/1139 
f 2535/1390/1139 2528/1389/1138 2526/1391/1140 2533/1392/1141 
f 2430/1185/969 2533/1392/1141 2526/1391/1140 2431/1186/970 
f 2363/1393/1142 2453/1394/1143 2544/1395/1144 2364/1396/1142 
f 2364/1396/1142 2544/1395/1144 2476/1397/1142 
f 2545/1398/1145 2544/1395/1144 2453/1394/1143 2542/1399/1146 
f 2546/1400/1147 2545/1398/1145 2542/1399/1146 2540/1401/1148 
f 2538/1402/1149 2547/1403/1150 2546/1400/1147 2540/1401/1148 
f 2538/1402/1149 2427/1178/966 2381/1182/968 2547/1403/1150 
f 2458/1233/1012 2548/1404/239 2455/1227/1006 2456/1230/1009 
f 2548/1404/239 2458/1233/1012 2536/1374/1125 2549/1405/239 
f 2550/1406/239 2549/1405/239 2536/1374/1125 2534/1372/1123 
f 2550/1406/239 2534/1372/1123 2532/1370/1121 2551/1407/1151 
f 2532/1370/1121 2425/1176/964 2396/1145/942 2551/1407/1151 
f 2455/1227/1006 2548/1404/239 2452/1222/1002 2454/1225/1005 
f 2549/1405/239 2543/1382/1134 2452/1222/1002 2548/1404/239 
f 2541/1380/1132 2543/1382/1134 2549/1405/239 2550/1406/239 
f 2550/1406/239 2551/1407/1151 2539/1378/1130 2541/1380/1132 
f 2551/1407/1151 2396/1145/942 2395/1144/941 2539/1378/1130 
f 2462/1239/999 2552/1408/1152 2459/1234/1013 2461/1237/1016 
f 2553/1409/916 2531/1368/1119 2459/1234/1013 2552/1408/1152 
f 2529/1366/1117 2531/1368/1119 2553/1409/916 2554/1410/916 
f 2555/1411/1153 2527/1364/1115 2529/1366/1117 2554/1410/916 
f 2388/1137/937 2527/1364/1115 2555/1411/1153 2380/1129/933 
f 2544/1412/916 2552/1408/1152 2462/1239/999 2476/1268/1040 
f 2545/1413/916 2553/1409/916 2552/1408/1152 2544/1412/916 
f 2553/1409/916 2545/1413/916 2546/1414/916 2554/1410/916 
f 2547/1415/1154 2555/1411/1153 2554/1410/916 2546/1414/916 
f 2380/1129/933 2555/1411/1153 2547/1415/1154 2381/1130/934 
f 2556/1416/916 2557/1417/1155 2558/1418/1156 2559/1419/1157 
f 2560/1195/467 2561/1420/467 2562/1421/467 2563/1183/467 
f 2564/1422/1158 2565/1423/1159 2557/1417/1155 2556/1416/916 
f 2566/1424/1160 2567/1425/1161 2568/1342/1161 2569/1426/1162 
f 2570/1427/1163 2571/1428/1164 2566/1424/1160 2569/1426/1162 
f 2572/1429/1165 2573/1430/931 2574/1431/1166 2575/1432/1167 
f 2576/1433/1168 2577/1434/1169 2578/1435/1170 2579/1436/1171 
f 2580/1133/467 2581/1196/467 2582/1138/467 2583/1141/467 
f 2578/1435/1170 2577/1434/1169 2584/1437/1172 2585/1438/1173 
f 2586/1157/1174 2587/1159/1175 2588/1439/1175 2589/1440/1174 
f 2590/1441/1176 2591/1154/1176 2586/1157/1174 2589/1440/1174 
f 2592/1442/1177 2593/1443/1178 2594/1444/1179 2595/1445/1180 
f 2596/1446/1181 2597/1447/1182 2598/1448/1183 2599/1449/1184 
f 2597/1447/1182 2596/1446/1181 2600/1450/1185 2601/1451/1186 
f 2602/1452/1187 2603/1171/1188 2604/1441/1188 2605/1440/1187 
f 2606/1439/1189 2607/1453/1189 2602/1452/1187 2605/1440/1187 
f 2608/1454/1190 2609/1455/1191 2610/1456/1192 2611/1457/1193 
f 2573/1430/931 2572/1429/1165 2612/1458/1194 2613/1459/1195 
f 2614/1460/1196 2568/1350/1197 2567/1461/1197 2615/1462/1198 
f 2616/1463/467 2617/1276/467 2618/1464/467 2619/1465/467 
f 2620/1466/1199 2571/1428/1164 2570/1427/1163 2621/1467/1199 
f 2622/1468/1200 2623/1469/1201 2594/1444/1179 2593/1443/1178 
f 2624/1470/1202 2576/1471/1203 2579/1472/1204 2587/1473/1204 
f 2579/1472/1204 2588/1474/1204 2587/1473/1204 
f 2561/1420/467 2625/1475/467 2626/1112/467 2562/1421/467 
f 2627/1476/1205 2591/1386/1206 2590/1477/1206 2628/1478/1207 
f 2629/1479/1208 2610/1456/1192 2609/1455/1191 2630/1480/1209 
f 2631/1481/1210 2604/1482/1211 2603/1483/1211 2632/1484/1212 
f 2633/1134/467 2580/1133/467 2583/1141/467 2634/1143/467 
f 2607/1485/1213 2606/1486/1213 2635/1487/1214 2636/1488/1215 
f 2568/1489/1216 2614/1490/1217 2559/1419/1157 2558/1418/1156 
f 2637/1491/1218 2638/1492/1219 2639/1493/1220 2640/1494/1221 
f 2616/1495/987 2637/1491/1218 2640/1494/1221 2641/1496/986 
f 2612/1458/1194 2572/1429/1165 2566/1497/1222 2571/1498/1223 
f 2642/1499/1224 2617/1500/1225 2643/1501/1226 2644/1502/1227 
f 2645/1503/1228 2646/1504/1229 2618/1505/1230 2647/1506/1231 
f 2648/1507/999 2619/1508/998 2618/1505/998 2646/1504/1229 
f 2569/1509/1232 2568/1489/1233 2558/1418/1156 2557/1417/1155 
f 2649/1510/1234 2650/1511/1235 2560/1512/1236 2651/1513/1237 
f 2652/1514/986 2561/1515/987 2560/1512/1236 2650/1511/1235 
f 2586/1516/1238 2591/1517/1239 2622/1468/1200 2593/1443/1178 
f 2653/1518/1240 2625/1519/1241 2654/1520/1242 2655/1521/1243 
f 2656/1522/1244 2657/1523/1245 2626/1524/1246 2658/1525/1247 
f 2562/1526/998 2626/1524/1246 2657/1523/1245 2659/1527/999 
f 2578/1435/1170 2589/1528/1248 2588/1529/1249 2579/1436/1171 
f 2598/1448/1183 2604/1530/1250 2631/1531/1251 2599/1449/1184 
f 2660/1532/1252 2661/1533/1253 2582/1534/1254 2662/1535/1255 
f 2583/1536/987 2582/1534/1254 2661/1533/1253 2663/1537/986 
f 2609/1455/1191 2602/1538/1256 2607/1539/1257 2630/1480/1209 
f 2634/1540/1258 2664/1541/1259 2665/1542/1260 2666/1543/1261 
f 2633/1544/1262 2667/1545/1263 2668/1546/1264 2669/1547/1265 
f 2670/1548/999 2580/1549/998 2633/1544/1262 2669/1547/1265 
f 2598/1448/1183 2597/1447/1182 2605/1550/1266 2604/1530/1250 
f 2643/1501/1226 2617/1500/987 2616/1495/987 2641/1496/986 
f 2567/1551/1267 2566/1497/1222 2572/1429/1165 2575/1432/1167 
f 2648/1507/999 2671/1552/1268 2672/1553/998 2619/1508/998 
f 2557/1417/1155 2565/1423/1159 2570/1554/1269 2569/1509/1232 
f 2625/1519/1241 2561/1515/987 2652/1514/986 2654/1520/1242 
f 2587/1555/1270 2586/1516/1238 2593/1443/1178 2592/1442/1177 
f 2563/1556/998 2562/1526/998 2659/1527/999 2673/1557/1040 
f 2578/1435/1170 2585/1438/1173 2590/1558/1271 2589/1528/1248 
f 2634/1540/1258 2583/1536/987 2663/1537/986 2664/1541/1259 
f 2602/1538/1256 2609/1455/1191 2608/1454/1190 2603/1559/1272 
f 2581/1560/1273 2580/1549/998 2670/1548/999 2674/1561/1274 
f 2597/1447/1182 2601/1451/1186 2606/1562/1275 2605/1550/1266 
f 2616/1463/467 2619/1465/467 2672/1563/467 2637/1564/467 
f 2601/1451/1186 2600/1450/1185 2635/1565/1276 2606/1562/1275 
f 2635/1565/1276 2600/1450/1185 2675/1566/1277 2676/1567/1278 
f 2676/1567/1278 2675/1566/1277 2677/1568/1279 2678/1569/1280 
f 2677/1568/1279 2668/1546/1264 2667/1545/1263 2678/1569/1280 
f 2636/1570/1281 2629/1479/1208 2630/1480/1209 2607/1539/1257 
f 2679/1571/1282 2680/1572/1283 2629/1479/1208 2636/1570/1281 
f 2681/1573/1284 2680/1572/1283 2679/1571/1282 2682/1574/1285 
f 2665/1542/1260 2681/1573/1284 2682/1574/1285 2666/1543/1261 
f 2608/1454/1190 2611/1457/1193 2632/1575/1286 2603/1559/1272 
f 2683/1576/1287 2684/1577/1288 2632/1575/1286 2611/1457/1193 
f 2685/1578/1289 2684/1577/1288 2683/1576/1287 2686/1579/1290 
f 2686/1579/1290 2660/1532/1252 2662/1535/1255 2685/1578/1289 
f 2687/1580/1291 2688/1581/1292 2581/1560/1273 2674/1561/1274 
f 2689/1582/1293 2688/1581/1292 2687/1580/1291 2690/1583/1294 
f 2689/1582/1293 2690/1583/1294 2691/1584/1295 2692/1585/1296 
f 2691/1584/1295 2599/1449/1184 2631/1531/1251 2692/1585/1296 
f 2667/1586/1297 2633/1587/1298 2634/1588/1298 2666/1589/1297 
f 2678/1590/1299 2667/1586/1297 2666/1589/1297 2682/1591/1299 
f 2676/1592/1300 2678/1590/1299 2682/1591/1299 2679/1593/1300 
f 2679/1593/1300 2636/1488/1215 2635/1487/1214 2676/1592/1300 
f 2581/1594/1301 2688/1595/1302 2662/1596/1303 2582/1597/1301 
f 2685/1598/1304 2662/1596/1303 2688/1595/1302 2689/1599/1304 
f 2692/1600/1305 2684/1601/1306 2685/1598/1304 2689/1599/1304 
f 2692/1600/1305 2631/1481/1210 2632/1484/1212 2684/1601/1306 
f 2663/1537/986 2693/1602/931 2665/1542/1260 2664/1541/1259 
f 2665/1542/1260 2693/1602/931 2694/1603/931 2681/1573/1284 
f 2681/1573/1284 2694/1603/931 2695/1604/1307 2680/1572/1283 
f 2695/1604/1307 2610/1456/1192 2629/1479/1208 2680/1572/1283 
f 2661/1533/1253 2660/1532/1252 2693/1602/931 2663/1537/986 
f 2660/1532/1252 2686/1579/1290 2694/1603/931 2693/1602/931 
f 2686/1579/1290 2683/1576/1287 2695/1604/1307 2694/1603/931 
f 2611/1457/1193 2610/1456/1192 2695/1604/1307 2683/1576/1287 
f 2668/1546/1264 2696/1605/916 2670/1548/999 2669/1547/1265 
f 2668/1546/1264 2677/1568/1279 2697/1606/916 2696/1605/916 
f 2675/1566/1277 2698/1607/1308 2697/1606/916 2677/1568/1279 
f 2675/1566/1277 2600/1450/1185 2596/1446/1181 2698/1607/1308 
f 2687/1580/1291 2674/1561/1274 2670/1548/999 2696/1605/916 
f 2696/1605/916 2697/1606/916 2690/1583/1294 2687/1580/1291 
f 2691/1584/1295 2690/1583/1294 2697/1606/916 2698/1607/1308 
f 2691/1584/1295 2698/1607/1308 2596/1446/1181 2599/1449/1184 
f 2621/1608/1309 2570/1554/1269 2565/1423/1159 2564/1422/1158 
f 2564/1422/1158 2699/1609/1310 2700/1610/1311 2621/1608/1309 
f 2700/1610/1311 2699/1609/1310 2701/1611/1312 2702/1612/1313 
f 2647/1506/1231 2702/1612/1313 2701/1611/1312 2645/1503/1228 
f 2620/1613/1314 2613/1459/1195 2612/1458/1194 2571/1498/1223 
f 2620/1613/1314 2703/1614/1315 2704/1615/1316 2613/1459/1195 
f 2705/1616/1317 2704/1615/1316 2703/1614/1315 2706/1617/1318 
f 2705/1616/1317 2706/1617/1318 2642/1499/1224 2644/1502/1227 
f 2575/1432/1167 2574/1431/1166 2615/1618/1319 2567/1551/1320 
f 2574/1431/1166 2707/1619/1321 2708/1620/1322 2615/1618/1319 
f 2708/1620/1322 2707/1619/1321 2709/1621/1323 2710/1622/1324 
f 2709/1621/1323 2639/1493/1220 2638/1492/1219 2710/1622/1324 
f 2672/1553/1325 2671/1552/1268 2711/1623/1326 2712/1624/1327 
f 2713/1625/1328 2714/1626/1329 2712/1624/1327 2711/1623/1326 
f 2715/1627/1330 2714/1626/1329 2713/1625/1328 2716/1628/1331 
f 2559/1419/1157 2614/1490/1217 2715/1627/1330 2716/1628/1331 
f 2647/1629/1332 2618/1119/1333 2617/1630/1333 2642/1631/1332 
f 2647/1629/1332 2642/1631/1332 2706/1632/1334 2702/1633/1334 
f 2703/1634/1335 2700/1635/1336 2702/1633/1334 2706/1632/1334 
f 2621/1467/1199 2700/1635/1336 2703/1634/1335 2620/1466/1199 
f 2638/1636/1337 2637/1637/1338 2672/1167/1338 2712/1638/1339 
f 2710/1639/1340 2638/1636/1337 2712/1638/1339 2714/1640/1340 
f 2708/1641/1341 2710/1639/1340 2714/1640/1340 2715/1642/1342 
f 2614/1460/1196 2615/1462/1198 2708/1641/1341 2715/1642/1342 
f 2643/1501/1226 2641/1496/986 2717/1643/626 2644/1502/1227 
f 2705/1616/1317 2644/1502/1227 2717/1643/626 2718/1644/626 
f 2705/1616/1317 2718/1644/626 2719/1645/931 2704/1615/1316 
f 2613/1459/1195 2704/1615/1316 2719/1645/931 2573/1430/931 
f 2717/1643/626 2641/1496/986 2640/1494/1221 2639/1493/1220 
f 2709/1621/1323 2718/1644/626 2717/1643/626 2639/1493/1220 
f 2719/1645/931 2718/1644/626 2709/1621/1323 2707/1619/1321 
f 2574/1431/1166 2573/1430/931 2719/1645/931 2707/1619/1321 
f 2648/1507/999 2646/1504/1229 2645/1503/1228 2720/1646/916 
f 2645/1503/1228 2701/1611/1312 2721/1647/1152 2720/1646/916 
f 2699/1609/1310 2722/1648/916 2721/1647/1152 2701/1611/1312 
f 2564/1422/1158 2556/1416/916 2722/1648/916 2699/1609/1310 
f 2711/1623/1326 2671/1552/1268 2648/1507/999 2720/1646/916 
f 2720/1646/916 2721/1647/1152 2713/1625/1328 2711/1623/1326 
f 2716/1628/1331 2713/1625/1328 2721/1647/1152 2722/1648/916 
f 2722/1648/916 2556/1416/916 2559/1419/1157 2716/1628/1331 
f 2585/1438/1173 2584/1437/1172 2628/1649/1343 2590/1558/1271 
f 2584/1437/1172 2723/1650/1344 2724/1651/1345 2628/1649/1343 
f 2724/1651/1345 2723/1650/1344 2725/1652/1346 2726/1653/1347 
f 2727/1654/1348 2726/1653/1347 2725/1652/1346 2728/1655/1349 
f 2728/1655/1349 2656/1522/1244 2658/1525/1247 2727/1654/1348 
f 2623/1469/1201 2622/1468/1200 2591/1517/1239 2627/1656/1350 
f 2729/1657/1351 2730/1658/1352 2623/1469/1201 2627/1656/1350 
f 2730/1658/1352 2729/1657/1351 2731/1659/1353 2732/1660/1354 
f 2732/1660/1354 2731/1659/1353 2733/1661/1355 2734/1662/1356 
f 2653/1518/1240 2655/1521/1243 2734/1662/1356 2733/1661/1355 
f 2624/1663/1357 2587/1555/1358 2592/1442/1177 2595/1445/1180 
f 2595/1445/1180 2735/1664/1359 2736/1665/1360 2624/1663/1357 
f 2736/1665/1360 2735/1664/1359 2737/1666/1361 2738/1667/1362 
f 2738/1667/1362 2737/1666/1361 2739/1668/1363 2740/1669/1364 
f 2651/1513/1237 2740/1669/1364 2739/1668/1363 2649/1510/1234 
f 2626/1343/1365 2625/1187/1365 2653/1670/1366 2658/1671/1366 
f 2727/1672/1367 2658/1671/1366 2653/1670/1366 2733/1673/1367 
f 2733/1673/1367 2731/1674/1368 2726/1675/1369 2727/1672/1367 
f 2726/1675/1369 2731/1674/1368 2729/1676/1370 2724/1677/1371 
f 2627/1476/1205 2628/1478/1207 2724/1677/1371 2729/1676/1370 
f 2563/1678/1372 2673/1679/1372 2741/1680/1373 2651/1681/1374 
f 2563/1678/1372 2651/1681/1374 2560/1682/1372 
f 2651/1681/1374 2741/1680/1373 2742/1683/1375 2740/1684/1376 
f 2740/1684/1376 2742/1683/1375 2743/1685/1377 2738/1686/1378 
f 2738/1686/1378 2743/1685/1377 2744/1687/1379 2736/1688/1380 
f 2744/1687/1379 2576/1471/1203 2624/1470/1202 2736/1688/1380 
f 2652/1514/986 2745/1689/626 2655/1521/1243 2654/1520/1242 
f 2734/1662/1356 2655/1521/1243 2745/1689/626 2746/1690/239 
f 2734/1662/1356 2746/1690/239 2747/1691/239 2732/1660/1354 
f 2747/1691/239 2748/1692/1381 2730/1658/1352 2732/1660/1354 
f 2623/1469/1201 2730/1658/1352 2748/1692/1381 2594/1444/1179 
f 2650/1511/1235 2649/1510/1234 2745/1689/626 2652/1514/986 
f 2739/1668/1363 2746/1690/239 2745/1689/626 2649/1510/1234 
f 2737/1666/1361 2747/1691/239 2746/1690/239 2739/1668/1363 
f 2748/1692/1381 2747/1691/239 2737/1666/1361 2735/1664/1359 
f 2735/1664/1359 2595/1445/1180 2594/1444/1179 2748/1692/1381 
f 2749/1693/1152 2659/1527/999 2657/1523/1245 2656/1522/1244 
f 2750/1694/1152 2749/1693/1152 2656/1522/1244 2728/1655/1349 
f 2751/1695/1152 2750/1694/1152 2728/1655/1349 2725/1652/1346 
f 2723/1650/1344 2752/1696/1382 2751/1695/1152 2725/1652/1346 
f 2584/1437/1172 2577/1434/1169 2752/1696/1382 2723/1650/1344 
f 2659/1527/999 2749/1693/1152 2741/1697/916 2673/1557/1040 
f 2741/1697/916 2749/1693/1152 2750/1694/1152 2742/1698/1152 
f 2742/1698/1152 2750/1694/1152 2751/1695/1152 2743/1699/916 
f 2743/1699/916 2751/1695/1152 2752/1696/1382 2744/1700/1383 
f 2576/1433/1168 2744/1700/1383 2752/1696/1382 2577/1434/1169 
f 2753/1085/905 2754/1072/905 2755/1083/913 2756/1086/913 
f 2757/1107/912 2758/1084/875 2759/1075/862 2760/1106/911 
f 2761/1091/889 2762/1082/626 2763/1080/626 2764/1073/889 
f 2765/1102/467 2766/1081/888 2767/1092/887 2768/1105/910 
f 2769/1078/626 2762/1082/626 2770/1049/626 2771/1054/626 
f 2772/1074/861 2773/1101/902 2760/1106/911 2759/1075/862 
f 2753/1085/905 2761/1091/889 2764/1073/889 2754/1072/905 
f 2774/1088/880 2775/1050/827 2766/1081/870 2765/1102/904 
f 2776/1014/797 2777/1018/801 2778/1103/906 2779/1015/798 
f 2763/1080/626 2780/1068/626 2781/1048/626 2782/1044/626 
f 2774/1088/880 2783/1087/879 2784/1051/879 2775/1050/827 
f 2785/1053/829 2786/1055/831 2787/1104/907 2788/1079/866 
f 2780/1068/626 2769/1078/626 2789/1017/867 2790/1023/867 
f 2791/1099/908 2792/1090/909 2793/1027/809 2794/1028/810 
f 2795/1093/892 2796/1029/811 2797/1066/845 2798/1100/903 
f 2799/1032/891 2800/1071/891 2801/1089/1384 2802/1067/1384 
f 2803/1077/864 2804/1076/863 2805/1026/808 2806/1025/807 
f 2797/1066/483 2792/1090/483 2791/1099/483 2798/1100/483 
f 2790/1023/867 2789/1017/867 2807/1016/868 2808/1024/868 
f 2809/1060/436 2773/1101/902 2772/1074/861 2810/1061/884 
f 2758/1084/898 2757/1107/483 2811/1064/483 2812/1063/898 
f 2767/1092/887 2813/1062/841 2814/1065/844 2768/1105/910 
f 2786/1055/831 2785/1053/829 2815/1052/832 2816/1056/832 
f 2762/1082/626 2769/1078/626 2780/1068/626 2763/1080/626 
f 2817/1095/914 2818/1069/873 2805/1026/808 2804/1076/863 
f 2819/1043/821 2809/1060/839 2810/1061/840 2820/1040/819 
f 2788/1079/876 2787/1104/467 2778/1103/906 2777/1018/801 
f 2818/1069/848 2817/1095/894 2821/1096/895 2822/1059/836 
f 2823/1042/900 2824/1041/853 2825/1057/855 2826/1070/900 
f 2827/1047/626 2828/1045/626 2782/1044/626 2781/1048/626 
f 2829/1021/896 2830/1020/896 2822/1059/836 2821/1096/895 
f 2831/1036/626 2832/1035/626 2771/1054/626 2770/1049/626 
f 2824/1041/820 2823/1042/820 2819/1043/821 2820/1040/819 
f 2833/1098/901 2834/1038/857 2784/1051/856 2783/1087/901 
f 2835/1019/833 2836/1022/436 2826/1070/436 2825/1057/834 
f 2793/1027/809 2837/1013/796 2838/1012/795 2794/1028/810 
f 2839/1039/818 2834/1038/817 2833/1098/467 2840/1097/467 
f 2839/1039/850 2840/1097/899 2816/1056/899 2815/1052/851 
f 2828/1045/626 2827/1047/626 2841/1046/626 2842/1058/626 
f 2835/1019/802 2830/1020/803 2829/1021/804 2836/1022/804 
f 2832/1035/626 2831/1036/626 2843/1033/626 2844/1034/626 
f 2803/1077/864 2806/1025/807 2845/1030/812 2846/1094/893 
f 2800/1071/891 2799/1032/891 2847/1031/890 2848/1037/890 
f 2846/1094/893 2845/1030/812 2796/1029/811 2795/1093/892 
f 2838/1012/795 2837/1013/796 2776/1014/797 2779/1015/798 
f 2847/1031/890 2808/1024/868 2807/1016/868 2848/1037/890 
f 2756/1086/897 2755/1083/897 2758/1084/898 2812/1063/898 
f 2753/1085/877 2813/1062/841 2767/1092/887 2761/1091/886 
f 2758/1084/875 2755/1083/874 2754/1072/859 2759/1075/862 
f 2761/1091/886 2767/1092/887 2766/1081/888 2762/1082/885 
f 2764/1073/860 2763/1080/883 2810/1061/884 2772/1074/861 
f 2818/1069/873 2780/1068/872 2790/1023/805 2805/1026/808 
f 2789/1017/800 2769/1078/816 2788/1079/876 2777/1018/801 
f 2802/1067/1384 2801/1089/1384 2792/1090/882 2797/1066/882 
f 2813/1062/841 2753/1085/877 2756/1086/878 2812/1063/842 
f 2754/1072/859 2764/1073/860 2772/1074/861 2759/1075/862 
f 2770/1049/826 2762/1082/871 2766/1081/870 2775/1050/827 
f 2769/1078/1385 2771/1054/830 2785/1053/829 2788/1079/866 
f 2781/1048/838 2780/1068/847 2818/1069/848 2822/1059/836 
f 2810/1061/840 2763/1080/869 2782/1044/822 2820/1040/819 
f 2824/1041/823 2820/1040/819 2782/1044/822 2828/1045/823 
f 2775/1050/827 2784/1051/825 2831/1036/825 2770/1049/826 
f 2785/1053/829 2771/1054/830 2832/1035/828 2815/1052/828 
f 2781/1048/838 2822/1059/836 2830/1020/837 2827/1047/837 
f 2834/1038/817 2839/1039/818 2844/1034/816 2843/1033/816 
f 2835/1019/833 2825/1057/834 2842/1058/835 2841/1046/835 
f 2835/1019/802 2841/1046/824 2827/1047/824 2830/1020/803 
f 2824/1041/853 2828/1045/854 2842/1058/854 2825/1057/855 
f 2843/1033/858 2831/1036/858 2784/1051/856 2834/1038/857 
f 2844/1034/849 2839/1039/850 2815/1052/851 2832/1035/849 
f 2776/1014/797 2837/1013/796 2848/1037/815 2807/1016/799 
f 2793/1027/809 2800/1071/852 2848/1037/815 2837/1013/796 
f 2806/1025/807 2808/1024/806 2847/1031/813 2845/1030/812 
f 2796/1029/811 2845/1030/812 2847/1031/813 2799/1032/814 
f 2797/1066/845 2796/1029/811 2799/1032/814 2802/1067/846 
f 2806/1025/807 2805/1026/808 2790/1023/805 2808/1024/806 
f 2807/1016/799 2789/1017/800 2777/1018/801 2776/1014/797 
f 2793/1027/809 2792/1090/909 2801/1089/915 2800/1071/852 
f 2813/1062/841 2812/1063/842 2811/1064/843 2814/1065/844 
f 2849/831/1386 2850/832/1387 2851/833/1388 2852/830/1389 
f 2852/830/1389 2853/835/1390 2854/834/1391 2849/831/1386 
f 2854/834/1391 2853/835/1390 2855/836/1392 2856/837/1393 
f 2857/838/1394 2858/839/1395 2856/837/1393 2855/836/1392 
f 2858/839/1395 2857/838/1394 2859/840/1396 2860/841/1397 
f 2860/841/1397 2859/840/1396 2861/842/1398 2862/843/1399 
f 2863/844/1400 2864/845/1401 2862/843/1399 2861/842/1398 
f 2863/844/1400 2865/846/1402 2866/847/1403 2864/845/1401 
f 2865/846/1402 2867/848/1404 2868/849/1405 2866/847/1403 
f 2869/852/1406 2868/853/1405 2867/850/1404 2870/851/1407 
f 2871/855/1408 2872/854/1409 2869/852/1406 2870/851/1407 
f 2873/856/1410 2874/857/1411 2872/854/1409 2871/855/1408 
f 2874/857/1411 2873/856/1410 2875/858/1412 2876/859/1413 
f 2877/860/1414 2878/861/1415 2876/859/1413 2875/858/1412 
f 2877/860/1414 2879/862/1416 2880/863/1417 2878/861/1415 
f 2879/862/1416 2851/833/1388 2850/832/1387 2880/863/1417 
f 2881/865/1418 2850/832/1387 2849/831/1386 2882/864/1419 
f 2854/834/1391 2883/866/1420 2882/864/1419 2849/831/1386 
f 2856/837/1393 2884/867/1421 2883/866/1420 2854/834/1391 
f 2858/839/1395 2885/868/1422 2884/867/1421 2856/837/1393 
f 2860/841/1397 2886/869/1423 2885/868/1422 2858/839/1395 
f 2862/843/1399 2887/870/1424 2886/869/1423 2860/841/1397 
f 2864/845/1401 2888/871/1425 2887/870/1424 2862/843/1399 
f 2889/872/1426 2888/871/1425 2864/845/1401 2866/847/1403 
f 2890/873/1427 2889/872/1426 2866/847/1403 2868/849/1405 
f 2868/853/1405 2869/852/1406 2891/874/1428 2890/875/1427 
f 2892/876/1429 2891/874/1428 2869/852/1406 2872/854/1409 
f 2893/877/1430 2892/876/1429 2872/854/1409 2874/857/1411 
f 2876/859/1413 2894/878/1431 2893/877/1430 2874/857/1411 
f 2895/879/1432 2894/878/1431 2876/859/1413 2878/861/1415 
f 2895/879/1432 2878/861/1415 2880/863/1417 2896/880/1433 
f 2880/863/1417 2850/832/1387 2881/865/1418 2896/880/1433 
f 2897/882/1434 2881/865/1418 2882/864/1419 2898/881/1435 
f 2882/864/1419 2883/866/1420 2899/883/1436 2898/881/1435 
f 2899/883/1436 2883/866/1420 2884/867/1421 2900/884/1437 
f 2884/867/1421 2885/868/1422 2901/885/1438 2900/884/1437 
f 2901/885/1438 2885/868/1422 2886/869/1423 2902/886/1439 
f 2887/870/1424 2903/887/1440 2902/886/1439 2886/869/1423 
f 2904/888/1441 2903/887/1440 2887/870/1424 2888/871/1425 
f 2889/872/1426 2905/889/1442 2904/888/1441 2888/871/1425 
f 2906/890/1443 2905/889/1442 2889/872/1426 2890/873/1427 
f 2891/874/1428 2907/892/1444 2906/891/1443 2890/875/1427 
f 2908/893/1445 2907/892/1444 2891/874/1428 2892/876/1429 
f 2893/877/1430 2909/894/1446 2908/893/1445 2892/876/1429 
f 2910/895/1447 2909/894/1446 2893/877/1430 2894/878/1431 
f 2895/879/1432 2911/896/1448 2910/895/1447 2894/878/1431 
f 2895/879/1432 2896/880/1433 2912/897/1449 2911/896/1448 
f 2912/897/1449 2896/880/1433 2881/865/1418 2897/882/1434 
f 2913/898/1450 2914/899/1451 2897/882/1434 2898/881/1435 
f 2915/900/1452 2913/898/1450 2898/881/1435 2899/883/1436 
f 2915/900/1452 2899/883/1436 2900/884/1437 2916/901/1453 
f 2900/884/1437 2901/885/1438 2917/902/1454 2916/901/1453 
f 2917/902/1454 2901/885/1438 2902/886/1439 2918/903/1455 
f 2902/886/1439 2903/887/1440 2919/904/1456 2918/903/1455 
f 2919/904/1456 2903/887/1440 2904/888/1441 2920/905/1457 
f 2904/888/1441 2905/889/1442 2921/906/1458 2920/905/1457 
f 2921/906/1458 2905/889/1442 2906/890/1443 2922/907/1459 
f 2906/891/1443 2907/892/1444 2923/908/1460 2922/909/1459 
f 2907/892/1444 2908/893/1445 2924/910/1461 2923/908/1460 
f 2909/894/1446 2925/911/1462 2924/910/1461 2908/893/1445 
f 2925/911/1462 2909/894/1446 2910/895/1447 2926/912/1463 
f 2911/896/1448 2927/913/1464 2926/912/1463 2910/895/1447 
f 2927/913/1464 2911/896/1448 2912/897/1449 2928/914/1465 
f 2897/882/1434 2914/899/1451 2928/914/1465 2912/897/1449 
f 2914/899/1451 2913/898/1450 2929/916/1466 2930/915/1467 
f 2915/900/1452 2931/917/1468 2929/916/1466 2913/898/1450 
f 2915/900/1452 2916/901/1453 2932/918/1469 2931/917/1468 
f 2932/918/1469 2916/901/1453 2917/902/1454 2933/919/1470 
f 2917/902/1454 2918/903/1455 2934/920/1471 2933/919/1470 
f 2934/920/1471 2918/903/1455 2919/904/1456 2935/921/1472 
f 2919/904/1456 2920/905/1457 2936/922/1473 2935/921/1472 
f 2936/922/1473 2920/905/1457 2921/906/1458 2937/923/1474 
f 2921/906/1458 2922/907/1459 2938/924/1475 2937/923/1474 
f 2938/925/1475 2922/909/1459 2923/908/1460 2939/926/1476 
f 2924/910/1461 2940/927/1477 2939/926/1476 2923/908/1460 
f 2941/928/1478 2940/927/1477 2924/910/1461 2925/911/1462 
f 2926/912/1463 2942/929/1479 2941/928/1478 2925/911/1462 
f 2942/929/1479 2926/912/1463 2927/913/1464 2943/930/1480 
f 2928/914/1465 2944/931/1481 2943/930/1480 2927/913/1464 
f 2928/914/1465 2914/899/1451 2930/915/1467 2944/931/1481 
f 2930/915/1467 2929/916/1466 2945/932/1482 2946/933/1483 
f 2945/932/1482 2929/916/1466 2931/917/1468 2947/934/1484 
f 2947/934/1484 2931/917/1468 2932/918/1469 2948/935/1485 
f 2932/918/1469 2933/919/1470 2949/936/1486 2948/935/1485 
f 2949/936/1486 2933/919/1470 2934/920/1471 2950/937/1487 
f 2934/920/1471 2935/921/1472 2951/938/1488 2950/937/1487 
f 2951/938/1488 2935/921/1472 2936/922/1473 2952/939/1489 
f 2952/939/1489 2936/922/1473 2937/923/1474 2953/940/1490 
f 2937/923/1474 2938/924/1475 2954/941/1491 2953/940/1490 
f 2939/926/1476 2955/943/1492 2954/942/1491 2938/925/1475 
f 2955/943/1492 2939/926/1476 2940/927/1477 2956/944/1493 
f 2941/928/1478 2957/945/1494 2956/944/1493 2940/927/1477 
f 2957/945/1494 2941/928/1478 2942/929/1479 2958/946/1495 
f 2943/930/1480 2959/947/1496 2958/946/1495 2942/929/1479 
f 2959/947/1496 2943/930/1480 2944/931/1481 2960/948/1497 
f 2944/931/1481 2930/915/1467 2946/933/1483 2960/948/1497 
f 2946/933/1483 2945/932/1482 2961/949/1498 2962/950/1499 
f 2945/932/1482 2947/934/1484 2963/951/1500 2961/949/1498 
f 2963/951/1500 2947/934/1484 2948/935/1485 2964/952/1501 
f 2948/935/1485 2949/936/1486 2965/953/1502 2964/952/1501 
f 2965/953/1502 2949/936/1486 2950/937/1487 2966/954/1503 
f 2950/937/1487 2951/938/1488 2967/955/1504 2966/954/1503 
f 2967/955/1504 2951/938/1488 2952/939/1489 2968/956/1505 
f 2952/939/1489 2953/940/1490 2969/957/1506 2968/956/1505 
f 2954/941/1491 2970/958/1507 2969/957/1506 2953/940/1490 
f 2970/959/1507 2954/942/1491 2955/943/1492 2971/960/1508 
f 2956/944/1493 2972/961/1509 2971/960/1508 2955/943/1492 
f 2972/961/1509 2956/944/1493 2957/945/1494 2973/962/1510 
f 2958/946/1495 2974/963/1511 2973/962/1510 2957/945/1494 
f 2974/963/1511 2958/946/1495 2959/947/1496 2975/964/1512 
f 2959/947/1496 2960/948/1497 2976/965/1513 2975/964/1512 
f 2976/965/1513 2960/948/1497 2946/933/1483 2962/950/1499 
f 2977/967/1514 2962/950/1499 2961/949/1498 2978/966/1515 
f 2961/949/1498 2963/951/1500 2979/968/1516 2978/966/1515 
f 2963/951/1500 2964/952/1501 2980/969/1517 2979/968/1516 
f 2980/969/1517 2964/952/1501 2965/953/1502 2981/970/1518 
f 2981/970/1518 2965/953/1502 2966/954/1503 2982/971/1519 
f 2966/954/1503 2967/955/1504 2983/972/1520 2982/971/1519 
f 2983/972/1520 2967/955/1504 2968/956/1505 2984/973/1521 
f 2985/974/1522 2984/973/1521 2968/956/1505 2969/957/1506 
f 2986/975/1523 2985/974/1522 2969/957/1506 2970/958/1507 
f 2971/960/1508 2987/976/1524 2986/977/1523 2970/959/1507 
f 2987/976/1524 2971/960/1508 2972/961/1509 2988/978/1525 
f 2973/962/1510 2989/979/1526 2988/978/1525 2972/961/1509 
f 2973/962/1510 2974/963/1511 2990/980/1527 2989/979/1526 
f 2990/980/1527 2974/963/1511 2975/964/1512 2991/981/1528 
f 2975/964/1512 2976/965/1513 2992/982/1529 2991/981/1528 
f 2976/965/1513 2962/950/1499 2977/967/1514 2992/982/1529 
f 2993/983/1530 2977/967/1514 2978/966/1515 2994/984/1531 
f 2978/966/1515 2979/968/1516 2995/985/1532 2994/984/1531 
f 2979/968/1516 2980/969/1517 2996/986/1533 2995/985/1532 
f 2996/986/1533 2980/969/1517 2981/970/1518 2997/987/1534 
f 2981/970/1518 2982/971/1519 2998/988/1535 2997/987/1534 
f 2998/988/1535 2982/971/1519 2983/972/1520 2999/989/1536 
f 2984/973/1521 3000/990/1537 2999/989/1536 2983/972/1520 
f 3001/991/1538 3000/990/1537 2984/973/1521 2985/974/1522 
f 2986/975/1523 3002/992/1539 3001/991/1538 2985/974/1522 
f 3002/994/1539 2986/977/1523 2987/976/1524 3003/993/1540 
f 2988/978/1525 3004/995/1541 3003/993/1540 2987/976/1524 
f 2988/978/1525 2989/979/1526 3005/996/1542 3004/995/1541 
f 3005/996/1542 2989/979/1526 2990/980/1527 3006/997/1543 
f 2990/980/1527 2991/981/1528 3007/998/1544 3006/997/1543 
f 3007/998/1544 2991/981/1528 2992/982/1529 3008/999/1545 
f 2992/982/1529 2977/967/1514 2993/983/1530 3008/999/1545 
f 3009/1002/1546 3010/1003/1547 3011/1000/1547 3012/1001/1546 
f 3013/1006/436 3014/1007/436 3015/1004/436 3016/1005/436 
f 3014/1007/451 3017/1008/451 3018/1009/451 3015/1004/451 
f 3019/1010/483 3020/1011/483 3013/1006/483 3016/1005/483 
f 3018/1009/1548 3012/1001/1548 3011/1000/1548 3015/1004/1548 
f 3010/1003/1549 3009/1002/1549 3019/1010/1549 3016/1005/1549 
f 3019/1010/1550 3009/1002/1546 3012/1001/1546 3018/1009/1550 
f 3016/1005/1551 3015/1004/1551 3011/1000/1547 3010/1003/1547 
f 3020/1011/1552 3019/1010/1552 3018/1009/1552 3017/1008/1552 
f 3021/410/1553 3022/411/1554 3023/412/1555 3024/409/1556 
f 3025/413/1557 3026/414/1558 3027/415/1559 3028/416/1560 
f 3029/418/1561 3023/412/1555 3022/411/1554 3030/417/1562 
f 3031/419/1563 3026/414/1558 3025/413/1557 3032/420/1564 
f 3029/418/1561 3030/417/1562 3033/421/1565 3034/422/1566 
f 3031/419/1563 3032/420/1564 3035/424/1567 3036/423/1568 
f 3034/422/1566 3033/421/1565 3037/425/1569 3038/426/1570 
f 3036/423/1568 3035/424/1567 3039/428/1571 3040/427/1572 
f 3038/426/1570 3037/425/1569 3041/429/1573 3042/430/1574 
f 3040/427/1572 3039/428/1571 3043/431/1575 3044/432/1576 
f 3045/433/1577 3046/434/1578 3047/435/1579 
f 3048/436/1580 3042/430/1574 3041/429/1573 
f 3044/432/1576 3043/431/1575 3049/437/1581 3050/438/1582 
f 3047/435/1579 3051/439/1583 3052/440/1584 3045/433/1577 
f 3049/437/1581 3021/410/1553 3024/409/1556 3050/438/1582 
f 3051/439/1583 3028/416/1560 3027/415/1559 3052/440/1584 
f 3041/429/1573 3037/425/1569 3053/441/1585 3054/442/1586 
f 3043/431/1575 3039/428/1571 3055/443/1587 3056/444/1588 
f 3047/435/1579 3046/434/1578 3057/445/1589 
f 3048/436/1580 3041/429/1573 3054/442/1586 
f 3058/446/1590 3049/437/1581 3043/431/1575 3056/444/1588 
f 3057/445/1589 3059/447/1591 3051/439/1583 3047/435/1579 
f 3049/437/1581 3058/446/1590 3060/448/1592 3021/410/1553 
f 3051/439/1583 3059/447/1591 3061/449/1593 3028/416/1560 
f 3021/410/1553 3060/448/1592 3062/450/1594 3022/411/1554 
f 3028/416/1560 3061/449/1593 3063/451/1595 3025/413/1557 
f 3064/452/1596 3030/417/1562 3022/411/1554 3062/450/1594 
f 3065/453/1597 3032/420/1564 3025/413/1557 3063/451/1595 
f 3066/454/1598 3033/421/1565 3030/417/1562 3064/452/1596 
f 3067/455/1599 3035/424/1567 3032/420/1564 3065/453/1597 
f 3033/421/1565 3066/454/1598 3053/441/1585 3037/425/1569 
f 3035/424/1567 3067/455/1599 3055/443/1587 3039/428/1571 
f 3068/456/1600 3069/457/1601 3063/451/1595 3061/449/1593 
f 3070/459/1602 3071/458/1603 3064/452/1596 3062/450/1594 
f 3069/457/1601 3072/460/1604 3065/453/1597 3063/451/1595 
f 3066/454/1598 3064/452/1596 3071/458/1603 3073/461/1605 
f 3067/455/1599 3065/453/1597 3072/460/1604 3074/462/1606 
f 3066/454/1598 3073/461/1605 3075/463/1607 3053/441/1585 
f 3067/455/1599 3074/462/1606 3076/464/1608 3055/443/1587 
f 3054/442/1586 3053/441/1585 3075/463/1607 3077/465/1609 
f 3076/464/1608 3078/466/1610 3056/444/1588 3055/443/1587 
f 3057/445/1589 3046/434/1578 3079/467/1611 
f 3048/436/1580 3054/442/1586 3077/465/1609 
f 3056/444/1588 3078/466/1610 3080/468/1612 3058/446/1590 
f 3057/445/1589 3079/467/1611 3081/469/1613 3059/447/1591 
f 3058/446/1590 3080/468/1612 3082/470/1614 3060/448/1592 
f 3059/447/1591 3081/469/1613 3068/456/1600 3061/449/1593 
f 3060/448/1592 3082/470/1614 3070/459/1602 3062/450/1594 
f 3083/472/1615 3084/471/1616 3078/466/1610 3076/464/1608 
f 3079/467/1611 3046/434/1578 3085/473/1617 
f 3048/436/1580 3077/465/1609 3086/474/1618 
f 3080/468/1612 3078/466/1610 3084/471/1616 3087/475/1619 
f 3085/473/1617 3088/476/1620 3081/469/1613 3079/467/1611 
f 3087/475/1619 3089/477/1621 3082/470/1614 3080/468/1612 
f 3088/476/1620 3090/478/1622 3068/456/1600 3081/469/1613 
f 3089/477/1621 3091/479/1623 3070/459/1602 3082/470/1614 
f 3069/457/1601 3068/456/1600 3090/478/1622 3092/480/1624 
f 3071/458/1603 3070/459/1602 3091/479/1623 3093/481/1625 
f 3072/460/1604 3069/457/1601 3092/480/1624 3094/482/1626 
f 3073/461/1605 3071/458/1603 3093/481/1625 3095/483/1627 
f 3074/462/1606 3072/460/1604 3094/482/1626 3096/484/1628 
f 3075/463/1607 3073/461/1605 3095/483/1627 3097/485/1629 
f 3074/462/1606 3096/484/1628 3083/472/1615 3076/464/1608 
f 3097/485/1629 3086/474/1618 3077/465/1609 3075/463/1607 
f 3098/487/1630 3093/481/1625 3091/479/1623 3099/486/1631 
f 3100/489/1632 3094/482/1626 3092/480/1624 3101/488/1633 
f 3098/487/1630 3102/490/1634 3095/483/1627 3093/481/1625 
f 3100/489/1632 3103/491/1635 3096/484/1628 3094/482/1626 
f 3104/492/1636 3097/485/1629 3095/483/1627 3102/490/1634 
f 3096/484/1628 3103/491/1635 3105/493/1637 3083/472/1615 
f 3097/485/1629 3104/492/1636 3106/494/1638 3086/474/1618 
f 3105/493/1637 3107/495/1639 3084/471/1616 3083/472/1615 
f 3085/473/1617 3046/434/1578 3108/496/1640 
f 3048/436/1580 3086/474/1618 3106/494/1638 
f 3109/497/1641 3087/475/1619 3084/471/1616 3107/495/1639 
f 3110/498/1642 3088/476/1620 3085/473/1617 3108/496/1640 
f 3109/497/1641 3111/499/1643 3089/477/1621 3087/475/1619 
f 3112/500/1644 3090/478/1622 3088/476/1620 3110/498/1642 
f 3089/477/1621 3111/499/1643 3099/486/1631 3091/479/1623 
f 3090/478/1622 3112/500/1644 3101/488/1633 3092/480/1624 
f 3108/496/1640 3046/434/1578 3113/501/1645 
f 3048/436/1580 3106/494/1638 3114/502/1646 
f 3115/504/1647 3109/497/1641 3107/495/1639 3116/503/1648 
f 3117/505/1649 3110/498/1642 3108/496/1640 3113/501/1645 
f 3109/497/1641 3115/504/1647 3118/506/1650 3111/499/1643 
f 3119/507/1651 3112/500/1644 3110/498/1642 3117/505/1649 
f 3099/486/1631 3111/499/1643 3118/506/1650 3120/508/1652 
f 3101/488/1633 3112/500/1644 3119/507/1651 3121/509/1653 
f 3120/508/1652 3122/510/1654 3098/487/1630 3099/486/1631 
f 3121/509/1653 3123/511/1655 3100/489/1632 3101/488/1633 
f 3124/512/1656 3102/490/1634 3098/487/1630 3122/510/1654 
f 3125/513/1657 3103/491/1635 3100/489/1632 3123/511/1655 
f 3102/490/1634 3124/512/1656 3126/514/1658 3104/492/1636 
f 3103/491/1635 3125/513/1657 3127/515/1659 3105/493/1637 
f 3104/492/1636 3126/514/1658 3114/502/1646 3106/494/1638 
f 3127/515/1659 3116/503/1648 3107/495/1639 3105/493/1637 
f 3128/517/1660 3123/511/1655 3121/509/1653 3129/516/1661 
f 3130/519/1662 3124/512/1656 3122/510/1654 3131/518/1663 
f 3128/517/1660 3132/520/1664 3125/513/1657 3123/511/1655 
f 3133/521/1665 3126/514/1658 3124/512/1656 3130/519/1662 
f 3134/522/1666 3127/515/1659 3125/513/1657 3132/520/1664 
f 3126/514/1658 3133/521/1665 3135/523/1667 3114/502/1646 
f 3127/515/1659 3134/522/1666 3136/524/1668 3116/503/1648 
f 3113/501/1645 3046/434/1578 3137/525/1669 
f 3048/436/1580 3114/502/1646 3135/523/1667 
f 3136/524/1668 3138/526/1670 3115/504/1647 3116/503/1648 
f 3139/527/1671 3117/505/1649 3113/501/1645 3137/525/1669 
f 3138/526/1670 3140/528/1672 3118/506/1650 3115/504/1647 
f 3139/527/1671 3141/529/1673 3119/507/1651 3117/505/1649 
f 3142/530/1674 3120/508/1652 3118/506/1650 3140/528/1672 
f 3119/507/1651 3141/529/1673 3129/516/1661 3121/509/1653 
f 3120/508/1652 3142/530/1674 3131/518/1663 3122/510/1654 
f 3143/531/1152 3144/532/1675 3138/526/1670 3136/524/1668 
f 3137/525/1669 3145/533/1676 3146/534/1677 3139/527/1671 
f 3147/535/1678 3140/528/1672 3138/526/1670 3144/532/1675 
f 3139/527/1671 3146/534/1677 3148/536/1679 3141/529/1673 
f 3142/530/1674 3140/528/1672 3147/535/1678 3149/537/1680 
f 3141/529/1673 3148/536/1679 3150/538/1681 3129/516/1661 
f 3131/518/1663 3142/530/1674 3149/537/1680 3151/539/1682 
f 3150/538/1681 3152/540/1683 3128/517/1660 3129/516/1661 
f 3153/541/1684 3130/519/1662 3131/518/1663 3151/539/1682 
f 3128/517/1660 3152/540/1683 3154/542/1685 3132/520/1664 
f 3133/521/1665 3130/519/1662 3153/541/1684 3155/543/1686 
f 3156/544/1687 3134/522/1666 3132/520/1664 3154/542/1685 
f 3133/521/1665 3155/543/1686 3157/545/1688 3135/523/1667 
f 3156/544/1687 3143/531/1152 3136/524/1668 3134/522/1666 
f 3137/525/1669 3046/434/1578 3145/533/1676 
f 3048/436/1580 3135/523/1667 3157/545/1688 
f 3158/547/1689 3159/546/1690 3153/541/1684 3151/539/1682 
f 3160/549/1691 3161/548/1692 3154/542/1685 3152/540/1683 
f 3155/543/1686 3153/541/1684 3159/546/1690 3162/550/1693 
f 3156/544/1687 3154/542/1685 3161/548/1692 3163/551/1694 
f 3162/550/1693 3164/552/1695 3157/545/1688 3155/543/1686 
f 3165/553/1696 3143/531/1152 3156/544/1687 3163/551/1694 
f 3145/533/1676 3046/434/1578 3166/554/1697 
f 3048/436/1580 3157/545/1688 3164/552/1695 
f 3143/531/1152 3165/553/1696 3167/555/1698 3144/532/1675 
f 3166/554/1697 3168/556/1699 3146/534/1677 3145/533/1676 
f 3144/532/1675 3167/555/1698 3169/557/1700 3147/535/1678 
f 3146/534/1677 3168/556/1699 3170/558/1701 3148/536/1679 
f 3169/557/1700 3171/559/1702 3149/537/1680 3147/535/1678 
f 3150/538/1681 3148/536/1679 3170/558/1701 3172/560/1703 
f 3149/537/1680 3171/559/1702 3158/547/1689 3151/539/1682 
f 3172/560/1703 3160/549/1691 3152/540/1683 3150/538/1681 
f 3173/562/1704 3169/557/1700 3167/555/1698 3174/561/1705 
f 3168/556/1699 3175/564/1706 3176/563/1707 3170/558/1701 
f 3171/559/1702 3169/557/1700 3173/562/1704 3177/565/1708 
f 3172/560/1703 3170/558/1701 3176/563/1707 3178/566/1709 
f 3177/565/1708 3179/567/1710 3158/547/1689 3171/559/1702 
f 3178/566/1709 3180/568/1711 3160/549/1691 3172/560/1703 
f 3159/546/1690 3158/547/1689 3179/567/1710 3181/569/1712 
f 3160/549/1691 3180/568/1711 3182/570/1713 3161/548/1692 
f 3159/546/1690 3181/569/1712 3183/571/1714 3162/550/1693 
f 3182/570/1713 3184/572/1715 3163/551/1694 3161/548/1692 
f 3185/573/1716 3164/552/1695 3162/550/1693 3183/571/1714 
f 3184/572/1715 3186/574/1717 3165/553/1696 3163/551/1694 
f 3166/554/1697 3046/434/1578 3187/575/1718 
f 3048/436/1580 3164/552/1695 3185/573/1716 
f 3174/561/1705 3167/555/1698 3165/553/1696 3186/574/1717 
f 3168/556/1699 3166/554/1697 3187/575/1718 3175/564/1706 
f 3183/571/1714 3181/569/1712 3188/576/1719 3189/577/1720 
f 3190/578/1721 3184/572/1715 3182/570/1713 3191/579/1722 
f 3189/577/1720 3192/580/1723 3185/573/1716 3183/571/1714 
f 3186/574/1717 3184/572/1715 3190/578/1721 3193/581/1724 
f 3187/575/1718 3046/434/1578 3194/582/1725 
f 3048/436/1580 3185/573/1716 3192/580/1723 
f 3193/581/1724 3195/583/1726 3174/561/1705 3186/574/1717 
f 3187/575/1718 3194/582/1725 3196/584/1727 3175/564/1706 
f 3195/583/1726 3197/585/1728 3173/562/1704 3174/561/1705 
f 3198/586/1729 3176/563/1707 3175/564/1706 3196/584/1727 
f 3199/587/1730 3177/565/1708 3173/562/1704 3197/585/1728 
f 3178/566/1709 3176/563/1707 3198/586/1729 3200/588/1731 
f 3201/589/1732 3179/567/1710 3177/565/1708 3199/587/1730 
f 3202/590/1733 3180/568/1711 3178/566/1709 3200/588/1731 
f 3181/569/1712 3179/567/1710 3201/589/1732 3188/576/1719 
f 3180/568/1711 3202/590/1733 3191/579/1722 3182/570/1713 
f 3203/592/1734 3204/591/1735 3198/586/1729 3196/584/1727 
f 3205/594/1736 3206/593/1737 3199/587/1730 3197/585/1728 
f 3204/591/1735 3207/595/1738 3200/588/1731 3198/586/1729 
f 3201/589/1732 3199/587/1730 3206/593/1737 3208/596/1739 
f 3202/590/1733 3200/588/1731 3207/595/1738 3209/597/1740 
f 3188/576/1719 3201/589/1732 3208/596/1739 3210/598/1741 
f 3211/599/1742 3191/579/1722 3202/590/1733 3209/597/1740 
f 3212/600/1743 3189/577/1720 3188/576/1719 3210/598/1741 
f 3213/601/1744 3190/578/1721 3191/579/1722 3211/599/1742 
f 3192/580/1723 3189/577/1720 3212/600/1743 3214/602/1745 
f 3190/578/1721 3213/601/1744 3215/603/1746 3193/581/1724 
f 3194/582/1725 3046/434/1578 3216/604/1747 
f 3048/436/1580 3192/580/1723 3214/602/1745 
f 3193/581/1724 3215/603/1746 3217/605/1748 3195/583/1726 
f 3216/604/1747 3203/592/1734 3196/584/1727 3194/582/1725 
f 3217/605/1748 3205/594/1736 3197/585/1728 3195/583/1726 
f 3218/606/1749 3213/601/1744 3211/599/1742 3219/607/1750 
f 3220/609/1751 3214/602/1745 3212/600/1743 3221/608/1752 
f 3218/606/1749 3222/610/1753 3215/603/1746 3213/601/1744 
f 3216/604/1747 3046/434/1578 3223/611/1754 
f 3048/436/1580 3214/602/1745 3220/609/1751 
f 3224/612/1755 3217/605/1748 3215/603/1746 3222/610/1753 
f 3223/611/1754 3225/613/1756 3203/592/1734 3216/604/1747 
f 3224/612/1755 3226/614/1757 3205/594/1736 3217/605/1748 
f 3225/613/1756 3227/615/1758 3204/591/1735 3203/592/1734 
f 3226/614/1757 3228/616/1759 3206/593/1737 3205/594/1736 
f 3204/591/1735 3227/615/1758 3229/617/1760 3207/595/1738 
f 3208/596/1739 3206/593/1737 3228/616/1759 3230/618/1761 
f 3207/595/1738 3229/617/1760 3231/619/1762 3209/597/1740 
f 3208/596/1739 3230/618/1761 3232/620/1763 3210/598/1741 
f 3219/607/1750 3211/599/1742 3209/597/1740 3231/619/1762 
f 3232/620/1763 3221/608/1752 3212/600/1743 3210/598/1741 
f 3233/622/1764 3228/616/1759 3226/614/1757 3234/621/1765 
f 3235/623/1766 3229/617/1760 3227/615/1758 3236/624/1767 
f 3233/622/1764 3237/625/1768 3230/618/1761 3228/616/1759 
f 3235/623/1766 3238/626/1769 3231/619/1762 3229/617/1760 
f 3239/627/1770 3232/620/1763 3230/618/1761 3237/625/1768 
f 3238/626/1769 3240/628/1771 3219/607/1750 3231/619/1762 
f 3239/627/1770 3241/629/1772 3221/608/1752 3232/620/1763 
f 3240/628/1771 3242/630/1773 3218/606/1749 3219/607/1750 
f 3241/629/1772 3243/631/1774 3220/609/1751 3221/608/1752 
f 3222/610/1753 3218/606/1749 3242/630/1773 3244/632/1775 
f 3223/611/1754 3046/434/1578 3245/633/1776 
f 3048/436/1580 3220/609/1751 3243/631/1774 
f 3224/612/1755 3222/610/1753 3244/632/1775 3246/634/1777 
f 3223/611/1754 3245/633/1776 3247/635/1778 3225/613/1756 
f 3224/612/1755 3246/634/1777 3234/621/1765 3226/614/1757 
f 3247/635/1778 3236/624/1767 3227/615/1758 3225/613/1756 
f 3248/637/1779 3243/631/1774 3241/629/1772 3249/636/1780 
f 3250/639/1781 3244/632/1775 3242/630/1773 3251/638/1782 
f 3245/633/1776 3046/434/1578 3252/640/1783 
f 3048/436/1580 3243/631/1774 3248/637/1779 
f 3253/641/1784 3246/634/1777 3244/632/1775 3250/639/1781 
f 3252/640/1783 3254/642/1785 3247/635/1778 3245/633/1776 
f 3253/641/1784 3255/643/1786 3234/621/1765 3246/634/1777 
f 3254/642/1785 3256/644/1787 3236/624/1767 3247/635/1778 
f 3255/643/1786 3257/645/1788 3233/622/1764 3234/621/1765 
f 3256/644/1787 3258/646/1789 3235/623/1766 3236/624/1767 
f 3257/645/1788 3259/647/1790 3237/625/1768 3233/622/1764 
f 3258/646/1789 3260/648/1791 3238/626/1769 3235/623/1766 
f 3261/649/1792 3239/627/1770 3237/625/1768 3259/647/1790 
f 3240/628/1771 3238/626/1769 3260/648/1791 3262/650/1793 
f 3239/627/1770 3261/649/1792 3249/636/1780 3241/629/1772 
f 3262/650/1793 3251/638/1782 3242/630/1773 3240/628/1771 
f 3263/652/1794 3258/646/1789 3256/644/1787 3264/651/1795 
f 3265/653/1796 3259/647/1790 3257/645/1788 3266/654/1797 
f 3260/648/1791 3258/646/1789 3263/652/1794 3267/655/1798 
f 3265/653/1796 3268/656/1799 3261/649/1792 3259/647/1790 
f 3269/657/1800 3262/650/1793 3260/648/1791 3267/655/1798 
f 3268/656/1799 3270/658/1801 3249/636/1780 3261/649/1792 
f 3269/657/1800 3271/659/1802 3251/638/1782 3262/650/1793 
f 3270/658/1801 3272/660/1803 3248/637/1779 3249/636/1780 
f 3271/659/1802 3273/661/1804 3250/639/1781 3251/638/1782 
f 3252/640/1783 3046/434/1578 3274/662/1805 
f 3048/436/1580 3248/637/1779 3272/660/1803 
f 3273/661/1804 3275/663/1806 3253/641/1784 3250/639/1781 
f 3274/662/1805 3276/664/1807 3254/642/1785 3252/640/1783 
f 3277/665/1808 3255/643/1786 3253/641/1784 3275/663/1806 
f 3254/642/1785 3276/664/1807 3264/651/1795 3256/644/1787 
f 3277/665/1808 3266/654/1797 3257/645/1788 3255/643/1786 
f 3278/412/1555 3279/409/1556 3280/410/1553 3281/411/1554 
f 3282/414/1558 3283/415/1559 3284/416/1560 3285/413/1809 
f 3286/418/1810 3278/412/1555 3281/411/1554 3287/417/1811 
f 3288/419/1563 3282/414/1558 3285/413/1809 3289/420/1564 
f 3287/417/1811 3290/421/1812 3291/422/1813 3286/418/1810 
f 3292/423/1568 3288/419/1563 3289/420/1564 3293/424/1567 
f 3294/426/1570 3291/422/1813 3290/421/1812 3295/425/1814 
f 3296/427/1572 3292/423/1568 3293/424/1567 3297/428/1571 
f 3298/430/1574 3294/426/1570 3295/425/1814 3299/429/1573 
f 3300/432/1576 3296/427/1572 3297/428/1571 3301/431/1575 
f 3302/433/1815 3303/434/1578 3304/435/1816 
f 3305/436/1580 3298/430/1574 3299/429/1573 
f 3301/431/1575 3306/437/1581 3307/438/1582 3300/432/1576 
f 3308/440/1817 3302/433/1815 3304/435/1816 3309/439/1583 
f 3307/438/1582 3306/437/1581 3280/410/1553 3279/409/1556 
f 3283/415/1559 3308/440/1817 3309/439/1583 3284/416/1560 
f 3295/425/1814 3310/441/1585 3311/442/1586 3299/429/1573 
f 3297/428/1571 3312/443/1587 3313/444/1588 3301/431/1575 
f 3304/435/1816 3303/434/1578 3314/445/1818 
f 3305/436/1580 3299/429/1573 3311/442/1586 
f 3315/446/1590 3306/437/1581 3301/431/1575 3313/444/1588 
f 3316/447/1591 3309/439/1583 3304/435/1816 3314/445/1818 
f 3315/446/1590 3317/448/1592 3280/410/1553 3306/437/1581 
f 3316/447/1591 3318/449/1593 3284/416/1560 3309/439/1583 
f 3317/448/1592 3319/450/1594 3281/411/1554 3280/410/1553 
f 3285/413/1809 3284/416/1560 3318/449/1593 3320/451/1595 
f 3287/417/1811 3281/411/1554 3319/450/1594 3321/452/1596 
f 3289/420/1564 3285/413/1809 3320/451/1595 3322/453/1597 
f 3321/452/1596 3323/454/1598 3290/421/1812 3287/417/1811 
f 3322/453/1597 3324/455/1599 3293/424/1567 3289/420/1564 
f 3290/421/1812 3323/454/1598 3310/441/1585 3295/425/1814 
f 3293/424/1567 3324/455/1599 3312/443/1587 3297/428/1571 
f 3325/457/1601 3320/451/1595 3318/449/1593 3326/456/1600 
f 3327/458/1603 3321/452/1596 3319/450/1594 3328/459/1602 
f 3320/451/1595 3325/457/1601 3329/460/1604 3322/453/1597 
f 3330/461/1819 3323/454/1598 3321/452/1596 3327/458/1603 
f 3331/462/1606 3324/455/1599 3322/453/1597 3329/460/1604 
f 3330/461/1819 3332/463/1820 3310/441/1585 3323/454/1598 
f 3333/464/1821 3312/443/1587 3324/455/1599 3331/462/1606 
f 3332/463/1820 3334/465/1609 3311/442/1586 3310/441/1585 
f 3333/464/1821 3335/466/1610 3313/444/1588 3312/443/1587 
f 3314/445/1818 3303/434/1578 3336/467/1611 
f 3305/436/1580 3311/442/1586 3334/465/1609 
f 3335/466/1610 3337/468/1612 3315/446/1590 3313/444/1588 
f 3338/469/1613 3316/447/1591 3314/445/1818 3336/467/1611 
f 3317/448/1592 3315/446/1590 3337/468/1612 3339/470/1822 
f 3338/469/1613 3326/456/1600 3318/449/1593 3316/447/1591 
f 3339/470/1822 3328/459/1602 3319/450/1594 3317/448/1592 
f 3340/472/1615 3341/471/1616 3335/466/1610 3333/464/1821 
f 3336/467/1611 3303/434/1578 3342/473/1617 
f 3305/436/1580 3334/465/1609 3343/474/1618 
f 3335/466/1610 3341/471/1616 3344/475/1619 3337/468/1612 
f 3342/473/1617 3345/476/1620 3338/469/1613 3336/467/1611 
f 3337/468/1612 3344/475/1619 3346/477/1621 3339/470/1822 
f 3345/476/1620 3347/478/1622 3326/456/1600 3338/469/1613 
f 3346/477/1621 3348/479/1623 3328/459/1602 3339/470/1822 
f 3349/480/1624 3325/457/1601 3326/456/1600 3347/478/1622 
f 3350/481/1625 3327/458/1603 3328/459/1602 3348/479/1623 
f 3351/482/1626 3329/460/1604 3325/457/1601 3349/480/1624 
f 3352/483/1823 3330/461/1819 3327/458/1603 3350/481/1625 
f 3329/460/1604 3351/482/1626 3353/484/1824 3331/462/1606 
f 3330/461/1819 3352/483/1823 3354/485/1629 3332/463/1820 
f 3340/472/1615 3333/464/1821 3331/462/1606 3353/484/1824 
f 3343/474/1618 3334/465/1609 3332/463/1820 3354/485/1629 
f 3355/487/1630 3350/481/1625 3348/479/1623 3356/486/1631 
f 3357/488/1825 3358/489/1632 3351/482/1626 3349/480/1624 
f 3355/487/1630 3359/490/1634 3352/483/1823 3350/481/1625 
f 3353/484/1824 3351/482/1626 3358/489/1632 3360/491/1635 
f 3354/485/1629 3352/483/1823 3359/490/1634 3361/492/1826 
f 3362/493/1637 3340/472/1615 3353/484/1824 3360/491/1635 
f 3363/494/1638 3343/474/1618 3354/485/1629 3361/492/1826 
f 3364/495/1639 3341/471/1616 3340/472/1615 3362/493/1637 
f 3342/473/1617 3303/434/1578 3365/496/1827 
f 3305/436/1580 3343/474/1618 3363/494/1638 
f 3366/497/1641 3344/475/1619 3341/471/1616 3364/495/1639 
f 3367/498/1642 3345/476/1620 3342/473/1617 3365/496/1827 
f 3368/499/1643 3346/477/1621 3344/475/1619 3366/497/1641 
f 3369/500/1644 3347/478/1622 3345/476/1620 3367/498/1642 
f 3348/479/1623 3346/477/1621 3368/499/1643 3356/486/1631 
f 3347/478/1622 3369/500/1644 3357/488/1825 3349/480/1624 
f 3365/496/1827 3303/434/1578 3370/501/1645 
f 3305/436/1580 3363/494/1638 3371/502/1646 
f 3372/504/1647 3366/497/1641 3364/495/1639 3373/503/1648 
f 3370/501/1645 3374/505/1649 3367/498/1642 3365/496/1827 
f 3375/506/1650 3368/499/1643 3366/497/1641 3372/504/1647 
f 3376/507/1651 3369/500/1644 3367/498/1642 3374/505/1649 
f 3356/486/1631 3368/499/1643 3375/506/1650 3377/508/1652 
f 3376/507/1651 3378/509/1653 3357/488/1825 3369/500/1644 
f 3355/487/1630 3356/486/1631 3377/508/1652 3379/510/1654 
f 3358/489/1632 3357/488/1825 3378/509/1653 3380/511/1655 
f 3359/490/1634 3355/487/1630 3379/510/1654 3381/512/1656 
f 3358/489/1632 3380/511/1655 3382/513/1657 3360/491/1635 
f 3383/514/1658 3361/492/1826 3359/490/1634 3381/512/1656 
f 3360/491/1635 3382/513/1657 3384/515/1659 3362/493/1637 
f 3363/494/1638 3361/492/1826 3383/514/1658 3371/502/1646 
f 3384/515/1659 3373/503/1648 3364/495/1639 3362/493/1637 
f 3385/517/1660 3380/511/1655 3378/509/1653 3386/516/1661 
f 3387/518/1663 3388/519/1662 3381/512/1656 3379/510/1654 
f 3385/517/1660 3389/520/1664 3382/513/1657 3380/511/1655 
f 3383/514/1658 3381/512/1656 3388/519/1662 3390/521/1665 
f 3384/515/1659 3382/513/1657 3389/520/1664 3391/522/1666 
f 3383/514/1658 3390/521/1665 3392/523/1667 3371/502/1646 
f 3373/503/1648 3384/515/1659 3391/522/1666 3393/524/1668 
f 3370/501/1645 3303/434/1578 3394/525/1669 
f 3305/436/1580 3371/502/1646 3392/523/1667 
f 3395/526/1670 3372/504/1647 3373/503/1648 3393/524/1668 
f 3394/525/1669 3396/527/1671 3374/505/1649 3370/501/1645 
f 3395/526/1670 3397/528/1672 3375/506/1650 3372/504/1647 
f 3398/529/1673 3376/507/1651 3374/505/1649 3396/527/1671 
f 3375/506/1650 3397/528/1672 3399/530/1674 3377/508/1652 
f 3398/529/1673 3386/516/1661 3378/509/1653 3376/507/1651 
f 3379/510/1654 3377/508/1652 3399/530/1674 3387/518/1663 
f 3395/526/1670 3393/524/1668 3400/531/1152 3401/532/1675 
f 3394/525/1669 3402/533/1828 3403/534/1677 3396/527/1671 
f 3395/526/1670 3401/532/1675 3404/535/1678 3397/528/1672 
f 3403/534/1677 3405/536/1679 3398/529/1673 3396/527/1671 
f 3404/535/1678 3406/537/1680 3399/530/1674 3397/528/1672 
f 3407/538/1681 3386/516/1661 3398/529/1673 3405/536/1679 
f 3408/539/1829 3387/518/1663 3399/530/1674 3406/537/1680 
f 3407/538/1681 3409/540/1683 3385/517/1660 3386/516/1661 
f 3408/539/1829 3410/541/1684 3388/519/1662 3387/518/1663 
f 3385/517/1660 3409/540/1683 3411/542/1685 3389/520/1664 
f 3410/541/1684 3412/543/1686 3390/521/1665 3388/519/1662 
f 3411/542/1685 3413/544/1687 3391/522/1666 3389/520/1664 
f 3390/521/1665 3412/543/1686 3414/545/1688 3392/523/1667 
f 3413/544/1687 3400/531/1152 3393/524/1668 3391/522/1666 
f 3394/525/1669 3303/434/1578 3402/533/1828 
f 3305/436/1580 3392/523/1667 3414/545/1688 
f 3415/547/1689 3416/546/1690 3410/541/1684 3408/539/1829 
f 3411/542/1685 3409/540/1683 3417/549/1691 3418/548/1692 
f 3412/543/1686 3410/541/1684 3416/546/1690 3419/550/1693 
f 3411/542/1685 3418/548/1692 3420/551/1694 3413/544/1687 
f 3419/550/1693 3421/552/1695 3414/545/1688 3412/543/1686 
f 3422/553/1696 3400/531/1152 3413/544/1687 3420/551/1694 
f 3402/533/1828 3303/434/1578 3423/554/1697 
f 3305/436/1580 3414/545/1688 3421/552/1695 
f 3401/532/1675 3400/531/1152 3422/553/1696 3424/555/1698 
f 3402/533/1828 3423/554/1697 3425/556/1830 3403/534/1677 
f 3424/555/1698 3426/557/1700 3404/535/1678 3401/532/1675 
f 3427/558/1701 3405/536/1679 3403/534/1677 3425/556/1830 
f 3406/537/1680 3404/535/1678 3426/557/1700 3428/559/1702 
f 3427/558/1701 3429/560/1703 3407/538/1681 3405/536/1679 
f 3428/559/1702 3415/547/1689 3408/539/1829 3406/537/1680 
f 3429/560/1703 3417/549/1691 3409/540/1683 3407/538/1681 
f 3430/561/1705 3431/562/1704 3426/557/1700 3424/555/1698 
f 3427/558/1701 3425/556/1830 3432/564/1706 3433/563/1707 
f 3426/557/1700 3431/562/1704 3434/565/1708 3428/559/1702 
f 3435/566/1709 3429/560/1703 3427/558/1701 3433/563/1707 
f 3434/565/1708 3436/567/1710 3415/547/1689 3428/559/1702 
f 3417/549/1691 3429/560/1703 3435/566/1709 3437/568/1711 
f 3415/547/1689 3436/567/1710 3438/569/1712 3416/546/1690 
f 3439/570/1713 3418/548/1692 3417/549/1691 3437/568/1711 
f 3419/550/1693 3416/546/1690 3438/569/1712 3440/571/1714 
f 3418/548/1692 3439/570/1713 3441/572/1715 3420/551/1694 
f 3442/573/1716 3421/552/1695 3419/550/1693 3440/571/1714 
f 3441/572/1715 3443/574/1717 3422/553/1696 3420/551/1694 
f 3423/554/1697 3303/434/1578 3444/575/1718 
f 3305/436/1580 3421/552/1695 3442/573/1716 
f 3430/561/1705 3424/555/1698 3422/553/1696 3443/574/1717 
f 3444/575/1718 3432/564/1706 3425/556/1830 3423/554/1697 
f 3445/576/1831 3446/577/1720 3440/571/1714 3438/569/1712 
f 3439/570/1713 3447/579/1722 3448/578/1721 3441/572/1715 
f 3442/573/1716 3440/571/1714 3446/577/1720 3449/580/1723 
f 3448/578/1721 3450/581/1724 3443/574/1717 3441/572/1715 
f 3444/575/1718 3303/434/1578 3451/582/1725 
f 3305/436/1580 3442/573/1716 3449/580/1723 
f 3452/583/1726 3430/561/1705 3443/574/1717 3450/581/1724 
f 3432/564/1706 3444/575/1718 3451/582/1725 3453/584/1727 
f 3431/562/1704 3430/561/1705 3452/583/1726 3454/585/1728 
f 3453/584/1727 3455/586/1729 3433/563/1707 3432/564/1706 
f 3454/585/1728 3456/587/1730 3434/565/1708 3431/562/1704 
f 3435/566/1709 3433/563/1707 3455/586/1729 3457/588/1731 
f 3456/587/1730 3458/589/1732 3436/567/1710 3434/565/1708 
f 3457/588/1731 3459/590/1733 3437/568/1711 3435/566/1709 
f 3458/589/1732 3445/576/1831 3438/569/1712 3436/567/1710 
f 3437/568/1711 3459/590/1733 3447/579/1722 3439/570/1713 
f 3455/586/1729 3453/584/1727 3460/592/1734 3461/591/1735 
f 3456/587/1730 3454/585/1728 3462/594/1736 3463/593/1737 
f 3461/591/1735 3464/595/1738 3457/588/1731 3455/586/1729 
f 3456/587/1730 3463/593/1737 3465/596/1739 3458/589/1732 
f 3466/597/1740 3459/590/1733 3457/588/1731 3464/595/1738 
f 3465/596/1739 3467/598/1741 3445/576/1831 3458/589/1732 
f 3466/597/1740 3468/599/1742 3447/579/1722 3459/590/1733 
f 3446/577/1720 3445/576/1831 3467/598/1741 3469/600/1743 
f 3468/599/1742 3470/601/1744 3448/578/1721 3447/579/1722 
f 3469/600/1743 3471/602/1745 3449/580/1723 3446/577/1720 
f 3470/601/1744 3472/603/1746 3450/581/1724 3448/578/1721 
f 3451/582/1725 3303/434/1578 3473/604/1747 
f 3305/436/1580 3449/580/1723 3471/602/1745 
f 3452/583/1726 3450/581/1724 3472/603/1746 3474/605/1748 
f 3460/592/1734 3453/584/1727 3451/582/1725 3473/604/1747 
f 3462/594/1736 3454/585/1728 3452/583/1726 3474/605/1748 
f 3468/599/1742 3475/607/1750 3476/606/1749 3470/601/1744 
f 3477/609/1751 3471/602/1745 3469/600/1743 3478/608/1752 
f 3476/606/1749 3479/610/1753 3472/603/1746 3470/601/1744 
f 3473/604/1747 3303/434/1578 3480/611/1754 
f 3305/436/1580 3471/602/1745 3477/609/1751 
f 3472/603/1746 3479/610/1753 3481/612/1755 3474/605/1748 
f 3460/592/1734 3473/604/1747 3480/611/1754 3482/613/1756 
f 3483/614/1757 3462/594/1736 3474/605/1748 3481/612/1755 
f 3461/591/1735 3460/592/1734 3482/613/1756 3484/615/1758 
f 3483/614/1757 3485/616/1759 3463/593/1737 3462/594/1736 
f 3486/617/1760 3464/595/1738 3461/591/1735 3484/615/1758 
f 3485/616/1759 3487/618/1761 3465/596/1739 3463/593/1737 
f 3486/617/1760 3488/619/1762 3466/597/1740 3464/595/1738 
f 3487/618/1761 3489/620/1763 3467/598/1741 3465/596/1739 
f 3488/619/1762 3475/607/1750 3468/599/1742 3466/597/1740 
f 3469/600/1743 3467/598/1741 3489/620/1763 3478/608/1752 
f 3490/621/1832 3491/622/1764 3485/616/1759 3483/614/1757 
f 3492/624/1767 3493/623/1766 3486/617/1760 3484/615/1758 
f 3491/622/1764 3494/625/1768 3487/618/1761 3485/616/1759 
f 3486/617/1760 3493/623/1766 3495/626/1769 3488/619/1762 
f 3494/625/1768 3496/627/1770 3489/620/1763 3487/618/1761 
f 3488/619/1762 3495/626/1769 3497/628/1771 3475/607/1750 
f 3489/620/1763 3496/627/1770 3498/629/1772 3478/608/1752 
f 3497/628/1771 3499/630/1773 3476/606/1749 3475/607/1750 
f 3500/631/1774 3477/609/1751 3478/608/1752 3498/629/1772 
f 3476/606/1749 3499/630/1773 3501/632/1833 3479/610/1753 
f 3480/611/1754 3303/434/1578 3502/633/1776 
f 3305/436/1580 3477/609/1751 3500/631/1774 
f 3481/612/1755 3479/610/1753 3501/632/1833 3503/634/1777 
f 3482/613/1756 3480/611/1754 3502/633/1776 3504/635/1778 
f 3483/614/1757 3481/612/1755 3503/634/1777 3490/621/1832 
f 3504/635/1778 3492/624/1767 3484/615/1758 3482/613/1756 
f 3500/631/1774 3498/629/1772 3505/636/1780 3506/637/1834 
f 3499/630/1773 3507/638/1782 3508/639/1835 3501/632/1833 
f 3502/633/1776 3303/434/1578 3509/640/1836 
f 3305/436/1580 3500/631/1774 3506/637/1834 
f 3503/634/1777 3501/632/1833 3508/639/1835 3510/641/1784 
f 3502/633/1776 3509/640/1836 3511/642/1785 3504/635/1778 
f 3512/643/1786 3490/621/1832 3503/634/1777 3510/641/1784 
f 3504/635/1778 3511/642/1785 3513/644/1787 3492/624/1767 
f 3512/643/1786 3514/645/1788 3491/622/1764 3490/621/1832 
f 3492/624/1767 3513/644/1787 3515/646/1789 3493/623/1766 
f 3516/647/1790 3494/625/1768 3491/622/1764 3514/645/1788 
f 3495/626/1769 3493/623/1766 3515/646/1789 3517/648/1791 
f 3516/647/1790 3518/649/1837 3496/627/1770 3494/625/1768 
f 3495/626/1769 3517/648/1791 3519/650/1838 3497/628/1771 
f 3505/636/1780 3498/629/1772 3496/627/1770 3518/649/1837 
f 3499/630/1773 3497/628/1771 3519/650/1838 3507/638/1782 
f 3520/651/1795 3521/652/1839 3515/646/1789 3513/644/1787 
f 3514/645/1788 3522/654/1840 3523/653/1796 3516/647/1790 
f 3524/655/1798 3517/648/1791 3515/646/1789 3521/652/1839 
f 3523/653/1796 3525/656/1841 3518/649/1837 3516/647/1790 
f 3517/648/1791 3524/655/1798 3526/657/1800 3519/650/1838 
f 3525/656/1841 3527/658/1801 3505/636/1780 3518/649/1837 
f 3528/659/1802 3507/638/1782 3519/650/1838 3526/657/1800 
f 3529/660/1842 3506/637/1834 3505/636/1780 3527/658/1801 
f 3507/638/1782 3528/659/1802 3530/661/1843 3508/639/1835 
f 3509/640/1836 3303/434/1578 3531/662/1844 
f 3305/436/1580 3506/637/1834 3529/660/1842 
f 3508/639/1835 3530/661/1843 3532/663/1806 3510/641/1784 
f 3533/664/1845 3511/642/1785 3509/640/1836 3531/662/1844 
f 3534/665/1808 3512/643/1786 3510/641/1784 3532/663/1806 
f 3511/642/1785 3533/664/1845 3520/651/1795 3513/644/1787 
f 3512/643/1786 3534/665/1808 3522/654/1840 3514/645/1788 
f 3535/410/1553 3536/411/1846 3537/412/1555 3538/409/1556 
f 3539/415/1559 3540/416/1560 3541/413/1557 3542/414/1558 
f 3543/418/1810 3537/412/1555 3536/411/1846 3544/417/1811 
f 3545/420/1564 3546/419/1563 3542/414/1558 3541/413/1557 
f 3547/421/1565 3548/422/1813 3543/418/1810 3544/417/1811 
f 3549/423/1847 3546/419/1563 3545/420/1564 3550/424/1567 
f 3548/422/1813 3547/421/1565 3551/425/1569 3552/426/1570 
f 3553/427/1572 3549/423/1847 3550/424/1567 3554/428/1571 
f 3555/430/1574 3552/426/1570 3551/425/1569 3556/429/1573 
f 3554/428/1571 3557/431/1575 3558/432/1576 3553/427/1572 
f 3559/433/1815 3560/434/1578 3561/435/1816 
f 3562/436/1580 3555/430/1574 3556/429/1573 
f 3563/437/1581 3564/438/1848 3558/432/1576 3557/431/1575 
f 3561/435/1816 3565/439/1583 3566/440/1584 3559/433/1815 
f 3538/409/1556 3564/438/1848 3563/437/1581 3535/410/1553 
f 3540/416/1560 3539/415/1559 3566/440/1584 3565/439/1583 
f 3551/425/1569 3567/441/1849 3568/442/1586 3556/429/1573 
f 3569/443/1587 3570/444/1588 3557/431/1575 3554/428/1571 
f 3561/435/1816 3560/434/1578 3571/445/1818 
f 3562/436/1580 3556/429/1573 3568/442/1586 
f 3557/431/1575 3570/444/1588 3572/446/1590 3563/437/1581 
f 3573/447/1591 3565/439/1583 3561/435/1816 3571/445/1818 
f 3572/446/1590 3574/448/1592 3535/410/1553 3563/437/1581 
f 3573/447/1591 3575/449/1850 3540/416/1560 3565/439/1583 
f 3535/410/1553 3574/448/1592 3576/450/1594 3536/411/1846 
f 3540/416/1560 3575/449/1850 3577/451/1595 3541/413/1557 
f 3576/450/1594 3578/452/1596 3544/417/1811 3536/411/1846 
f 3577/451/1595 3579/453/1597 3545/420/1564 3541/413/1557 
f 3547/421/1565 3544/417/1811 3578/452/1596 3580/454/1598 
f 3579/453/1597 3581/455/1599 3550/424/1567 3545/420/1564 
f 3567/441/1849 3551/425/1569 3547/421/1565 3580/454/1598 
f 3569/443/1587 3554/428/1571 3550/424/1567 3581/455/1599 
f 3575/449/1850 3582/456/1851 3583/457/1601 3577/451/1595 
f 3584/458/1603 3578/452/1596 3576/450/1594 3585/459/1602 
f 3577/451/1595 3583/457/1601 3586/460/1604 3579/453/1597 
f 3587/461/1605 3580/454/1598 3578/452/1596 3584/458/1603 
f 3588/462/1606 3581/455/1599 3579/453/1597 3586/460/1604 
f 3567/441/1849 3580/454/1598 3587/461/1605 3589/463/1820 
f 3588/462/1606 3590/464/1821 3569/443/1587 3581/455/1599 
f 3589/463/1820 3591/465/1609 3568/442/1586 3567/441/1849 
f 3592/466/1610 3570/444/1588 3569/443/1587 3590/464/1821 
f 3571/445/1818 3560/434/1578 3593/467/1611 
f 3562/436/1580 3568/442/1586 3591/465/1609 
f 3594/468/1612 3572/446/1590 3570/444/1588 3592/466/1610 
f 3595/469/1613 3573/447/1591 3571/445/1818 3593/467/1611 
f 3596/470/1614 3574/448/1592 3572/446/1590 3594/468/1612 
f 3575/449/1850 3573/447/1591 3595/469/1613 3582/456/1851 
f 3576/450/1594 3574/448/1592 3596/470/1614 3585/459/1602 
f 3597/472/1615 3598/471/1616 3592/466/1610 3590/464/1821 
f 3593/467/1611 3560/434/1578 3599/473/1852 
f 3562/436/1580 3591/465/1609 3600/474/1618 
f 3598/471/1616 3601/475/1619 3594/468/1612 3592/466/1610 
f 3599/473/1852 3602/476/1620 3595/469/1613 3593/467/1611 
f 3596/470/1614 3594/468/1612 3601/475/1619 3603/477/1621 
f 3604/478/1622 3582/456/1851 3595/469/1613 3602/476/1620 
f 3603/477/1621 3605/479/1623 3585/459/1602 3596/470/1614 
f 3582/456/1851 3604/478/1622 3606/480/1624 3583/457/1601 
f 3584/458/1603 3585/459/1602 3605/479/1623 3607/481/1625 
f 3606/480/1624 3608/482/1626 3586/460/1604 3583/457/1601 
f 3584/458/1603 3607/481/1625 3609/483/1823 3587/461/1605 
f 3608/482/1626 3610/484/1628 3588/462/1606 3586/460/1604 
f 3611/485/1629 3589/463/1820 3587/461/1605 3609/483/1823 
f 3590/464/1821 3588/462/1606 3610/484/1628 3597/472/1615 
f 3600/474/1618 3591/465/1609 3589/463/1820 3611/485/1629 
f 3605/479/1623 3612/486/1631 3613/487/1630 3607/481/1625 
f 3614/489/1632 3608/482/1626 3606/480/1624 3615/488/1633 
f 3613/487/1630 3616/490/1634 3609/483/1823 3607/481/1625 
f 3617/491/1635 3610/484/1628 3608/482/1626 3614/489/1632 
f 3609/483/1823 3616/490/1634 3618/492/1826 3611/485/1629 
f 3597/472/1615 3610/484/1628 3617/491/1635 3619/493/1637 
f 3618/492/1826 3620/494/1638 3600/474/1618 3611/485/1629 
f 3619/493/1637 3621/495/1639 3598/471/1616 3597/472/1615 
f 3599/473/1852 3560/434/1578 3622/496/1640 
f 3562/436/1580 3600/474/1618 3620/494/1638 
f 3598/471/1616 3621/495/1639 3623/497/1641 3601/475/1619 
f 3599/473/1852 3622/496/1640 3624/498/1853 3602/476/1620 
f 3625/499/1643 3603/477/1621 3601/475/1619 3623/497/1641 
f 3604/478/1622 3602/476/1620 3624/498/1853 3626/500/1644 
f 3605/479/1623 3603/477/1621 3625/499/1643 3612/486/1631 
f 3606/480/1624 3604/478/1622 3626/500/1644 3615/488/1633 
f 3622/496/1640 3560/434/1578 3627/501/1645 
f 3562/436/1580 3620/494/1638 3628/502/1854 
f 3623/497/1641 3621/495/1639 3629/503/1648 3630/504/1647 
f 3622/496/1640 3627/501/1645 3631/505/1649 3624/498/1853 
f 3625/499/1643 3623/497/1641 3630/504/1647 3632/506/1650 
f 3631/505/1649 3633/507/1651 3626/500/1644 3624/498/1853 
f 3634/508/1652 3612/486/1631 3625/499/1643 3632/506/1650 
f 3615/488/1633 3626/500/1644 3633/507/1651 3635/509/1653 
f 3634/508/1652 3636/510/1654 3613/487/1630 3612/486/1631 
f 3635/509/1653 3637/511/1655 3614/489/1632 3615/488/1633 
f 3636/510/1654 3638/512/1656 3616/490/1634 3613/487/1630 
f 3637/511/1655 3639/513/1855 3617/491/1635 3614/489/1632 
f 3618/492/1826 3616/490/1634 3638/512/1656 3640/514/1658 
f 3617/491/1635 3639/513/1855 3641/515/1659 3619/493/1637 
f 3618/492/1826 3640/514/1658 3628/502/1854 3620/494/1638 
f 3619/493/1637 3641/515/1659 3629/503/1648 3621/495/1639 
f 3642/517/1660 3637/511/1655 3635/509/1653 3643/516/1661 
f 3638/512/1656 3636/510/1654 3644/518/1663 3645/519/1662 
f 3639/513/1855 3637/511/1655 3642/517/1660 3646/520/1664 
f 3638/512/1656 3645/519/1662 3647/521/1665 3640/514/1658 
f 3641/515/1659 3639/513/1855 3646/520/1664 3648/522/1666 
f 3647/521/1665 3649/523/1856 3628/502/1854 3640/514/1658 
f 3641/515/1659 3648/522/1666 3650/524/1668 3629/503/1648 
f 3627/501/1645 3560/434/1578 3651/525/1669 
f 3562/436/1580 3628/502/1854 3649/523/1856 
f 3650/524/1668 3652/526/1670 3630/504/1647 3629/503/1648 
f 3651/525/1669 3653/527/1857 3631/505/1649 3627/501/1645 
f 3652/526/1670 3654/528/1672 3632/506/1650 3630/504/1647 
f 3653/527/1857 3655/529/1673 3633/507/1651 3631/505/1649 
f 3634/508/1652 3632/506/1650 3654/528/1672 3656/530/1674 
f 3635/509/1653 3633/507/1651 3655/529/1673 3643/516/1661 
f 3634/508/1652 3656/530/1674 3644/518/1663 3636/510/1654 
f 3652/526/1670 3650/524/1668 3657/531/1152 3658/532/1675 
f 3653/527/1857 3651/525/1669 3659/533/1828 3660/534/1677 
f 3654/528/1672 3652/526/1670 3658/532/1675 3661/535/1678 
f 3655/529/1673 3653/527/1857 3660/534/1677 3662/536/1679 
f 3661/535/1678 3663/537/1680 3656/530/1674 3654/528/1672 
f 3664/538/1681 3643/516/1661 3655/529/1673 3662/536/1679 
f 3665/539/1829 3644/518/1663 3656/530/1674 3663/537/1680 
f 3642/517/1660 3643/516/1661 3664/538/1681 3666/540/1683 
f 3665/539/1829 3667/541/1684 3645/519/1662 3644/518/1663 
f 3666/540/1683 3668/542/1685 3646/520/1664 3642/517/1660 
f 3667/541/1684 3669/543/1686 3647/521/1665 3645/519/1662 
f 3670/544/1687 3648/522/1666 3646/520/1664 3668/542/1685 
f 3671/545/1688 3649/523/1856 3647/521/1665 3669/543/1686 
f 3650/524/1668 3648/522/1666 3670/544/1687 3657/531/1152 
f 3651/525/1669 3560/434/1578 3659/533/1828 
f 3562/436/1580 3649/523/1856 3671/545/1688 
f 3672/546/1690 3667/541/1684 3665/539/1829 3673/547/1689 
f 3674/549/1691 3675/548/1692 3668/542/1685 3666/540/1683 
f 3676/550/1693 3669/543/1686 3667/541/1684 3672/546/1690 
f 3668/542/1685 3675/548/1692 3677/551/1694 3670/544/1687 
f 3676/550/1693 3678/552/1695 3671/545/1688 3669/543/1686 
f 3657/531/1152 3670/544/1687 3677/551/1694 3679/553/1696 
f 3659/533/1828 3560/434/1578 3680/554/1697 
f 3562/436/1580 3671/545/1688 3678/552/1695 
f 3658/532/1675 3657/531/1152 3679/553/1696 3681/555/1698 
f 3680/554/1697 3682/556/1830 3660/534/1677 3659/533/1828 
f 3681/555/1698 3683/557/1700 3661/535/1678 3658/532/1675 
f 3682/556/1830 3684/558/1701 3662/536/1679 3660/534/1677 
f 3685/559/1702 3663/537/1680 3661/535/1678 3683/557/1700 
f 3684/558/1701 3686/560/1703 3664/538/1681 3662/536/1679 
f 3673/547/1689 3665/539/1829 3663/537/1680 3685/559/1702 
f 3666/540/1683 3664/538/1681 3686/560/1703 3674/549/1691 
f 3683/557/1700 3681/555/1698 3687/561/1705 3688/562/1704 
f 3682/556/1830 3689/564/1706 3690/563/1707 3684/558/1701 
f 3685/559/1702 3683/557/1700 3688/562/1704 3691/565/1708 
f 3690/563/1707 3692/566/1709 3686/560/1703 3684/558/1701 
f 3693/567/1710 3673/547/1689 3685/559/1702 3691/565/1708 
f 3686/560/1703 3692/566/1709 3694/568/1711 3674/549/1691 
f 3672/546/1690 3673/547/1689 3693/567/1710 3695/569/1712 
f 3694/568/1711 3696/570/1713 3675/548/1692 3674/549/1691 
f 3695/569/1712 3697/571/1714 3676/550/1693 3672/546/1690 
f 3696/570/1713 3698/572/1715 3677/551/1694 3675/548/1692 
f 3678/552/1695 3676/550/1693 3697/571/1714 3699/573/1858 
f 3679/553/1696 3677/551/1694 3698/572/1715 3700/574/1717 
f 3680/554/1697 3560/434/1578 3701/575/1718 
f 3562/436/1580 3678/552/1695 3699/573/1858 
f 3681/555/1698 3679/553/1696 3700/574/1717 3687/561/1705 
f 3682/556/1830 3680/554/1697 3701/575/1718 3689/564/1706 
f 3695/569/1712 3702/576/1719 3703/577/1720 3697/571/1714 
f 3696/570/1713 3704/579/1722 3705/578/1721 3698/572/1715 
f 3699/573/1858 3697/571/1714 3703/577/1720 3706/580/1859 
f 3707/581/1724 3700/574/1717 3698/572/1715 3705/578/1721 
f 3701/575/1718 3560/434/1578 3708/582/1725 
f 3562/436/1580 3699/573/1858 3706/580/1859 
f 3709/583/1726 3687/561/1705 3700/574/1717 3707/581/1724 
f 3701/575/1718 3708/582/1725 3710/584/1727 3689/564/1706 
f 3709/583/1726 3711/585/1728 3688/562/1704 3687/561/1705 
f 3690/563/1707 3689/564/1706 3710/584/1727 3712/586/1729 
f 3713/587/1730 3691/565/1708 3688/562/1704 3711/585/1728 
f 3692/566/1709 3690/563/1707 3712/586/1729 3714/588/1731 
f 3691/565/1708 3713/587/1730 3715/589/1732 3693/567/1710 
f 3692/566/1709 3714/588/1731 3716/590/1860 3694/568/1711 
f 3715/589/1732 3702/576/1719 3695/569/1712 3693/567/1710 
f 3696/570/1713 3694/568/1711 3716/590/1860 3704/579/1722 
f 3717/592/1734 3718/591/1735 3712/586/1729 3710/584/1727 
f 3711/585/1728 3719/594/1736 3720/593/1737 3713/587/1730 
f 3714/588/1731 3712/586/1729 3718/591/1735 3721/595/1738 
f 3720/593/1737 3722/596/1739 3715/589/1732 3713/587/1730 
f 3714/588/1731 3721/595/1738 3723/597/1740 3716/590/1860 
f 3722/596/1739 3724/598/1861 3702/576/1719 3715/589/1732 
f 3725/599/1742 3704/579/1722 3716/590/1860 3723/597/1740 
f 3726/600/1743 3703/577/1720 3702/576/1719 3724/598/1861 
f 3704/579/1722 3725/599/1742 3727/601/1744 3705/578/1721 
f 3728/602/1862 3706/580/1859 3703/577/1720 3726/600/1743 
f 3729/603/1746 3707/581/1724 3705/578/1721 3727/601/1744 
f 3708/582/1725 3560/434/1578 3730/604/1747 
f 3562/436/1580 3706/580/1859 3728/602/1862 
f 3729/603/1746 3731/605/1748 3709/583/1726 3707/581/1724 
f 3708/582/1725 3730/604/1747 3717/592/1734 3710/584/1727 
f 3709/583/1726 3731/605/1748 3719/594/1736 3711/585/1728 
f 3725/599/1742 3732/607/1750 3733/606/1749 3727/601/1744 
f 3726/600/1743 3734/608/1752 3735/609/1751 3728/602/1862 
f 3733/606/1749 3736/610/1753 3729/603/1746 3727/601/1744 
f 3730/604/1747 3560/434/1578 3737/611/1754 
f 3562/436/1580 3728/602/1862 3735/609/1751 
f 3729/603/1746 3736/610/1753 3738/612/1755 3731/605/1748 
f 3737/611/1754 3739/613/1756 3717/592/1734 3730/604/1747 
f 3740/614/1757 3719/594/1736 3731/605/1748 3738/612/1755 
f 3739/613/1756 3741/615/1758 3718/591/1735 3717/592/1734 
f 3720/593/1737 3719/594/1736 3740/614/1757 3742/616/1759 
f 3743/617/1760 3721/595/1738 3718/591/1735 3741/615/1758 
f 3744/618/1761 3722/596/1739 3720/593/1737 3742/616/1759 
f 3745/619/1762 3723/597/1740 3721/595/1738 3743/617/1760 
f 3744/618/1761 3746/620/1763 3724/598/1861 3722/596/1739 
f 3745/619/1762 3732/607/1750 3725/599/1742 3723/597/1740 
f 3746/620/1763 3734/608/1752 3726/600/1743 3724/598/1861 
f 3747/622/1764 3742/616/1759 3740/614/1757 3748/621/1765 
f 3741/615/1758 3749/624/1767 3750/623/1766 3743/617/1760 
f 3747/622/1764 3751/625/1768 3744/618/1761 3742/616/1759 
f 3752/626/1863 3745/619/1762 3743/617/1760 3750/623/1766 
f 3744/618/1761 3751/625/1768 3753/627/1864 3746/620/1763 
f 3752/626/1863 3754/628/1771 3732/607/1750 3745/619/1762 
f 3753/627/1864 3755/629/1772 3734/608/1752 3746/620/1763 
f 3733/606/1749 3732/607/1750 3754/628/1771 3756/630/1773 
f 3757/631/1774 3735/609/1751 3734/608/1752 3755/629/1772 
f 3736/610/1753 3733/606/1749 3756/630/1773 3758/632/1775 
f 3737/611/1754 3560/434/1578 3759/633/1776 
f 3562/436/1580 3735/609/1751 3757/631/1774 
f 3760/634/1777 3738/612/1755 3736/610/1753 3758/632/1775 
f 3737/611/1754 3759/633/1776 3761/635/1778 3739/613/1756 
f 3760/634/1777 3748/621/1765 3740/614/1757 3738/612/1755 
f 3749/624/1767 3741/615/1758 3739/613/1756 3761/635/1778 
f 3762/637/1834 3757/631/1774 3755/629/1772 3763/636/1780 
f 3764/639/1835 3758/632/1775 3756/630/1773 3765/638/1782 
f 3759/633/1776 3560/434/1578 3766/640/1836 
f 3562/436/1580 3757/631/1774 3762/637/1834 
f 3764/639/1835 3767/641/1784 3760/634/1777 3758/632/1775 
f 3766/640/1836 3768/642/1865 3761/635/1778 3759/633/1776 
f 3760/634/1777 3767/641/1784 3769/643/1786 3748/621/1765 
f 3770/644/1787 3749/624/1767 3761/635/1778 3768/642/1865 
f 3747/622/1764 3748/621/1765 3769/643/1786 3771/645/1788 
f 3750/623/1766 3749/624/1767 3770/644/1787 3772/646/1866 
f 3773/647/1867 3751/625/1768 3747/622/1764 3771/645/1788 
f 3774/648/1791 3752/626/1863 3750/623/1766 3772/646/1866 
f 3751/625/1768 3773/647/1867 3775/649/1837 3753/627/1864 
f 3774/648/1791 3776/650/1793 3754/628/1771 3752/626/1863 
f 3775/649/1837 3763/636/1780 3755/629/1772 3753/627/1864 
f 3765/638/1782 3756/630/1773 3754/628/1771 3776/650/1793 
f 3777/651/1795 3778/652/1839 3772/646/1866 3770/644/1787 
f 3779/653/1796 3773/647/1867 3771/645/1788 3780/654/1840 
f 3778/652/1839 3781/655/1798 3774/648/1791 3772/646/1866 
f 3782/656/1841 3775/649/1837 3773/647/1867 3779/653/1796 
f 3781/655/1798 3783/657/1868 3776/650/1793 3774/648/1791 
f 3775/649/1837 3782/656/1841 3784/658/1801 3763/636/1780 
f 3785/659/1802 3765/638/1782 3776/650/1793 3783/657/1868 
f 3784/658/1801 3786/660/1803 3762/637/1834 3763/636/1780 
f 3764/639/1835 3765/638/1782 3785/659/1802 3787/661/1843 
f 3766/640/1836 3560/434/1578 3788/662/1805 
f 3562/436/1580 3762/637/1834 3786/660/1803 
f 3789/663/1806 3767/641/1784 3764/639/1835 3787/661/1843 
f 3790/664/1807 3768/642/1865 3766/640/1836 3788/662/1805 
f 3791/665/1869 3769/643/1786 3767/641/1784 3789/663/1806 
f 3790/664/1807 3777/651/1795 3770/644/1787 3768/642/1865 
f 3769/643/1786 3791/665/1869 3780/654/1840 3771/645/1788 
f 3792/412/1555 3793/409/1556 3794/410/1553 3795/411/1554 
f 3796/413/1557 3797/414/1870 3798/415/1871 3799/416/1560 
f 3792/412/1555 3795/411/1554 3800/417/1811 3801/418/1810 
f 3796/413/1557 3802/420/1564 3803/419/1563 3797/414/1870 
f 3800/417/1811 3804/421/1812 3805/422/1813 3801/418/1810 
f 3803/419/1563 3802/420/1564 3806/424/1567 3807/423/1847 
f 3808/426/1570 3805/422/1813 3804/421/1812 3809/425/1569 
f 3810/427/1572 3807/423/1847 3806/424/1567 3811/428/1571 
f 3809/425/1569 3812/429/1573 3813/430/1574 3808/426/1570 
f 3811/428/1571 3814/431/1575 3815/432/1576 3810/427/1572 
f 3816/433/1815 3817/434/1578 3818/435/1816 
f 3819/436/1580 3813/430/1574 3812/429/1573 
f 3820/438/1848 3815/432/1576 3814/431/1575 3821/437/1581 
f 3822/440/1584 3816/433/1815 3818/435/1816 3823/439/1583 
f 3794/410/1553 3793/409/1556 3820/438/1848 3821/437/1581 
f 3799/416/1560 3798/415/1871 3822/440/1584 3823/439/1583 
f 3824/441/1585 3825/442/1586 3812/429/1573 3809/425/1569 
f 3814/431/1575 3811/428/1571 3826/443/1587 3827/444/1588 
f 3818/435/1816 3817/434/1578 3828/445/1818 
f 3819/436/1580 3812/429/1573 3825/442/1586 
f 3821/437/1581 3814/431/1575 3827/444/1588 3829/446/1590 
f 3818/435/1816 3828/445/1818 3830/447/1591 3823/439/1583 
f 3831/448/1592 3794/410/1553 3821/437/1581 3829/446/1590 
f 3830/447/1591 3832/449/1850 3799/416/1560 3823/439/1583 
f 3831/448/1592 3833/450/1594 3795/411/1554 3794/410/1553 
f 3799/416/1560 3832/449/1850 3834/451/1595 3796/413/1557 
f 3833/450/1594 3835/452/1596 3800/417/1811 3795/411/1554 
f 3802/420/1564 3796/413/1557 3834/451/1595 3836/453/1597 
f 3800/417/1811 3835/452/1596 3837/454/1598 3804/421/1812 
f 3838/455/1599 3806/424/1567 3802/420/1564 3836/453/1597 
f 3809/425/1569 3804/421/1812 3837/454/1598 3824/441/1585 
f 3806/424/1567 3838/455/1599 3826/443/1587 3811/428/1571 
f 3839/457/1601 3834/451/1595 3832/449/1850 3840/456/1600 
f 3835/452/1596 3833/450/1594 3841/459/1602 3842/458/1603 
f 3839/457/1601 3843/460/1604 3836/453/1597 3834/451/1595 
f 3835/452/1596 3842/458/1603 3844/461/1819 3837/454/1598 
f 3845/462/1606 3838/455/1599 3836/453/1597 3843/460/1604 
f 3824/441/1585 3837/454/1598 3844/461/1819 3846/463/1820 
f 3847/464/1821 3826/443/1587 3838/455/1599 3845/462/1606 
f 3848/465/1609 3825/442/1586 3824/441/1585 3846/463/1820 
f 3849/466/1610 3827/444/1588 3826/443/1587 3847/464/1821 
f 3828/445/1818 3817/434/1578 3850/467/1611 
f 3819/436/1580 3825/442/1586 3848/465/1609 
f 3851/468/1612 3829/446/1590 3827/444/1588 3849/466/1610 
f 3830/447/1591 3828/445/1818 3850/467/1611 3852/469/1613 
f 3853/470/1822 3831/448/1592 3829/446/1590 3851/468/1612 
f 3840/456/1600 3832/449/1850 3830/447/1591 3852/469/1613 
f 3831/448/1592 3853/470/1822 3841/459/1602 3833/450/1594 
f 3849/466/1610 3847/464/1821 3854/472/1615 3855/471/1616 
f 3850/467/1611 3817/434/1578 3856/473/1617 
f 3819/436/1580 3848/465/1609 3857/474/1872 
f 3851/468/1612 3849/466/1610 3855/471/1616 3858/475/1619 
f 3856/473/1617 3859/476/1620 3852/469/1613 3850/467/1611 
f 3860/477/1621 3853/470/1822 3851/468/1612 3858/475/1619 
f 3859/476/1620 3861/478/1622 3840/456/1600 3852/469/1613 
f 3862/479/1623 3841/459/1602 3853/470/1822 3860/477/1621 
f 3863/480/1624 3839/457/1601 3840/456/1600 3861/478/1622 
f 3842/458/1603 3841/459/1602 3862/479/1623 3864/481/1625 
f 3863/480/1624 3865/482/1626 3843/460/1604 3839/457/1601 
f 3842/458/1603 3864/481/1625 3866/483/1823 3844/461/1819 
f 3867/484/1824 3845/462/1606 3843/460/1604 3865/482/1626 
f 3868/485/1629 3846/463/1820 3844/461/1819 3866/483/1823 
f 3854/472/1615 3847/464/1821 3845/462/1606 3867/484/1824 
f 3868/485/1629 3857/474/1872 3848/465/1609 3846/463/1820 
f 3869/487/1630 3864/481/1625 3862/479/1623 3870/486/1631 
f 3871/488/1825 3872/489/1632 3865/482/1626 3863/480/1624 
f 3864/481/1625 3869/487/1630 3873/490/1634 3866/483/1823 
f 3872/489/1632 3874/491/1635 3867/484/1824 3865/482/1626 
f 3875/492/1826 3868/485/1629 3866/483/1823 3873/490/1634 
f 3874/491/1635 3876/493/1637 3854/472/1615 3867/484/1824 
f 3875/492/1826 3877/494/1873 3857/474/1872 3868/485/1629 
f 3876/493/1637 3878/495/1639 3855/471/1616 3854/472/1615 
f 3856/473/1617 3817/434/1578 3879/496/1640 
f 3819/436/1580 3857/474/1872 3877/494/1873 
f 3858/475/1619 3855/471/1616 3878/495/1639 3880/497/1641 
f 3881/498/1853 3859/476/1620 3856/473/1617 3879/496/1640 
f 3858/475/1619 3880/497/1641 3882/499/1874 3860/477/1621 
f 3859/476/1620 3881/498/1853 3883/500/1644 3861/478/1622 
f 3882/499/1874 3870/486/1631 3862/479/1623 3860/477/1621 
f 3883/500/1644 3871/488/1825 3863/480/1624 3861/478/1622 
f 3879/496/1640 3817/434/1578 3884/501/1645 
f 3819/436/1580 3877/494/1873 3885/502/1646 
f 3886/504/1647 3880/497/1641 3878/495/1639 3887/503/1648 
f 3888/505/1649 3881/498/1853 3879/496/1640 3884/501/1645 
f 3889/506/1650 3882/499/1874 3880/497/1641 3886/504/1647 
f 3890/507/1651 3883/500/1644 3881/498/1853 3888/505/1649 
f 3889/506/1650 3891/508/1652 3870/486/1631 3882/499/1874 
f 3890/507/1651 3892/509/1653 3871/488/1825 3883/500/1644 
f 3891/508/1652 3893/510/1654 3869/487/1630 3870/486/1631 
f 3892/509/1653 3894/511/1655 3872/489/1632 3871/488/1825 
f 3873/490/1634 3869/487/1630 3893/510/1654 3895/512/1875 
f 3896/513/1855 3874/491/1635 3872/489/1632 3894/511/1655 
f 3895/512/1875 3897/514/1658 3875/492/1826 3873/490/1634 
f 3898/515/1659 3876/493/1637 3874/491/1635 3896/513/1855 
f 3877/494/1873 3875/492/1826 3897/514/1658 3885/502/1646 
f 3878/495/1639 3876/493/1637 3898/515/1659 3887/503/1648 
f 3892/509/1653 3899/516/1661 3900/517/1660 3894/511/1655 
f 3895/512/1875 3893/510/1654 3901/518/1663 3902/519/1662 
f 3894/511/1655 3900/517/1660 3903/520/1664 3896/513/1855 
f 3904/521/1665 3897/514/1658 3895/512/1875 3902/519/1662 
f 3898/515/1659 3896/513/1855 3903/520/1664 3905/522/1666 
f 3885/502/1646 3897/514/1658 3904/521/1665 3906/523/1667 
f 3905/522/1666 3907/524/1668 3887/503/1648 3898/515/1659 
f 3884/501/1645 3817/434/1578 3908/525/1669 
f 3819/436/1580 3885/502/1646 3906/523/1667 
f 3886/504/1647 3887/503/1648 3907/524/1668 3909/526/1670 
f 3910/527/1857 3888/505/1649 3884/501/1645 3908/525/1669 
f 3909/526/1670 3911/528/1672 3889/506/1650 3886/504/1647 
f 3888/505/1649 3910/527/1857 3912/529/1673 3890/507/1651 
f 3891/508/1652 3889/506/1650 3911/528/1672 3913/530/1674 
f 3912/529/1673 3899/516/1661 3892/509/1653 3890/507/1651 
f 3913/530/1674 3901/518/1663 3893/510/1654 3891/508/1652 
f 3907/524/1668 3914/531/1152 3915/532/1675 3909/526/1670 
f 3910/527/1857 3908/525/1669 3916/533/1828 3917/534/1677 
f 3915/532/1675 3918/535/1678 3911/528/1672 3909/526/1670 
f 3919/536/1679 3912/529/1673 3910/527/1857 3917/534/1677 
f 3920/537/1680 3913/530/1674 3911/528/1672 3918/535/1678 
f 3899/516/1661 3912/529/1673 3919/536/1679 3921/538/1681 
f 3901/518/1663 3913/530/1674 3920/537/1680 3922/539/1829 
f 3921/538/1681 3923/540/1683 3900/517/1660 3899/516/1661 
f 3924/541/1684 3902/519/1662 3901/518/1663 3922/539/1829 
f 3903/520/1664 3900/517/1660 3923/540/1683 3925/542/1685 
f 3904/521/1665 3902/519/1662 3924/541/1684 3926/543/1686 
f 3927/544/1687 3905/522/1666 3903/520/1664 3925/542/1685 
f 3928/545/1688 3906/523/1667 3904/521/1665 3926/543/1686 
f 3927/544/1687 3914/531/1152 3907/524/1668 3905/522/1666 
f 3908/525/1669 3817/434/1578 3916/533/1828 
f 3819/436/1580 3906/523/1667 3928/545/1688 
f 3929/547/1689 3930/546/1690 3924/541/1684 3922/539/1829 
f 3923/540/1683 3931/549/1691 3932/548/1692 3925/542/1685 
f 3930/546/1690 3933/550/1693 3926/543/1686 3924/541/1684 
f 3932/548/1692 3934/551/1694 3927/544/1687 3925/542/1685 
f 3935/552/1695 3928/545/1688 3926/543/1686 3933/550/1693 
f 3936/553/1696 3914/531/1152 3927/544/1687 3934/551/1694 
f 3916/533/1828 3817/434/1578 3937/554/1697 
f 3819/436/1580 3928/545/1688 3935/552/1695 
f 3936/553/1696 3938/555/1698 3915/532/1675 3914/531/1152 
f 3917/534/1677 3916/533/1828 3937/554/1697 3939/556/1699 
f 3938/555/1698 3940/557/1700 3918/535/1678 3915/532/1675 
f 3941/558/1701 3919/536/1679 3917/534/1677 3939/556/1699 
f 3940/557/1700 3942/559/1702 3920/537/1680 3918/535/1678 
f 3943/560/1703 3921/538/1681 3919/536/1679 3941/558/1701 
f 3929/547/1689 3922/539/1829 3920/537/1680 3942/559/1702 
f 3931/549/1691 3923/540/1683 3921/538/1681 3943/560/1703 
f 3938/555/1698 3944/561/1705 3945/562/1704 3940/557/1700 
f 3941/558/1701 3939/556/1699 3946/564/1706 3947/563/1707 
f 3942/559/1702 3940/557/1700 3945/562/1704 3948/565/1708 
f 3947/563/1707 3949/566/1709 3943/560/1703 3941/558/1701 
f 3942/559/1702 3948/565/1708 3950/567/1710 3929/547/1689 
f 3943/560/1703 3949/566/1709 3951/568/1711 3931/549/1691 
f 3929/547/1689 3950/567/1710 3952/569/1712 3930/546/1690 
f 3953/570/1713 3932/548/1692 3931/549/1691 3951/568/1711 
f 3954/571/1714 3933/550/1693 3930/546/1690 3952/569/1712 
f 3955/572/1715 3934/551/1694 3932/548/1692 3953/570/1713 
f 3935/552/1695 3933/550/1693 3954/571/1714 3956/573/1716 
f 3936/553/1696 3934/551/1694 3955/572/1715 3957/574/1717 
f 3937/554/1697 3817/434/1578 3958/575/1718 
f 3819/436/1580 3935/552/1695 3956/573/1716 
f 3957/574/1717 3944/561/1705 3938/555/1698 3936/553/1696 
f 3939/556/1699 3937/554/1697 3958/575/1718 3946/564/1706 
f 3959/576/1831 3960/577/1720 3954/571/1714 3952/569/1712 
f 3961/579/1722 3962/578/1721 3955/572/1715 3953/570/1713 
f 3960/577/1720 3963/580/1723 3956/573/1716 3954/571/1714 
f 3957/574/1717 3955/572/1715 3962/578/1721 3964/581/1724 
f 3958/575/1718 3817/434/1578 3965/582/1725 
f 3819/436/1580 3956/573/1716 3963/580/1723 
f 3957/574/1717 3964/581/1724 3966/583/1726 3944/561/1705 
f 3958/575/1718 3965/582/1725 3967/584/1727 3946/564/1706 
f 3968/585/1728 3945/562/1704 3944/561/1705 3966/583/1726 
f 3967/584/1727 3969/586/1729 3947/563/1707 3946/564/1706 
f 3948/565/1708 3945/562/1704 3968/585/1728 3970/587/1730 
f 3947/563/1707 3969/586/1729 3971/588/1731 3949/566/1709 
f 3948/565/1708 3970/587/1730 3972/589/1732 3950/567/1710 
f 3949/566/1709 3971/588/1731 3973/590/1733 3951/568/1711 
f 3972/589/1732 3959/576/1831 3952/569/1712 3950/567/1710 
f 3973/590/1733 3961/579/1722 3953/570/1713 3951/568/1711 
f 3974/591/1735 3969/586/1729 3967/584/1727 3975/592/1734 
f 3976/593/1737 3970/587/1730 3968/585/1728 3977/594/1736 
f 3974/591/1735 3978/595/1738 3971/588/1731 3969/586/1729 
f 3979/596/1739 3972/589/1732 3970/587/1730 3976/593/1737 
f 3978/595/1738 3980/597/1740 3973/590/1733 3971/588/1731 
f 3979/596/1739 3981/598/1741 3959/576/1831 3972/589/1732 
f 3980/597/1740 3982/599/1742 3961/579/1722 3973/590/1733 
f 3981/598/1741 3983/600/1743 3960/577/1720 3959/576/1831 
f 3982/599/1742 3984/601/1744 3962/578/1721 3961/579/1722 
f 3983/600/1743 3985/602/1745 3963/580/1723 3960/577/1720 
f 3984/601/1744 3986/603/1746 3964/581/1724 3962/578/1721 
f 3965/582/1725 3817/434/1578 3987/604/1747 
f 3819/436/1580 3963/580/1723 3985/602/1745 
f 3966/583/1726 3964/581/1724 3986/603/1746 3988/605/1748 
f 3965/582/1725 3987/604/1747 3975/592/1734 3967/584/1727 
f 3966/583/1726 3988/605/1748 3977/594/1736 3968/585/1728 
f 3989/606/1749 3984/601/1744 3982/599/1742 3990/607/1750 
f 3991/609/1751 3985/602/1745 3983/600/1743 3992/608/1752 
f 3986/603/1746 3984/601/1744 3989/606/1749 3993/610/1753 
f 3987/604/1747 3817/434/1578 3994/611/1754 
f 3819/436/1580 3985/602/1745 3991/609/1751 
f 3995/612/1755 3988/605/1748 3986/603/1746 3993/610/1753 
f 3994/611/1754 3996/613/1756 3975/592/1734 3987/604/1747 
f 3995/612/1755 3997/614/1757 3977/594/1736 3988/605/1748 
f 3996/613/1756 3998/615/1758 3974/591/1735 3975/592/1734 
f 3997/614/1757 3999/616/1759 3976/593/1737 3977/594/1736 
f 4000/617/1760 3978/595/1738 3974/591/1735 3998/615/1758 
f 3999/616/1759 4001/618/1761 3979/596/1739 3976/593/1737 
f 4000/617/1760 4002/619/1762 3980/597/1740 3978/595/1738 
f 4003/620/1763 3981/598/1741 3979/596/1739 4001/618/1761 
f 3980/597/1740 4002/619/1762 3990/607/1750 3982/599/1742 
f 3981/598/1741 4003/620/1763 3992/608/1752 3983/600/1743 
f 4004/622/1764 3999/616/1759 3997/614/1757 4005/621/1765 
f 4006/623/1766 4000/617/1760 3998/615/1758 4007/624/1767 
f 4008/625/1768 4001/618/1761 3999/616/1759 4004/622/1764 
f 4002/619/1762 4000/617/1760 4006/623/1766 4009/626/1769 
f 4008/625/1768 4010/627/1864 4003/620/1763 4001/618/1761 
f 4011/628/1771 3990/607/1750 4002/619/1762 4009/626/1769 
f 4010/627/1864 4012/629/1772 3992/608/1752 4003/620/1763 
f 4011/628/1771 4013/630/1773 3989/606/1749 3990/607/1750 
f 4012/629/1772 4014/631/1774 3991/609/1751 3992/608/1752 
f 4015/632/1775 3993/610/1753 3989/606/1749 4013/630/1773 
f 3994/611/1754 3817/434/1578 4016/633/1776 
f 3819/436/1580 3991/609/1751 4014/631/1774 
f 4015/632/1775 4017/634/1876 3995/612/1755 3993/610/1753 
f 4016/633/1776 4018/635/1778 3996/613/1756 3994/611/1754 
f 3995/612/1755 4017/634/1876 4005/621/1765 3997/614/1757 
f 4018/635/1778 4007/624/1767 3998/615/1758 3996/613/1756 
f 4019/637/1834 4014/631/1774 4012/629/1772 4020/636/1780 
f 4021/639/1835 4015/632/1775 4013/630/1773 4022/638/1877 
f 4016/633/1776 3817/434/1578 4023/640/1836 
f 3819/436/1580 4014/631/1774 4019/637/1834 
f 4024/641/1878 4017/634/1876 4015/632/1775 4021/639/1835 
f 4018/635/1778 4016/633/1776 4023/640/1836 4025/642/1785 
f 4024/641/1878 4026/643/1786 4005/621/1765 4017/634/1876 
f 4027/644/1787 4007/624/1767 4018/635/1778 4025/642/1785 
f 4026/643/1786 4028/645/1788 4004/622/1764 4005/621/1765 
f 4027/644/1787 4029/646/1789 4006/623/1766 4007/624/1767 
f 4030/647/1790 4008/625/1768 4004/622/1764 4028/645/1788 
f 4009/626/1769 4006/623/1766 4029/646/1789 4031/648/1879 
f 4010/627/1864 4008/625/1768 4030/647/1790 4032/649/1792 
f 4031/648/1879 4033/650/1793 4011/628/1771 4009/626/1769 
f 4032/649/1792 4020/636/1780 4012/629/1772 4010/627/1864 
f 4033/650/1793 4022/638/1877 4013/630/1773 4011/628/1771 
f 4029/646/1789 4027/644/1787 4034/651/1795 4035/652/1794 
f 4036/653/1796 4030/647/1790 4028/645/1788 4037/654/1840 
f 4035/652/1794 4038/655/1798 4031/648/1879 4029/646/1789 
f 4032/649/1792 4030/647/1790 4036/653/1796 4039/656/1799 
f 4040/657/1800 4033/650/1793 4031/648/1879 4038/655/1798 
f 4041/658/1801 4020/636/1780 4032/649/1792 4039/656/1799 
f 4040/657/1800 4042/659/1802 4022/638/1877 4033/650/1793 
f 4041/658/1801 4043/660/1842 4019/637/1834 4020/636/1780 
f 4042/659/1802 4044/661/1843 4021/639/1835 4022/638/1877 
f 4023/640/1836 3817/434/1578 4045/662/1805 
f 3819/436/1580 4019/637/1834 4043/660/1842 
f 4024/641/1878 4021/639/1835 4044/661/1843 4046/663/1806 
f 4025/642/1785 4023/640/1836 4045/662/1805 4047/664/1807 
f 4026/643/1786 4024/641/1878 4046/663/1806 4048/665/1808 
f 4027/644/1787 4025/642/1785 4047/664/1807 4034/651/1795 
f 4048/665/1808 4037/654/1840 4028/645/1788 4026/643/1786 
f 4049/411/1554 4050/412/1555 4051/409/1556 4052/410/1553 
f 4053/415/1559 4054/416/1560 4055/413/1809 4056/414/1558 
f 4057/418/1810 4050/412/1555 4049/411/1554 4058/417/1811 
f 4059/419/1563 4056/414/1558 4055/413/1809 4060/420/1564 
f 4058/417/1811 4061/421/1812 4062/422/1813 4057/418/1810 
f 4060/420/1564 4063/424/1567 4064/423/1568 4059/419/1563 
f 4062/422/1813 4061/421/1812 4065/425/1569 4066/426/1570 
f 4067/427/1572 4064/423/1568 4063/424/1567 4068/428/1880 
f 4066/426/1570 4065/425/1569 4069/429/1573 4070/430/1574 
f 4071/432/1576 4067/427/1572 4068/428/1880 4072/431/1575 
f 4073/433/1815 4074/434/1578 4075/435/1816 
f 4076/436/1580 4070/430/1574 4069/429/1573 
f 4072/431/1575 4077/437/1581 4078/438/1582 4071/432/1576 
f 4079/440/1584 4073/433/1815 4075/435/1816 4080/439/1583 
f 4051/409/1556 4078/438/1582 4077/437/1581 4052/410/1553 
f 4079/440/1584 4080/439/1583 4054/416/1560 4053/415/1559 
f 4081/442/1586 4069/429/1573 4065/425/1569 4082/441/1585 
f 4068/428/1880 4083/443/1587 4084/444/1588 4072/431/1575 
f 4075/435/1816 4074/434/1578 4085/445/1881 
f 4076/436/1580 4069/429/1573 4081/442/1586 
f 4086/446/1590 4077/437/1581 4072/431/1575 4084/444/1588 
f 4087/447/1591 4080/439/1583 4075/435/1816 4085/445/1881 
f 4077/437/1581 4086/446/1590 4088/448/1592 4052/410/1553 
f 4080/439/1583 4087/447/1591 4089/449/1850 4054/416/1560 
f 4088/448/1592 4090/450/1594 4049/411/1554 4052/410/1553 
f 4055/413/1809 4054/416/1560 4089/449/1850 4091/451/1595 
f 4058/417/1811 4049/411/1554 4090/450/1594 4092/452/1596 
f 4060/420/1564 4055/413/1809 4091/451/1595 4093/453/1597 
f 4061/421/1812 4058/417/1811 4092/452/1596 4094/454/1598 
f 4060/420/1564 4093/453/1597 4095/455/1599 4063/424/1567 
f 4065/425/1569 4061/421/1812 4094/454/1598 4082/441/1585 
f 4068/428/1880 4063/424/1567 4095/455/1599 4083/443/1587 
f 4091/451/1595 4089/449/1850 4096/456/1600 4097/457/1601 
f 4098/459/1602 4099/458/1603 4092/452/1596 4090/450/1594 
f 4097/457/1601 4100/460/1604 4093/453/1597 4091/451/1595 
f 4092/452/1596 4099/458/1603 4101/461/1882 4094/454/1598 
f 4100/460/1604 4102/462/1606 4095/455/1599 4093/453/1597 
f 4094/454/1598 4101/461/1882 4103/463/1820 4082/441/1585 
f 4102/462/1606 4104/464/1821 4083/443/1587 4095/455/1599 
f 4105/465/1609 4081/442/1586 4082/441/1585 4103/463/1820 
f 4104/464/1821 4106/466/1610 4084/444/1588 4083/443/1587 
f 4085/445/1881 4074/434/1578 4107/467/1611 
f 4076/436/1580 4081/442/1586 4105/465/1609 
f 4108/468/1612 4086/446/1590 4084/444/1588 4106/466/1610 
f 4107/467/1611 4109/469/1613 4087/447/1591 4085/445/1881 
f 4108/468/1612 4110/470/1822 4088/448/1592 4086/446/1590 
f 4087/447/1591 4109/469/1613 4096/456/1600 4089/449/1850 
f 4110/470/1822 4098/459/1602 4090/450/1594 4088/448/1592 
f 4106/466/1610 4104/464/1821 4111/472/1615 4112/471/1616 
f 4107/467/1611 4074/434/1578 4113/473/1617 
f 4076/436/1580 4105/465/1609 4114/474/1618 
f 4115/475/1619 4108/468/1612 4106/466/1610 4112/471/1616 
f 4113/473/1617 4116/476/1620 4109/469/1613 4107/467/1611 
f 4110/470/1822 4108/468/1612 4115/475/1619 4117/477/1621 
f 4116/476/1620 4118/478/1622 4096/456/1600 4109/469/1613 
f 4119/479/1623 4098/459/1602 4110/470/1822 4117/477/1621 
f 4096/456/1600 4118/478/1622 4120/480/1624 4097/457/1601 
f 4099/458/1603 4098/459/1602 4119/479/1623 4121/481/1625 
f 4100/460/1604 4097/457/1601 4120/480/1624 4122/482/1626 
f 4099/458/1603 4121/481/1625 4123/483/1823 4101/461/1882 
f 4100/460/1604 4122/482/1626 4124/484/1628 4102/462/1606 
f 4103/463/1820 4101/461/1882 4123/483/1823 4125/485/1629 
f 4124/484/1628 4111/472/1615 4104/464/1821 4102/462/1606 
f 4114/474/1618 4105/465/1609 4103/463/1820 4125/485/1629 
f 4121/481/1625 4119/479/1623 4126/486/1631 4127/487/1630 
f 4122/482/1626 4120/480/1624 4128/488/1825 4129/489/1632 
f 4127/487/1630 4130/490/1634 4123/483/1823 4121/481/1625 
f 4131/491/1635 4124/484/1628 4122/482/1626 4129/489/1632 
f 4125/485/1629 4123/483/1823 4130/490/1634 4132/492/1636 
f 4131/491/1635 4133/493/1637 4111/472/1615 4124/484/1628 
f 4114/474/1618 4125/485/1629 4132/492/1636 4134/494/1638 
f 4111/472/1615 4133/493/1637 4135/495/1639 4112/471/1616 
f 4113/473/1617 4074/434/1578 4136/496/1640 
f 4076/436/1580 4114/474/1618 4134/494/1638 
f 4115/475/1619 4112/471/1616 4135/495/1639 4137/497/1641 
f 4136/496/1640 4138/498/1853 4116/476/1620 4113/473/1617 
f 4137/497/1641 4139/499/1643 4117/477/1621 4115/475/1619 
f 4138/498/1853 4140/500/1644 4118/478/1622 4116/476/1620 
f 4139/499/1643 4126/486/1631 4119/479/1623 4117/477/1621 
f 4120/480/1624 4118/478/1622 4140/500/1644 4128/488/1825 
f 4136/496/1640 4074/434/1578 4141/501/1645 
f 4076/436/1580 4134/494/1638 4142/502/1854 
f 4137/497/1641 4135/495/1639 4143/503/1648 4144/504/1647 
f 4141/501/1645 4145/505/1649 4138/498/1853 4136/496/1640 
f 4144/504/1647 4146/506/1650 4139/499/1643 4137/497/1641 
f 4147/507/1651 4140/500/1644 4138/498/1853 4145/505/1649 
f 4126/486/1631 4139/499/1643 4146/506/1650 4148/508/1652 
f 4140/500/1644 4147/507/1651 4149/509/1653 4128/488/1825 
f 4150/510/1654 4127/487/1630 4126/486/1631 4148/508/1652 
f 4151/511/1655 4129/489/1632 4128/488/1825 4149/509/1653 
f 4130/490/1634 4127/487/1630 4150/510/1654 4152/512/1656 
f 4131/491/1635 4129/489/1632 4151/511/1655 4153/513/1657 
f 4154/514/1658 4132/492/1636 4130/490/1634 4152/512/1656 
f 4155/515/1659 4133/493/1637 4131/491/1635 4153/513/1657 
f 4132/492/1636 4154/514/1658 4142/502/1854 4134/494/1638 
f 4135/495/1639 4133/493/1637 4155/515/1659 4143/503/1648 
f 4149/509/1653 4156/516/1661 4157/517/1660 4151/511/1655 
f 4152/512/1656 4150/510/1654 4158/518/1663 4159/519/1662 
f 4151/511/1655 4157/517/1660 4160/520/1664 4153/513/1657 
f 4154/514/1658 4152/512/1656 4159/519/1662 4161/521/1665 
f 4153/513/1657 4160/520/1664 4162/522/1666 4155/515/1659 
f 4154/514/1658 4161/521/1665 4163/523/1856 4142/502/1854 
f 4155/515/1659 4162/522/1666 4164/524/1668 4143/503/1648 
f 4141/501/1645 4074/434/1578 4165/525/1669 
f 4076/436/1580 4142/502/1854 4163/523/1856 
f 4143/503/1648 4164/524/1668 4166/526/1670 4144/504/1647 
f 4141/501/1645 4165/525/1669 4167/527/1857 4145/505/1649 
f 4146/506/1650 4144/504/1647 4166/526/1670 4168/528/1672 
f 4145/505/1649 4167/527/1857 4169/529/1673 4147/507/1651 
f 4148/508/1652 4146/506/1650 4168/528/1672 4170/530/1674 
f 4147/507/1651 4169/529/1673 4156/516/1661 4149/509/1653 
f 4150/510/1654 4148/508/1652 4170/530/1674 4158/518/1663 
f 4164/524/1668 4171/531/1152 4172/532/1675 4166/526/1670 
f 4173/534/1677 4167/527/1857 4165/525/1669 4174/533/1828 
f 4168/528/1672 4166/526/1670 4172/532/1675 4175/535/1678 
f 4176/536/1679 4169/529/1673 4167/527/1857 4173/534/1677 
f 4170/530/1674 4168/528/1672 4175/535/1678 4177/537/1680 
f 4169/529/1673 4176/536/1679 4178/538/1681 4156/516/1661 
f 4158/518/1663 4170/530/1674 4177/537/1680 4179/539/1829 
f 4156/516/1661 4178/538/1681 4180/540/1683 4157/517/1660 
f 4159/519/1662 4158/518/1663 4179/539/1829 4181/541/1684 
f 4157/517/1660 4180/540/1683 4182/542/1685 4160/520/1664 
f 4161/521/1665 4159/519/1662 4181/541/1684 4183/543/1686 
f 4160/520/1664 4182/542/1685 4184/544/1687 4162/522/1666 
f 4163/523/1856 4161/521/1665 4183/543/1686 4185/545/1688 
f 4162/522/1666 4184/544/1687 4171/531/1152 4164/524/1668 
f 4165/525/1669 4074/434/1578 4174/533/1828 
f 4076/436/1580 4163/523/1856 4185/545/1688 
f 4181/541/1684 4179/539/1829 4186/547/1689 4187/546/1690 
f 4180/540/1683 4188/549/1691 4189/548/1692 4182/542/1685 
f 4183/543/1686 4181/541/1684 4187/546/1690 4190/550/1693 
f 4182/542/1685 4189/548/1692 4191/551/1694 4184/544/1687 
f 4185/545/1688 4183/543/1686 4190/550/1693 4192/552/1695 
f 4184/544/1687 4191/551/1694 4193/553/1696 4171/531/1152 
f 4174/533/1828 4074/434/1578 4194/554/1697 
f 4076/436/1580 4185/545/1688 4192/552/1695 
f 4171/531/1152 4193/553/1696 4195/555/1698 4172/532/1675 
f 4196/556/1830 4173/534/1677 4174/533/1828 4194/554/1697 
f 4175/535/1678 4172/532/1675 4195/555/1698 4197/557/1700 
f 4198/558/1701 4176/536/1679 4173/534/1677 4196/556/1830 
f 4177/537/1680 4175/535/1678 4197/557/1700 4199/559/1702 
f 4176/536/1679 4198/558/1701 4200/560/1703 4178/538/1681 
f 4179/539/1829 4177/537/1680 4199/559/1702 4186/547/1689 
f 4178/538/1681 4200/560/1703 4188/549/1691 4180/540/1683 
f 4195/555/1698 4201/561/1705 4202/562/1704 4197/557/1700 
f 4203/563/1707 4198/558/1701 4196/556/1830 4204/564/1706 
f 4202/562/1704 4205/565/1708 4199/559/1702 4197/557/1700 
f 4206/566/1709 4200/560/1703 4198/558/1701 4203/563/1707 
f 4207/567/1710 4186/547/1689 4199/559/1702 4205/565/1708 
f 4208/568/1711 4188/549/1691 4200/560/1703 4206/566/1709 
f 4209/569/1712 4187/546/1690 4186/547/1689 4207/567/1710 
f 4210/570/1713 4189/548/1692 4188/549/1691 4208/568/1711 
f 4211/571/1714 4190/550/1693 4187/546/1690 4209/569/1712 
f 4212/572/1715 4191/551/1694 4189/548/1692 4210/570/1713 
f 4213/573/1858 4192/552/1695 4190/550/1693 4211/571/1714 
f 4214/574/1717 4193/553/1696 4191/551/1694 4212/572/1715 
f 4194/554/1697 4074/434/1578 4215/575/1718 
f 4076/436/1580 4192/552/1695 4213/573/1858 
f 4214/574/1717 4201/561/1705 4195/555/1698 4193/553/1696 
f 4204/564/1706 4196/556/1830 4194/554/1697 4215/575/1718 
f 4209/569/1712 4216/576/1831 4217/577/1720 4211/571/1714 
f 4212/572/1715 4210/570/1713 4218/579/1722 4219/578/1721 
f 4211/571/1714 4217/577/1720 4220/580/1883 4213/573/1858 
f 4214/574/1717 4212/572/1715 4219/578/1721 4221/581/1724 
f 4215/575/1718 4074/434/1578 4222/582/1725 
f 4076/436/1580 4213/573/1858 4220/580/1883 
f 4221/581/1724 4223/583/1726 4201/561/1705 4214/574/1717 
f 4215/575/1718 4222/582/1725 4224/584/1727 4204/564/1706 
f 4225/585/1728 4202/562/1704 4201/561/1705 4223/583/1726 
f 4203/563/1707 4204/564/1706 4224/584/1727 4226/586/1729 
f 4227/587/1730 4205/565/1708 4202/562/1704 4225/585/1728 
f 4206/566/1709 4203/563/1707 4226/586/1729 4228/588/1731 
f 4205/565/1708 4227/587/1730 4229/589/1732 4207/567/1710 
f 4208/568/1711 4206/566/1709 4228/588/1731 4230/590/1733 
f 4207/567/1710 4229/589/1732 4216/576/1831 4209/569/1712 
f 4210/570/1713 4208/568/1711 4230/590/1733 4218/579/1722 
f 4226/586/1729 4224/584/1727 4231/592/1734 4232/591/1735 
f 4225/585/1728 4233/594/1736 4234/593/1737 4227/587/1730 
f 4228/588/1731 4226/586/1729 4232/591/1735 4235/595/1738 
f 4227/587/1730 4234/593/1737 4236/596/1739 4229/589/1732 
f 4230/590/1733 4228/588/1731 4235/595/1738 4237/597/1740 
f 4229/589/1732 4236/596/1739 4238/598/1741 4216/576/1831 
f 4218/579/1722 4230/590/1733 4237/597/1740 4239/599/1742 
f 4216/576/1831 4238/598/1741 4240/600/1743 4217/577/1720 
f 4219/578/1721 4218/579/1722 4239/599/1742 4241/601/1744 
f 4217/577/1720 4240/600/1743 4242/602/1862 4220/580/1883 
f 4221/581/1724 4219/578/1721 4241/601/1744 4243/603/1746 
f 4222/582/1725 4074/434/1578 4244/604/1747 
f 4076/436/1580 4220/580/1883 4242/602/1862 
f 4223/583/1726 4221/581/1724 4243/603/1746 4245/605/1884 
f 4222/582/1725 4244/604/1747 4231/592/1734 4224/584/1727 
f 4223/583/1726 4245/605/1884 4233/594/1736 4225/585/1728 
f 4239/599/1742 4246/607/1750 4247/606/1749 4241/601/1744 
f 4242/602/1862 4240/600/1743 4248/608/1752 4249/609/1751 
f 4241/601/1744 4247/606/1749 4250/610/1753 4243/603/1746 
f 4244/604/1747 4074/434/1578 4251/611/1754 
f 4076/436/1580 4242/602/1862 4249/609/1751 
f 4243/603/1746 4250/610/1753 4252/612/1755 4245/605/1884 
f 4231/592/1734 4244/604/1747 4251/611/1754 4253/613/1756 
f 4245/605/1884 4252/612/1755 4254/614/1757 4233/594/1736 
f 4231/592/1734 4253/613/1756 4255/615/1758 4232/591/1735 
f 4234/593/1737 4233/594/1736 4254/614/1757 4256/616/1759 
f 4232/591/1735 4255/615/1758 4257/617/1760 4235/595/1738 
f 4236/596/1739 4234/593/1737 4256/616/1759 4258/618/1761 
f 4235/595/1738 4257/617/1760 4259/619/1762 4237/597/1740 
f 4238/598/1741 4236/596/1739 4258/618/1761 4260/620/1763 
f 4237/597/1740 4259/619/1762 4246/607/1750 4239/599/1742 
f 4240/600/1743 4238/598/1741 4260/620/1763 4248/608/1752 
f 4261/621/1765 4262/622/1764 4256/616/1759 4254/614/1757 
f 4263/624/1767 4264/623/1766 4257/617/1760 4255/615/1758 
f 4262/622/1764 4265/625/1768 4258/618/1761 4256/616/1759 
f 4266/626/1769 4259/619/1762 4257/617/1760 4264/623/1766 
f 4265/625/1768 4267/627/1770 4260/620/1763 4258/618/1761 
f 4268/628/1771 4246/607/1750 4259/619/1762 4266/626/1769 
f 4267/627/1770 4269/629/1772 4248/608/1752 4260/620/1763 
f 4270/630/1773 4247/606/1749 4246/607/1750 4268/628/1771 
f 4269/629/1772 4271/631/1774 4249/609/1751 4248/608/1752 
f 4247/606/1749 4270/630/1773 4272/632/1775 4250/610/1753 
f 4251/611/1754 4074/434/1578 4273/633/1776 
f 4076/436/1580 4249/609/1751 4271/631/1774 
f 4272/632/1775 4274/634/1876 4252/612/1755 4250/610/1753 
f 4273/633/1776 4275/635/1778 4253/613/1756 4251/611/1754 
f 4261/621/1765 4254/614/1757 4252/612/1755 4274/634/1876 
f 4275/635/1778 4263/624/1767 4255/615/1758 4253/613/1756 
f 4269/629/1772 4276/636/1780 4277/637/1834 4271/631/1774 
f 4272/632/1775 4270/630/1773 4278/638/1782 4279/639/1835 
f 4273/633/1776 4074/434/1578 4280/640/1836 
f 4076/436/1580 4271/631/1774 4277/637/1834 
f 4274/634/1876 4272/632/1775 4279/639/1835 4281/641/1784 
f 4273/633/1776 4280/640/1836 4282/642/1785 4275/635/1778 
f 4274/634/1876 4281/641/1784 4283/643/1786 4261/621/1765 
f 4263/624/1767 4275/635/1778 4282/642/1785 4284/644/1787 
f 4261/621/1765 4283/643/1786 4285/645/1788 4262/622/1764 
f 4264/623/1766 4263/624/1767 4284/644/1787 4286/646/1789 
f 4262/622/1764 4285/645/1788 4287/647/1790 4265/625/1768 
f 4266/626/1769 4264/623/1766 4286/646/1789 4288/648/1791 
f 4265/625/1768 4287/647/1790 4289/649/1792 4267/627/1770 
f 4268/628/1771 4266/626/1769 4288/648/1791 4290/650/1793 
f 4267/627/1770 4289/649/1792 4276/636/1780 4269/629/1772 
f 4270/630/1773 4268/628/1771 4290/650/1793 4278/638/1782 
f 4286/646/1789 4284/644/1787 4291/651/1795 4292/652/1794 
f 4285/645/1788 4293/654/1840 4294/653/1796 4287/647/1790 
f 4288/648/1791 4286/646/1789 4292/652/1794 4295/655/1798 
f 4287/647/1790 4294/653/1796 4296/656/1799 4289/649/1792 
f 4290/650/1793 4288/648/1791 4295/655/1798 4297/657/1800 
f 4289/649/1792 4296/656/1799 4298/658/1801 4276/636/1780 
f 4278/638/1782 4290/650/1793 4297/657/1800 4299/659/1802 
f 4276/636/1780 4298/658/1801 4300/660/1842 4277/637/1834 
f 4279/639/1835 4278/638/1782 4299/659/1802 4301/661/1843 
f 4280/640/1836 4074/434/1578 4302/662/1805 
f 4076/436/1580 4277/637/1834 4300/660/1842 
f 4281/641/1784 4279/639/1835 4301/661/1843 4303/663/1806 
f 4280/640/1836 4302/662/1805 4304/664/1807 4282/642/1785 
f 4281/641/1784 4303/663/1806 4305/665/1808 4283/643/1786 
f 4284/644/1787 4282/642/1785 4304/664/1807 4291/651/1795 
f 4283/643/1786 4305/665/1808 4293/654/1840 4285/645/1788 
f 4306/409/1556 4307/410/1553 4308/411/1554 4309/412/1555 
f 4310/414/1558 4311/415/1871 4312/416/1560 4313/413/1809 
f 4308/411/1554 4314/417/1562 4315/418/1810 4309/412/1555 
f 4316/420/1564 4317/419/1563 4310/414/1558 4313/413/1809 
f 4314/417/1562 4318/421/1565 4319/422/1813 4315/418/1810 
f 4320/424/1567 4321/423/1568 4317/419/1563 4316/420/1564 
f 4322/426/1570 4319/422/1813 4318/421/1565 4323/425/1569 
f 4324/428/1880 4325/427/1572 4321/423/1568 4320/424/1567 
f 4323/425/1569 4326/429/1573 4327/430/1574 4322/426/1570 
f 4328/431/1575 4329/432/1576 4325/427/1572 4324/428/1880 
f 4330/433/1577 4331/434/1578 4332/435/1816 
f 4333/436/1580 4327/430/1574 4326/429/1573 
f 4328/431/1575 4334/437/1581 4335/438/1848 4329/432/1576 
f 4332/435/1816 4336/439/1583 4337/440/1584 4330/433/1577 
f 4334/437/1581 4307/410/1553 4306/409/1556 4335/438/1848 
f 4336/439/1583 4312/416/1560 4311/415/1871 4337/440/1584 
f 4323/425/1569 4338/441/1585 4339/442/1586 4326/429/1573 
f 4340/443/1587 4341/444/1588 4328/431/1575 4324/428/1880 
f 4332/435/1816 4331/434/1578 4342/445/1818 
f 4333/436/1580 4326/429/1573 4339/442/1586 
f 4343/446/1590 4334/437/1581 4328/431/1575 4341/444/1588 
f 4344/447/1591 4336/439/1583 4332/435/1816 4342/445/1818 
f 4307/410/1553 4334/437/1581 4343/446/1590 4345/448/1885 
f 4312/416/1560 4336/439/1583 4344/447/1591 4346/449/1593 
f 4307/410/1553 4345/448/1885 4347/450/1594 4308/411/1554 
f 4348/451/1595 4313/413/1809 4312/416/1560 4346/449/1593 
f 4349/452/1596 4314/417/1562 4308/411/1554 4347/450/1594 
f 4316/420/1564 4313/413/1809 4348/451/1595 4350/453/1597 
f 4349/452/1596 4351/454/1598 4318/421/1565 4314/417/1562 
f 4352/455/1599 4320/424/1567 4316/420/1564 4350/453/1597 
f 4351/454/1598 4338/441/1585 4323/425/1569 4318/421/1565 
f 4324/428/1880 4320/424/1567 4352/455/1599 4340/443/1587 
f 4353/456/1600 4354/457/1601 4348/451/1595 4346/449/1593 
f 4347/450/1594 4355/459/1602 4356/458/1603 4349/452/1596 
f 4354/457/1601 4357/460/1604 4350/453/1597 4348/451/1595 
f 4356/458/1603 4358/461/1882 4351/454/1598 4349/452/1596 
f 4357/460/1604 4359/462/1606 4352/455/1599 4350/453/1597 
f 4360/463/1820 4338/441/1585 4351/454/1598 4358/461/1882 
f 4352/455/1599 4359/462/1606 4361/464/1821 4340/443/1587 
f 4360/463/1820 4362/465/1609 4339/442/1586 4338/441/1585 
f 4341/444/1588 4340/443/1587 4361/464/1821 4363/466/1610 
f 4342/445/1818 4331/434/1578 4364/467/1611 
f 4333/436/1580 4339/442/1586 4362/465/1609 
f 4341/444/1588 4363/466/1610 4365/468/1612 4343/446/1590 
f 4366/469/1613 4344/447/1591 4342/445/1818 4364/467/1611 
f 4365/468/1612 4367/470/1822 4345/448/1885 4343/446/1590 
f 4344/447/1591 4366/469/1613 4353/456/1600 4346/449/1593 
f 4367/470/1822 4355/459/1602 4347/450/1594 4345/448/1885 
f 4361/464/1821 4368/472/1615 4369/471/1616 4363/466/1610 
f 4364/467/1611 4331/434/1578 4370/473/1617 
f 4333/436/1580 4362/465/1609 4371/474/1618 
f 4369/471/1616 4372/475/1619 4365/468/1612 4363/466/1610 
f 4373/476/1620 4366/469/1613 4364/467/1611 4370/473/1617 
f 4367/470/1822 4365/468/1612 4372/475/1619 4374/477/1621 
f 4373/476/1620 4375/478/1622 4353/456/1600 4366/469/1613 
f 4374/477/1621 4376/479/1623 4355/459/1602 4367/470/1822 
f 4375/478/1622 4377/480/1624 4354/457/1601 4353/456/1600 
f 4355/459/1602 4376/479/1623 4378/481/1625 4356/458/1603 
f 4377/480/1624 4379/482/1626 4357/460/1604 4354/457/1601 
f 4378/481/1625 4380/483/1823 4358/461/1882 4356/458/1603 
f 4379/482/1626 4381/484/1824 4359/462/1606 4357/460/1604 
f 4358/461/1882 4380/483/1823 4382/485/1629 4360/463/1820 
f 4359/462/1606 4381/484/1824 4368/472/1615 4361/464/1821 
f 4362/465/1609 4360/463/1820 4382/485/1629 4371/474/1618 
f 4378/481/1625 4376/479/1623 4383/486/1631 4384/487/1630 
f 4379/482/1626 4377/480/1624 4385/488/1825 4386/489/1632 
f 4384/487/1630 4387/490/1634 4380/483/1823 4378/481/1625 
f 4388/491/1635 4381/484/1824 4379/482/1626 4386/489/1632 
f 4382/485/1629 4380/483/1823 4387/490/1634 4389/492/1636 
f 4388/491/1635 4390/493/1637 4368/472/1615 4381/484/1824 
f 4371/474/1618 4382/485/1629 4389/492/1636 4391/494/1638 
f 4368/472/1615 4390/493/1637 4392/495/1639 4369/471/1616 
f 4370/473/1617 4331/434/1578 4393/496/1640 
f 4333/436/1580 4371/474/1618 4391/494/1638 
f 4372/475/1619 4369/471/1616 4392/495/1639 4394/497/1641 
f 4393/496/1640 4395/498/1642 4373/476/1620 4370/473/1617 
f 4394/497/1641 4396/499/1643 4374/477/1621 4372/475/1619 
f 4395/498/1642 4397/500/1644 4375/478/1622 4373/476/1620 
f 4396/499/1643 4383/486/1631 4376/479/1623 4374/477/1621 
f 4377/480/1624 4375/478/1622 4397/500/1644 4385/488/1825 
f 4393/496/1640 4331/434/1578 4398/501/1645 
f 4333/436/1580 4391/494/1638 4399/502/1854 
f 4394/497/1641 4392/495/1639 4400/503/1648 4401/504/1647 
f 4398/501/1645 4402/505/1649 4395/498/1642 4393/496/1640 
f 4401/504/1647 4403/506/1650 4396/499/1643 4394/497/1641 
f 4404/507/1651 4397/500/1644 4395/498/1642 4402/505/1649 
f 4383/486/1631 4396/499/1643 4403/506/1650 4405/508/1652 
f 4397/500/1644 4404/507/1651 4406/509/1653 4385/488/1825 
f 4407/510/1654 4384/487/1630 4383/486/1631 4405/508/1652 
f 4408/511/1655 4386/489/1632 4385/488/1825 4406/509/1653 
f 4387/490/1634 4384/487/1630 4407/510/1654 4409/512/1875 
f 4388/491/1635 4386/489/1632 4408/511/1655 4410/513/1657 
f 4411/514/1658 4389/492/1636 4387/490/1634 4409/512/1875 
f 4412/515/1659 4390/493/1637 4388/491/1635 4410/513/1657 
f 4389/492/1636 4411/514/1658 4399/502/1854 4391/494/1638 
f 4392/495/1639 4390/493/1637 4412/515/1659 4400/503/1648 
f 4406/509/1653 4413/516/1661 4414/517/1660 4408/511/1655 
f 4409/512/1875 4407/510/1654 4415/518/1663 4416/519/1662 
f 4408/511/1655 4414/517/1660 4417/520/1664 4410/513/1657 
f 4411/514/1658 4409/512/1875 4416/519/1662 4418/521/1665 
f 4410/513/1657 4417/520/1664 4419/522/1666 4412/515/1659 
f 4411/514/1658 4418/521/1665 4420/523/1856 4399/502/1854 
f 4412/515/1659 4419/522/1666 4421/524/1668 4400/503/1648 
f 4398/501/1645 4331/434/1578 4422/525/1669 
f 4333/436/1580 4399/502/1854 4420/523/1856 
f 4400/503/1648 4421/524/1668 4423/526/1670 4401/504/1647 
f 4398/501/1645 4422/525/1669 4424/527/1857 4402/505/1649 
f 4403/506/1650 4401/504/1647 4423/526/1670 4425/528/1672 
f 4402/505/1649 4424/527/1857 4426/529/1673 4404/507/1651 
f 4405/508/1652 4403/506/1650 4425/528/1672 4427/530/1674 
f 4404/507/1651 4426/529/1673 4413/516/1661 4406/509/1653 
f 4407/510/1654 4405/508/1652 4427/530/1674 4415/518/1663 
f 4421/524/1668 4428/531/1152 4429/532/1675 4423/526/1670 
f 4430/534/1677 4424/527/1857 4422/525/1669 4431/533/1828 
f 4425/528/1672 4423/526/1670 4429/532/1675 4432/535/1678 
f 4433/536/1679 4426/529/1673 4424/527/1857 4430/534/1677 
f 4427/530/1674 4425/528/1672 4432/535/1678 4434/537/1680 
f 4426/529/1673 4433/536/1679 4435/538/1681 4413/516/1661 
f 4415/518/1663 4427/530/1674 4434/537/1680 4436/539/1829 
f 4413/516/1661 4435/538/1681 4437/540/1683 4414/517/1660 
f 4416/519/1662 4415/518/1663 4436/539/1829 4438/541/1684 
f 4414/517/1660 4437/540/1683 4439/542/1685 4417/520/1664 
f 4418/521/1665 4416/519/1662 4438/541/1684 4440/543/1686 
f 4417/520/1664 4439/542/1685 4441/544/1687 4419/522/1666 
f 4420/523/1856 4418/521/1665 4440/543/1686 4442/545/1688 
f 4419/522/1666 4441/544/1687 4428/531/1152 4421/524/1668 
f 4422/525/1669 4331/434/1578 4431/533/1828 
f 4333/436/1580 4420/523/1856 4442/545/1688 
f 4438/541/1684 4436/539/1829 4443/547/1689 4444/546/1690 
f 4437/540/1683 4445/549/1691 4446/548/1692 4439/542/1685 
f 4440/543/1686 4438/541/1684 4444/546/1690 4447/550/1693 
f 4439/542/1685 4446/548/1692 4448/551/1694 4441/544/1687 
f 4442/545/1688 4440/543/1686 4447/550/1693 4449/552/1695 
f 4441/544/1687 4448/551/1694 4450/553/1696 4428/531/1152 
f 4431/533/1828 4331/434/1578 4451/554/1697 
f 4333/436/1580 4442/545/1688 4449/552/1695 
f 4428/531/1152 4450/553/1696 4452/555/1698 4429/532/1675 
f 4453/556/1830 4430/534/1677 4431/533/1828 4451/554/1697 
f 4432/535/1678 4429/532/1675 4452/555/1698 4454/557/1700 
f 4455/558/1701 4433/536/1679 4430/534/1677 4453/556/1830 
f 4434/537/1680 4432/535/1678 4454/557/1700 4456/559/1702 
f 4433/536/1679 4455/558/1701 4457/560/1703 4435/538/1681 
f 4436/539/1829 4434/537/1680 4456/559/1702 4443/547/1689 
f 4435/538/1681 4457/560/1703 4445/549/1691 4437/540/1683 
f 4452/555/1698 4458/561/1705 4459/562/1704 4454/557/1700 
f 4460/563/1707 4455/558/1701 4453/556/1830 4461/564/1706 
f 4459/562/1704 4462/565/1708 4456/559/1702 4454/557/1700 
f 4463/566/1709 4457/560/1703 4455/558/1701 4460/563/1707 
f 4464/567/1710 4443/547/1689 4456/559/1702 4462/565/1708 
f 4465/568/1711 4445/549/1691 4457/560/1703 4463/566/1709 
f 4466/569/1712 4444/546/1690 4443/547/1689 4464/567/1710 
f 4467/570/1713 4446/548/1692 4445/549/1691 4465/568/1711 
f 4468/571/1714 4447/550/1693 4444/546/1690 4466/569/1712 
f 4469/572/1715 4448/551/1694 4446/548/1692 4467/570/1713 
f 4470/573/1858 4449/552/1695 4447/550/1693 4468/571/1714 
f 4471/574/1717 4450/553/1696 4448/551/1694 4469/572/1715 
f 4451/554/1697 4331/434/1578 4472/575/1718 
f 4333/436/1580 4449/552/1695 4470/573/1858 
f 4471/574/1717 4458/561/1705 4452/555/1698 4450/553/1696 
f 4461/564/1706 4453/556/1830 4451/554/1697 4472/575/1718 
f 4466/569/1712 4473/576/1831 4474/577/1720 4468/571/1714 
f 4469/572/1715 4467/570/1713 4475/579/1722 4476/578/1721 
f 4468/571/1714 4474/577/1720 4477/580/1859 4470/573/1858 
f 4471/574/1717 4469/572/1715 4476/578/1721 4478/581/1724 
f 4472/575/1718 4331/434/1578 4479/582/1725 
f 4333/436/1580 4470/573/1858 4477/580/1859 
f 4478/581/1724 4480/583/1726 4458/561/1705 4471/574/1717 
f 4472/575/1718 4479/582/1725 4481/584/1727 4461/564/1706 
f 4480/583/1726 4482/585/1728 4459/562/1704 4458/561/1705 
f 4460/563/1707 4461/564/1706 4481/584/1727 4483/586/1729 
f 4484/587/1730 4462/565/1708 4459/562/1704 4482/585/1728 
f 4463/566/1709 4460/563/1707 4483/586/1729 4485/588/1731 
f 4462/565/1708 4484/587/1730 4486/589/1732 4464/567/1710 
f 4465/568/1711 4463/566/1709 4485/588/1731 4487/590/1733 
f 4464/567/1710 4486/589/1732 4473/576/1831 4466/569/1712 
f 4467/570/1713 4465/568/1711 4487/590/1733 4475/579/1722 
f 4483/586/1729 4481/584/1727 4488/592/1734 4489/591/1735 
f 4482/585/1728 4490/594/1736 4491/593/1737 4484/587/1730 
f 4485/588/1731 4483/586/1729 4489/591/1735 4492/595/1738 
f 4484/587/1730 4491/593/1737 4493/596/1739 4486/589/1732 
f 4487/590/1733 4485/588/1731 4492/595/1738 4494/597/1740 
f 4486/589/1732 4493/596/1739 4495/598/1741 4473/576/1831 
f 4475/579/1722 4487/590/1733 4494/597/1740 4496/599/1742 
f 4473/576/1831 4495/598/1741 4497/600/1743 4474/577/1720 
f 4476/578/1721 4475/579/1722 4496/599/1742 4498/601/1744 
f 4474/577/1720 4497/600/1743 4499/602/1862 4477/580/1859 
f 4478/581/1724 4476/578/1721 4498/601/1744 4500/603/1746 
f 4479/582/1725 4331/434/1578 4501/604/1747 
f 4333/436/1580 4477/580/1859 4499/602/1862 
f 4480/583/1726 4478/581/1724 4500/603/1746 4502/605/1884 
f 4479/582/1725 4501/604/1747 4488/592/1734 4481/584/1727 
f 4480/583/1726 4502/605/1884 4490/594/1736 4482/585/1728 
f 4496/599/1742 4503/607/1750 4504/606/1749 4498/601/1744 
f 4499/602/1862 4497/600/1743 4505/608/1752 4506/609/1751 
f 4498/601/1744 4504/606/1749 4507/610/1753 4500/603/1746 
f 4501/604/1747 4331/434/1578 4508/611/1754 
f 4333/436/1580 4499/602/1862 4506/609/1751 
f 4500/603/1746 4507/610/1753 4509/612/1755 4502/605/1884 
f 4488/592/1734 4501/604/1747 4508/611/1754 4510/613/1756 
f 4502/605/1884 4509/612/1755 4511/614/1757 4490/594/1736 
f 4488/592/1734 4510/613/1756 4512/615/1758 4489/591/1735 
f 4491/593/1737 4490/594/1736 4511/614/1757 4513/616/1759 
f 4489/591/1735 4512/615/1758 4514/617/1760 4492/595/1738 
f 4493/596/1739 4491/593/1737 4513/616/1759 4515/618/1761 
f 4492/595/1738 4514/617/1760 4516/619/1762 4494/597/1740 
f 4495/598/1741 4493/596/1739 4515/618/1761 4517/620/1763 
f 4494/597/1740 4516/619/1762 4503/607/1750 4496/599/1742 
f 4497/600/1743 4495/598/1741 4517/620/1763 4505/608/1752 
f 4518/621/1832 4519/622/1764 4513/616/1759 4511/614/1757 
f 4520/624/1767 4521/623/1766 4514/617/1760 4512/615/1758 
f 4519/622/1764 4522/625/1768 4515/618/1761 4513/616/1759 
f 4523/626/1863 4516/619/1762 4514/617/1760 4521/623/1766 
f 4522/625/1768 4524/627/1864 4517/620/1763 4515/618/1761 
f 4525/628/1771 4503/607/1750 4516/619/1762 4523/626/1863 
f 4524/627/1864 4526/629/1886 4505/608/1752 4517/620/1763 
f 4527/630/1773 4504/606/1749 4503/607/1750 4525/628/1771 
f 4526/629/1886 4528/631/1774 4506/609/1751 4505/608/1752 
f 4504/606/1749 4527/630/1773 4529/632/1775 4507/610/1753 
f 4508/611/1754 4331/434/1578 4530/633/1776 
f 4333/436/1580 4506/609/1751 4528/631/1774 
f 4529/632/1775 4531/634/1777 4509/612/1755 4507/610/1753 
f 4530/633/1776 4532/635/1778 4510/613/1756 4508/611/1754 
f 4518/621/1832 4511/614/1757 4509/612/1755 4531/634/1777 
f 4532/635/1778 4520/624/1767 4512/615/1758 4510/613/1756 
f 4526/629/1886 4533/636/1780 4534/637/1834 4528/631/1774 
f 4529/632/1775 4527/630/1773 4535/638/1782 4536/639/1835 
f 4530/633/1776 4331/434/1578 4537/640/1836 
f 4333/436/1580 4528/631/1774 4534/637/1834 
f 4531/634/1777 4529/632/1775 4536/639/1835 4538/641/1784 
f 4530/633/1776 4537/640/1836 4539/642/1865 4532/635/1778 
f 4531/634/1777 4538/641/1784 4540/643/1786 4518/621/1832 
f 4520/624/1767 4532/635/1778 4539/642/1865 4541/644/1787 
f 4518/621/1832 4540/643/1786 4542/645/1788 4519/622/1764 
f 4521/623/1766 4520/624/1767 4541/644/1787 4543/646/1866 
f 4519/622/1764 4542/645/1788 4544/647/1790 4522/625/1768 
f 4523/626/1863 4521/623/1766 4543/646/1866 4545/648/1791 
f 4522/625/1768 4544/647/1790 4546/649/1792 4524/627/1864 
f 4525/628/1771 4523/626/1863 4545/648/1791 4547/650/1838 
f 4524/627/1864 4546/649/1792 4533/636/1780 4526/629/1886 
f 4527/630/1773 4525/628/1771 4547/650/1838 4535/638/1782 
f 4543/646/1866 4541/644/1787 4548/651/1795 4549/652/1839 
f 4542/645/1788 4550/654/1840 4551/653/1796 4544/647/1790 
f 4545/648/1791 4543/646/1866 4549/652/1839 4552/655/1798 
f 4544/647/1790 4551/653/1796 4553/656/1841 4546/649/1792 
f 4547/650/1838 4545/648/1791 4552/655/1798 4554/657/1800 
f 4546/649/1792 4553/656/1841 4555/658/1801 4533/636/1780 
f 4535/638/1782 4547/650/1838 4554/657/1800 4556/659/1802 
f 4533/636/1780 4555/658/1801 4557/660/1842 4534/637/1834 
f 4536/639/1835 4535/638/1782 4556/659/1802 4558/661/1843 
f 4537/640/1836 4331/434/1578 4559/662/1805 
f 4333/436/1580 4534/637/1834 4557/660/1842 
f 4538/641/1784 4536/639/1835 4558/661/1843 4560/663/1806 
f 4537/640/1836 4559/662/1805 4561/664/1807 4539/642/1865 
f 4538/641/1784 4560/663/1806 4562/665/1808 4540/643/1786 
f 4541/644/1787 4539/642/1865 4561/664/1807 4548/651/1795 
f 4540/643/1786 4562/665/1808 4550/654/1840 4542/645/1788 
f 4563/1015/1887 4564/1012/893 4565/1013/1888 4566/1014/1889 
f 4567/1016/1890 4568/1017/1891 4569/1018/1892 4566/1014/1889 
f 4570/1022/899 4571/1019/1893 4572/1020/1894 4573/1021/899 
f 4574/1025/1895 4575/1026/1896 4576/1023/1897 4577/1024/1898 
f 4578/1028/892 4579/1027/1899 4565/1013/1888 4564/1012/893 
f 4580/1029/1900 4581/1030/1901 4582/1031/1902 4583/1032/1903 
f 4584/1035/916 4585/1036/916 4586/1033/916 4587/1034/916 
f 4567/1016/1890 4566/1014/1889 4565/1013/1888 4588/1037/1904 
f 4587/1034/1905 4586/1033/1905 4589/1038/1906 4590/1039/1907 
f 4591/1042/879 4592/1043/880 4593/1040/1908 4594/1041/879 
f 4595/1045/1909 4594/1041/1909 4593/1040/1908 4596/1044/1910 
f 4572/1020/1894 4571/1019/1893 4597/1046/1911 4598/1047/1911 
f 4596/1044/1152 4599/1048/1152 4598/1047/916 4595/1045/916 
f 4600/1050/1912 4601/1051/1913 4585/1036/1913 4602/1049/1914 
f 4603/1054/1915 4584/1035/1916 4604/1052/1916 4605/1053/1917 
f 4604/1052/896 4606/1056/896 4607/1055/895 4605/1053/1917 
f 4608/1058/1918 4597/1046/1918 4571/1019/1919 4609/1057/1920 
f 4599/1048/1921 4610/1059/1922 4572/1020/1923 4598/1047/1923 
f 4611/1061/1924 4593/1040/1908 4592/1043/880 4612/1060/904 
f 4574/1025/1895 4577/1024/1898 4582/1031/1902 4581/1030/1901 
f 4613/1064/912 4614/1065/911 4615/1062/1925 4616/1063/1926 
f 4580/1029/1900 4583/1032/1903 4617/1067/1927 4618/1066/1928 
f 4619/1069/1929 4610/1059/1922 4599/1048/1921 4620/1068/1930 
f 4609/1057/1920 4571/1019/1919 4570/1022/467 4621/1070/467 
f 4584/1035/1931 4587/1034/1931 4590/1039/1932 4604/1052/1933 
f 4588/1037/1904 4565/1013/1888 4579/1027/1899 4622/1071/1934 
f 4609/1057/1935 4594/1041/1936 4595/1045/1937 4608/1058/1937 
f 4601/1051/1938 4589/1038/1939 4586/1033/1940 4585/1036/1940 
f 4623/1074/1941 4624/1075/1942 4625/1072/1943 4626/1073/1944 
f 4575/1026/1896 4574/1025/1895 4627/1077/798 4628/1076/906 
f 4629/1078/1945 4603/1054/1915 4605/1053/1917 4630/1079/1946 
f 4567/1016/1947 4577/1024/1947 4576/1023/1948 4568/1017/1948 
f 4631/1080/1949 4596/1044/1910 4593/1040/1908 4611/1061/1924 
f 4602/1049/1914 4632/1082/1950 4633/1081/1951 4600/1050/1912 
f 4575/1026/1896 4619/1069/1952 4620/1068/1953 4576/1023/1897 
f 4625/1072/1943 4624/1075/1942 4634/1084/1954 4635/1083/1955 
f 4630/1079/1956 4569/1018/1892 4568/1017/1891 4629/1078/1905 
f 4615/1062/1925 4636/1085/1957 4637/1086/1958 4616/1063/1926 
f 4600/1050/1912 4638/1088/821 4639/1087/1959 4601/1051/1959 
f 4617/1067/1960 4640/1089/1960 4641/1090/1961 4618/1066/1961 
f 4568/1017/1948 4576/1023/1948 4620/1068/1152 4629/1078/916 
f 4626/1073/1944 4631/1080/1962 4611/1061/1963 4623/1074/1941 
f 4629/1078/916 4632/1082/916 4602/1049/916 4603/1054/916 
f 4632/1082/1964 4642/1091/1965 4643/1092/1966 4633/1081/1967 
f 4636/1085/1957 4615/1062/1925 4643/1092/1966 4642/1091/1965 
f 4626/1073/1968 4642/1091/1968 4632/1082/916 4631/1080/1152 
f 4588/1037/1969 4582/1031/1969 4577/1024/1947 4567/1016/1947 
f 4582/1031/1969 4588/1037/1969 4622/1071/1970 4583/1032/1970 
f 4644/1094/1971 4581/1030/1901 4580/1029/1900 4645/1093/1972 
f 4644/1094/1971 4627/1077/798 4574/1025/1895 4581/1030/1901 
f 4598/1047/916 4597/1046/916 4608/1058/916 4595/1045/916 
f 4619/1069/1929 4646/1095/1973 4647/1096/831 4610/1059/1922 
f 4572/1020/832 4610/1059/1922 4647/1096/831 4573/1021/832 
f 4631/1080/1152 4632/1082/916 4629/1078/916 4620/1068/1152 
f 4634/1084/1974 4616/1063/1974 4637/1086/1975 4635/1083/1975 
f 4606/1056/804 4604/1052/1933 4590/1039/1932 4648/1097/804 
f 4649/1098/436 4648/1097/436 4590/1039/1907 4589/1038/1906 
f 4585/1036/916 4584/1035/916 4603/1054/916 4602/1049/916 
f 4594/1041/1936 4609/1057/1935 4621/1070/1976 4591/1042/1976 
f 4601/1051/1938 4639/1087/900 4649/1098/900 4589/1038/1939 
f 4618/1066/483 4641/1090/483 4650/1099/483 4651/1100/483 
f 4611/1061/1963 4612/1060/467 4652/1101/910 4623/1074/1941 
f 4640/1089/1960 4617/1067/1960 4583/1032/1970 4622/1071/1970 
f 4645/1093/1972 4580/1029/1900 4618/1066/1928 4651/1100/908 
f 4638/1088/821 4600/1050/1912 4633/1081/1951 4653/1102/839 
f 4625/1072/1977 4636/1085/1977 4642/1091/1968 4626/1073/1968 
f 4566/1014/1889 4569/1018/1892 4654/1103/1978 4563/1015/1887 
f 4655/1104/894 4630/1079/1946 4605/1053/1917 4607/1055/895 
f 4650/1099/903 4641/1090/1979 4579/1027/1899 4578/1028/892 
f 4620/1068/1152 4599/1048/1152 4596/1044/1152 4631/1080/1152 
f 4643/1092/1966 4656/1105/902 4653/1102/789 4633/1081/1967 
f 4652/1101/910 4657/1106/844 4624/1075/1942 4623/1074/1941 
f 4634/1084/1954 4624/1075/1942 4657/1106/844 4658/1107/843 
f 4637/1086/1980 4636/1085/1977 4625/1072/1977 4635/1083/1980 
f 4634/1084/1974 4658/1107/483 4613/1064/483 4616/1063/1974 
f 4575/1026/1896 4628/1076/906 4646/1095/920 4619/1069/1952 
f 4654/1103/1978 4569/1018/1892 4630/1079/1956 4655/1104/789 
f 4643/1092/1966 4615/1062/1925 4614/1065/911 4656/1105/902 
f 4579/1027/1899 4641/1090/1979 4640/1089/1981 4622/1071/1934 
f 4659/1083/1980 4660/1086/1980 4661/1085/1977 4662/1072/1977 
f 4663/1084/1954 4664/1075/1942 4665/1106/844 4666/1107/843 
f 4667/1073/1968 4668/1091/1968 4669/1082/916 4670/1080/916 
f 4671/1102/789 4672/1081/1967 4673/1092/1966 4674/1105/902 
f 4675/1078/916 4669/1082/916 4676/1049/916 4677/1054/916 
f 4664/1075/1942 4678/1074/1941 4679/1101/910 4665/1106/844 
f 4662/1072/1977 4661/1085/1977 4668/1091/1968 4667/1073/1968 
f 4672/1081/1951 4671/1102/839 4680/1088/821 4681/1050/1912 
f 4682/1018/1892 4683/1103/1978 4684/1015/1887 4685/1014/1889 
f 4686/1048/916 4687/1044/916 4670/1080/916 4688/1068/916 
f 4681/1050/1912 4680/1088/821 4689/1087/1959 4690/1051/1959 
f 4691/1104/894 4692/1079/1946 4693/1053/1917 4694/1055/895 
f 4695/1017/1948 4696/1023/1948 4688/1068/916 4675/1078/916 
f 4697/1027/1899 4698/1028/892 4699/1099/903 4700/1090/1979 
f 4701/1093/1972 4702/1029/1900 4703/1066/1928 4704/1100/908 
f 4705/1089/1982 4706/1067/1982 4707/1032/1970 4708/1071/1970 
f 4709/1076/906 4710/1026/1896 4711/1025/1895 4712/1077/798 
f 4703/1066/483 4700/1090/483 4699/1099/483 4704/1100/483 
f 4713/1016/1947 4714/1024/1947 4696/1023/1948 4695/1017/1948 
f 4715/1061/1963 4716/1060/467 4679/1101/910 4678/1074/1941 
f 4717/1063/1974 4663/1084/1974 4666/1107/483 4718/1064/483 
f 4673/1092/1966 4719/1062/1925 4720/1065/911 4674/1105/902 
f 4721/1052/896 4722/1056/896 4694/1055/895 4693/1053/1917 
f 4688/1068/916 4670/1080/916 4669/1082/916 4675/1078/916 
f 4723/1095/920 4724/1069/1952 4710/1026/1896 4709/1076/906 
f 4716/1060/904 4715/1061/1924 4725/1040/1908 4726/1043/880 
f 4692/1079/1956 4691/1104/789 4683/1103/1978 4682/1018/1892 
f 4724/1069/1929 4723/1095/1973 4727/1096/831 4728/1059/1922 
f 4729/1057/1935 4730/1070/1976 4731/1042/1976 4732/1041/1936 
f 4733/1045/1152 4687/1044/916 4686/1048/916 4734/1047/1152 
f 4735/1020/832 4728/1059/1922 4727/1096/831 4736/1021/832 
f 4737/1035/916 4677/1054/916 4676/1049/916 4738/1036/916 
f 4732/1041/879 4731/1042/879 4726/1043/880 4725/1040/1908 
f 4739/1098/900 4740/1038/1939 4690/1051/1938 4689/1087/900 
f 4730/1070/467 4729/1057/1920 4741/1019/1919 4742/1022/467 
f 4697/1027/1899 4743/1013/1888 4744/1012/893 4698/1028/892 
f 4740/1038/1906 4739/1098/436 4745/1097/436 4746/1039/1907 
f 4745/1097/804 4722/1056/804 4721/1052/1933 4746/1039/1932 
f 4733/1045/1152 4734/1047/1152 4747/1046/1152 4748/1058/1152 
f 4742/1022/899 4741/1019/1893 4735/1020/1894 4736/1021/899 
f 4737/1035/916 4738/1036/916 4749/1033/916 4750/1034/916 
f 4711/1025/1895 4751/1030/1901 4752/1094/1971 4712/1077/798 
f 4708/1071/1970 4707/1032/1970 4753/1031/1969 4754/1037/1969 
f 4702/1029/1900 4701/1093/1972 4752/1094/1971 4751/1030/1901 
f 4685/1014/1889 4684/1015/1887 4744/1012/893 4743/1013/1888 
f 4753/1031/1969 4714/1024/1947 4713/1016/1947 4754/1037/1969 
f 4663/1084/1974 4717/1063/1974 4660/1086/1975 4659/1083/1975 
f 4668/1091/1965 4661/1085/1957 4719/1062/1925 4673/1092/1966 
f 4659/1083/1955 4662/1072/1943 4664/1075/1942 4663/1084/1954 
f 4668/1091/1965 4673/1092/1966 4672/1081/1967 4669/1082/1964 
f 4715/1061/1963 4678/1074/1941 4667/1073/1944 4670/1080/1962 
f 4688/1068/1953 4696/1023/1897 4710/1026/1896 4724/1069/1952 
f 4695/1017/1891 4675/1078/1905 4692/1079/1956 4682/1018/1892 
f 4700/1090/1961 4703/1066/1961 4706/1067/1982 4705/1089/1982 
f 4661/1085/1957 4660/1086/1958 4717/1063/1926 4719/1062/1925 
f 4678/1074/1941 4664/1075/1942 4662/1072/1943 4667/1073/1944 
f 4672/1081/1951 4681/1050/1912 4676/1049/1914 4669/1082/1950 
f 4677/1054/1915 4693/1053/1917 4692/1079/1946 4675/1078/1983 
f 4688/1068/1930 4724/1069/1929 4728/1059/1922 4686/1048/1921 
f 4725/1040/1908 4715/1061/1924 4670/1080/1949 4687/1044/1910 
f 4733/1045/1909 4732/1041/1909 4725/1040/1908 4687/1044/1910 
f 4738/1036/1913 4676/1049/1914 4681/1050/1912 4690/1051/1913 
f 4693/1053/1917 4677/1054/1915 4737/1035/1916 4721/1052/1916 
f 4734/1047/1923 4686/1048/1921 4728/1059/1922 4735/1020/1923 
f 4749/1033/1905 4740/1038/1906 4746/1039/1907 4750/1034/1905 
f 4741/1019/1919 4729/1057/1920 4748/1058/1918 4747/1046/1918 
f 4735/1020/1894 4741/1019/1893 4747/1046/1911 4734/1047/1911 
f 4733/1045/1937 4748/1058/1937 4729/1057/1935 4732/1041/1936 
f 4740/1038/1939 4749/1033/1940 4738/1036/1940 4690/1051/1938 
f 4737/1035/1931 4750/1034/1931 4746/1039/1932 4721/1052/1933 
f 4754/1037/1904 4713/1016/1890 4685/1014/1889 4743/1013/1888 
f 4754/1037/1904 4743/1013/1888 4697/1027/1899 4708/1071/1934 
f 4751/1030/1901 4711/1025/1895 4714/1024/1898 4753/1031/1902 
f 4707/1032/1903 4702/1029/1900 4751/1030/1901 4753/1031/1902 
f 4702/1029/1900 4707/1032/1903 4706/1067/1927 4703/1066/1928 
f 4711/1025/1895 4710/1026/1896 4696/1023/1897 4714/1024/1898 
f 4713/1016/1890 4695/1017/1891 4682/1018/1892 4685/1014/1889 
f 4708/1071/1934 4697/1027/1899 4700/1090/1979 4705/1089/1981 
f 4718/1064/912 4720/1065/911 4719/1062/1925 4717/1063/1926 
f 4755/669/496 4756/666/1984 4757/667/1985 4758/668/436 
f 4759/672/1986 4760/673/493 4761/670/494 4762/671/1987 
f 4763/674/1988 4764/675/491 4760/673/493 4759/672/1986 
f 4764/675/491 4763/674/1988 4765/676/1989 4766/677/489 
f 4767/678/1990 4768/679/487 4766/677/489 4765/676/1989 
f 4768/679/487 4767/678/1990 4769/680/1991 4770/681/485 
f 4771/682/1992 4772/683/483 4770/681/485 4769/680/1991 
f 4772/683/483 4771/682/1992 4773/684/1993 4774/685/481 
f 4775/687/479 4774/685/481 4773/684/1993 4776/686/1994 
f 4777/688/1995 4778/689/477 4775/687/479 4776/686/1994 
f 4777/688/1995 4779/690/1996 4780/691/475 4778/689/477 
f 4780/691/475 4779/690/1996 4781/692/1997 4782/693/473 
f 4783/694/1998 4784/695/471 4782/693/473 4781/692/1997 
f 4784/695/471 4783/694/1998 4785/696/1999 4786/697/469 
f 4787/698/2000 4788/699/467 4786/697/469 4785/696/1999 
f 4788/699/467 4787/698/2000 4789/700/2001 4790/701/465 
f 4790/701/465 4789/700/2001 4791/702/2002 4792/703/463 
f 4793/704/2003 4794/705/461 4792/703/463 4791/702/2002 
f 4795/706/2004 4796/707/459 4794/705/461 4793/704/2003 
f 4797/708/2005 4798/709/457 4796/707/459 4795/706/2004 
f 4798/709/457 4797/708/2005 4799/710/2006 4800/711/455 
f 4801/712/2007 4802/713/453 4800/711/455 4799/710/2006 
f 4803/714/2008 4804/715/451 4802/713/453 4801/712/2007 
f 4804/715/451 4803/714/2008 4805/716/2009 4806/717/449 
f 4807/719/447 4806/717/449 4805/716/2009 4808/718/2010 
f 4808/718/2010 4809/720/2011 4810/721/445 4807/719/447 
f 4810/721/445 4809/720/2011 4811/722/2012 4812/723/443 
f 4812/723/443 4811/722/2012 4813/724/2013 4814/725/441 
f 4814/725/441 4813/724/2013 4815/727/2014 4816/726/438 
f 4815/727/2014 4756/666/1984 4755/669/496 4816/726/438 
f 4762/671/1987 4761/670/494 4817/728/437 4818/729/2015 
f 4819/731/2016 4820/732/2017 4821/733/2018 4822/738/2019 
f 4822/738/2019 4823/734/2020 4824/735/2021 4819/731/2016 
f 4824/735/2021 4825/736/2022 4826/737/2023 4819/731/2016 
f 4826/737/2023 4827/740/2024 4828/741/2025 4819/731/2016 
f 4828/741/2025 4829/742/2026 4830/743/2027 4819/731/2016 
f 4830/743/2027 4831/739/2028 4832/744/2029 4819/731/2016 
f 4832/744/2029 4833/745/2030 4834/746/2031 4819/731/2016 
f 4819/731/2016 4834/746/2031 4835/747/2032 4836/748/2033 
f 4819/731/2016 4836/748/2033 4837/749/2034 4838/751/2035 
f 4838/751/2035 4839/750/2036 4840/752/2037 4819/731/2016 
f 4841/730/2038 4819/731/2016 4840/752/2037 4842/753/2039 
f 4841/730/2038 4842/753/2039 4843/754/2040 4844/755/2041 
f 4841/730/2038 4844/755/2041 4845/757/2042 4846/758/2043 
f 4846/758/2043 4847/756/2044 4848/759/2045 4841/730/2038 
f 4841/730/2038 4848/759/2045 4849/760/2046 4850/761/2047 
f 4757/667/1985 4851/762/2048 4852/763/2049 4818/729/2015 
f 4841/730/2038 4852/763/2050 4851/762/2051 4819/731/2016 
f 4762/671/1987 4818/729/2015 4852/763/2049 4853/764/2052 
f 4853/764/2053 4852/763/2050 4841/730/2038 4850/761/2047 
f 4854/765/2054 4759/672/1986 4762/671/1987 4853/764/2052 
f 4854/765/2055 4853/764/2053 4850/761/2047 4849/760/2046 
f 4854/765/2054 4855/766/2056 4763/674/1988 4759/672/1986 
f 4855/766/2057 4854/765/2055 4849/760/2046 4848/759/2045 
f 4855/766/2056 4856/767/2058 4765/676/1989 4763/674/1988 
f 4856/767/2059 4855/766/2057 4848/759/2045 4847/756/2044 
f 4765/676/1989 4856/767/2058 4857/768/2060 4767/678/1990 
f 4847/756/2044 4846/758/2043 4857/768/2061 4856/767/2059 
f 4857/768/2060 4858/769/2062 4769/680/1991 4767/678/1990 
f 4846/758/2043 4845/757/2042 4858/769/2063 4857/768/2061 
f 4769/680/1991 4858/769/2062 4859/770/2064 4771/682/1992 
f 4859/770/2065 4858/769/2063 4845/757/2042 4844/755/2041 
f 4859/770/2064 4860/771/2066 4773/684/1993 4771/682/1992 
f 4844/755/2041 4843/754/2040 4860/771/2067 4859/770/2065 
f 4860/771/2066 4861/772/2068 4776/686/1994 4773/684/1993 
f 4861/772/2069 4860/771/2067 4843/754/2040 4842/753/2039 
f 4776/686/1994 4861/772/2068 4862/773/2070 4777/688/1995 
f 4842/753/2039 4840/752/2037 4862/773/2071 4861/772/2069 
f 4779/690/1996 4777/688/1995 4862/773/2070 4863/774/2072 
f 4839/750/2036 4863/774/2073 4862/773/2071 4840/752/2037 
f 4863/774/2072 4864/775/2074 4781/692/1997 4779/690/1996 
f 4864/775/2075 4863/774/2073 4839/750/2036 4838/751/2035 
f 4783/694/1998 4781/692/1997 4864/775/2074 4865/776/2076 
f 4837/749/2034 4865/776/2077 4864/775/2075 4838/751/2035 
f 4783/694/1998 4865/776/2076 4866/777/2078 4785/696/1999 
f 4837/749/2034 4836/748/2033 4866/777/2079 4865/776/2077 
f 4867/778/2080 4787/698/2000 4785/696/1999 4866/777/2078 
f 4866/777/2079 4836/748/2033 4835/747/2032 4867/778/2081 
f 4868/779/2082 4789/700/2001 4787/698/2000 4867/778/2080 
f 4834/746/2031 4868/779/2083 4867/778/2081 4835/747/2032 
f 4869/780/2084 4791/702/2002 4789/700/2001 4868/779/2082 
f 4834/746/2031 4833/745/2030 4869/780/2085 4868/779/2083 
f 4869/780/2084 4870/781/2086 4793/704/2003 4791/702/2002 
f 4833/745/2030 4832/744/2029 4870/781/2087 4869/780/2085 
f 4870/781/2086 4871/782/2088 4795/706/2004 4793/704/2003 
f 4831/739/2028 4871/782/2089 4870/781/2087 4832/744/2029 
f 4797/708/2005 4795/706/2004 4871/782/2088 4872/783/2090 
f 4831/739/2028 4830/743/2027 4872/783/2091 4871/782/2089 
f 4872/783/2090 4873/784/2092 4799/710/2006 4797/708/2005 
f 4873/784/2093 4872/783/2091 4830/743/2027 4829/742/2026 
f 4799/710/2006 4873/784/2092 4874/785/2094 4801/712/2007 
f 4829/742/2026 4828/741/2025 4874/785/2095 4873/784/2093 
f 4874/785/2094 4875/786/2096 4803/714/2008 4801/712/2007 
f 4875/786/2097 4874/785/2095 4828/741/2025 4827/740/2024 
f 4875/786/2096 4876/787/2098 4805/716/2009 4803/714/2008 
f 4826/737/2023 4876/787/2099 4875/786/2097 4827/740/2024 
f 4805/716/2009 4876/787/2098 4877/788/2100 4808/718/2010 
f 4877/788/2101 4876/787/2099 4826/737/2023 4825/736/2022 
f 4809/720/2011 4808/718/2010 4877/788/2100 4878/789/2102 
f 4878/789/2103 4877/788/2101 4825/736/2022 4824/735/2021 
f 4811/722/2012 4809/720/2011 4878/789/2102 4879/790/2104 
f 4878/789/2103 4824/735/2021 4823/734/2020 4879/790/2105 
f 4879/790/2104 4880/791/2106 4813/724/2013 4811/722/2012 
f 4823/734/2020 4822/738/2019 4880/791/2107 4879/790/2105 
f 4881/792/2108 4815/727/2014 4813/724/2013 4880/791/2106 
f 4881/792/2109 4880/791/2107 4822/738/2019 4821/733/2018 
f 4756/666/1984 4815/727/2014 4881/792/2108 4882/793/2110 
f 4882/793/2111 4881/792/2109 4821/733/2018 4820/732/2017 
f 4882/793/2110 4851/762/2048 4757/667/1985 4756/666/1984 
f 4819/731/2016 4851/762/2051 4882/793/2111 4820/732/2017 
f 4818/729/2015 4817/728/437 4758/668/436 4757/667/1985 
f 4883/795/2112 4884/796/2113 4885/797/453 4886/794/455 
f 4887/800/449 4888/801/2114 4889/798/2115 4890/799/447 
f 4891/802/2116 4892/803/2117 4893/804/465 4894/805/469 
f 4895/806/2118 4896/807/485 4897/808/487 4898/809/2119 
f 4899/810/2120 4900/811/496 4890/799/438 4889/798/2121 
f 4888/801/2114 4887/800/449 4885/797/453 4884/796/2113 
f 4899/810/2120 4901/812/2122 4902/813/437 4900/811/496 
f 4891/802/2116 4894/805/469 4903/814/471 4904/815/2123 
f 4905/817/2124 4904/815/2125 4903/814/479 4906/816/481 
f 4906/816/481 4896/807/485 4895/806/2118 4905/817/2124 
f 4898/809/2126 4897/808/494 4902/813/437 4901/812/2122 
f 4883/795/2127 4886/794/463 4893/804/465 4892/803/2117 
f 4892/803/2117 4907/818/2128 4908/819/2129 4883/795/2127 
f 4909/820/2130 4884/796/2113 4883/795/2112 4908/819/2131 
f 4910/822/2132 4899/810/2120 4889/798/2121 4911/821/2133 
f 4911/821/2134 4889/798/2115 4888/801/2114 4912/823/2135 
f 4891/802/2116 4904/815/2123 4913/825/2136 4914/824/2137 
f 4904/815/2125 4905/817/2124 4915/826/2138 4913/825/2139 
f 4901/812/2122 4916/827/2140 4917/828/2141 4898/809/2126 
f 4917/828/2142 4918/829/2143 4895/806/2118 4898/809/2119 
f 4914/824/2137 4907/818/2128 4892/803/2117 4891/802/2116 
f 4884/796/2113 4909/820/2130 4912/823/2135 4888/801/2114 
f 4915/826/2138 4905/817/2124 4895/806/2118 4918/829/2143 
f 4899/810/2120 4910/822/2132 4916/827/2140 4901/812/2122 
f 4914/824/916 4913/825/916 4915/826/916 4917/828/916 
f 4915/826/916 4918/829/916 4917/828/916 
f 4914/824/916 4917/828/916 4916/827/916 4911/821/916 
f 4916/827/916 4910/822/916 4911/821/916 
f 4914/824/916 4911/821/916 4912/823/916 4909/820/916 
f 4914/824/916 4909/820/916 4908/819/916 4907/818/916 
# 3968 polygons - 392 triangles

