# 3ds Max Wavefront OBJ Exporter v0.99 - (c)2007 guruware
# File Created: 26.04.2025 20:30:01

mtllib puerta_dos.mtl

#
# object Cube_000
#

v  306.0425 1076.3258 -73.4742
v  313.5800 1078.5071 -73.4742
v  322.8532 673.6848 -73.4742
v  315.0137 672.6761 -73.4742
v  325.3008 152.9701 -73.4742
v  317.3231 153.0162 -73.4742
v  311.3423 153.0520 -71.4772
v  309.1302 671.9183 -71.4772
v  300.3844 1074.6873 -71.4772
v  151.6131 1373.7812 54.1596
v  154.9056 1380.8424 54.1596
v  92.5327 1401.1094 54.1596
v  90.8429 1393.5054 54.1596
v  26.4065 1408.0835 54.1596
v  26.4065 1400.2953 54.1596
v  26.4065 1394.4528 52.1626
v  89.5833 1387.8063 52.1626
v  149.1451 1368.4866 52.1626
v  177.9530 1430.2656 54.1596
v  181.2455 1437.3268 54.1596
v  106.0150 1461.9359 54.1596
v  104.3304 1454.3319 54.1596
v  26.4065 1470.4053 54.1596
v  26.4065 1462.6169 54.1596
v  26.4065 1454.8235 54.1596
v  102.6457 1446.7280 54.1596
v  174.6606 1423.2045 54.1596
v  366.3570 1093.7919 -73.4742
v  373.8995 1095.9783 -73.4742
v  385.5845 681.7598 -73.4742
v  377.7399 680.7511 -73.4742
v  389.1177 152.6065 -73.4742
v  381.1399 152.6475 -73.4742
v  373.1622 152.6936 -73.4742
v  369.9004 679.7424 -73.4742
v  358.8196 1091.6105 -73.4742
v  89.1583 1385.9015 -25.6128
v  148.3206 1366.7252 -25.6128
v  148.3206 1366.7252 -17.6350
v  89.1583 1385.9015 -17.6350
v  148.3206 1366.7252 -9.6573
v  89.1583 1385.9015 -9.6573
v  26.4065 1392.5018 -9.6573
v  26.4065 1392.5018 -17.6350
v  26.4065 1392.5018 -25.6128
v  89.1583 1385.9015 38.2041
v  148.3206 1366.7252 38.2041
v  148.3206 1366.7252 46.1819
v  89.1583 1385.9015 46.1819
v  26.4065 1392.5018 46.1819
v  26.4065 1392.5018 38.2041
v  432.6266 687.8123 -25.6128
v  419.1393 1109.0765 -25.6128
v  419.1393 1109.0765 -17.6350
v  432.6266 687.8123 -17.6350
v  419.1393 1109.0765 -9.6573
v  432.6266 687.8123 -9.6573
v  436.9791 152.3300 -9.6573
v  436.9791 152.3300 -17.6350
v  436.9791 152.3300 -25.6128
v  432.6266 687.8123 -57.5187
v  419.1393 1109.0765 -57.5187
v  419.1393 1109.0765 -49.5409
v  432.6266 687.8123 -49.5409
v  419.1393 1109.0765 -41.5632
v  432.6266 687.8123 -41.5632
v  436.9791 152.3300 -41.5632
v  436.9791 152.3300 -49.5409
v  436.9791 152.3300 -57.5187
v  276.1490 1434.4387 -57.5187
v  200.9953 1479.6887 -57.5187
v  200.9953 1479.6887 -49.5409
v  276.1490 1434.4387 -49.5409
v  200.9953 1479.6887 -41.5632
v  276.1490 1434.4387 -41.5632
v  339.1057 1374.3292 -41.5632
v  339.1057 1374.3292 -49.5409
v  339.1057 1374.3292 -57.5187
v  276.1490 1434.4387 -25.6128
v  200.9953 1479.6887 -25.6128
v  200.9953 1479.6887 -17.6350
v  276.1490 1434.4387 -17.6350
v  200.9953 1479.6887 -9.6573
v  276.1490 1434.4387 -9.6573
v  339.1057 1374.3292 -9.6573
v  339.1057 1374.3292 -17.6350
v  339.1057 1374.3292 -25.6128
v  89.1583 1385.9015 6.2982
v  148.3206 1366.7252 6.2982
v  148.3206 1366.7252 14.2709
v  89.1583 1385.9015 14.2709
v  148.3206 1366.7252 22.2486
v  89.1583 1385.9015 22.2486
v  26.4065 1392.5018 22.2486
v  26.4065 1392.5018 14.2709
v  26.4065 1392.5018 6.2982
v  276.8352 1244.3604 6.2982
v  298.5001 1074.1393 6.2982
v  298.5001 1074.1393 14.2760
v  276.8352 1244.3604 14.2760
v  298.5001 1074.1393 22.2486
v  276.8352 1244.3604 22.2486
v  243.6236 1294.2137 22.2486
v  243.6236 1294.2137 14.2709
v  243.6236 1294.2137 6.2982
v  276.8352 1244.3604 38.2041
v  298.5001 1074.1393 38.2041
v  298.5001 1074.1393 46.1819
v  276.8352 1244.3604 46.1819
v  300.3844 1074.6873 52.1626
v  278.5659 1245.2616 52.1626
v  245.1136 1295.4630 52.1626
v  243.6236 1294.2137 46.1819
v  243.6236 1294.2137 38.2041
v  89.1583 1385.9015 -57.5187
v  148.3206 1366.7252 -57.5187
v  148.3206 1366.7252 -49.5409
v  89.1583 1385.9015 -49.5409
v  148.3206 1366.7252 -41.5632
v  89.1583 1385.9015 -41.5632
v  26.4065 1392.5018 -41.5632
v  26.4065 1392.5018 -49.5409
v  26.4065 1392.5018 -57.5187
v  276.8352 1244.3604 -57.5187
v  298.5001 1074.1393 -57.5187
v  298.5001 1074.1393 -49.5409
v  276.8352 1244.3604 -49.5409
v  298.5001 1074.1393 -41.5632
v  276.8352 1244.3604 -41.5632
v  243.6236 1294.2137 -41.5632
v  243.6236 1294.2137 -49.5409
v  243.6236 1294.2137 -57.5187
v  276.8352 1244.3604 -25.6128
v  298.5001 1074.1393 -25.6128
v  298.5001 1074.1393 -17.6350
v  276.8352 1244.3604 -17.6350
v  298.5001 1074.1393 -9.6573
v  276.8352 1244.3604 -9.6573
v  243.6236 1294.2137 -9.6573
v  243.6236 1294.2137 -17.6350
v  243.6236 1294.2137 -25.6128
v  177.9530 1430.2656 -73.4742
v  181.2455 1437.3268 -73.4742
v  247.7046 1397.3663 -73.4742
v  242.9630 1391.1858 -73.4742
v  303.2980 1344.2871 -73.4742
v  297.3326 1339.2792 -73.4742
v  291.3621 1334.2714 -73.4742
v  238.2214 1385.0105 -73.4742
v  174.6606 1423.2045 -73.4742
v  191.1179 1458.5052 -73.4742
v  194.4104 1465.5664 -73.4742
v  266.6710 1422.0779 -73.4742
v  261.9294 1415.9026 -73.4742
v  327.1698 1364.3185 -73.4742
v  321.1992 1359.3107 -73.4742
v  315.2339 1354.3029 -73.4742
v  257.1878 1409.7220 -73.4742
v  187.8254 1451.4491 -73.4742
v  396.5168 1102.5275 -73.4742
v  404.0593 1104.7139 -73.4742
v  416.9477 685.7948 -73.4742
v  409.1030 684.7861 -73.4742
v  421.0236 152.4222 -73.4742
v  413.0458 152.4683 -73.4742
v  405.0681 152.5143 -73.4742
v  401.2635 683.7773 -73.4742
v  388.9794 1100.3461 -73.4742
v  339.0084 1276.7271 54.1596
v  366.3570 1093.7919 54.1596
v  373.8995 1095.9783 54.1596
v  345.9160 1280.3217 54.1596
v  303.2980 1344.2871 54.1596
v  297.3326 1339.2792 54.1596
v  291.3621 1334.2714 54.1596
v  332.1008 1273.1274 54.1596
v  358.8196 1091.6105 54.1596
v  191.1179 1458.5052 54.1596
v  194.4104 1465.5664 54.1596
v  112.7587 1492.3517 54.1596
v  111.0741 1484.7478 54.1596
v  26.4065 1501.5687 54.1596
v  26.4065 1493.7753 54.1596
v  26.4065 1485.9869 54.1596
v  109.3894 1477.1439 54.1596
v  187.8254 1451.4491 54.1596
v  283.7427 1247.9550 54.1596
v  306.0425 1076.3258 54.1596
v  313.5800 1078.5071 54.1596
v  290.6503 1251.5547 54.1596
v  255.5595 1304.2294 54.1596
v  249.5889 1299.2216 54.1596
v  311.3781 1262.3436 54.1596
v  336.1972 1085.0614 54.1596
v  343.7397 1087.2428 54.1596
v  318.2857 1265.9382 54.1596
v  279.4261 1324.2556 54.1596
v  273.4608 1319.2478 54.1596
v  267.4902 1314.2451 54.1596
v  304.4706 1258.7439 54.1596
v  328.6599 1082.8749 54.1596
v  164.7831 1402.0260 54.1596
v  168.0756 1409.0872 54.1596
v  99.2713 1431.5251 54.1596
v  97.5867 1423.9213 54.1596
v  26.4065 1439.2469 54.1596
v  26.4065 1431.4535 54.1596
v  26.4065 1423.6653 54.1596
v  95.9020 1416.3174 54.1596
v  161.4906 1394.9648 54.1596
v  151.6131 1373.7812 -73.4742
v  154.9056 1380.8424 -73.4742
v  209.7770 1347.9381 -73.4742
v  205.0354 1341.7576 -73.4742
v  255.5595 1304.2294 -73.4742
v  249.5889 1299.2216 -73.4742
v  245.1136 1295.4630 -71.4772
v  201.4818 1337.1235 -71.4772
v  149.1451 1368.4866 -71.4772
v  164.7831 1402.0260 -73.4742
v  168.0756 1409.0872 -73.4742
v  228.7433 1372.6497 -73.4742
v  224.0018 1366.4742 -73.4742
v  279.4261 1324.2556 -73.4742
v  273.4608 1319.2478 -73.4742
v  267.4902 1314.2451 -73.4742
v  219.2602 1360.2938 -73.4742
v  161.4906 1394.9648 -73.4742
v  336.1972 1085.0614 -73.4742
v  343.7397 1087.2428 -73.4742
v  354.2163 677.7198 -73.4742
v  346.3768 676.7111 -73.4742
v  357.2067 152.7857 -73.4742
v  349.2340 152.8318 -73.4742
v  341.2563 152.8779 -73.4742
v  338.5373 675.7023 -73.4742
v  328.6599 1082.8749 -73.4742
v  432.6266 687.8123 6.2982
v  419.1393 1109.0765 6.2982
v  419.1393 1109.0765 14.2760
v  432.6266 687.8123 14.2760
v  419.1393 1109.0765 22.2486
v  432.6266 687.8123 22.2486
v  436.9791 152.3300 22.2486
v  436.9791 152.3300 14.2760
v  436.9791 152.3300 6.2982
v  276.1490 1434.4387 6.2982
v  200.9953 1479.6887 6.2982
v  200.9953 1479.6887 14.2709
v  276.1490 1434.4387 14.2709
v  200.9953 1479.6887 22.2486
v  276.1490 1434.4387 22.2486
v  339.1057 1374.3292 22.2486
v  339.1057 1374.3292 14.2709
v  339.1057 1374.3292 6.2982
v  200.9953 1479.6887 30.2264
v  276.1490 1434.4387 30.2264
v  200.9953 1479.6887 38.2041
v  276.1490 1434.4387 38.2041
v  339.1057 1374.3292 38.2041
v  339.1057 1374.3292 30.2264
v  116.1280 1507.5597 22.2486
v  26.4065 1517.1453 22.2486
v  26.4065 1517.1453 30.2264
v  116.1280 1507.5597 30.2264
v  26.4065 1517.1453 38.2041
v  116.1280 1507.5597 38.2041
v  26.4065 1517.1453 46.1819
v  116.1280 1507.5597 46.1819
v  26.4065 1515.1995 52.1626
v  115.7081 1505.6548 52.1626
v  200.1760 1477.9221 52.1626
v  200.9953 1479.6887 46.1819
v  200.9953 1479.6887 -1.6795
v  276.1490 1434.4387 -1.6795
v  339.1057 1374.3292 -1.6795
v  116.1280 1507.5597 -9.6573
v  26.4065 1517.1453 -9.6573
v  26.4065 1517.1453 -1.6795
v  116.1280 1507.5597 -1.6795
v  26.4065 1517.1453 6.2982
v  116.1280 1507.5597 6.2982
v  26.4065 1517.1453 14.2709
v  116.1280 1507.5597 14.2709
v  419.1393 1109.0765 -1.6795
v  432.6266 687.8123 -1.6795
v  436.9791 152.3300 -1.6795
v  387.3665 1301.8995 -9.6573
v  387.3665 1301.8995 -1.6795
v  387.3665 1301.8995 6.2982
v  387.3665 1301.8995 14.2709
v  387.3665 1301.8995 22.2486
v  318.2857 1265.9382 -73.4742
v  311.3781 1262.3436 -73.4742
v  304.4706 1258.7439 -73.4742
v  285.3967 1329.2635 -73.4742
v  332.1008 1273.1274 -73.4742
v  325.1933 1269.5328 -73.4742
v  351.2771 1089.4241 -73.4742
v  26.4065 1431.4535 -73.4742
v  26.4065 1439.2469 -73.4742
v  99.2713 1431.5251 -73.4742
v  97.5867 1423.9213 -73.4742
v  95.9020 1416.3174 -73.4742
v  26.4065 1423.6653 -73.4742
v  26.4065 1447.0353 -73.4742
v  26.4065 1454.8235 -73.4742
v  102.6457 1446.7280 -73.4742
v  100.9611 1439.1292 -73.4742
v  171.3681 1416.1432 -73.4742
v  233.4850 1378.8301 -73.4742
v  26.4065 1400.2953 -73.4742
v  26.4065 1408.0835 -73.4742
v  92.5327 1401.1094 -73.4742
v  90.8429 1393.5054 -73.4742
v  89.5833 1387.8063 -71.4772
v  26.4065 1394.4528 -71.4772
v  26.4065 1415.8718 -73.4742
v  94.2174 1408.7134 -73.4742
v  158.1981 1387.9036 -73.4742
v  214.5186 1354.1134 -73.4742
v  261.5248 1309.2373 -73.4742
v  228.7433 1372.6497 54.1596
v  224.0018 1366.4742 54.1596
v  219.2602 1360.2938 54.1596
v  285.3967 1329.2635 54.1596
v  238.2214 1385.0105 54.1596
v  233.4850 1378.8301 54.1596
v  171.3681 1416.1432 54.1596
v  100.9611 1439.1292 54.1596
v  26.4065 1447.0353 54.1596
v  349.2340 152.8318 54.1596
v  357.2067 152.7857 54.1596
v  354.2163 677.7198 54.1596
v  346.3768 676.7111 54.1596
v  338.5373 675.7023 54.1596
v  341.2563 152.8779 54.1596
v  365.1844 152.7396 54.1596
v  373.1622 152.6936 54.1596
v  369.9004 679.7424 54.1596
v  362.0609 678.7285 54.1596
v  351.2771 1089.4241 54.1596
v  325.1933 1269.5328 54.1596
v  317.3231 153.0162 54.1596
v  325.3008 152.9701 54.1596
v  322.8532 673.6848 54.1596
v  315.0137 672.6761 54.1596
v  309.1302 671.9183 52.1626
v  311.3423 153.0520 52.1626
v  333.2785 152.9240 54.1596
v  330.6927 674.6936 54.1596
v  321.1173 1080.6936 54.1596
v  297.5630 1255.1493 54.1596
v  261.5248 1309.2373 54.1596
v  321.1992 1359.3107 54.1596
v  327.1698 1364.3185 54.1596
v  266.6710 1422.0779 54.1596
v  261.9294 1415.9026 54.1596
v  257.1878 1409.7220 54.1596
v  315.2339 1354.3029 54.1596
v  333.1352 1369.3264 54.1596
v  337.6105 1373.0797 52.1626
v  274.9662 1432.8925 52.1626
v  271.4126 1428.2583 54.1596
v  197.7028 1472.6276 54.1596
v  114.4434 1499.9557 54.1596
v  26.4065 1509.3569 54.1596
v  413.0458 152.4683 54.1596
v  421.0236 152.4222 54.1596
v  416.9477 685.7948 54.1596
v  409.1030 684.7861 54.1596
v  404.0593 1104.7139 54.1596
v  396.5168 1102.5275 54.1596
v  388.9794 1100.3461 54.1596
v  401.2635 683.7773 54.1596
v  405.0681 152.5143 54.1596
v  381.1399 152.6475 54.1596
v  389.1177 152.6065 54.1596
v  385.5845 681.7598 54.1596
v  377.7399 680.7511 54.1596
v  397.0955 152.5604 54.1596
v  393.4240 682.7686 54.1596
v  381.4369 1098.1597 54.1596
v  352.8235 1283.9163 54.1596
v  359.7311 1287.5161 54.1596
v  309.2634 1349.2949 54.1596
v  373.5462 1294.7052 -73.4742
v  366.6387 1291.1106 -73.4742
v  359.7311 1287.5161 -73.4742
v  333.1352 1369.3264 -73.4742
v  337.6105 1373.0797 -71.4772
v  385.6357 1300.9984 -71.4772
v  380.4589 1298.2998 -73.4742
v  417.2549 1108.5337 -71.4772
v  411.5967 1106.8951 -73.4742
v  430.6706 687.5614 -71.4772
v  424.7872 686.8036 -73.4742
v  434.9821 152.3403 -71.4772
v  429.0013 152.3761 -73.4742
v  26.4065 1493.7753 -73.4742
v  26.4065 1501.5687 -73.4742
v  112.7587 1492.3517 -73.4742
v  111.0741 1484.7478 -73.4742
v  109.3894 1477.1439 -73.4742
v  26.4065 1485.9869 -73.4742
v  26.4065 1509.3569 -73.4742
v  26.4065 1515.1995 -71.4772
v  115.7081 1505.6548 -71.4772
v  114.4434 1499.9557 -73.4742
v  200.1760 1477.9221 -71.4772
v  197.7028 1472.6276 -73.4742
v  274.9662 1432.8925 -71.4772
v  271.4126 1428.2583 -73.4742
v  26.4065 1462.6169 -73.4742
v  26.4065 1470.4053 -73.4742
v  106.0150 1461.9359 -73.4742
v  104.3304 1454.3319 -73.4742
v  26.4065 1478.1935 -73.4742
v  107.6997 1469.5399 -73.4742
v  184.5380 1444.3879 -73.4742
v  252.4462 1403.5416 -73.4742
v  309.2634 1349.2949 -73.4742
v  298.5001 1074.1393 -33.5905
v  276.8352 1244.3604 -33.5905
v  243.6236 1294.2137 -33.5905
v  307.1742 671.6674 -41.5632
v  309.3453 153.0623 -41.5632
v  309.3453 153.0623 -33.5905
v  307.1742 671.6674 -33.5905
v  309.3453 153.0623 -25.6128
v  307.1742 671.6674 -25.6128
v  309.3453 153.0623 -17.6350
v  307.1742 671.6674 -17.6350
v  309.3453 153.0623 -9.6573
v  307.1742 671.6674 -9.6573
v  276.8352 1244.3604 -65.4964
v  278.5659 1245.2616 -71.4772
v  298.5001 1074.1393 -65.4964
v  243.6236 1294.2137 -65.4964
v  309.3453 153.0623 -65.4964
v  307.1742 671.6674 -65.4964
v  309.3453 153.0623 -57.5187
v  307.1742 671.6674 -57.5187
v  309.3453 153.0623 -49.5409
v  307.1742 671.6674 -49.5409
v  148.3206 1366.7252 -65.4964
v  89.1583 1385.9015 -65.4964
v  26.4065 1392.5018 -65.4964
v  200.2938 1335.5770 -65.4964
v  200.2938 1335.5770 -57.5187
v  200.2938 1335.5770 -49.5409
v  200.2938 1335.5770 -41.5632
v  307.1742 671.6674 22.2486
v  309.3453 153.0623 22.2486
v  309.3453 153.0623 30.2264
v  307.1742 671.6674 30.2264
v  309.3453 153.0623 38.2041
v  307.1742 671.6674 38.2041
v  298.5001 1074.1393 30.2264
v  309.3453 153.0623 46.1819
v  307.1742 671.6674 46.1819
v  298.5001 1074.1393 -1.6795
v  276.8352 1244.3604 -1.6795
v  243.6236 1294.2137 -1.6795
v  309.3453 153.0623 -1.6795
v  307.1742 671.6674 -1.6795
v  309.3453 153.0623 6.2982
v  307.1742 671.6674 6.2982
v  309.3453 153.0623 14.2760
v  307.1742 671.6674 14.2760
v  148.3206 1366.7252 -1.6795
v  89.1583 1385.9015 -1.6795
v  26.4065 1392.5018 -1.6795
v  200.2938 1335.5770 -9.6573
v  200.2938 1335.5770 -1.6795
v  200.2938 1335.5770 6.2982
v  200.2938 1335.5770 14.2709
v  200.2938 1335.5770 22.2486
v  200.9953 1479.6887 -33.5905
v  276.1490 1434.4387 -33.5905
v  339.1057 1374.3292 -33.5905
v  116.1280 1507.5597 -41.5632
v  26.4065 1517.1453 -41.5632
v  26.4065 1517.1453 -33.5905
v  116.1280 1507.5597 -33.5905
v  26.4065 1517.1453 -25.6128
v  116.1280 1507.5597 -25.6128
v  26.4065 1517.1453 -17.6350
v  116.1280 1507.5597 -17.6350
v  200.9953 1479.6887 -65.4964
v  276.1490 1434.4387 -65.4964
v  339.1057 1374.3292 -65.4964
v  26.4065 1517.1453 -65.4964
v  116.1280 1507.5597 -65.4964
v  26.4065 1517.1453 -57.5187
v  116.1280 1507.5597 -57.5187
v  26.4065 1517.1453 -49.5409
v  116.1280 1507.5597 -49.5409
v  419.1393 1109.0765 -65.4964
v  432.6266 687.8123 -65.4964
v  436.9791 152.3300 -65.4964
v  387.3665 1301.8995 -65.4964
v  387.3665 1301.8995 -57.5187
v  387.3665 1301.8995 -49.5409
v  387.3665 1301.8995 -41.5632
v  419.1393 1109.0765 -33.5905
v  432.6266 687.8123 -33.5905
v  436.9791 152.3300 -33.5905
v  387.3665 1301.8995 -33.5905
v  387.3665 1301.8995 -25.6128
v  387.3665 1301.8995 -17.6350
v  148.3206 1366.7252 30.2264
v  89.1583 1385.9015 30.2264
v  26.4065 1392.5018 30.2264
v  243.6236 1294.2137 30.2264
v  200.2938 1335.5770 30.2264
v  200.2938 1335.5770 38.2041
v  200.2938 1335.5770 46.1819
v  201.4818 1337.1235 52.1626
v  200.2938 1335.5770 -33.5905
v  200.2938 1335.5770 -25.6128
v  148.3206 1366.7252 -33.5905
v  200.2938 1335.5770 -17.6350
v  345.9160 1280.3217 -73.4742
v  339.0084 1276.7271 -73.4742
v  352.8235 1283.9163 -73.4742
v  381.4369 1098.1597 -73.4742
v  393.4240 682.7686 -73.4742
v  397.0955 152.5604 -73.4742
v  247.7046 1397.3663 54.1596
v  242.9630 1391.1858 54.1596
v  252.4462 1403.5416 54.1596
v  184.5380 1444.3879 54.1596
v  107.6997 1469.5399 54.1596
v  26.4065 1478.1935 54.1596
v  209.7770 1347.9381 54.1596
v  205.0354 1341.7576 54.1596
v  214.5186 1354.1134 54.1596
v  158.1981 1387.9036 54.1596
v  94.2174 1408.7134 54.1596
v  26.4065 1415.8718 54.1596
v  290.6503 1251.5547 -73.4742
v  283.7427 1247.9550 -73.4742
v  297.5630 1255.1493 -73.4742
v  321.1173 1080.6936 -73.4742
v  330.6927 674.6936 -73.4742
v  333.2785 152.9240 -73.4742
v  387.3665 1301.8995 30.2264
v  387.3665 1301.8995 38.2041
v  419.1393 1109.0765 38.2041
v  419.1393 1109.0765 30.2264
v  432.6266 687.8123 38.2041
v  419.1393 1109.0765 46.1819
v  432.6266 687.8123 46.1819
v  417.2549 1108.5337 52.1626
v  430.6706 687.5614 52.1626
v  434.9821 152.3403 52.1626
v  436.9791 152.3300 46.1819
v  436.9791 152.3300 38.2041
v  366.6387 1291.1106 54.1596
v  373.5462 1294.7052 54.1596
v  276.1490 1434.4387 46.1819
v  339.1057 1374.3292 46.1819
v  362.0609 678.7285 -73.4742
v  365.1844 152.7396 -73.4742
v  429.0013 152.3761 54.1596
v  424.7872 686.8036 54.1596
v  411.5967 1106.8951 54.1596
v  380.4589 1298.2998 54.1596
v  385.6357 1300.9984 52.1626
v  276.8352 1244.3604 30.2264
v  89.1583 1385.9015 -33.5905
v  26.4065 1392.5018 -33.5905
v  432.6266 687.8123 30.2264
v  436.9791 152.3300 30.2264
v  387.3665 1301.8995 46.1819
v  -366.3263 1109.0765 46.1819
v  -366.3263 1109.0765 38.2041
v  -379.8188 687.8123 38.2041
v  -379.8188 687.8123 46.1819
v  -384.1662 152.3300 38.2041
v  -384.1662 152.3300 46.1819
v  -382.1692 152.3403 52.1626
v  -377.8577 687.5614 52.1626
v  -364.4420 1108.5337 52.1626
v  -53.2021 1461.9359 54.1596
v  -128.4326 1437.3268 54.1596
v  -125.1401 1430.2656 54.1596
v  -51.5174 1454.3319 54.1596
v  -121.8476 1423.2045 54.1596
v  -49.8328 1446.7280 54.1596
v  -332.7716 681.7598 -73.4742
v  -321.0866 1095.9783 -73.4742
v  -313.5492 1093.7919 -73.4742
v  -324.9270 680.7511 -73.4742
v  -306.0067 1091.6105 -73.4742
v  -317.0875 679.7424 -73.4742
v  -320.3492 152.6936 -73.4742
v  -328.3270 152.6475 -73.4742
v  -336.3048 152.6065 -73.4742
v  -95.5077 1366.7252 -17.6350
v  -95.5077 1366.7252 -25.6128
v  -36.3454 1385.9015 -25.6128
v  -36.3454 1385.9015 -17.6350
v  -36.3454 1385.9015 -9.6573
v  -95.5077 1366.7252 -9.6573
v  -366.3263 1109.0765 -17.6350
v  -366.3263 1109.0765 -25.6128
v  -379.8188 687.8123 -25.6128
v  -379.8188 687.8123 -17.6350
v  -384.1662 152.3300 -25.6128
v  -384.1662 152.3300 -17.6350
v  -384.1662 152.3300 -9.6573
v  -379.8188 687.8123 -9.6573
v  -366.3263 1109.0765 -9.6573
v  -366.3263 1109.0765 -49.5409
v  -366.3263 1109.0765 -57.5187
v  -379.8188 687.8123 -57.5187
v  -379.8188 687.8123 -49.5409
v  -384.1662 152.3300 -57.5187
v  -384.1662 152.3300 -49.5409
v  -384.1662 152.3300 -41.5632
v  -379.8188 687.8123 -41.5632
v  -366.3263 1109.0765 -41.5632
v  -148.1824 1479.6887 -49.5409
v  -148.1824 1479.6887 -57.5187
v  -223.3412 1434.4387 -57.5187
v  -223.3412 1434.4387 -49.5409
v  -286.2928 1374.3292 -57.5187
v  -286.2928 1374.3292 -49.5409
v  -286.2928 1374.3292 -41.5632
v  -223.3412 1434.4387 -41.5632
v  -148.1824 1479.6887 -41.5632
v  -148.1824 1479.6887 -17.6350
v  -148.1824 1479.6887 -25.6128
v  -223.3412 1434.4387 -25.6128
v  -223.3412 1434.4387 -17.6350
v  -286.2928 1374.3292 -25.6128
v  -286.2928 1374.3292 -17.6350
v  -286.2928 1374.3292 -9.6573
v  -223.3412 1434.4387 -9.6573
v  -148.1824 1479.6887 -9.6573
v  -95.5077 1366.7252 14.2709
v  -95.5077 1366.7252 6.2982
v  -36.3454 1385.9015 6.2982
v  -36.3454 1385.9015 14.2709
v  -36.3454 1385.9015 22.2486
v  -95.5077 1366.7252 22.2486
v  -245.6871 1074.1393 14.2760
v  -245.6871 1074.1393 6.2982
v  -224.0222 1244.3604 6.2982
v  -224.0222 1244.3604 14.2760
v  -190.8106 1294.2137 6.2982
v  -190.8106 1294.2137 14.2709
v  -190.8106 1294.2137 22.2486
v  -224.0222 1244.3604 22.2486
v  -245.6871 1074.1393 22.2486
v  -245.6871 1074.1393 46.1819
v  -245.6871 1074.1393 38.2041
v  -224.0222 1244.3604 38.2041
v  -224.0222 1244.3604 46.1819
v  -190.8106 1294.2137 38.2041
v  -190.8106 1294.2137 46.1819
v  -192.3007 1295.4630 52.1626
v  -225.7530 1245.2616 52.1626
v  -247.5715 1074.6873 52.1626
v  -95.5077 1366.7252 -49.5409
v  -95.5077 1366.7252 -57.5187
v  -36.3454 1385.9015 -57.5187
v  -36.3454 1385.9015 -49.5409
v  -36.3454 1385.9015 -41.5632
v  -95.5077 1366.7252 -41.5632
v  -245.6871 1074.1393 -49.5409
v  -245.6871 1074.1393 -57.5187
v  -224.0222 1244.3604 -57.5187
v  -224.0222 1244.3604 -49.5409
v  -190.8106 1294.2137 -57.5187
v  -190.8106 1294.2137 -49.5409
v  -190.8106 1294.2137 -41.5632
v  -224.0222 1244.3604 -41.5632
v  -245.6871 1074.1393 -41.5632
v  -245.6871 1074.1393 -17.6350
v  -245.6871 1074.1393 -25.6128
v  -224.0222 1244.3604 -25.6128
v  -224.0222 1244.3604 -17.6350
v  -190.8106 1294.2137 -25.6128
v  -190.8106 1294.2137 -17.6350
v  -190.8106 1294.2137 -9.6573
v  -224.0222 1244.3604 -9.6573
v  -245.6871 1074.1393 -9.6573
v  -194.8917 1397.3663 -73.4742
v  -128.4326 1437.3268 -73.4742
v  -125.1401 1430.2656 -73.4742
v  -190.1501 1391.1858 -73.4742
v  -121.8476 1423.2045 -73.4742
v  -185.4136 1385.0105 -73.4742
v  -238.5491 1334.2714 -73.4742
v  -244.5197 1339.2792 -73.4742
v  -250.4850 1344.2871 -73.4742
v  -213.8580 1422.0779 -73.4742
v  -141.6025 1465.5664 -73.4742
v  -138.3101 1458.5052 -73.4742
v  -209.1165 1415.9026 -73.4742
v  -135.0176 1451.4491 -73.4742
v  -204.3749 1409.7220 -73.4742
v  -262.4209 1354.3029 -73.4742
v  -268.3863 1359.3107 -73.4742
v  -274.3568 1364.3185 -73.4742
v  -364.1347 685.7948 -73.4742
v  -351.2464 1104.7139 -73.4742
v  -343.7039 1102.5275 -73.4742
v  -356.2952 684.7861 -73.4742
v  -336.1665 1100.3461 -73.4742
v  -348.4506 683.7773 -73.4742
v  -352.2603 152.5143 -73.4742
v  -360.2329 152.4683 -73.4742
v  -368.2106 152.4222 -73.4742
v  -286.1955 1276.7271 54.1596
v  -293.1030 1280.3217 54.1596
v  -321.0866 1095.9783 54.1596
v  -313.5492 1093.7919 54.1596
v  -306.0067 1091.6105 54.1596
v  -279.2879 1273.1274 54.1596
v  -238.5491 1334.2714 54.1596
v  -244.5197 1339.2792 54.1596
v  -250.4850 1344.2871 54.1596
v  -313.8308 1291.1106 54.1596
v  -320.7384 1294.7052 54.1596
v  -351.2464 1104.7139 54.1596
v  -343.7039 1102.5275 54.1596
v  -336.1665 1100.3461 54.1596
v  -306.9182 1287.5161 54.1596
v  -262.4209 1354.3029 54.1596
v  -268.3863 1359.3107 54.1596
v  -274.3568 1364.3185 54.1596
v  -59.9458 1492.3517 54.1596
v  -141.6025 1465.5664 54.1596
v  -138.3101 1458.5052 54.1596
v  -58.2611 1484.7478 54.1596
v  -135.0176 1451.4491 54.1596
v  -56.5765 1477.1439 54.1596
v  -230.9350 1247.9550 54.1596
v  -237.8425 1251.5547 54.1596
v  -260.7670 1078.5071 54.1596
v  -253.2296 1076.3258 54.1596
v  -196.7760 1299.2216 54.1596
v  -202.7465 1304.2294 54.1596
v  -258.5652 1262.3436 54.1596
v  -265.4728 1265.9382 54.1596
v  -290.9268 1087.2428 54.1596
v  -283.3894 1085.0614 54.1596
v  -275.8469 1082.8749 54.1596
v  -251.6576 1258.7439 54.1596
v  -214.6824 1314.2451 54.1596
v  -220.6478 1319.2478 54.1596
v  -226.6132 1324.2556 54.1596
v  -46.4635 1431.5251 54.1596
v  -115.2626 1409.0872 54.1596
v  -111.9702 1402.0260 54.1596
v  -44.7737 1423.9213 54.1596
v  -108.6777 1394.9648 54.1596
v  -43.0891 1416.3174 54.1596
v  -156.9641 1347.9381 -73.4742
v  -102.0927 1380.8424 -73.4742
v  -98.8002 1373.7812 -73.4742
v  -152.2225 1341.7576 -73.4742
v  -96.3321 1368.4866 -71.4772
v  -148.6688 1337.1235 -71.4772
v  -192.3007 1295.4630 -71.4772
v  -196.7760 1299.2216 -73.4742
v  -202.7465 1304.2294 -73.4742
v  -175.9304 1372.6497 -73.4742
v  -115.2626 1409.0872 -73.4742
v  -111.9702 1402.0260 -73.4742
v  -171.1888 1366.4742 -73.4742
v  -108.6777 1394.9648 -73.4742
v  -166.4473 1360.2938 -73.4742
v  -214.6824 1314.2400 -73.4742
v  -220.6478 1319.2478 -73.4742
v  -226.6132 1324.2556 -73.4742
v  -301.4085 677.7198 -73.4742
v  -290.9268 1087.2428 -73.4742
v  -283.3894 1085.0614 -73.4742
v  -293.5639 676.7111 -73.4742
v  -275.8469 1082.8749 -73.4742
v  -285.7244 675.7023 -73.4742
v  -288.4434 152.8779 -73.4742
v  -296.4211 152.8318 -73.4742
v  -304.3989 152.7857 -73.4742
v  -366.3263 1109.0765 14.2760
v  -366.3263 1109.0765 6.2982
v  -379.8188 687.8123 6.2982
v  -379.8188 687.8123 14.2760
v  -384.1662 152.3300 6.2982
v  -384.1662 152.3300 14.2760
v  -384.1662 152.3300 22.2486
v  -379.8188 687.8123 22.2486
v  -366.3263 1109.0765 22.2486
v  -148.1824 1479.6887 14.2709
v  -148.1824 1479.6887 6.2982
v  -223.3412 1434.4387 6.2982
v  -223.3412 1434.4387 14.2709
v  -286.2928 1374.3292 6.2982
v  -286.2928 1374.3292 14.2709
v  -286.2928 1374.3292 22.2486
v  -223.3412 1434.4387 22.2486
v  -148.1824 1479.6887 22.2486
v  -148.1824 1479.6887 46.1819
v  -148.1824 1479.6887 38.2041
v  -223.3412 1434.4387 38.2041
v  -223.3412 1434.4387 46.1819
v  -286.2928 1374.3292 38.2041
v  -286.2928 1374.3292 46.1819
v  -284.7976 1373.0797 52.1626
v  -222.1533 1432.8925 52.1626
v  -147.3631 1477.9221 52.1626
v  -148.1824 1479.6887 30.2264
v  -223.3412 1434.4387 30.2264
v  -286.2928 1374.3292 30.2264
v  -63.3151 1507.5597 22.2486
v  -63.3151 1507.5597 30.2264
v  -63.3151 1507.5597 38.2041
v  -63.3151 1507.5597 46.1819
v  -62.8952 1505.6548 52.1626
v  -148.1824 1479.6887 -1.6795
v  -223.3412 1434.4387 -1.6795
v  -286.2928 1374.3292 -1.6795
v  -63.3151 1507.5597 -9.6573
v  -63.3151 1507.5597 -1.6795
v  -63.3151 1507.5597 6.2982
v  -63.3151 1507.5597 14.2709
v  -366.3263 1109.0765 -1.6795
v  -379.8188 687.8123 -1.6795
v  -384.1662 152.3300 -1.6795
v  -334.5535 1301.8995 -9.6573
v  -334.5535 1301.8995 -1.6795
v  -334.5535 1301.8995 6.2982
v  -334.5535 1301.8995 14.2709
v  -334.5535 1301.8995 22.2486
v  -265.4728 1265.9382 -73.4742
v  -258.5652 1262.3436 -73.4742
v  -251.6576 1258.7439 -73.4742
v  -279.2879 1273.1274 -73.4742
v  -232.5837 1329.2635 -73.4742
v  -272.3803 1269.5328 -73.4742
v  -298.4693 1089.4241 -73.4742
v  -309.2480 678.7285 -73.4742
v  -312.3715 152.7396 -73.4742
v  -46.4635 1431.5251 -73.4742
v  -44.7737 1423.9213 -73.4742
v  -43.0891 1416.3174 -73.4742
v  -49.8328 1446.7280 -73.4742
v  -48.1481 1439.1292 -73.4742
v  -118.5551 1416.1432 -73.4742
v  -180.6720 1378.8301 -73.4742
v  -39.7198 1401.1094 -73.4742
v  -38.0351 1393.5054 -73.4742
v  -36.7704 1387.8063 -71.4772
v  -41.4044 1408.7134 -73.4742
v  -105.3852 1387.9036 -73.4742
v  -161.7057 1354.1134 -73.4742
v  -208.7119 1309.2373 -73.4742
v  -175.9304 1372.6497 54.1596
v  -171.1888 1366.4742 54.1596
v  -166.4473 1360.2938 54.1596
v  -185.4136 1385.0105 54.1596
v  -232.5837 1329.2635 54.1596
v  -180.6720 1378.8301 54.1596
v  -118.5551 1416.1432 54.1596
v  -48.1481 1439.1292 54.1596
v  -301.4085 677.7198 54.1596
v  -304.3989 152.7857 54.1596
v  -296.4211 152.8318 54.1596
v  -293.5639 676.7111 54.1596
v  -288.4434 152.8779 54.1596
v  -285.7244 675.7023 54.1596
v  -317.0875 679.7424 54.1596
v  -320.3492 152.6936 54.1596
v  -312.3715 152.7396 54.1596
v  -309.2480 678.7285 54.1596
v  -298.4693 1089.4241 54.1596
v  -272.3803 1269.5328 54.1596
v  -270.0403 673.6848 54.1596
v  -272.4879 152.9701 54.1596
v  -264.5101 153.0162 54.1596
v  -262.2008 672.6761 54.1596
v  -258.5294 153.0520 52.1626
v  -256.3224 671.9183 52.1626
v  -280.4656 152.9240 54.1596
v  -277.8849 674.6936 54.1596
v  -268.3095 1080.6936 54.1596
v  -244.7501 1255.1493 54.1596
v  -208.7119 1309.2373 54.1596
v  -213.8580 1422.0779 54.1596
v  -209.1165 1415.9026 54.1596
v  -204.3749 1409.7220 54.1596
v  -280.3223 1369.3264 54.1596
v  -218.5996 1428.2583 54.1596
v  -144.8899 1472.6276 54.1596
v  -61.6304 1499.9557 54.1596
v  -364.1347 685.7948 54.1596
v  -368.2106 152.4222 54.1596
v  -360.2329 152.4683 54.1596
v  -356.2952 684.7861 54.1596
v  -352.2603 152.5143 54.1596
v  -348.4506 683.7773 54.1596
v  -376.1884 152.3761 54.1596
v  -371.9742 686.8036 54.1596
v  -358.7838 1106.8951 54.1596
v  -327.6460 1298.2998 54.1596
v  -332.8228 1300.9984 52.1626
v  -332.7716 681.7598 54.1596
v  -336.3048 152.6065 54.1596
v  -328.3270 152.6475 54.1596
v  -324.9270 680.7511 54.1596
v  -344.2825 152.5604 54.1596
v  -340.6111 682.7686 54.1596
v  -328.6291 1098.1597 54.1596
v  -300.0106 1283.9163 54.1596
v  -256.4555 1349.2949 54.1596
v  -320.7384 1294.7052 -73.4742
v  -313.8257 1291.1106 -73.4742
v  -306.9182 1287.5161 -73.4742
v  -332.8228 1300.9984 -71.4772
v  -284.7976 1373.0797 -71.4772
v  -280.3223 1369.3264 -73.4742
v  -327.6460 1298.2998 -73.4742
v  -358.7838 1106.8951 -73.4742
v  -364.4420 1108.5337 -71.4772
v  -377.8577 687.5614 -71.4772
v  -371.9742 686.8036 -73.4742
v  -376.1884 152.3761 -73.4742
v  -382.1692 152.3403 -71.4772
v  -59.9458 1492.3517 -73.4742
v  -58.2611 1484.7478 -73.4742
v  -56.5765 1477.1439 -73.4742
v  -62.8952 1505.6548 -71.4772
v  -61.6304 1499.9557 -73.4742
v  -144.8899 1472.6276 -73.4742
v  -147.3631 1477.9221 -71.4772
v  -222.1533 1432.8925 -71.4772
v  -218.5996 1428.2583 -73.4742
v  -53.2021 1461.9359 -73.4742
v  -51.5174 1454.3319 -73.4742
v  -131.7251 1444.3879 -73.4742
v  -199.6333 1403.5416 -73.4742
v  -256.4555 1349.2949 -73.4742
v  -245.6871 1074.1393 -33.5905
v  -224.0222 1244.3604 -33.5905
v  -190.8106 1294.2137 -33.5905
v  -256.5375 153.0623 -33.5905
v  -256.5375 153.0623 -41.5632
v  -254.3613 671.6674 -41.5632
v  -254.3613 671.6674 -33.5905
v  -254.3613 671.6674 -25.6128
v  -256.5375 153.0623 -25.6128
v  -256.5375 153.0623 -17.6350
v  -254.3613 671.6674 -17.6350
v  -254.3613 671.6674 -9.6573
v  -256.5375 153.0623 -9.6573
v  -224.0222 1244.3604 -65.4964
v  -245.6871 1074.1393 -65.4964
v  -247.5715 1074.6873 -71.4772
v  -225.7530 1245.2616 -71.4772
v  -190.8106 1294.2137 -65.4964
v  -256.5375 153.0623 -65.4964
v  -258.5294 153.0520 -71.4772
v  -256.3224 671.9183 -71.4772
v  -254.3613 671.6674 -65.4964
v  -254.3613 671.6674 -57.5187
v  -256.5375 153.0623 -57.5187
v  -256.5375 153.0623 -49.5409
v  -254.3613 671.6674 -49.5409
v  -95.5077 1366.7252 -65.4964
v  -36.3454 1385.9015 -65.4964
v  -147.4809 1335.5770 -65.4964
v  -147.4809 1335.5770 -57.5187
v  -147.4809 1335.5770 -49.5409
v  -147.4809 1335.5770 -41.5632
v  -245.6871 1074.1393 30.2264
v  -224.0222 1244.3604 30.2264
v  -190.8106 1294.2137 30.2264
v  -256.5375 153.0623 30.2264
v  -256.5375 153.0623 22.2486
v  -254.3613 671.6674 22.2486
v  -254.3613 671.6674 30.2264
v  -254.3613 671.6674 38.2041
v  -256.5375 153.0623 38.2041
v  -256.5375 153.0623 46.1819
v  -254.3613 671.6674 46.1819
v  -245.6871 1074.1393 -1.6795
v  -224.0222 1244.3604 -1.6795
v  -190.8106 1294.2137 -1.6795
v  -256.5375 153.0623 -1.6795
v  -254.3613 671.6674 -1.6795
v  -254.3613 671.6674 6.2982
v  -256.5375 153.0623 6.2982
v  -256.5375 153.0623 14.2760
v  -254.3613 671.6674 14.2760
v  -95.5077 1366.7252 -1.6795
v  -36.3454 1385.9015 -1.6795
v  -147.4809 1335.5770 -9.6573
v  -147.4809 1335.5770 -1.6795
v  -147.4809 1335.5770 6.2982
v  -147.4809 1335.5770 14.2709
v  -147.4809 1335.5770 22.2486
v  -148.1824 1479.6887 -33.5905
v  -223.3412 1434.4387 -33.5905
v  -286.2928 1374.3292 -33.5905
v  -63.3151 1507.5597 -41.5632
v  -63.3151 1507.5597 -33.5905
v  -63.3151 1507.5597 -25.6128
v  -63.3151 1507.5597 -17.6350
v  -148.1824 1479.6887 -65.4964
v  -223.3412 1434.4387 -65.4964
v  -286.2928 1374.3292 -65.4964
v  -63.3151 1507.5597 -65.4964
v  -63.3151 1507.5597 -57.5187
v  -63.3151 1507.5597 -49.5409
v  -366.3263 1109.0765 -65.4964
v  -379.8188 687.8123 -65.4964
v  -384.1662 152.3300 -65.4964
v  -334.5535 1301.8995 -65.4964
v  -334.5535 1301.8995 -57.5187
v  -334.5535 1301.8995 -49.5409
v  -334.5535 1301.8995 -41.5632
v  -366.3263 1109.0765 -33.5905
v  -379.8188 687.8123 -33.5905
v  -384.1662 152.3300 -33.5905
v  -334.5535 1301.8995 -33.5905
v  -334.5535 1301.8995 -25.6128
v  -334.5535 1301.8995 -17.6350
v  -95.5077 1366.7252 30.2264
v  -36.3454 1385.9015 30.2264
v  -36.3454 1385.9015 38.2041
v  -95.5077 1366.7252 38.2041
v  -147.4809 1335.5770 30.2264
v  -147.4809 1335.5770 38.2041
v  -147.4809 1335.5770 46.1819
v  -95.5077 1366.7252 46.1819
v  -96.3321 1368.4866 52.1626
v  -148.6688 1337.1235 52.1626
v  -95.5077 1366.7252 -33.5905
v  -36.3454 1385.9015 -33.5905
v  -147.4809 1335.5770 -33.5905
v  -147.4809 1335.5770 -25.6128
v  -147.4809 1335.5770 -17.6350
v  -293.1030 1280.3217 -73.4742
v  -286.1955 1276.7271 -73.4742
v  -300.0106 1283.9163 -73.4742
v  -328.6291 1098.1597 -73.4742
v  -340.6111 682.7686 -73.4742
v  -344.2825 152.5604 -73.4742
v  -194.8917 1397.3663 54.1596
v  -190.1501 1391.1858 54.1596
v  -199.6333 1403.5416 54.1596
v  -131.7251 1444.3879 54.1596
v  -54.8919 1469.5399 54.1596
v  -156.9641 1347.9381 54.1596
v  -152.2225 1341.7576 54.1596
v  -98.8002 1373.7812 54.1596
v  -102.0927 1380.8424 54.1596
v  -161.7057 1354.1134 54.1596
v  -105.3852 1387.9036 54.1596
v  -41.4044 1408.7134 54.1596
v  -39.7198 1401.1094 54.1596
v  -237.8425 1251.5547 -73.4742
v  -230.9350 1247.9550 -73.4742
v  -253.2296 1076.3258 -73.4742
v  -260.7670 1078.5071 -73.4742
v  -244.7501 1255.1493 -73.4742
v  -268.3095 1080.6936 -73.4742
v  -277.8849 674.6936 -73.4742
v  -270.0403 673.6848 -73.4742
v  -272.4879 152.9701 -73.4742
v  -280.4656 152.9240 -73.4742
v  -366.3263 1109.0765 30.2264
v  -379.8188 687.8123 30.2264
v  -384.1662 152.3300 30.2264
v  -334.5535 1301.8995 30.2264
v  -334.5535 1301.8995 38.2041
v  -334.5535 1301.8995 46.1819
v  -262.2008 672.6761 -73.4742
v  -264.5101 153.0162 -73.4742
v  -38.0351 1393.5054 54.1596
v  -36.7704 1387.8063 52.1626
v  -36.3454 1385.9015 46.1819
v  -54.8919 1469.5399 -73.4742
# 1088 vertices

vn -0.1609 -0.9869 0.0133
vn -0.0000 -1.0000 -0.0000
vn -0.1624 -0.9867 0.0023
vn -0.1604 -0.9871 0.0007
vn -0.3186 -0.9479 0.0014
vn -0.3218 -0.9468 0.0041
vn -0.3275 -0.9446 0.0227
vn -0.0631 0.9884 0.1385
vn 0.0000 1.0000 0.0000
vn -0.0319 0.9882 0.1498
vn 0.0000 0.9882 0.1531
vn 0.0000 0.9463 0.3232
vn -0.0670 0.9463 0.3162
vn -0.1335 0.9464 0.2941
vn -0.0000 1.0000 0.0000
vn -0.2076 0.0000 0.9782
vn -0.4138 0.0000 0.9103
vn -0.4138 -0.0000 0.9103
vn -0.2076 -0.0000 0.9782
vn 0.0000 0.0000 1.0000
vn -0.0000 0.0000 1.0000
vn -0.4085 0.1585 0.8989
vn -0.2049 0.1582 0.9659
vn -0.3937 0.3096 0.8655
vn -0.1976 0.3094 0.9302
vn 0.0000 0.3094 0.9509
vn 0.0000 0.1583 0.9874
vn 0.9998 -0.0000 -0.0201
vn 0.9952 -0.0000 -0.0975
vn 0.9952 0.0000 -0.0975
vn 0.9998 0.0000 -0.0201
vn 1.0000 0.0000 -0.0081
vn 0.6069 -0.0000 -0.7948
vn 0.4165 -0.0000 -0.9091
vn 0.4165 0.0000 -0.9091
vn 0.6069 0.0000 -0.7948
vn 0.7660 -0.0000 -0.6428
vn 0.7660 0.0000 -0.6428
vn -0.9369 0.0000 0.3496
vn -0.9973 0.0000 0.0740
vn -0.7660 0.0000 0.6428
vn -0.9853 0.1547 0.0722
vn -0.9256 0.1613 0.3425
vn -0.9499 0.3039 0.0728
vn -0.8884 0.3116 0.3372
vn -0.7284 0.3095 0.6112
vn -0.7564 0.1584 0.6347
vn 0.0000 -1.0000 0.0000
vn 0.0000 -1.0000 -0.0000
vn 0.0000 1.0000 -0.0000
vn -0.1296 0.9902 0.0510
vn -0.1609 0.9869 0.0133
vn -0.1168 0.9883 0.0980
vn -0.2475 0.9464 0.2076
vn -0.3030 0.9470 0.1072
vn -0.3275 0.9446 0.0227
vn -0.0631 -0.9884 0.1385
vn -0.0924 -0.9883 0.1212
vn -0.1168 -0.9883 0.0980
vn -0.2475 -0.9464 0.2076
vn -0.1957 -0.9464 0.2570
vn -0.1335 -0.9464 0.2941
vn 0.2103 0.0000 -0.9776
vn -0.0000 0.0000 -1.0000
vn 0.0000 0.0000 -1.0000
vn 0.0000 0.1550 -0.9879
vn 0.2078 0.1550 -0.9658
vn 0.0000 0.3094 -0.9509
vn 0.1998 0.3094 -0.9297
vn 0.3959 0.3096 -0.8645
vn 0.4116 0.1550 -0.8981
vn 0.9303 0.0000 -0.3668
vn 0.9303 -0.0000 -0.3668
vn -0.0000 -1.0000 0.0000
vn 0.0000 -0.9882 0.1531
vn -0.0319 -0.9882 0.1498
vn -0.0670 -0.9463 0.3162
vn -0.0000 -0.9463 0.3232
vn -0.1604 0.9871 0.0007
vn -0.1624 0.9867 0.0023
vn -0.3218 0.9468 0.0041
vn -0.3186 0.9479 0.0014
vn 0.1340 0.9846 -0.1124
vn 0.2475 0.9464 -0.2076
vn 0.1961 0.9464 -0.2567
vn 0.1061 0.9846 -0.1390
vn 0.1346 0.9464 -0.2936
vn 0.0728 0.9846 -0.1592
vn 0.0681 0.9463 -0.3159
vn 0.0366 0.9847 -0.1706
vn 0.0000 0.9463 -0.3232
vn 0.0000 0.9846 -0.1745
vn 0.1340 -0.9846 -0.1124
vn 0.2475 -0.9464 -0.2076
vn 0.2969 -0.9471 -0.1216
vn 0.1722 -0.9829 -0.0650
vn 0.3256 -0.9449 -0.0343
vn 0.1716 -0.9850 -0.0155
vn 0.3219 -0.9467 -0.0067
vn 0.1641 -0.9864 -0.0031
vn 0.3185 -0.9479 -0.0025
vn 0.1627 -0.9867 -0.0013
vn -0.0000 -0.9846 -0.1745
vn -0.0000 -0.9463 -0.3232
vn 0.0681 -0.9463 -0.3159
vn 0.0366 -0.9847 -0.1706
vn 0.1346 -0.9464 -0.2936
vn 0.0728 -0.9846 -0.1592
vn 0.1961 -0.9464 -0.2567
vn 0.1061 -0.9846 -0.1390
vn -0.9999 0.0000 0.0129
vn -1.0000 0.0000 0.0042
vn -0.9256 -0.1613 0.3425
vn -0.8884 -0.3116 0.3372
vn -0.9499 -0.3039 0.0728
vn -0.9853 -0.1547 0.0722
vn -0.7564 -0.1584 0.6347
vn -0.7284 -0.3095 0.6112
vn -0.9505 -0.3104 0.0125
vn -0.9495 -0.3139 0.0040
vn -0.9873 -0.1591 0.0042
vn -0.9875 -0.1574 0.0126
vn -0.1976 -0.3094 0.9302
vn -0.3937 -0.3096 0.8655
vn -0.4085 -0.1585 0.8989
vn -0.2049 -0.1582 0.9659
vn 0.0000 -0.1583 0.9874
vn 0.0000 -0.3094 0.9509
vn -0.5763 -0.3096 0.7563
vn -0.5983 -0.1585 0.7854
vn -0.6060 -0.0000 0.7954
vn -0.6060 0.0000 0.7954
vn -0.9873 0.1591 0.0042
vn -0.9875 0.1574 0.0126
vn -0.9495 0.3139 0.0040
vn -0.9505 0.3104 0.0125
vn 0.5770 -0.3095 -0.7558
vn 0.3959 -0.3096 -0.8645
vn 0.4116 -0.1550 -0.8981
vn 0.5996 -0.1550 -0.7852
vn 0.7568 -0.1550 -0.6350
vn 0.7284 -0.3095 -0.6112
vn 0.1998 -0.3094 -0.9297
vn 0.0000 -0.3094 -0.9509
vn 0.0000 -0.1550 -0.9879
vn 0.2078 -0.1550 -0.9658
vn 0.9503 -0.3109 -0.0188
vn 0.9478 -0.3058 -0.0905
vn 0.9833 -0.1537 -0.0974
vn 0.9874 -0.1571 -0.0199
vn 0.9873 -0.1588 -0.0080
vn 0.9494 -0.3139 -0.0077
vn 0.8856 -0.3115 -0.3445
vn 0.9184 -0.1546 -0.3642
vn -0.5983 0.1585 0.7854
vn -0.5763 0.3096 0.7563
vn -0.0924 0.9883 0.1212
vn -0.1957 0.9464 0.2570
vn -0.1296 -0.9902 0.0510
vn -0.3030 -0.9470 0.1072
vn 0.9833 0.1537 -0.0974
vn 0.9874 0.1571 -0.0199
vn 0.9478 0.3058 -0.0905
vn 0.9503 0.3109 -0.0188
vn 0.9494 0.3139 -0.0077
vn 0.9873 0.1588 -0.0080
vn 0.5996 0.1550 -0.7852
vn 0.5770 0.3095 -0.7558
vn 0.7284 0.3095 -0.6112
vn 0.7568 0.1550 -0.6350
vn 0.1627 0.9867 -0.0013
vn 0.3185 0.9479 -0.0025
vn 0.3219 0.9467 -0.0067
vn 0.1641 0.9864 -0.0031
vn 0.3256 0.9449 -0.0343
vn 0.1716 0.9850 -0.0155
vn 0.1722 0.9829 -0.0650
vn 0.2969 0.9471 -0.1216
vn 0.9184 0.1546 -0.3642
vn 0.8856 0.3115 -0.3445
vn -0.9833 0.1537 -0.0974
vn -0.9952 -0.0000 -0.0975
vn -0.9998 -0.0000 -0.0201
vn -0.9874 0.1571 -0.0199
vn -1.0000 0.0000 -0.0081
vn -0.9873 0.1588 -0.0080
vn -0.9494 0.3139 -0.0077
vn -0.9503 0.3109 -0.0188
vn -0.9478 0.3058 -0.0905
vn -0.0000 1.0000 -0.0000
vn 0.4138 0.0000 0.9103
vn 0.2076 0.0000 0.9782
vn -0.9952 0.0000 -0.0975
vn -0.9998 0.0000 -0.0201
vn -0.4165 0.0000 -0.9091
vn -0.6069 0.0000 -0.7948
vn -0.7660 0.0000 -0.6428
vn 0.9973 0.0000 0.0740
vn 0.9369 0.0000 0.3496
vn 0.7660 0.0000 0.6428
vn 0.9853 0.1547 0.0722
vn 0.9256 0.1613 0.3425
vn 0.7564 0.1584 0.6347
vn 0.7284 0.3095 0.6112
vn 0.8884 0.3116 0.3372
vn 0.9499 0.3039 0.0728
vn 0.1296 0.9902 0.0510
vn 0.1609 0.9869 0.0133
vn 0.3275 0.9446 0.0227
vn 0.3030 0.9470 0.1072
vn 0.2475 0.9464 0.2076
vn 0.1168 0.9883 0.0980
vn 0.0631 -0.9884 0.1385
vn 0.0924 -0.9883 0.1212
vn 0.1335 -0.9464 0.2941
vn 0.1957 -0.9464 0.2570
vn 0.2475 -0.9464 0.2076
vn 0.1168 -0.9883 0.0980
vn -0.4116 0.1550 -0.8981
vn -0.5996 0.1550 -0.7852
vn -0.7568 0.1550 -0.6350
vn -0.7284 0.3095 -0.6112
vn -0.5770 0.3095 -0.7558
vn -0.3959 0.3096 -0.8645
vn -0.2103 0.0000 -0.9776
vn -0.2078 0.1550 -0.9658
vn -0.1998 0.3094 -0.9297
vn -0.9303 0.0000 -0.3668
vn -0.9303 -0.0000 -0.3668
vn 0.0319 -0.9882 0.1498
vn 0.0670 -0.9463 0.3162
vn 0.1604 0.9871 0.0007
vn 0.1624 0.9867 0.0023
vn 0.3186 0.9479 0.0014
vn 0.3218 0.9468 0.0041
vn -0.1961 0.9464 -0.2567
vn -0.2475 0.9464 -0.2076
vn -0.1340 0.9846 -0.1124
vn -0.1061 0.9846 -0.1390
vn -0.0728 0.9846 -0.1592
vn -0.1346 0.9464 -0.2936
vn -0.0681 0.9463 -0.3159
vn -0.0366 0.9847 -0.1706
vn -0.3219 0.9467 -0.0067
vn -0.3185 0.9479 -0.0025
vn -0.1627 0.9867 -0.0013
vn -0.1641 0.9864 -0.0031
vn -0.1716 0.9850 -0.0155
vn -0.3256 0.9449 -0.0343
vn -0.1722 0.9829 -0.0650
vn -0.2969 0.9471 -0.1216
vn -0.2969 -0.9471 -0.1216
vn -0.2475 -0.9464 -0.2076
vn -0.1340 -0.9846 -0.1124
vn -0.1722 -0.9829 -0.0650
vn -0.1716 -0.9850 -0.0155
vn -0.3256 -0.9449 -0.0343
vn -0.3219 -0.9467 -0.0067
vn -0.1641 -0.9864 -0.0031
vn -0.1627 -0.9867 -0.0013
vn -0.3185 -0.9479 -0.0025
vn -0.0681 -0.9463 -0.3159
vn -0.0366 -0.9847 -0.1706
vn -0.0728 -0.9846 -0.1592
vn -0.1346 -0.9464 -0.2936
vn -0.1961 -0.9464 -0.2567
vn -0.1061 -0.9846 -0.1390
vn 1.0000 0.0000 0.0042
vn 0.9999 0.0000 0.0129
vn 0.9256 -0.1613 0.3425
vn 0.9853 -0.1547 0.0722
vn 0.9499 -0.3039 0.0728
vn 0.8884 -0.3116 0.3372
vn 0.7284 -0.3095 0.6112
vn 0.7564 -0.1584 0.6347
vn 0.9873 -0.1591 0.0042
vn 0.9495 -0.3139 0.0040
vn 0.9505 -0.3104 0.0125
vn 0.9875 -0.1574 0.0126
vn 0.4085 -0.1585 0.8989
vn 0.3937 -0.3096 0.8655
vn 0.1976 -0.3094 0.9302
vn 0.2049 -0.1582 0.9659
vn 0.5763 -0.3096 0.7563
vn 0.5983 -0.1585 0.7854
vn 0.6060 0.0000 0.7954
vn 0.9873 0.1591 0.0042
vn 0.9875 0.1574 0.0126
vn 0.9505 0.3104 0.0125
vn 0.9495 0.3139 0.0040
vn -0.4116 -0.1550 -0.8981
vn -0.3959 -0.3096 -0.8645
vn -0.5770 -0.3095 -0.7558
vn -0.5996 -0.1550 -0.7852
vn -0.7284 -0.3095 -0.6112
vn -0.7568 -0.1550 -0.6350
vn -0.1998 -0.3094 -0.9297
vn -0.2078 -0.1550 -0.9658
vn -0.9833 -0.1537 -0.0974
vn -0.9478 -0.3058 -0.0905
vn -0.9503 -0.3109 -0.0188
vn -0.9874 -0.1571 -0.0199
vn -0.9494 -0.3139 -0.0077
vn -0.9873 -0.1588 -0.0080
vn -0.8856 -0.3115 -0.3445
vn -0.9184 -0.1546 -0.3642
vn 0.5983 0.1585 0.7854
vn 0.4085 0.1585 0.8989
vn 0.3937 0.3096 0.8655
vn 0.5763 0.3096 0.7563
vn 0.0924 0.9883 0.1212
vn 0.1957 0.9464 0.2570
vn 0.1335 0.9464 0.2941
vn 0.0631 0.9884 0.1385
vn 0.1296 -0.9902 0.0510
vn 0.3030 -0.9470 0.1072
vn 0.3275 -0.9446 0.0227
vn 0.1609 -0.9869 0.0133
vn -0.9184 0.1546 -0.3642
vn -0.8856 0.3115 -0.3445
vn 0.1624 -0.9867 0.0023
vn 0.3218 -0.9468 0.0041
vn 0.3186 -0.9479 0.0014
vn 0.1604 -0.9871 0.0007
vn 0.0319 0.9882 0.1498
vn 0.0670 0.9463 0.3162
vn 0.2049 0.1582 0.9659
vn 0.1976 0.3094 0.9302
# 328 vertex normals

vt 0.0861 0.8264 0.0000
vt 0.0838 0.8270 0.0000
vt 0.0811 0.7080 0.0000
vt 0.0834 0.7077 0.0000
vt 0.0804 0.5551 0.0000
vt 0.0828 0.5551 0.0000
vt 0.0852 0.5551 0.0000
vt 0.0858 0.7074 0.0000
vt 0.0883 0.8257 0.0000
vt 0.2023 0.4679 0.0000
vt 0.2033 0.4701 0.0000
vt 0.1846 0.4761 0.0000
vt 0.1841 0.4739 0.0000
vt 0.1648 0.4782 0.0000
vt 0.1648 0.4759 0.0000
vt 0.1648 0.4736 0.0000
vt 0.1836 0.4716 0.0000
vt 0.2013 0.4658 0.0000
vt 0.2102 0.4849 0.0000
vt 0.2112 0.4870 0.0000
vt 0.1886 0.4944 0.0000
vt 0.1881 0.4921 0.0000
vt 0.1648 0.4969 0.0000
vt 0.1648 0.4946 0.0000
vt 0.1648 0.4923 0.0000
vt 0.1876 0.4898 0.0000
vt 0.2092 0.4828 0.0000
vt 0.0680 0.8316 0.0000
vt 0.0657 0.8323 0.0000
vt 0.0623 0.7105 0.0000
vt 0.0646 0.7102 0.0000
vt 0.0612 0.5550 0.0000
vt 0.0636 0.5550 0.0000
vt 0.0660 0.5550 0.0000
vt 0.0670 0.7099 0.0000
vt 0.0702 0.8310 0.0000
vt 0.8726 0.0642 0.0000
vt 0.8536 0.0642 0.0000
vt 0.8536 0.0665 0.0000
vt 0.8726 0.0665 0.0000
vt 0.8536 0.0689 0.0000
vt 0.8726 0.0689 0.0000
vt 0.8918 0.0689 0.0000
vt 0.8918 0.0665 0.0000
vt 0.8918 0.0642 0.0000
vt 0.8726 0.0833 0.0000
vt 0.8536 0.0833 0.0000
vt 0.8536 0.0857 0.0000
vt 0.8726 0.0857 0.0000
vt 0.8536 0.0881 0.0000
vt 0.8726 0.0881 0.0000
vt 0.8918 0.0881 0.0000
vt 0.8918 0.0857 0.0000
vt 0.8918 0.0833 0.0000
vt 0.6329 0.1123 0.0000
vt 0.7575 0.1123 0.0000
vt 0.7575 0.1099 0.0000
vt 0.6329 0.1099 0.0000
vt 0.7575 0.1075 0.0000
vt 0.6329 0.1075 0.0000
vt 0.4755 0.1075 0.0000
vt 0.4755 0.1099 0.0000
vt 0.4755 0.1123 0.0000
vt 0.6329 0.1218 0.0000
vt 0.7575 0.1218 0.0000
vt 0.7575 0.1195 0.0000
vt 0.6329 0.1195 0.0000
vt 0.7575 0.1171 0.0000
vt 0.6329 0.1171 0.0000
vt 0.4755 0.1171 0.0000
vt 0.4755 0.1194 0.0000
vt 0.4755 0.1218 0.0000
vt 0.8700 0.1218 0.0000
vt 0.8968 0.1218 0.0000
vt 0.8968 0.1195 0.0000
vt 0.8700 0.1195 0.0000
vt 0.8968 0.1171 0.0000
vt 0.8700 0.1171 0.0000
vt 0.8434 0.1171 0.0000
vt 0.8434 0.1195 0.0000
vt 0.8434 0.1218 0.0000
vt 0.8700 0.1123 0.0000
vt 0.8968 0.1123 0.0000
vt 0.8968 0.1099 0.0000
vt 0.8700 0.1099 0.0000
vt 0.8968 0.1075 0.0000
vt 0.8700 0.1075 0.0000
vt 0.8434 0.1075 0.0000
vt 0.8434 0.1099 0.0000
vt 0.8434 0.1123 0.0000
vt 0.8726 0.0737 0.0000
vt 0.8536 0.0737 0.0000
vt 0.8536 0.0761 0.0000
vt 0.8726 0.0761 0.0000
vt 0.8536 0.0785 0.0000
vt 0.8726 0.0785 0.0000
vt 0.8918 0.0785 0.0000
vt 0.8918 0.0761 0.0000
vt 0.8918 0.0737 0.0000
vt 0.7984 0.0737 0.0000
vt 0.7466 0.0737 0.0000
vt 0.7466 0.0761 0.0000
vt 0.7984 0.0761 0.0000
vt 0.7466 0.0785 0.0000
vt 0.7984 0.0785 0.0000
vt 0.8167 0.0785 0.0000
vt 0.8167 0.0761 0.0000
vt 0.8167 0.0737 0.0000
vt 0.7984 0.0833 0.0000
vt 0.7466 0.0833 0.0000
vt 0.7466 0.0857 0.0000
vt 0.7984 0.0857 0.0000
vt 0.7466 0.0881 0.0000
vt 0.7984 0.0881 0.0000
vt 0.8167 0.0881 0.0000
vt 0.8167 0.0857 0.0000
vt 0.8167 0.0833 0.0000
vt 0.8726 0.0546 0.0000
vt 0.8536 0.0546 0.0000
vt 0.8536 0.0570 0.0000
vt 0.8726 0.0570 0.0000
vt 0.8536 0.0594 0.0000
vt 0.8726 0.0594 0.0000
vt 0.8918 0.0594 0.0000
vt 0.8918 0.0570 0.0000
vt 0.8918 0.0546 0.0000
vt 0.7984 0.0546 0.0000
vt 0.7466 0.0546 0.0000
vt 0.7466 0.0570 0.0000
vt 0.7984 0.0570 0.0000
vt 0.7466 0.0594 0.0000
vt 0.7984 0.0594 0.0000
vt 0.8167 0.0594 0.0000
vt 0.8167 0.0570 0.0000
vt 0.8167 0.0546 0.0000
vt 0.7984 0.0642 0.0000
vt 0.7466 0.0642 0.0000
vt 0.7466 0.0665 0.0000
vt 0.7984 0.0665 0.0000
vt 0.7466 0.0689 0.0000
vt 0.7984 0.0689 0.0000
vt 0.8167 0.0689 0.0000
vt 0.8167 0.0665 0.0000
vt 0.8167 0.0642 0.0000
vt 0.1245 0.9318 0.0000
vt 0.1235 0.9339 0.0000
vt 0.1036 0.9219 0.0000
vt 0.1050 0.9200 0.0000
vt 0.0869 0.9060 0.0000
vt 0.0887 0.9045 0.0000
vt 0.0905 0.9030 0.0000
vt 0.1064 0.9182 0.0000
vt 0.1255 0.9297 0.0000
vt 0.1205 0.9402 0.0000
vt 0.1195 0.9424 0.0000
vt 0.0979 0.9293 0.0000
vt 0.0993 0.9275 0.0000
vt 0.0797 0.9120 0.0000
vt 0.0815 0.9105 0.0000
vt 0.0833 0.9090 0.0000
vt 0.1007 0.9256 0.0000
vt 0.1215 0.9381 0.0000
vt 0.0589 0.8342 0.0000
vt 0.0567 0.8349 0.0000
vt 0.0528 0.7117 0.0000
vt 0.0552 0.7114 0.0000
vt 0.0517 0.5549 0.0000
vt 0.0541 0.5549 0.0000
vt 0.0565 0.5550 0.0000
vt 0.0575 0.7111 0.0000
vt 0.0612 0.8336 0.0000
vt 0.2586 0.4388 0.0000
vt 0.2668 0.3847 0.0000
vt 0.2690 0.3854 0.0000
vt 0.2606 0.4399 0.0000
vt 0.2478 0.4591 0.0000
vt 0.2461 0.4576 0.0000
vt 0.2443 0.4561 0.0000
vt 0.2565 0.4377 0.0000
vt 0.2645 0.3841 0.0000
vt 0.2142 0.4934 0.0000
vt 0.2152 0.4955 0.0000
vt 0.1907 0.5035 0.0000
vt 0.1902 0.5012 0.0000
vt 0.1648 0.5063 0.0000
vt 0.1648 0.5040 0.0000
vt 0.1648 0.5016 0.0000
vt 0.1897 0.4990 0.0000
vt 0.2132 0.4913 0.0000
vt 0.2420 0.4302 0.0000
vt 0.2487 0.3795 0.0000
vt 0.2509 0.3802 0.0000
vt 0.2441 0.4313 0.0000
vt 0.2335 0.4471 0.0000
vt 0.2317 0.4456 0.0000
vt 0.2299 0.4441 0.0000
vt 0.2399 0.4291 0.0000
vt 0.2464 0.3789 0.0000
vt 0.2503 0.4345 0.0000
vt 0.2577 0.3821 0.0000
vt 0.2600 0.3828 0.0000
vt 0.2523 0.4356 0.0000
vt 0.2407 0.4531 0.0000
vt 0.2389 0.4516 0.0000
vt 0.2371 0.4501 0.0000
vt 0.2482 0.4334 0.0000
vt 0.2555 0.3815 0.0000
vt 0.2063 0.4764 0.0000
vt 0.2073 0.4785 0.0000
vt 0.1866 0.4853 0.0000
vt 0.1861 0.4830 0.0000
vt 0.1648 0.4876 0.0000
vt 0.1648 0.4853 0.0000
vt 0.1648 0.4829 0.0000
vt 0.1856 0.4807 0.0000
vt 0.2053 0.4743 0.0000
vt 0.1324 0.9148 0.0000
vt 0.1314 0.9169 0.0000
vt 0.1149 0.9071 0.0000
vt 0.1164 0.9052 0.0000
vt 0.1012 0.8939 0.0000
vt 0.1030 0.8924 0.0000
vt 0.1048 0.8909 0.0000
vt 0.1178 0.9034 0.0000
vt 0.1334 0.9127 0.0000
vt 0.1284 0.9233 0.0000
vt 0.1275 0.9254 0.0000
vt 0.1092 0.9145 0.0000
vt 0.1107 0.9126 0.0000
vt 0.0940 0.9000 0.0000
vt 0.0958 0.8984 0.0000
vt 0.0976 0.8969 0.0000
vt 0.1121 0.9108 0.0000
vt 0.1294 0.9212 0.0000
vt 0.0770 0.8290 0.0000
vt 0.0748 0.8296 0.0000
vt 0.0717 0.7092 0.0000
vt 0.0740 0.7089 0.0000
vt 0.0708 0.5550 0.0000
vt 0.0732 0.5551 0.0000
vt 0.0756 0.5551 0.0000
vt 0.0764 0.7086 0.0000
vt 0.0793 0.8283 0.0000
vt 0.6329 0.1027 0.0000
vt 0.7575 0.1027 0.0000
vt 0.7575 0.1003 0.0000
vt 0.6329 0.1003 0.0000
vt 0.7575 0.0979 0.0000
vt 0.6329 0.0979 0.0000
vt 0.4755 0.0979 0.0000
vt 0.4755 0.1003 0.0000
vt 0.4755 0.1027 0.0000
vt 0.8700 0.1027 0.0000
vt 0.8968 0.1027 0.0000
vt 0.8968 0.1003 0.0000
vt 0.8700 0.1003 0.0000
vt 0.8968 0.0979 0.0000
vt 0.8700 0.0979 0.0000
vt 0.8434 0.0979 0.0000
vt 0.8434 0.1003 0.0000
vt 0.8434 0.1027 0.0000
vt 0.8968 0.0955 0.0000
vt 0.8700 0.0955 0.0000
vt 0.8968 0.0931 0.0000
vt 0.8700 0.0931 0.0000
vt 0.8434 0.0931 0.0000
vt 0.8434 0.0955 0.0000
vt 0.9241 0.0979 0.0000
vt 0.9517 0.0979 0.0000
vt 0.9517 0.0955 0.0000
vt 0.9241 0.0955 0.0000
vt 0.9517 0.0931 0.0000
vt 0.9241 0.0931 0.0000
vt 0.9517 0.0907 0.0000
vt 0.9241 0.0907 0.0000
vt 0.9517 0.0883 0.0000
vt 0.9241 0.0883 0.0000
vt 0.8968 0.0883 0.0000
vt 0.8968 0.0907 0.0000
vt 0.8968 0.1051 0.0000
vt 0.8700 0.1051 0.0000
vt 0.8434 0.1051 0.0000
vt 0.9241 0.1075 0.0000
vt 0.9517 0.1075 0.0000
vt 0.9517 0.1051 0.0000
vt 0.9241 0.1051 0.0000
vt 0.9517 0.1027 0.0000
vt 0.9241 0.1027 0.0000
vt 0.9517 0.1003 0.0000
vt 0.9241 0.1003 0.0000
vt 0.7575 0.1051 0.0000
vt 0.6329 0.1051 0.0000
vt 0.4755 0.1051 0.0000
vt 0.8168 0.1075 0.0000
vt 0.8168 0.1051 0.0000
vt 0.8168 0.1027 0.0000
vt 0.8168 0.1003 0.0000
vt 0.8168 0.0979 0.0000
vt 0.0824 0.8824 0.0000
vt 0.0845 0.8814 0.0000
vt 0.0865 0.8803 0.0000
vt 0.0923 0.9015 0.0000
vt 0.0782 0.8846 0.0000
vt 0.0803 0.8835 0.0000
vt 0.0725 0.8303 0.0000
vt 0.1700 0.9321 0.0000
vt 0.1700 0.9345 0.0000
vt 0.1481 0.9322 0.0000
vt 0.1486 0.9299 0.0000
vt 0.1491 0.9276 0.0000
vt 0.1700 0.9298 0.0000
vt 0.1700 0.9368 0.0000
vt 0.1700 0.9392 0.0000
vt 0.1471 0.9367 0.0000
vt 0.1476 0.9344 0.0000
vt 0.1265 0.9275 0.0000
vt 0.1078 0.9163 0.0000
vt 0.1700 0.9228 0.0000
vt 0.1700 0.9251 0.0000
vt 0.1501 0.9230 0.0000
vt 0.1506 0.9208 0.0000
vt 0.1511 0.9185 0.0000
vt 0.1700 0.9205 0.0000
vt 0.1700 0.9275 0.0000
vt 0.1496 0.9253 0.0000
vt 0.1304 0.9191 0.0000
vt 0.1135 0.9089 0.0000
vt 0.0994 0.8954 0.0000
vt 0.2255 0.4676 0.0000
vt 0.2241 0.4658 0.0000
vt 0.2226 0.4639 0.0000
vt 0.2425 0.4546 0.0000
vt 0.2283 0.4713 0.0000
vt 0.2269 0.4695 0.0000
vt 0.2083 0.4807 0.0000
vt 0.1871 0.4876 0.0000
vt 0.1648 0.4899 0.0000
vt 0.2616 0.1082 0.0000
vt 0.2640 0.1082 0.0000
vt 0.2631 0.2624 0.0000
vt 0.2608 0.2621 0.0000
vt 0.2584 0.2618 0.0000
vt 0.2592 0.1082 0.0000
vt 0.2664 0.1081 0.0000
vt 0.2688 0.1081 0.0000
vt 0.2678 0.2630 0.0000
vt 0.2655 0.2627 0.0000
vt 0.2622 0.3834 0.0000
vt 0.2544 0.4367 0.0000
vt 0.2520 0.1082 0.0000
vt 0.2544 0.1082 0.0000
vt 0.2537 0.2612 0.0000
vt 0.2514 0.2609 0.0000
vt 0.2490 0.2606 0.0000
vt 0.2496 0.1082 0.0000
vt 0.2568 0.1082 0.0000
vt 0.2561 0.2615 0.0000
vt 0.2532 0.3808 0.0000
vt 0.2461 0.4323 0.0000
vt 0.2353 0.4486 0.0000
vt 0.2532 0.4636 0.0000
vt 0.2550 0.4651 0.0000
vt 0.2369 0.4824 0.0000
vt 0.2354 0.4806 0.0000
vt 0.2340 0.4787 0.0000
vt 0.2514 0.4621 0.0000
vt 0.2568 0.4666 0.0000
vt 0.2586 0.4681 0.0000
vt 0.2397 0.4861 0.0000
vt 0.2383 0.4843 0.0000
vt 0.2171 0.4997 0.0000
vt 0.2162 0.4976 0.0000
vt 0.1917 0.5081 0.0000
vt 0.1912 0.5058 0.0000
vt 0.1648 0.5110 0.0000
vt 0.1648 0.5086 0.0000
vt 0.2808 0.1081 0.0000
vt 0.2832 0.1080 0.0000
vt 0.2819 0.2648 0.0000
vt 0.2796 0.2645 0.0000
vt 0.2781 0.3880 0.0000
vt 0.2758 0.3874 0.0000
vt 0.2736 0.3867 0.0000
vt 0.2772 0.2642 0.0000
vt 0.2784 0.1081 0.0000
vt 0.2712 0.1081 0.0000
vt 0.2736 0.1081 0.0000
vt 0.2725 0.2636 0.0000
vt 0.2702 0.2633 0.0000
vt 0.2760 0.1081 0.0000
vt 0.2749 0.2639 0.0000
vt 0.2713 0.3861 0.0000
vt 0.2627 0.4410 0.0000
vt 0.2648 0.4421 0.0000
vt 0.2496 0.4606 0.0000
vt 0.0658 0.8911 0.0000
vt 0.0679 0.8900 0.0000
vt 0.0699 0.8889 0.0000
vt 0.0779 0.9135 0.0000
vt 0.0761 0.9150 0.0000
vt 0.0617 0.8932 0.0000
vt 0.0637 0.8922 0.0000
vt 0.0521 0.8362 0.0000
vt 0.0544 0.8355 0.0000
vt 0.0481 0.7123 0.0000
vt 0.0505 0.7120 0.0000
vt 0.0469 0.5549 0.0000
vt 0.0493 0.5549 0.0000
vt 0.1700 0.9509 0.0000
vt 0.1700 0.9532 0.0000
vt 0.1440 0.9504 0.0000
vt 0.1446 0.9481 0.0000
vt 0.1451 0.9459 0.0000
vt 0.1700 0.9485 0.0000
vt 0.1700 0.9555 0.0000
vt 0.1700 0.9579 0.0000
vt 0.1430 0.9550 0.0000
vt 0.1435 0.9527 0.0000
vt 0.1176 0.9466 0.0000
vt 0.1186 0.9445 0.0000
vt 0.0950 0.9330 0.0000
vt 0.0964 0.9312 0.0000
vt 0.1700 0.9415 0.0000
vt 0.1700 0.9438 0.0000
vt 0.1461 0.9413 0.0000
vt 0.1466 0.9390 0.0000
vt 0.1700 0.9462 0.0000
vt 0.1456 0.9436 0.0000
vt 0.1225 0.9360 0.0000
vt 0.1021 0.9237 0.0000
vt 0.0851 0.9075 0.0000
vt 0.7466 0.0618 0.0000
vt 0.7984 0.0618 0.0000
vt 0.8167 0.0618 0.0000
vt 0.6278 0.0594 0.0000
vt 0.4755 0.0594 0.0000
vt 0.4755 0.0618 0.0000
vt 0.6278 0.0618 0.0000
vt 0.4755 0.0642 0.0000
vt 0.6278 0.0642 0.0000
vt 0.4755 0.0665 0.0000
vt 0.6278 0.0665 0.0000
vt 0.4755 0.0689 0.0000
vt 0.6278 0.0689 0.0000
vt 0.7984 0.0522 0.0000
vt 0.7984 0.0498 0.0000
vt 0.7466 0.0498 0.0000
vt 0.7466 0.0522 0.0000
vt 0.8167 0.0522 0.0000
vt 0.8167 0.0498 0.0000
vt 0.6278 0.0498 0.0000
vt 0.4755 0.0498 0.0000
vt 0.4755 0.0522 0.0000
vt 0.6278 0.0522 0.0000
vt 0.4755 0.0546 0.0000
vt 0.6278 0.0546 0.0000
vt 0.4755 0.0570 0.0000
vt 0.6278 0.0570 0.0000
vt 0.8726 0.0498 0.0000
vt 0.8536 0.0498 0.0000
vt 0.8536 0.0522 0.0000
vt 0.8726 0.0522 0.0000
vt 0.8918 0.0522 0.0000
vt 0.8918 0.0498 0.0000
vt 0.8350 0.0498 0.0000
vt 0.8350 0.0522 0.0000
vt 0.8350 0.0546 0.0000
vt 0.8350 0.0570 0.0000
vt 0.8350 0.0594 0.0000
vt 0.6278 0.0785 0.0000
vt 0.4755 0.0785 0.0000
vt 0.4755 0.0809 0.0000
vt 0.6278 0.0809 0.0000
vt 0.4755 0.0833 0.0000
vt 0.6278 0.0833 0.0000
vt 0.7466 0.0809 0.0000
vt 0.4755 0.0857 0.0000
vt 0.6278 0.0857 0.0000
vt 0.4755 0.0881 0.0000
vt 0.6278 0.0881 0.0000
vt 0.7466 0.0713 0.0000
vt 0.7984 0.0713 0.0000
vt 0.8167 0.0713 0.0000
vt 0.4755 0.0713 0.0000
vt 0.6278 0.0713 0.0000
vt 0.4755 0.0737 0.0000
vt 0.6278 0.0737 0.0000
vt 0.4755 0.0761 0.0000
vt 0.6278 0.0761 0.0000
vt 0.8536 0.0713 0.0000
vt 0.8726 0.0713 0.0000
vt 0.8918 0.0713 0.0000
vt 0.8350 0.0689 0.0000
vt 0.8350 0.0713 0.0000
vt 0.8350 0.0737 0.0000
vt 0.8350 0.0761 0.0000
vt 0.8350 0.0785 0.0000
vt 0.8968 0.1147 0.0000
vt 0.8700 0.1147 0.0000
vt 0.8434 0.1147 0.0000
vt 0.9241 0.1171 0.0000
vt 0.9517 0.1171 0.0000
vt 0.9517 0.1147 0.0000
vt 0.9241 0.1147 0.0000
vt 0.9517 0.1123 0.0000
vt 0.9241 0.1123 0.0000
vt 0.9517 0.1099 0.0000
vt 0.9241 0.1099 0.0000
vt 0.8700 0.1266 0.0000
vt 0.8968 0.1266 0.0000
vt 0.8968 0.1242 0.0000
vt 0.8700 0.1242 0.0000
vt 0.8434 0.1242 0.0000
vt 0.8434 0.1266 0.0000
vt 0.9241 0.1266 0.0000
vt 0.9517 0.1266 0.0000
vt 0.9517 0.1242 0.0000
vt 0.9241 0.1242 0.0000
vt 0.9517 0.1218 0.0000
vt 0.9241 0.1218 0.0000
vt 0.9517 0.1195 0.0000
vt 0.9241 0.1195 0.0000
vt 0.6329 0.1266 0.0000
vt 0.7575 0.1266 0.0000
vt 0.7575 0.1242 0.0000
vt 0.6329 0.1242 0.0000
vt 0.4755 0.1242 0.0000
vt 0.4755 0.1266 0.0000
vt 0.8168 0.1266 0.0000
vt 0.8168 0.1242 0.0000
vt 0.8168 0.1218 0.0000
vt 0.8168 0.1195 0.0000
vt 0.8168 0.1171 0.0000
vt 0.7575 0.1147 0.0000
vt 0.6329 0.1147 0.0000
vt 0.4755 0.1147 0.0000
vt 0.8168 0.1147 0.0000
vt 0.8168 0.1123 0.0000
vt 0.8168 0.1099 0.0000
vt 0.8536 0.0809 0.0000
vt 0.8726 0.0809 0.0000
vt 0.8918 0.0809 0.0000
vt 0.8167 0.0809 0.0000
vt 0.8350 0.0809 0.0000
vt 0.8350 0.0833 0.0000
vt 0.8350 0.0857 0.0000
vt 0.8350 0.0881 0.0000
vt 0.8350 0.0618 0.0000
vt 0.8350 0.0642 0.0000
vt 0.8536 0.0618 0.0000
vt 0.8350 0.0665 0.0000
vt 0.0741 0.8868 0.0000
vt 0.0762 0.8857 0.0000
vt 0.0720 0.8878 0.0000
vt 0.0635 0.8329 0.0000
vt 0.0599 0.7108 0.0000
vt 0.0588 0.5550 0.0000
vt 0.2312 0.4750 0.0000
vt 0.2297 0.4732 0.0000
vt 0.2326 0.4769 0.0000
vt 0.2122 0.4891 0.0000
vt 0.1891 0.4967 0.0000
vt 0.1648 0.4993 0.0000
vt 0.2198 0.4602 0.0000
vt 0.2184 0.4583 0.0000
vt 0.2169 0.4565 0.0000
vt 0.2212 0.4620 0.0000
vt 0.2043 0.4722 0.0000
vt 0.1851 0.4784 0.0000
vt 0.1648 0.4806 0.0000
vt 0.0907 0.8781 0.0000
vt 0.0928 0.8771 0.0000
vt 0.0948 0.8760 0.0000
vt 0.0886 0.8792 0.0000
vt 0.0816 0.8277 0.0000
vt 0.0787 0.7083 0.0000
vt 0.0780 0.5551 0.0000
vt 0.8168 0.0955 0.0000
vt 0.8168 0.0931 0.0000
vt 0.7575 0.0931 0.0000
vt 0.7575 0.0955 0.0000
vt 0.6329 0.0931 0.0000
vt 0.7575 0.0907 0.0000
vt 0.6329 0.0907 0.0000
vt 0.7575 0.0883 0.0000
vt 0.6329 0.0883 0.0000
vt 0.4755 0.0883 0.0000
vt 0.4755 0.0907 0.0000
vt 0.4755 0.0931 0.0000
vt 0.2669 0.4431 0.0000
vt 0.2689 0.4442 0.0000
vt 0.8700 0.0907 0.0000
vt 0.8700 0.0883 0.0000
vt 0.8434 0.0883 0.0000
vt 0.8434 0.0907 0.0000
vt 0.0693 0.7095 0.0000
vt 0.0684 0.5550 0.0000
vt 0.2856 0.1080 0.0000
vt 0.2880 0.1080 0.0000
vt 0.2867 0.2654 0.0000
vt 0.2843 0.2651 0.0000
vt 0.2826 0.3893 0.0000
vt 0.2803 0.3887 0.0000
vt 0.2710 0.4453 0.0000
vt 0.2731 0.4464 0.0000
vt 0.7984 0.0809 0.0000
vt 0.8726 0.0618 0.0000
vt 0.8918 0.0618 0.0000
vt 0.6329 0.0955 0.0000
vt 0.4755 0.0955 0.0000
vt 0.8168 0.0907 0.0000
vt 0.8168 0.0883 0.0000
vt 0.7576 0.1628 0.0000
vt 0.7576 0.1604 0.0000
vt 0.6329 0.1604 0.0000
vt 0.6329 0.1628 0.0000
vt 0.4755 0.1604 0.0000
vt 0.4755 0.1628 0.0000
vt 0.4755 0.1652 0.0000
vt 0.6329 0.1652 0.0000
vt 0.7576 0.1652 0.0000
vt 0.1409 0.4944 0.0000
vt 0.1183 0.4870 0.0000
vt 0.1193 0.4849 0.0000
vt 0.1414 0.4921 0.0000
vt 0.1203 0.4828 0.0000
vt 0.1419 0.4898 0.0000
vt 0.2778 0.7105 0.0000
vt 0.2743 0.8323 0.0000
vt 0.2720 0.8317 0.0000
vt 0.2755 0.7102 0.0000
vt 0.2698 0.8310 0.0000
vt 0.2731 0.7099 0.0000
vt 0.2742 0.5551 0.0000
vt 0.2765 0.5550 0.0000
vt 0.2789 0.5550 0.0000
vt 0.8535 0.0280 0.0000
vt 0.8535 0.0256 0.0000
vt 0.8726 0.0256 0.0000
vt 0.8726 0.0280 0.0000
vt 0.8918 0.0256 0.0000
vt 0.8918 0.0280 0.0000
vt 0.8918 0.0304 0.0000
vt 0.8726 0.0304 0.0000
vt 0.8535 0.0304 0.0000
vt 0.7576 0.1436 0.0000
vt 0.7576 0.1412 0.0000
vt 0.6329 0.1412 0.0000
vt 0.6329 0.1436 0.0000
vt 0.4755 0.1412 0.0000
vt 0.4755 0.1436 0.0000
vt 0.4755 0.1460 0.0000
vt 0.6329 0.1460 0.0000
vt 0.7576 0.1460 0.0000
vt 0.7576 0.1341 0.0000
vt 0.7576 0.1317 0.0000
vt 0.6329 0.1317 0.0000
vt 0.6329 0.1341 0.0000
vt 0.4755 0.1317 0.0000
vt 0.4755 0.1341 0.0000
vt 0.4755 0.1364 0.0000
vt 0.6329 0.1365 0.0000
vt 0.7576 0.1365 0.0000
vt 0.8969 0.1341 0.0000
vt 0.8969 0.1317 0.0000
vt 0.8700 0.1317 0.0000
vt 0.8700 0.1341 0.0000
vt 0.8434 0.1317 0.0000
vt 0.8434 0.1341 0.0000
vt 0.8434 0.1365 0.0000
vt 0.8700 0.1365 0.0000
vt 0.8969 0.1365 0.0000
vt 0.8969 0.1436 0.0000
vt 0.8969 0.1412 0.0000
vt 0.8700 0.1412 0.0000
vt 0.8700 0.1436 0.0000
vt 0.8434 0.1412 0.0000
vt 0.8434 0.1436 0.0000
vt 0.8434 0.1460 0.0000
vt 0.8700 0.1460 0.0000
vt 0.8969 0.1460 0.0000
vt 0.8535 0.0376 0.0000
vt 0.8535 0.0352 0.0000
vt 0.8726 0.0352 0.0000
vt 0.8726 0.0376 0.0000
vt 0.8918 0.0352 0.0000
vt 0.8918 0.0376 0.0000
vt 0.8918 0.0400 0.0000
vt 0.8726 0.0400 0.0000
vt 0.8535 0.0400 0.0000
vt 0.7466 0.0376 0.0000
vt 0.7466 0.0352 0.0000
vt 0.7984 0.0352 0.0000
vt 0.7984 0.0376 0.0000
vt 0.8167 0.0352 0.0000
vt 0.8167 0.0376 0.0000
vt 0.8167 0.0400 0.0000
vt 0.7984 0.0400 0.0000
vt 0.7466 0.0400 0.0000
vt 0.7466 0.0472 0.0000
vt 0.7466 0.0448 0.0000
vt 0.7984 0.0448 0.0000
vt 0.7984 0.0472 0.0000
vt 0.8167 0.0448 0.0000
vt 0.8167 0.0472 0.0000
vt 0.8167 0.0496 0.0000
vt 0.7984 0.0496 0.0000
vt 0.7466 0.0496 0.0000
vt 0.8535 0.0184 0.0000
vt 0.8535 0.0160 0.0000
vt 0.8726 0.0160 0.0000
vt 0.8726 0.0184 0.0000
vt 0.8918 0.0160 0.0000
vt 0.8918 0.0184 0.0000
vt 0.8918 0.0208 0.0000
vt 0.8726 0.0208 0.0000
vt 0.8535 0.0208 0.0000
vt 0.7466 0.0184 0.0000
vt 0.7466 0.0160 0.0000
vt 0.7984 0.0160 0.0000
vt 0.7984 0.0184 0.0000
vt 0.8167 0.0160 0.0000
vt 0.8167 0.0184 0.0000
vt 0.8167 0.0208 0.0000
vt 0.7984 0.0208 0.0000
vt 0.7466 0.0208 0.0000
vt 0.7466 0.0280 0.0000
vt 0.7466 0.0256 0.0000
vt 0.7984 0.0256 0.0000
vt 0.7984 0.0280 0.0000
vt 0.8167 0.0256 0.0000
vt 0.8167 0.0280 0.0000
vt 0.8167 0.0304 0.0000
vt 0.7984 0.0304 0.0000
vt 0.7466 0.0304 0.0000
vt 0.2364 0.9219 0.0000
vt 0.2164 0.9339 0.0000
vt 0.2154 0.9318 0.0000
vt 0.2350 0.9201 0.0000
vt 0.2145 0.9297 0.0000
vt 0.2335 0.9182 0.0000
vt 0.2495 0.9030 0.0000
vt 0.2513 0.9045 0.0000
vt 0.2531 0.9060 0.0000
vt 0.2421 0.9294 0.0000
vt 0.2204 0.9424 0.0000
vt 0.2194 0.9403 0.0000
vt 0.2407 0.9275 0.0000
vt 0.2184 0.9382 0.0000
vt 0.2392 0.9256 0.0000
vt 0.2567 0.9090 0.0000
vt 0.2584 0.9105 0.0000
vt 0.2602 0.9120 0.0000
vt 0.2872 0.7117 0.0000
vt 0.2833 0.8350 0.0000
vt 0.2811 0.8343 0.0000
vt 0.2849 0.7114 0.0000
vt 0.2788 0.8336 0.0000
vt 0.2825 0.7111 0.0000
vt 0.2837 0.5550 0.0000
vt 0.2861 0.5550 0.0000
vt 0.2885 0.5550 0.0000
vt 0.0709 0.4388 0.0000
vt 0.0689 0.4399 0.0000
vt 0.0605 0.3854 0.0000
vt 0.0627 0.3847 0.0000
vt 0.0650 0.3841 0.0000
vt 0.0730 0.4377 0.0000
vt 0.0852 0.4561 0.0000
vt 0.0834 0.4576 0.0000
vt 0.0817 0.4591 0.0000
vt 0.0626 0.4431 0.0000
vt 0.0606 0.4442 0.0000
vt 0.0514 0.3880 0.0000
vt 0.0537 0.3874 0.0000
vt 0.0559 0.3867 0.0000
vt 0.0647 0.4421 0.0000
vt 0.0781 0.4621 0.0000
vt 0.0763 0.4636 0.0000
vt 0.0745 0.4651 0.0000
vt 0.1388 0.5035 0.0000
vt 0.1143 0.4955 0.0000
vt 0.1153 0.4934 0.0000
vt 0.1393 0.5012 0.0000
vt 0.1163 0.4913 0.0000
vt 0.1399 0.4990 0.0000
vt 0.0875 0.4302 0.0000
vt 0.0855 0.4313 0.0000
vt 0.0786 0.3802 0.0000
vt 0.0808 0.3795 0.0000
vt 0.0831 0.3789 0.0000
vt 0.0896 0.4291 0.0000
vt 0.0996 0.4441 0.0000
vt 0.0978 0.4456 0.0000
vt 0.0960 0.4471 0.0000
vt 0.0792 0.4345 0.0000
vt 0.0772 0.4356 0.0000
vt 0.0695 0.3828 0.0000
vt 0.0718 0.3821 0.0000
vt 0.0740 0.3815 0.0000
vt 0.0813 0.4334 0.0000
vt 0.0924 0.4501 0.0000
vt 0.0906 0.4516 0.0000
vt 0.0888 0.4531 0.0000
vt 0.1429 0.4853 0.0000
vt 0.1222 0.4785 0.0000
vt 0.1232 0.4764 0.0000
vt 0.1434 0.4830 0.0000
vt 0.1242 0.4743 0.0000
vt 0.1439 0.4807 0.0000
vt 0.2250 0.9071 0.0000
vt 0.2085 0.9170 0.0000
vt 0.2075 0.9149 0.0000
vt 0.2236 0.9052 0.0000
vt 0.2066 0.9127 0.0000
vt 0.2222 0.9034 0.0000
vt 0.2352 0.8910 0.0000
vt 0.2370 0.8925 0.0000
vt 0.2387 0.8940 0.0000
vt 0.2307 0.9145 0.0000
vt 0.2125 0.9254 0.0000
vt 0.2115 0.9233 0.0000
vt 0.2293 0.9127 0.0000
vt 0.2105 0.9212 0.0000
vt 0.2279 0.9108 0.0000
vt 0.2423 0.8970 0.0000
vt 0.2441 0.8985 0.0000
vt 0.2459 0.9000 0.0000
vt 0.2684 0.7093 0.0000
vt 0.2652 0.8297 0.0000
vt 0.2630 0.8291 0.0000
vt 0.2661 0.7090 0.0000
vt 0.2607 0.8284 0.0000
vt 0.2637 0.7087 0.0000
vt 0.2646 0.5551 0.0000
vt 0.2670 0.5551 0.0000
vt 0.2694 0.5551 0.0000
vt 0.7576 0.1532 0.0000
vt 0.7576 0.1508 0.0000
vt 0.6329 0.1508 0.0000
vt 0.6329 0.1532 0.0000
vt 0.4755 0.1508 0.0000
vt 0.4755 0.1532 0.0000
vt 0.4755 0.1556 0.0000
vt 0.6329 0.1556 0.0000
vt 0.7576 0.1556 0.0000
vt 0.8969 0.1532 0.0000
vt 0.8969 0.1508 0.0000
vt 0.8700 0.1508 0.0000
vt 0.8700 0.1532 0.0000
vt 0.8434 0.1508 0.0000
vt 0.8434 0.1532 0.0000
vt 0.8434 0.1556 0.0000
vt 0.8700 0.1556 0.0000
vt 0.8969 0.1556 0.0000
vt 0.8969 0.1628 0.0000
vt 0.8969 0.1604 0.0000
vt 0.8700 0.1604 0.0000
vt 0.8700 0.1628 0.0000
vt 0.8434 0.1604 0.0000
vt 0.8434 0.1628 0.0000
vt 0.8434 0.1652 0.0000
vt 0.8700 0.1652 0.0000
vt 0.8969 0.1652 0.0000
vt 0.8969 0.1580 0.0000
vt 0.8700 0.1580 0.0000
vt 0.8434 0.1580 0.0000
vt 0.9517 0.1580 0.0000
vt 0.9517 0.1556 0.0000
vt 0.9241 0.1556 0.0000
vt 0.9241 0.1580 0.0000
vt 0.9241 0.1604 0.0000
vt 0.9517 0.1604 0.0000
vt 0.9517 0.1628 0.0000
vt 0.9241 0.1628 0.0000
vt 0.9241 0.1652 0.0000
vt 0.9517 0.1652 0.0000
vt 0.8969 0.1484 0.0000
vt 0.8700 0.1484 0.0000
vt 0.8434 0.1484 0.0000
vt 0.9517 0.1484 0.0000
vt 0.9517 0.1460 0.0000
vt 0.9242 0.1460 0.0000
vt 0.9242 0.1484 0.0000
vt 0.9242 0.1508 0.0000
vt 0.9517 0.1508 0.0000
vt 0.9517 0.1532 0.0000
vt 0.9241 0.1532 0.0000
vt 0.7576 0.1484 0.0000
vt 0.6329 0.1484 0.0000
vt 0.4755 0.1484 0.0000
vt 0.8168 0.1460 0.0000
vt 0.8168 0.1484 0.0000
vt 0.8168 0.1508 0.0000
vt 0.8168 0.1532 0.0000
vt 0.8168 0.1556 0.0000
vt 0.2576 0.8825 0.0000
vt 0.2555 0.8814 0.0000
vt 0.2534 0.8803 0.0000
vt 0.2617 0.8847 0.0000
vt 0.2477 0.9015 0.0000
vt 0.2597 0.8836 0.0000
vt 0.2675 0.8304 0.0000
vt 0.2708 0.7096 0.0000
vt 0.2718 0.5551 0.0000
vt 0.1918 0.9322 0.0000
vt 0.1913 0.9299 0.0000
vt 0.1908 0.9276 0.0000
vt 0.1928 0.9367 0.0000
vt 0.1923 0.9345 0.0000
vt 0.2135 0.9276 0.0000
vt 0.2321 0.9164 0.0000
vt 0.1898 0.9230 0.0000
vt 0.1893 0.9208 0.0000
vt 0.1888 0.9185 0.0000
vt 0.1903 0.9253 0.0000
vt 0.2095 0.9191 0.0000
vt 0.2264 0.9090 0.0000
vt 0.2405 0.8955 0.0000
vt 0.1040 0.4676 0.0000
vt 0.1055 0.4658 0.0000
vt 0.1069 0.4639 0.0000
vt 0.1012 0.4713 0.0000
vt 0.0870 0.4546 0.0000
vt 0.1026 0.4695 0.0000
vt 0.1213 0.4807 0.0000
vt 0.1424 0.4876 0.0000
vt 0.0664 0.2624 0.0000
vt 0.0655 0.1082 0.0000
vt 0.0679 0.1082 0.0000
vt 0.0687 0.2621 0.0000
vt 0.0703 0.1082 0.0000
vt 0.0711 0.2618 0.0000
vt 0.0617 0.2630 0.0000
vt 0.0607 0.1081 0.0000
vt 0.0631 0.1081 0.0000
vt 0.0640 0.2627 0.0000
vt 0.0673 0.3834 0.0000
vt 0.0751 0.4367 0.0000
vt 0.0758 0.2612 0.0000
vt 0.0751 0.1082 0.0000
vt 0.0775 0.1082 0.0000
vt 0.0781 0.2609 0.0000
vt 0.0799 0.1082 0.0000
vt 0.0805 0.2606 0.0000
vt 0.0727 0.1082 0.0000
vt 0.0734 0.2615 0.0000
vt 0.0763 0.3808 0.0000
vt 0.0834 0.4323 0.0000
vt 0.0942 0.4486 0.0000
vt 0.0927 0.4824 0.0000
vt 0.0941 0.4806 0.0000
vt 0.0955 0.4787 0.0000
vt 0.0898 0.4861 0.0000
vt 0.0709 0.4681 0.0000
vt 0.0727 0.4666 0.0000
vt 0.0912 0.4843 0.0000
vt 0.1133 0.4976 0.0000
vt 0.1124 0.4997 0.0000
vt 0.1378 0.5081 0.0000
vt 0.1383 0.5058 0.0000
vt 0.0476 0.2648 0.0000
vt 0.0463 0.1080 0.0000
vt 0.0487 0.1081 0.0000
vt 0.0499 0.2645 0.0000
vt 0.0511 0.1081 0.0000
vt 0.0523 0.2642 0.0000
vt 0.0429 0.2654 0.0000
vt 0.0416 0.1080 0.0000
vt 0.0439 0.1080 0.0000
vt 0.0452 0.2651 0.0000
vt 0.0492 0.3887 0.0000
vt 0.0469 0.3893 0.0000
vt 0.0585 0.4453 0.0000
vt 0.0564 0.4464 0.0000
vt 0.0570 0.2636 0.0000
vt 0.0559 0.1081 0.0000
vt 0.0583 0.1081 0.0000
vt 0.0593 0.2633 0.0000
vt 0.0535 0.1081 0.0000
vt 0.0546 0.2639 0.0000
vt 0.0582 0.3861 0.0000
vt 0.0668 0.4410 0.0000
vt 0.0799 0.4606 0.0000
vt 0.2742 0.8911 0.0000
vt 0.2721 0.8901 0.0000
vt 0.2700 0.8890 0.0000
vt 0.2783 0.8933 0.0000
vt 0.2638 0.9150 0.0000
vt 0.2620 0.9135 0.0000
vt 0.2762 0.8922 0.0000
vt 0.2856 0.8356 0.0000
vt 0.2879 0.8363 0.0000
vt 0.2919 0.7123 0.0000
vt 0.2896 0.7120 0.0000
vt 0.2909 0.5550 0.0000
vt 0.2933 0.5550 0.0000
vt 0.1959 0.9504 0.0000
vt 0.1954 0.9481 0.0000
vt 0.1949 0.9459 0.0000
vt 0.1969 0.9550 0.0000
vt 0.1964 0.9527 0.0000
vt 0.2214 0.9445 0.0000
vt 0.2224 0.9466 0.0000
vt 0.2449 0.9331 0.0000
vt 0.2435 0.9312 0.0000
vt 0.1939 0.9413 0.0000
vt 0.1933 0.9390 0.0000
vt 0.2174 0.9360 0.0000
vt 0.2378 0.9238 0.0000
vt 0.2549 0.9075 0.0000
vt 0.7466 0.0232 0.0000
vt 0.7984 0.0232 0.0000
vt 0.8167 0.0232 0.0000
vt 0.4755 0.0232 0.0000
vt 0.4755 0.0208 0.0000
vt 0.6278 0.0208 0.0000
vt 0.6278 0.0232 0.0000
vt 0.6278 0.0256 0.0000
vt 0.4755 0.0256 0.0000
vt 0.4755 0.0280 0.0000
vt 0.6278 0.0280 0.0000
vt 0.6278 0.0304 0.0000
vt 0.4755 0.0304 0.0000
vt 0.7984 0.0136 0.0000
vt 0.7466 0.0136 0.0000
vt 0.7466 0.0112 0.0000
vt 0.7984 0.0112 0.0000
vt 0.8167 0.0112 0.0000
vt 0.8167 0.0136 0.0000
vt 0.4755 0.0136 0.0000
vt 0.4755 0.0113 0.0000
vt 0.6278 0.0113 0.0000
vt 0.6278 0.0136 0.0000
vt 0.6278 0.0160 0.0000
vt 0.4755 0.0160 0.0000
vt 0.4755 0.0184 0.0000
vt 0.6278 0.0184 0.0000
vt 0.8535 0.0136 0.0000
vt 0.8535 0.0112 0.0000
vt 0.8726 0.0112 0.0000
vt 0.8726 0.0136 0.0000
vt 0.8918 0.0112 0.0000
vt 0.8918 0.0136 0.0000
vt 0.8350 0.0112 0.0000
vt 0.8350 0.0136 0.0000
vt 0.8350 0.0160 0.0000
vt 0.8350 0.0184 0.0000
vt 0.8350 0.0208 0.0000
vt 0.7466 0.0424 0.0000
vt 0.7984 0.0424 0.0000
vt 0.8167 0.0424 0.0000
vt 0.4755 0.0424 0.0000
vt 0.4755 0.0400 0.0000
vt 0.6278 0.0400 0.0000
vt 0.6278 0.0424 0.0000
vt 0.6278 0.0448 0.0000
vt 0.4755 0.0448 0.0000
vt 0.4755 0.0472 0.0000
vt 0.6278 0.0472 0.0000
vt 0.6278 0.0496 0.0000
vt 0.4755 0.0496 0.0000
vt 0.7466 0.0328 0.0000
vt 0.7984 0.0328 0.0000
vt 0.8167 0.0328 0.0000
vt 0.4755 0.0328 0.0000
vt 0.6278 0.0328 0.0000
vt 0.6278 0.0352 0.0000
vt 0.4755 0.0352 0.0000
vt 0.4755 0.0376 0.0000
vt 0.6278 0.0376 0.0000
vt 0.8535 0.0328 0.0000
vt 0.8726 0.0328 0.0000
vt 0.8918 0.0328 0.0000
vt 0.8350 0.0304 0.0000
vt 0.8350 0.0328 0.0000
vt 0.8350 0.0352 0.0000
vt 0.8350 0.0376 0.0000
vt 0.8350 0.0400 0.0000
vt 0.8969 0.1389 0.0000
vt 0.8700 0.1388 0.0000
vt 0.8434 0.1388 0.0000
vt 0.9517 0.1389 0.0000
vt 0.9517 0.1365 0.0000
vt 0.9242 0.1365 0.0000
vt 0.9242 0.1389 0.0000
vt 0.9242 0.1412 0.0000
vt 0.9517 0.1412 0.0000
vt 0.9517 0.1436 0.0000
vt 0.9242 0.1436 0.0000
vt 0.8969 0.1293 0.0000
vt 0.8969 0.1269 0.0000
vt 0.8700 0.1269 0.0000
vt 0.8700 0.1293 0.0000
vt 0.8434 0.1269 0.0000
vt 0.8434 0.1293 0.0000
vt 0.9517 0.1293 0.0000
vt 0.9517 0.1269 0.0000
vt 0.9242 0.1269 0.0000
vt 0.9242 0.1293 0.0000
vt 0.9242 0.1317 0.0000
vt 0.9517 0.1317 0.0000
vt 0.9517 0.1341 0.0000
vt 0.9242 0.1341 0.0000
vt 0.7576 0.1293 0.0000
vt 0.7576 0.1269 0.0000
vt 0.6329 0.1269 0.0000
vt 0.6329 0.1293 0.0000
vt 0.4755 0.1269 0.0000
vt 0.4755 0.1293 0.0000
vt 0.8168 0.1269 0.0000
vt 0.8168 0.1293 0.0000
vt 0.8168 0.1317 0.0000
vt 0.8168 0.1341 0.0000
vt 0.8168 0.1365 0.0000
vt 0.7576 0.1388 0.0000
vt 0.6329 0.1388 0.0000
vt 0.4755 0.1388 0.0000
vt 0.8168 0.1388 0.0000
vt 0.8168 0.1412 0.0000
vt 0.8168 0.1436 0.0000
vt 0.8535 0.0424 0.0000
vt 0.8726 0.0424 0.0000
vt 0.8918 0.0424 0.0000
vt 0.8918 0.0448 0.0000
vt 0.8726 0.0448 0.0000
vt 0.8535 0.0448 0.0000
vt 0.8350 0.0424 0.0000
vt 0.8350 0.0448 0.0000
vt 0.8350 0.0472 0.0000
vt 0.8535 0.0472 0.0000
vt 0.8535 0.0496 0.0000
vt 0.8350 0.0496 0.0000
vt 0.8535 0.0232 0.0000
vt 0.8726 0.0232 0.0000
vt 0.8918 0.0232 0.0000
vt 0.8350 0.0232 0.0000
vt 0.8350 0.0256 0.0000
vt 0.8350 0.0280 0.0000
vt 0.2659 0.8868 0.0000
vt 0.2638 0.8857 0.0000
vt 0.2679 0.8879 0.0000
vt 0.2765 0.8330 0.0000
vt 0.2802 0.7108 0.0000
vt 0.2813 0.5550 0.0000
vt 0.0983 0.4750 0.0000
vt 0.0998 0.4732 0.0000
vt 0.0969 0.4769 0.0000
vt 0.1173 0.4891 0.0000
vt 0.1404 0.4967 0.0000
vt 0.1097 0.4602 0.0000
vt 0.1111 0.4583 0.0000
vt 0.1126 0.4565 0.0000
vt 0.1282 0.4658 0.0000
vt 0.1272 0.4679 0.0000
vt 0.1262 0.4701 0.0000
vt 0.1083 0.4620 0.0000
vt 0.1252 0.4722 0.0000
vt 0.1444 0.4784 0.0000
vt 0.1449 0.4761 0.0000
vt 0.2493 0.8782 0.0000
vt 0.2472 0.8771 0.0000
vt 0.2451 0.8760 0.0000
vt 0.2517 0.8258 0.0000
vt 0.2539 0.8264 0.0000
vt 0.2562 0.8271 0.0000
vt 0.2514 0.8793 0.0000
vt 0.2584 0.8277 0.0000
vt 0.2614 0.7084 0.0000
vt 0.2590 0.7081 0.0000
vt 0.2598 0.5551 0.0000
vt 0.2622 0.5551 0.0000
vt 0.7576 0.1580 0.0000
vt 0.6329 0.1580 0.0000
vt 0.4755 0.1580 0.0000
vt 0.8168 0.1580 0.0000
vt 0.8168 0.1604 0.0000
vt 0.8168 0.1628 0.0000
vt 0.8168 0.1652 0.0000
vt 0.2567 0.7078 0.0000
vt 0.2543 0.7075 0.0000
vt 0.2550 0.5552 0.0000
vt 0.2574 0.5551 0.0000
vt 0.1454 0.4739 0.0000
vt 0.1459 0.4716 0.0000
vt 0.8726 0.0472 0.0000
vt 0.8918 0.0472 0.0000
vt 0.8918 0.0496 0.0000
vt 0.8726 0.0496 0.0000
vt 0.1944 0.9436 0.0000
# 1190 texture coords

o Cube_000
g Cube_000
usemtl pruerta_uno_01___Default
s off
f 1/1/1 2/2/2 3/3/2 4/4/3 
f 3/3/2 5/5/2 6/6/4 4/4/3 
f 6/6/4 7/7/5 8/8/6 4/4/3 
f 4/4/3 8/8/6 9/9/7 1/1/1 
f 10/10/8 11/11/9 12/12/9 13/13/10 
f 12/12/9 14/14/9 15/15/11 13/13/10 
f 15/15/11 16/16/12 17/17/13 13/13/10 
f 17/17/13 18/18/14 10/10/8 13/13/10 
f 19/19/15 20/20/15 21/21/15 22/22/15 
f 21/21/15 23/23/15 24/24/9 22/22/15 
f 24/24/9 25/25/9 26/26/15 22/22/15 
f 26/26/15 27/27/9 19/19/15 22/22/15 
f 28/28/2 29/29/2 30/30/2 31/31/2 
f 30/30/2 32/32/2 33/33/2 31/31/2 
f 33/33/2 34/34/2 35/35/2 31/31/2 
f 31/31/2 35/35/2 36/36/2 28/28/2 
f 37/37/16 38/38/17 39/39/18 40/40/19 
f 39/39/18 41/41/18 42/42/16 40/40/19 
f 42/42/16 43/43/20 44/44/21 40/40/19 
f 44/44/21 45/45/21 37/37/16 40/40/19 
f 46/46/16 47/47/17 48/48/22 49/49/23 
f 48/48/22 18/50/24 17/51/25 49/49/23 
f 17/51/25 16/52/26 50/53/27 49/49/23 
f 50/53/27 51/54/20 46/46/16 49/49/23 
f 52/55/28 53/56/29 54/57/30 55/58/31 
f 54/57/30 56/59/30 57/60/31 55/58/31 
f 57/60/31 58/61/32 59/62/32 55/58/31 
f 59/62/32 60/63/32 52/55/28 55/58/31 
f 61/64/31 62/65/30 63/66/29 64/67/28 
f 63/66/29 65/68/29 66/69/28 64/67/28 
f 66/69/28 67/70/32 68/71/32 64/67/28 
f 68/71/32 69/72/32 61/64/31 64/67/28 
f 70/73/33 71/74/34 72/75/35 73/76/36 
f 72/75/35 74/77/34 75/78/33 73/76/36 
f 75/78/33 76/79/37 77/80/38 73/76/36 
f 77/80/38 78/81/37 70/73/33 73/76/36 
f 79/82/36 80/83/35 81/84/34 82/85/33 
f 81/84/34 83/86/35 84/87/36 82/85/33 
f 84/87/36 85/88/37 86/89/37 82/85/33 
f 86/89/37 87/90/38 79/82/36 82/85/33 
f 88/91/19 89/92/18 90/93/17 91/94/16 
f 90/93/17 92/95/18 93/96/16 91/94/16 
f 93/96/16 94/97/21 95/98/21 91/94/16 
f 95/98/21 96/99/20 88/91/19 91/94/16 
f 97/100/39 98/101/40 99/102/40 100/103/39 
f 99/102/40 101/104/40 102/105/39 100/103/39 
f 102/105/39 103/106/41 104/107/41 100/103/39 
f 104/107/41 105/108/41 97/100/39 100/103/39 
f 106/109/39 107/110/40 108/111/42 109/112/43 
f 109/112/43 108/111/42 110/113/44 111/114/45 
f 111/114/45 112/115/46 113/116/47 109/112/43 
f 113/116/47 114/117/41 106/109/39 109/112/43 
f 115/118/19 116/119/18 117/120/17 118/121/16 
f 117/120/17 119/122/18 120/123/19 118/121/16 
f 120/123/19 121/124/20 122/125/20 118/121/16 
f 122/125/20 123/126/20 115/118/19 118/121/16 
f 124/127/39 125/128/40 126/129/40 127/130/39 
f 126/129/40 128/131/40 129/132/39 127/130/39 
f 129/132/39 130/133/41 131/134/41 127/130/39 
f 131/134/41 132/135/41 124/127/39 127/130/39 
f 133/136/39 134/137/40 135/138/40 136/139/39 
f 135/138/40 137/140/40 138/141/39 136/139/39 
f 138/141/39 139/142/41 140/143/41 136/139/39 
f 140/143/41 141/144/41 133/136/39 136/139/39 
f 142/145/48 143/146/49 144/147/49 145/148/48 
f 144/147/49 146/149/48 147/150/48 145/148/48 
f 147/150/48 148/151/48 149/152/49 145/148/48 
f 149/152/49 150/153/48 142/145/48 145/148/48 
f 151/154/49 152/155/49 153/156/49 154/157/49 
f 153/156/49 155/158/49 156/159/49 154/157/49 
f 156/159/49 157/160/48 158/161/49 154/157/49 
f 158/161/49 159/162/49 151/154/49 154/157/49 
f 160/163/2 161/164/2 162/165/2 163/166/2 
f 162/165/2 164/167/2 165/168/2 163/166/2 
f 165/168/2 166/169/2 167/170/2 163/166/2 
f 163/166/2 167/170/2 168/171/2 160/163/2 
f 169/172/15 170/173/15 171/174/9 172/175/9 
f 172/175/9 173/176/9 174/177/50 169/172/15 
f 174/177/50 175/178/9 176/179/15 169/172/15 
f 176/179/15 177/180/15 170/173/15 169/172/15 
f 178/181/15 179/182/15 180/183/9 181/184/15 
f 180/183/9 182/185/9 183/186/50 181/184/15 
f 183/186/50 184/187/50 185/188/15 181/184/15 
f 185/188/15 186/189/15 178/181/15 181/184/15 
f 187/190/51 188/191/52 189/192/9 190/193/9 
f 190/193/9 191/194/9 192/195/53 187/190/51 
f 192/195/53 112/196/54 111/197/55 187/190/51 
f 111/197/55 110/198/56 188/191/52 187/190/51 
f 193/199/50 194/200/9 195/201/9 196/202/9 
f 196/202/9 197/203/50 198/204/9 193/199/50 
f 198/204/9 199/205/9 200/206/9 193/199/50 
f 200/206/9 201/207/9 194/200/9 193/199/50 
f 202/208/9 203/209/9 204/210/9 205/211/50 
f 204/210/9 206/212/9 207/213/50 205/211/50 
f 207/213/50 208/214/50 209/215/50 205/211/50 
f 209/215/50 210/216/50 202/208/9 205/211/50 
f 211/217/57 212/218/48 213/219/48 214/220/58 
f 213/219/48 215/221/48 216/222/59 214/220/58 
f 216/222/59 217/223/60 218/224/61 214/220/58 
f 218/224/61 219/225/62 211/217/57 214/220/58 
f 220/226/49 221/227/48 222/228/49 223/229/49 
f 222/228/49 224/230/49 225/231/48 223/229/49 
f 225/231/48 226/232/48 227/233/48 223/229/49 
f 227/233/48 228/234/48 220/226/49 223/229/49 
f 229/235/2 230/236/2 231/237/2 232/238/2 
f 231/237/2 233/239/2 234/240/2 232/238/2 
f 234/240/2 235/241/2 236/242/2 232/238/2 
f 232/238/2 236/242/2 237/243/2 229/235/2 
f 238/244/31 239/245/30 240/246/29 241/247/28 
f 240/246/29 242/248/30 243/249/31 241/247/28 
f 243/249/31 244/250/32 245/251/32 241/247/28 
f 245/251/32 246/252/32 238/244/31 241/247/28 
f 247/253/33 248/254/34 249/255/35 250/256/36 
f 249/255/35 251/257/34 252/258/33 250/256/36 
f 252/258/33 253/259/37 254/260/38 250/256/36 
f 254/260/38 255/261/37 247/253/33 250/256/36 
f 252/258/33 251/257/34 256/262/34 257/263/33 
f 256/262/34 258/264/35 259/265/36 257/263/33 
f 259/265/36 260/266/38 261/267/37 257/263/33 
f 261/267/37 253/259/37 252/258/33 257/263/33 
f 262/268/63 263/269/64 264/270/65 265/271/63 
f 264/270/65 266/272/65 267/273/63 265/271/63 
f 267/273/63 258/264/35 256/262/34 265/271/63 
f 256/262/34 251/257/34 262/268/63 265/271/63 
f 267/273/63 266/272/65 268/274/66 269/275/67 
f 268/274/66 270/276/68 271/277/69 269/275/67 
f 271/277/69 272/278/70 273/279/71 269/275/67 
f 273/279/71 258/264/35 267/273/63 269/275/67 
f 84/87/36 83/86/35 274/280/35 275/281/36 
f 274/280/35 248/254/34 247/253/33 275/281/36 
f 247/253/33 255/261/37 276/282/38 275/281/36 
f 276/282/38 85/88/37 84/87/36 275/281/36 
f 277/283/63 278/284/65 279/285/64 280/286/63 
f 279/285/64 281/287/64 282/288/63 280/286/63 
f 282/288/63 248/254/34 274/280/35 280/286/63 
f 274/280/35 83/86/35 277/283/63 280/286/63 
f 282/288/63 281/287/64 283/289/64 284/290/63 
f 283/289/64 263/269/64 262/268/63 284/290/63 
f 262/268/63 251/257/34 249/255/35 284/290/63 
f 249/255/35 248/254/34 282/288/63 284/290/63 
f 57/60/31 56/59/30 285/291/29 286/292/28 
f 285/291/29 239/245/30 238/244/31 286/292/28 
f 238/244/31 246/252/32 287/293/32 286/292/28 
f 287/293/32 58/61/32 57/60/31 286/292/28 
f 288/294/72 85/88/37 276/282/38 289/295/73 
f 276/282/38 255/261/37 290/296/72 289/295/73 
f 290/296/72 239/245/30 285/291/29 289/295/73 
f 285/291/29 56/59/30 288/294/72 289/295/73 
f 290/296/72 255/261/37 254/260/38 291/297/73 
f 254/260/38 253/259/37 292/298/72 291/297/73 
f 292/298/72 242/248/30 240/246/29 291/297/73 
f 240/246/29 239/245/30 290/296/72 291/297/73 
f 225/231/48 224/230/49 293/299/2 294/300/2 
f 294/300/2 293/299/2 230/236/2 229/235/2 
f 229/235/2 237/243/2 295/301/74 294/300/2 
f 295/301/74 226/232/48 225/231/48 294/300/2 
f 296/302/49 148/151/48 297/303/74 298/304/2 
f 298/304/2 297/303/74 36/36/2 299/305/2 
f 299/305/2 230/236/2 293/299/2 298/304/2 
f 293/299/2 224/230/49 296/302/49 298/304/2 
f 300/306/48 301/307/49 302/308/48 303/309/49 
f 302/308/48 221/227/48 220/226/49 303/309/49 
f 220/226/49 228/234/48 304/310/48 303/309/49 
f 304/310/48 305/311/49 300/306/48 303/309/49 
f 306/312/49 307/313/48 308/314/48 309/315/48 
f 308/314/48 150/153/48 310/316/49 309/315/48 
f 310/316/49 221/227/48 302/308/48 309/315/48 
f 302/308/48 301/307/49 306/312/49 309/315/48 
f 310/316/49 150/153/48 149/152/49 311/317/49 
f 149/152/49 148/151/48 296/302/49 311/317/49 
f 296/302/49 224/230/49 222/228/49 311/317/49 
f 222/228/49 221/227/48 310/316/49 311/317/49 
f 312/318/75 313/319/49 314/320/48 315/321/76 
f 314/320/48 212/218/48 211/217/57 315/321/76 
f 211/217/57 219/225/62 316/322/77 315/321/76 
f 316/322/77 317/323/78 312/318/75 315/321/76 
f 318/324/49 305/311/49 304/310/48 319/325/49 
f 304/310/48 228/234/48 320/326/49 319/325/49 
f 320/326/49 212/218/48 314/320/48 319/325/49 
f 314/320/48 313/319/49 318/324/49 319/325/49 
f 320/326/49 228/234/48 227/233/48 321/327/49 
f 227/233/48 226/232/48 322/328/48 321/327/49 
f 322/328/48 215/221/48 213/219/48 321/327/49 
f 213/219/48 212/218/48 320/326/49 321/327/49 
f 198/204/9 197/203/50 323/329/9 324/330/9 
f 323/329/9 203/209/9 202/208/9 324/330/9 
f 202/208/9 210/216/50 325/331/9 324/330/9 
f 325/331/9 199/205/9 198/204/9 324/330/9 
f 326/332/9 175/178/9 327/333/9 328/334/9 
f 327/333/9 27/27/9 329/335/9 328/334/9 
f 329/335/9 203/209/9 323/329/9 328/334/9 
f 323/329/9 197/203/50 326/332/9 328/334/9 
f 329/335/9 27/27/9 26/26/15 330/336/9 
f 26/26/15 25/25/9 331/337/50 330/336/9 
f 331/337/50 206/212/9 204/210/9 330/336/9 
f 204/210/9 203/209/9 329/335/9 330/336/9 
f 332/338/9 333/339/9 334/340/9 335/341/9 
f 334/340/9 195/201/9 194/200/9 335/341/9 
f 335/341/9 194/200/9 201/207/9 336/342/9 
f 336/342/9 337/343/9 332/338/9 335/341/9 
f 338/344/9 339/345/9 340/346/9 341/347/9 
f 340/346/9 177/180/15 342/348/9 341/347/9 
f 341/347/9 342/348/9 195/201/9 334/340/9 
f 334/340/9 333/339/9 338/344/9 341/347/9 
f 343/349/9 342/348/9 177/180/15 176/179/15 
f 176/179/15 175/178/9 326/332/9 343/349/9 
f 326/332/9 197/203/50 196/202/9 343/349/9 
f 196/202/9 195/201/9 342/348/9 343/349/9 
f 344/350/79 345/351/9 346/352/9 347/353/80 
f 346/352/9 189/192/9 188/191/52 347/353/80 
f 347/353/80 188/191/52 110/198/56 348/354/81 
f 348/354/81 349/355/82 344/350/79 347/353/80 
f 350/356/9 337/343/9 336/342/9 351/357/9 
f 336/342/9 201/207/9 352/358/9 351/357/9 
f 351/357/9 352/358/9 189/192/9 346/352/9 
f 346/352/9 345/351/9 350/356/9 351/357/9 
f 353/359/9 352/358/9 201/207/9 200/206/9 
f 200/206/9 199/205/9 354/360/9 353/359/9 
f 354/360/9 191/194/9 190/193/9 353/359/9 
f 190/193/9 189/192/9 352/358/9 353/359/9 
f 355/361/15 356/362/15 357/363/15 358/364/15 
f 357/363/15 179/182/15 178/181/15 358/364/15 
f 178/181/15 186/189/15 359/365/15 358/364/15 
f 359/365/15 360/366/50 355/361/15 358/364/15 
f 361/367/83 362/368/84 363/369/85 364/370/86 
f 363/369/85 272/371/87 365/372/88 364/370/86 
f 365/372/88 179/182/15 357/363/15 364/370/86 
f 357/363/15 356/362/15 361/367/83 364/370/86 
f 365/372/88 272/371/87 271/373/89 366/374/90 
f 271/373/89 270/375/91 367/376/92 366/374/90 
f 367/376/92 182/185/9 180/183/9 366/374/90 
f 180/183/9 179/182/15 365/372/88 366/374/90 
f 368/377/9 369/378/9 370/379/9 371/380/9 
f 370/379/9 372/381/9 373/382/9 371/380/9 
f 371/380/9 373/382/9 374/383/9 375/384/9 
f 375/384/9 376/385/9 368/377/9 371/380/9 
f 377/386/9 378/387/9 379/388/9 380/389/15 
f 379/388/9 171/174/9 170/173/15 380/389/15 
f 380/389/15 170/173/15 177/180/15 340/346/9 
f 340/346/9 339/345/9 377/386/9 380/389/15 
f 381/390/9 376/385/9 375/384/9 382/391/9 
f 375/384/9 374/383/9 383/392/9 382/391/9 
f 382/391/9 383/392/9 171/174/9 379/388/9 
f 379/388/9 378/387/9 381/390/9 382/391/9 
f 384/393/9 383/392/9 374/383/9 385/394/9 
f 385/394/9 360/366/50 386/395/50 384/393/9 
f 386/395/50 173/176/9 172/175/9 384/393/9 
f 172/175/9 171/174/9 383/392/9 384/393/9 
f 156/159/49 155/158/49 387/396/49 388/397/2 
f 388/397/2 387/396/49 161/164/2 160/163/2 
f 160/163/2 168/171/2 389/398/74 388/397/2 
f 389/398/74 157/160/48 156/159/49 388/397/2 
f 390/399/93 391/400/94 392/401/95 393/402/96 
f 393/402/96 392/401/95 394/403/97 395/404/98 
f 395/404/98 161/164/2 387/396/49 393/402/96 
f 387/396/49 155/158/49 390/399/93 393/402/96 
f 395/404/98 394/403/97 396/405/99 397/406/100 
f 396/405/99 398/407/101 399/408/102 397/406/100 
f 399/408/102 164/167/2 162/165/2 397/406/100 
f 397/406/100 162/165/2 161/164/2 395/404/98 
f 400/409/2 401/410/49 402/411/48 403/412/48 
f 402/411/48 152/155/49 151/154/49 403/412/48 
f 151/154/49 159/162/49 404/413/49 403/412/48 
f 404/413/49 405/414/49 400/409/2 403/412/48 
f 406/415/103 407/416/104 408/417/105 409/418/106 
f 408/417/105 410/419/107 411/420/108 409/418/106 
f 411/420/108 152/155/49 402/411/48 409/418/106 
f 402/411/48 401/410/49 406/415/103 409/418/106 
f 411/420/108 410/419/107 412/421/109 413/422/110 
f 412/421/109 391/400/94 390/399/93 413/422/110 
f 390/399/93 155/158/49 153/156/49 413/422/110 
f 153/156/49 152/155/49 411/420/108 413/422/110 
f 414/423/49 415/424/49 416/425/49 417/426/49 
f 416/425/49 143/146/49 142/145/48 417/426/49 
f 142/145/48 150/153/48 308/314/48 417/426/49 
f 308/314/48 307/313/48 414/423/49 417/426/49 
f 418/427/49 405/414/49 404/413/49 419/428/49 
f 404/413/49 159/162/49 420/429/49 419/428/49 
f 420/429/49 143/146/49 416/425/49 419/428/49 
f 416/425/49 415/424/49 418/427/49 419/428/49 
f 420/429/49 159/162/49 158/161/49 421/430/48 
f 158/161/49 157/160/48 422/431/48 421/430/48 
f 422/431/48 146/149/48 144/147/49 421/430/48 
f 144/147/49 143/146/49 420/429/49 421/430/48 
f 129/132/39 128/131/40 423/432/40 424/433/39 
f 423/432/40 134/137/40 133/136/39 424/433/39 
f 133/136/39 141/144/41 425/434/41 424/433/39 
f 425/434/41 130/133/41 129/132/39 424/433/39 
f 426/435/111 427/436/112 428/437/112 429/438/111 
f 428/437/112 430/439/112 431/440/111 429/438/111 
f 431/440/111 134/137/40 423/432/40 429/438/111 
f 423/432/40 128/131/40 426/435/111 429/438/111 
f 431/440/111 430/439/112 432/441/112 433/442/111 
f 432/441/112 434/443/112 435/444/111 433/442/111 
f 435/444/111 137/140/40 135/138/40 433/442/111 
f 135/138/40 134/137/40 431/440/111 433/442/111 
f 436/445/113 437/446/114 9/447/115 438/448/116 
f 438/448/116 125/128/40 124/127/39 436/445/113 
f 124/127/39 132/135/41 439/449/117 436/445/113 
f 439/449/117 217/450/118 437/446/114 436/445/113 
f 8/451/119 7/452/120 440/453/121 441/454/122 
f 440/453/121 442/455/112 443/456/111 441/454/122 
f 443/456/111 125/128/40 438/448/116 441/454/122 
f 438/448/116 9/447/115 8/451/119 441/454/122 
f 443/456/111 442/455/112 444/457/112 445/458/111 
f 444/457/112 427/436/112 426/435/111 445/458/111 
f 426/435/111 128/131/40 126/129/40 445/458/111 
f 126/129/40 125/128/40 443/456/111 445/458/111 
f 316/459/123 219/460/124 446/461/125 447/462/126 
f 446/461/125 116/119/18 115/118/19 447/462/126 
f 115/118/19 123/126/20 448/463/127 447/462/126 
f 448/463/127 317/464/128 316/459/123 447/462/126 
f 218/465/129 217/450/118 439/449/117 449/466/130 
f 439/449/117 132/135/41 450/467/131 449/466/130 
f 450/467/131 116/119/18 446/461/125 449/466/130 
f 446/461/125 219/460/124 218/465/129 449/466/130 
f 450/467/131 132/135/41 131/134/41 451/468/132 
f 131/134/41 130/133/41 452/469/131 451/468/132 
f 452/469/131 119/122/18 117/120/17 451/468/132 
f 117/120/17 116/119/18 450/467/131 451/468/132 
f 453/470/111 454/471/112 455/472/112 456/473/111 
f 455/472/112 457/474/112 458/475/111 456/473/111 
f 458/475/111 107/110/40 459/476/40 456/473/111 
f 459/476/40 101/104/40 453/470/111 456/473/111 
f 458/475/111 457/474/112 460/477/133 461/478/134 
f 460/477/133 349/479/135 348/480/136 461/478/134 
f 348/480/136 110/113/44 108/111/42 461/478/134 
f 108/111/42 107/110/40 458/475/111 461/478/134 
f 138/141/39 137/140/40 462/481/40 463/482/39 
f 462/481/40 98/101/40 97/100/39 463/482/39 
f 97/100/39 105/108/41 464/483/41 463/482/39 
f 464/483/41 139/142/41 138/141/39 463/482/39 
f 435/444/111 434/443/112 465/484/112 466/485/111 
f 465/484/112 467/486/112 468/487/111 466/485/111 
f 468/487/111 98/101/40 462/481/40 466/485/111 
f 462/481/40 137/140/40 435/444/111 466/485/111 
f 468/487/111 467/486/112 469/488/112 470/489/111 
f 469/488/112 454/471/112 453/470/111 470/489/111 
f 453/470/111 101/104/40 99/102/40 470/489/111 
f 99/102/40 98/101/40 468/487/111 470/489/111 
f 42/42/16 41/41/18 471/490/17 472/491/16 
f 471/490/17 89/92/18 88/91/19 472/491/16 
f 88/91/19 96/99/20 473/492/20 472/491/16 
f 473/492/20 43/43/20 42/42/16 472/491/16 
f 474/493/131 139/142/41 464/483/41 475/494/132 
f 464/483/41 105/108/41 476/495/131 475/494/132 
f 476/495/131 89/92/18 471/490/17 475/494/132 
f 471/490/17 41/41/18 474/493/131 475/494/132 
f 476/495/131 105/108/41 104/107/41 477/496/132 
f 104/107/41 103/106/41 478/497/131 477/496/132 
f 478/497/131 92/95/18 90/93/17 477/496/132 
f 90/93/17 89/92/18 476/495/131 477/496/132 
f 75/78/33 74/77/34 479/498/34 480/499/33 
f 479/498/34 80/83/35 79/82/36 480/499/33 
f 79/82/36 87/90/38 481/500/37 480/499/33 
f 481/500/37 76/79/37 75/78/33 480/499/33 
f 482/501/63 483/502/65 484/503/64 485/504/63 
f 484/503/64 486/505/64 487/506/63 485/504/63 
f 487/506/63 80/83/35 479/498/34 485/504/63 
f 479/498/34 74/77/34 482/501/63 485/504/63 
f 487/506/63 486/505/64 488/507/65 489/508/63 
f 488/507/65 278/284/65 277/283/63 489/508/63 
f 277/283/63 83/86/35 81/84/34 489/508/63 
f 81/84/34 80/83/35 487/506/63 489/508/63 
f 412/509/137 410/510/138 490/511/139 491/512/140 
f 490/511/139 71/74/34 70/73/33 491/512/140 
f 70/73/33 78/81/37 492/513/141 491/512/140 
f 492/513/141 391/514/142 412/509/137 491/512/140 
f 408/515/143 407/516/144 493/517/145 494/518/146 
f 493/517/145 495/519/65 496/520/63 494/518/146 
f 496/520/63 71/74/34 490/511/139 494/518/146 
f 490/511/139 410/510/138 408/515/143 494/518/146 
f 496/520/63 495/519/65 497/521/65 498/522/63 
f 497/521/65 483/502/65 482/501/63 498/522/63 
f 482/501/63 74/77/34 72/75/35 498/522/63 
f 72/75/35 71/74/34 496/520/63 498/522/63 
f 396/523/147 394/524/148 499/525/149 500/526/150 
f 499/525/149 62/65/30 61/64/31 500/526/150 
f 61/64/31 69/72/32 501/527/151 500/526/150 
f 501/527/151 398/528/152 396/523/147 500/526/150 
f 392/529/153 391/514/142 492/513/141 502/530/154 
f 492/513/141 78/81/37 503/531/72 502/530/154 
f 503/531/72 62/65/30 499/525/149 502/530/154 
f 499/525/149 394/524/148 392/529/153 502/530/154 
f 503/531/72 78/81/37 77/80/38 504/532/73 
f 77/80/38 76/79/37 505/533/73 504/532/73 
f 505/533/73 65/68/29 63/66/29 504/532/73 
f 63/66/29 62/65/30 503/531/72 504/532/73 
f 66/69/28 65/68/29 506/534/30 507/535/31 
f 506/534/30 53/56/29 52/55/28 507/535/31 
f 52/55/28 60/63/32 508/536/32 507/535/31 
f 508/536/32 67/70/32 66/69/28 507/535/31 
f 505/533/73 76/79/37 481/500/37 509/537/72 
f 481/500/37 87/90/38 510/538/73 509/537/72 
f 510/538/73 53/56/29 506/534/30 509/537/72 
f 506/534/30 65/68/29 505/533/73 509/537/72 
f 510/538/73 87/90/38 86/89/37 511/539/72 
f 86/89/37 85/88/37 288/294/72 511/539/72 
f 288/294/72 56/59/30 54/57/30 511/539/72 
f 54/57/30 53/56/29 510/538/73 511/539/72 
f 93/96/16 92/95/18 512/540/18 513/541/19 
f 512/540/18 47/47/17 46/46/16 513/541/19 
f 46/46/16 51/54/20 514/542/20 513/541/19 
f 514/542/20 94/97/21 93/96/16 513/541/19 
f 478/497/131 103/106/41 515/543/41 516/544/131 
f 515/543/41 114/117/41 517/545/132 516/544/131 
f 517/545/132 47/47/17 512/540/18 516/544/131 
f 512/540/18 92/95/18 478/497/131 516/544/131 
f 517/545/132 114/117/41 113/116/47 518/546/155 
f 113/116/47 112/115/46 519/547/156 518/546/155 
f 519/547/156 18/50/24 48/48/22 518/546/155 
f 48/48/22 47/47/17 517/545/132 518/546/155 
f 452/469/131 130/133/41 425/434/41 520/548/132 
f 425/434/41 141/144/41 521/549/132 520/548/132 
f 521/549/132 38/38/17 522/550/17 520/548/132 
f 522/550/17 119/122/18 452/469/131 520/548/132 
f 521/549/132 141/144/41 140/143/41 523/551/131 
f 140/143/41 139/142/41 474/493/131 523/551/131 
f 474/493/131 41/41/18 39/39/18 523/551/131 
f 39/39/18 38/38/17 521/549/132 523/551/131 
f 147/150/48 146/149/48 524/552/74 525/553/74 
f 525/553/74 524/552/74 29/29/2 28/28/2 
f 28/28/2 36/36/2 297/303/74 525/553/74 
f 297/303/74 148/151/48 147/150/48 525/553/74 
f 422/431/48 157/160/48 389/398/74 526/554/74 
f 526/554/74 389/398/74 168/171/2 527/555/2 
f 527/555/2 29/29/2 524/552/74 526/554/74 
f 524/552/74 146/149/48 422/431/48 526/554/74 
f 527/555/2 168/171/2 167/170/2 528/556/2 
f 167/170/2 166/169/2 529/557/2 528/556/2 
f 529/557/2 32/32/2 30/30/2 528/556/2 
f 528/556/2 30/30/2 29/29/2 527/555/2 
f 174/177/50 173/176/9 530/558/9 531/559/9 
f 530/558/9 20/20/15 19/19/15 531/559/9 
f 19/19/15 27/27/9 327/333/9 531/559/9 
f 327/333/9 175/178/9 174/177/50 531/559/9 
f 386/395/50 360/366/50 359/365/15 532/560/50 
f 359/365/15 186/189/15 533/561/9 532/560/50 
f 533/561/9 20/20/15 530/558/9 532/560/50 
f 530/558/9 173/176/9 386/395/50 532/560/50 
f 533/561/9 186/189/15 185/188/15 534/562/9 
f 185/188/15 184/187/50 535/563/9 534/562/9 
f 535/563/9 23/23/15 21/21/15 534/562/9 
f 21/21/15 20/20/15 533/561/9 534/562/9 
f 192/195/53 191/194/9 536/564/9 537/565/157 
f 536/564/9 11/11/9 10/10/8 537/565/157 
f 10/10/8 18/18/14 519/566/158 537/565/157 
f 519/566/158 112/196/54 192/195/53 537/565/157 
f 354/360/9 199/205/9 325/331/9 538/567/9 
f 325/331/9 210/216/50 539/568/9 538/567/9 
f 539/568/9 11/11/9 536/564/9 538/567/9 
f 536/564/9 191/194/9 354/360/9 538/567/9 
f 539/568/9 210/216/50 209/215/50 540/569/50 
f 209/215/50 208/214/50 541/570/50 540/569/50 
f 541/570/50 14/14/9 12/12/9 540/569/50 
f 12/12/9 11/11/9 539/568/9 540/569/50 
f 216/222/59 215/221/48 542/571/74 543/572/159 
f 543/572/159 542/571/74 2/2/2 1/1/1 
f 1/1/1 9/9/7 437/573/160 543/572/159 
f 437/573/160 217/223/60 216/222/59 543/572/159 
f 322/328/48 226/232/48 295/301/74 544/574/74 
f 544/574/74 295/301/74 237/243/2 545/575/2 
f 545/575/2 2/2/2 542/571/74 544/574/74 
f 542/571/74 215/221/48 322/328/48 544/574/74 
f 545/575/2 237/243/2 236/242/2 546/576/2 
f 236/242/2 235/241/2 547/577/2 546/576/2 
f 547/577/2 5/5/2 3/3/2 546/576/2 
f 546/576/2 3/3/2 2/2/2 545/575/2 
f 292/298/72 253/259/37 261/267/37 548/578/72 
f 261/267/37 260/266/38 549/579/73 548/578/72 
f 549/579/73 550/580/29 551/581/30 548/578/72 
f 551/581/30 242/248/30 292/298/72 548/578/72 
f 552/582/28 550/580/29 553/583/161 554/584/162 
f 553/583/161 555/585/163 556/586/164 554/584/162 
f 556/586/164 557/587/165 558/588/166 554/584/162 
f 558/588/166 559/589/32 552/582/28 554/584/162 
f 560/590/9 373/382/9 372/381/9 561/591/9 
f 561/591/9 356/362/15 355/361/15 560/590/9 
f 355/361/15 360/366/50 385/394/9 560/590/9 
f 385/394/9 374/383/9 373/382/9 560/590/9 
f 259/265/36 258/264/35 273/279/71 562/592/167 
f 273/279/71 272/278/70 363/593/168 562/592/167 
f 363/593/168 362/594/169 563/595/170 562/592/167 
f 563/595/170 260/266/38 259/265/36 562/592/167 
f 299/305/2 36/36/2 35/35/2 564/596/2 
f 35/35/2 34/34/2 565/597/2 564/596/2 
f 565/597/2 233/239/2 231/237/2 564/596/2 
f 564/596/2 231/237/2 230/236/2 299/305/2 
f 566/598/171 557/599/172 556/600/173 567/601/174 
f 556/600/173 555/602/175 568/603/176 567/601/174 
f 567/601/174 568/603/176 372/381/9 370/379/9 
f 370/379/9 369/378/9 566/598/171 567/601/174 
f 569/604/177 568/603/176 555/602/175 570/605/178 
f 570/605/178 362/368/84 361/367/83 569/604/177 
f 361/367/83 356/362/15 561/591/9 569/604/177 
f 561/591/9 372/381/9 568/603/176 569/604/177 
f 102/105/39 101/104/40 459/476/40 571/606/39 
f 459/476/40 107/110/40 106/109/39 571/606/39 
f 106/109/39 114/117/41 515/543/41 571/606/39 
f 515/543/41 103/106/41 102/105/39 571/606/39 
f 120/123/19 119/122/18 522/550/17 572/607/16 
f 522/550/17 38/38/17 37/37/16 572/607/16 
f 37/37/16 45/45/21 573/608/20 572/607/16 
f 573/608/20 121/124/20 120/123/19 572/607/16 
f 243/249/31 242/248/30 551/581/30 574/609/31 
f 551/581/30 550/580/29 552/582/28 574/609/31 
f 552/582/28 559/589/32 575/610/32 574/609/31 
f 575/610/32 244/250/32 243/249/31 574/609/31 
f 549/579/73 260/266/38 563/595/170 576/611/179 
f 563/595/170 362/594/169 570/612/180 576/611/179 
f 570/612/180 555/585/163 553/583/161 576/611/179 
f 553/583/161 550/580/29 549/579/73 576/611/179 
f 577/613/181 578/614/182 579/615/183 580/616/184 
f 579/615/183 581/617/185 582/618/186 580/616/184 
f 582/618/186 583/619/187 584/620/188 580/616/184 
f 584/620/188 585/621/189 577/613/181 580/616/184 
f 586/622/15 587/623/190 588/624/15 589/625/9 
f 588/624/15 590/626/9 591/627/9 589/625/9 
f 591/627/9 25/25/9 24/24/9 589/625/9 
f 24/24/9 23/23/15 586/622/15 589/625/9 
f 592/628/49 593/629/49 594/630/49 595/631/49 
f 595/631/49 594/630/49 596/632/49 597/633/49 
f 597/633/49 598/634/49 599/635/49 595/631/49 
f 599/635/49 600/636/49 592/628/49 595/631/49 
f 601/637/191 602/638/191 603/639/192 604/640/192 
f 603/639/192 45/641/21 44/642/21 604/640/192 
f 44/642/21 43/643/20 605/644/192 604/640/192 
f 605/644/192 606/645/191 601/637/191 604/640/192 
f 607/646/193 608/647/182 609/648/183 610/649/194 
f 609/648/183 611/650/185 612/651/185 610/649/194 
f 612/651/185 613/652/185 614/653/194 610/649/194 
f 614/653/194 615/654/193 607/646/193 610/649/194 
f 616/655/182 617/656/193 618/657/194 619/658/183 
f 618/657/194 620/659/185 621/660/185 619/658/183 
f 621/660/185 622/661/185 623/662/183 619/658/183 
f 623/662/183 624/663/182 616/655/182 619/658/183 
f 625/664/195 626/665/195 627/666/196 628/667/196 
f 627/666/196 629/668/197 630/669/197 628/667/196 
f 630/669/197 631/670/197 632/671/196 628/667/196 
f 632/671/196 633/672/195 625/664/195 628/667/196 
f 634/673/195 635/674/195 636/675/196 637/676/196 
f 636/675/196 638/677/197 639/678/197 637/676/196 
f 639/678/197 640/679/197 641/680/196 637/676/196 
f 641/680/196 642/681/195 634/673/195 637/676/196 
f 643/682/191 644/683/191 645/684/192 646/685/192 
f 645/684/192 96/686/20 95/687/21 646/685/192 
f 95/687/21 94/688/21 647/689/192 646/685/192 
f 647/689/192 648/690/191 643/682/191 646/685/192 
f 649/691/198 650/692/198 651/693/199 652/694/199 
f 651/693/199 653/695/200 654/696/200 652/694/199 
f 654/696/200 655/697/200 656/698/199 652/694/199 
f 656/698/199 657/699/198 649/691/198 652/694/199 
f 658/700/201 659/701/198 660/702/199 661/703/202 
f 660/702/199 662/704/200 663/705/203 661/703/202 
f 663/705/203 664/706/204 665/707/205 661/703/202 
f 661/703/202 665/707/205 666/708/206 658/700/201 
f 667/709/191 668/710/191 669/711/192 670/712/192 
f 669/711/192 123/713/20 122/714/20 670/712/192 
f 122/714/20 121/715/20 671/716/192 670/712/192 
f 671/716/192 672/717/191 667/709/191 670/712/192 
f 673/718/198 674/719/198 675/720/199 676/721/199 
f 675/720/199 677/722/200 678/723/200 676/721/199 
f 678/723/200 679/724/200 680/725/199 676/721/199 
f 680/725/199 681/726/198 673/718/198 676/721/199 
f 682/727/198 683/728/198 684/729/199 685/730/199 
f 684/729/199 686/731/200 687/732/200 685/730/199 
f 687/732/200 688/733/200 689/734/199 685/730/199 
f 689/734/199 690/735/198 682/727/198 685/730/199 
f 691/736/49 692/737/49 693/738/48 694/739/49 
f 693/738/48 695/740/48 696/741/48 694/739/49 
f 696/741/48 697/742/49 698/743/49 694/739/49 
f 698/743/49 699/744/48 691/736/49 694/739/49 
f 700/745/48 701/746/48 702/747/48 703/748/48 
f 702/747/48 704/749/2 705/750/2 703/748/48 
f 705/750/2 706/751/48 707/752/48 703/748/48 
f 707/752/48 708/753/49 700/745/48 703/748/48 
f 709/754/49 710/755/49 711/756/49 712/757/49 
f 712/757/49 711/756/49 713/758/49 714/759/49 
f 714/759/49 715/760/49 716/761/49 712/757/49 
f 716/761/49 717/762/49 709/754/49 712/757/49 
f 718/763/9 719/764/15 720/765/15 721/766/9 
f 721/766/9 722/767/9 723/768/9 718/763/9 
f 723/768/9 724/769/50 725/770/50 718/763/9 
f 725/770/50 726/771/50 719/764/15 718/763/9 
f 727/772/15 728/773/15 729/774/15 730/775/15 
f 730/775/15 731/776/15 732/777/15 727/772/15 
f 732/777/15 733/778/50 734/779/9 727/772/15 
f 734/779/9 735/780/50 728/773/15 727/772/15 
f 736/781/9 737/782/9 738/783/9 739/784/9 
f 738/783/9 740/785/9 741/786/9 739/784/9 
f 741/786/9 184/187/50 183/186/50 739/784/9 
f 183/186/50 182/185/9 736/781/9 739/784/9 
f 742/787/207 743/788/190 744/789/15 745/790/208 
f 745/790/208 666/791/209 665/792/210 742/787/207 
f 665/792/210 664/793/211 746/794/212 742/787/207 
f 746/794/212 747/795/50 743/788/190 742/787/207 
f 748/796/15 749/797/190 750/798/15 751/799/15 
f 751/799/15 752/800/15 753/801/15 748/796/15 
f 753/801/15 754/802/9 755/803/9 748/796/15 
f 755/803/9 756/804/50 749/797/190 748/796/15 
f 757/805/9 758/806/9 759/807/9 760/808/9 
f 759/807/9 761/809/9 762/810/50 760/808/9 
f 762/810/50 208/214/50 207/213/50 760/808/9 
f 207/213/50 206/212/9 757/805/9 760/808/9 
f 763/811/48 764/812/48 765/813/213 766/814/214 
f 765/813/213 767/815/215 768/816/216 766/814/214 
f 768/816/216 769/817/217 770/818/218 766/814/214 
f 770/818/218 771/819/48 763/811/48 766/814/214 
f 772/820/48 773/821/49 774/822/48 775/823/48 
f 774/822/48 776/824/48 777/825/49 775/823/48 
f 777/825/49 778/826/48 779/827/49 775/823/48 
f 779/827/49 780/828/48 772/820/48 775/823/48 
f 781/829/49 782/830/49 783/831/49 784/832/49 
f 784/832/49 783/831/49 785/833/49 786/834/49 
f 786/834/49 787/835/49 788/836/49 784/832/49 
f 788/836/49 789/837/49 781/829/49 784/832/49 
f 790/838/182 791/839/193 792/840/194 793/841/183 
f 792/840/194 794/842/185 795/843/185 793/841/183 
f 795/843/185 796/844/185 797/845/183 793/841/183 
f 797/845/183 798/846/182 790/838/182 793/841/183 
f 799/847/195 800/848/195 801/849/196 802/850/196 
f 801/849/196 803/851/197 804/852/197 802/850/196 
f 804/852/197 805/853/197 806/854/196 802/850/196 
f 806/854/196 807/855/195 799/847/195 802/850/196 
f 808/856/219 809/857/195 810/858/196 811/859/220 
f 810/858/196 812/860/197 813/861/221 811/859/220 
f 813/861/221 814/862/222 815/863/223 811/859/220 
f 815/863/223 816/864/224 808/856/219 811/859/220 
f 817/865/195 807/855/195 806/854/196 818/866/196 
f 806/854/196 805/853/197 819/867/197 818/866/196 
f 819/867/197 812/860/197 810/858/196 818/866/196 
f 810/858/196 809/857/195 817/865/195 818/866/196 
f 264/868/65 263/869/64 820/870/225 821/871/225 
f 820/870/225 807/855/195 817/865/195 821/871/225 
f 817/865/195 809/857/195 822/872/225 821/871/225 
f 822/872/225 266/873/65 264/868/65 821/871/225 
f 268/874/66 266/873/65 822/872/225 823/875/226 
f 822/872/225 809/857/195 808/856/219 823/875/226 
f 808/856/219 816/864/224 824/876/227 823/875/226 
f 824/876/227 270/877/68 268/874/66 823/875/226 
f 825/878/195 642/681/195 641/680/196 826/879/196 
f 641/680/196 640/679/197 827/880/197 826/879/196 
f 827/880/197 803/851/197 801/849/196 826/879/196 
f 801/849/196 800/848/195 825/878/195 826/879/196 
f 279/881/64 278/882/65 828/883/225 829/884/225 
f 828/883/225 642/681/195 825/878/195 829/884/225 
f 825/878/195 800/848/195 830/885/225 829/884/225 
f 830/885/225 281/886/64 279/881/64 829/884/225 
f 283/887/64 281/886/64 830/885/225 831/888/225 
f 830/885/225 800/848/195 799/847/195 831/888/225 
f 799/847/195 807/855/195 820/870/225 831/888/225 
f 820/870/225 263/869/64 283/887/64 831/888/225 
f 832/889/182 615/654/193 614/653/194 833/890/183 
f 614/653/194 613/652/185 834/891/185 833/890/183 
f 834/891/185 794/842/185 792/840/194 833/890/183 
f 792/840/194 791/839/193 832/889/182 833/890/183 
f 827/880/197 640/679/197 835/892/228 836/893/229 
f 835/892/228 615/654/193 832/889/182 836/893/229 
f 832/889/182 791/839/193 837/894/228 836/893/229 
f 837/894/228 803/851/197 827/880/197 836/893/229 
f 804/852/197 803/851/197 837/894/228 838/895/229 
f 837/894/228 791/839/193 790/838/182 838/895/229 
f 790/838/182 798/846/182 839/896/229 838/895/229 
f 839/896/229 805/853/197 804/852/197 838/895/229 
f 840/897/49 780/828/48 779/827/49 841/898/49 
f 779/827/49 778/826/48 842/899/49 841/898/49 
f 842/899/49 785/833/49 783/831/49 841/898/49 
f 841/898/49 783/831/49 782/830/49 840/897/49 
f 843/900/49 697/742/49 844/901/48 845/902/48 
f 844/901/48 780/828/48 840/897/49 845/902/48 
f 840/897/49 782/830/49 846/903/49 845/902/48 
f 845/902/48 846/903/49 596/632/49 843/900/49 
f 597/633/49 596/632/49 846/903/49 847/904/49 
f 847/904/49 846/903/49 782/830/49 781/829/49 
f 781/829/49 789/837/49 848/905/49 847/904/49 
f 848/905/49 598/634/49 597/633/49 847/904/49 
f 849/906/49 301/307/49 300/306/48 850/907/48 
f 300/306/48 305/311/49 851/908/48 850/907/48 
f 851/908/48 776/824/48 774/822/48 850/907/48 
f 774/822/48 773/821/49 849/906/49 850/907/48 
f 852/909/48 307/313/48 306/312/49 853/910/49 
f 306/312/49 301/307/49 849/906/49 853/910/49 
f 849/906/49 773/821/49 854/911/49 853/910/49 
f 854/911/49 695/740/48 852/909/48 853/910/49 
f 696/741/48 695/740/48 854/911/49 855/912/49 
f 854/911/49 773/821/49 772/820/48 855/912/49 
f 772/820/48 780/828/48 844/901/48 855/912/49 
f 844/901/48 697/742/49 696/741/48 855/912/49 
f 856/913/48 313/319/49 312/318/75 857/914/230 
f 312/318/75 317/323/78 858/915/231 857/914/230 
f 858/915/231 767/815/215 765/813/213 857/914/230 
f 765/813/213 764/812/48 856/913/48 857/914/230 
f 851/908/48 305/311/49 318/324/49 859/916/49 
f 318/324/49 313/319/49 856/913/48 859/916/49 
f 856/913/48 764/812/48 860/917/48 859/916/49 
f 860/917/48 776/824/48 851/908/48 859/916/49 
f 777/825/49 776/824/48 860/917/48 861/918/49 
f 860/917/48 764/812/48 763/811/48 861/918/49 
f 763/811/48 771/819/48 862/919/48 861/918/49 
f 862/919/48 778/826/48 777/825/49 861/918/49 
f 863/920/50 756/804/50 755/803/9 864/921/9 
f 755/803/9 754/802/9 865/922/9 864/921/9 
f 865/922/9 761/809/9 759/807/9 864/921/9 
f 759/807/9 758/806/9 863/920/50 864/921/9 
f 866/923/9 724/769/50 867/924/50 868/925/9 
f 867/924/50 756/804/50 863/920/50 868/925/9 
f 863/920/50 758/806/9 869/926/9 868/925/9 
f 869/926/9 590/626/9 866/923/9 868/925/9 
f 591/627/9 590/626/9 869/926/9 870/927/50 
f 869/926/9 758/806/9 757/805/9 870/927/50 
f 757/805/9 206/212/9 331/337/50 870/927/50 
f 331/337/50 25/25/9 591/627/9 870/927/50 
f 871/928/15 872/929/15 873/930/15 874/931/15 
f 873/930/15 875/932/15 876/933/15 874/931/15 
f 874/931/15 876/933/15 752/800/15 751/799/15 
f 751/799/15 750/798/15 871/928/15 874/931/15 
f 877/934/15 878/935/15 879/936/15 880/937/15 
f 879/936/15 872/929/15 871/928/15 880/937/15 
f 880/937/15 871/928/15 750/798/15 881/938/15 
f 881/938/15 722/767/9 877/934/15 880/937/15 
f 882/939/190 723/768/9 722/767/9 881/938/15 
f 881/938/15 750/798/15 749/797/190 882/939/190 
f 749/797/190 756/804/50 867/924/50 882/939/190 
f 867/924/50 724/769/50 723/768/9 882/939/190 
f 883/940/15 884/941/15 885/942/232 886/943/233 
f 885/942/232 887/944/234 888/945/235 886/943/233 
f 886/943/233 888/945/235 666/791/209 745/790/208 
f 745/790/208 744/789/15 883/940/15 886/943/233 
f 876/933/15 875/932/15 889/946/15 890/947/15 
f 889/946/15 884/941/15 883/940/15 890/947/15 
f 890/947/15 883/940/15 744/789/15 891/948/15 
f 891/948/15 752/800/15 876/933/15 890/947/15 
f 892/949/190 753/801/15 752/800/15 891/948/15 
f 891/948/15 744/789/15 743/788/190 892/949/190 
f 743/788/190 747/795/50 893/950/9 892/949/190 
f 893/950/9 754/802/9 753/801/15 892/949/190 
f 894/951/50 735/780/50 734/779/9 895/952/9 
f 734/779/9 733/778/50 896/953/9 895/952/9 
f 896/953/9 740/785/9 738/783/9 895/952/9 
f 738/783/9 737/782/9 894/951/50 895/952/9 
f 815/954/236 814/955/237 897/956/238 898/957/239 
f 897/956/238 735/780/50 894/951/50 898/957/239 
f 894/951/50 737/782/9 899/958/240 898/957/239 
f 899/958/240 816/959/241 815/954/236 898/957/239 
f 824/960/242 816/959/241 899/958/240 900/961/243 
f 899/958/240 737/782/9 736/781/9 900/961/243 
f 736/781/9 182/185/9 367/376/92 900/961/243 
f 367/376/92 270/375/91 824/960/242 900/961/243 
f 901/962/15 902/963/15 903/964/15 904/965/15 
f 903/964/15 905/966/15 906/967/15 904/965/15 
f 904/965/15 906/967/15 731/776/15 730/775/15 
f 730/775/15 729/774/15 901/962/15 904/965/15 
f 584/968/244 583/969/245 907/970/246 908/971/247 
f 907/970/246 902/963/15 901/962/15 908/971/247 
f 908/971/247 901/962/15 729/774/15 909/972/248 
f 909/972/248 585/973/249 584/968/244 908/971/247 
f 910/974/250 911/975/251 585/973/249 909/972/248 
f 909/972/248 729/774/15 728/773/15 910/974/250 
f 728/773/15 735/780/50 897/956/238 910/974/250 
f 897/956/238 814/955/237 911/975/251 910/974/250 
f 912/976/15 913/977/15 914/978/15 915/979/9 
f 914/978/15 878/935/15 877/934/15 915/979/9 
f 915/979/9 877/934/15 722/767/9 721/766/9 
f 721/766/9 720/765/15 912/976/15 915/979/9 
f 906/967/15 905/966/15 916/980/15 917/981/15 
f 916/980/15 913/977/15 912/976/15 917/981/15 
f 917/981/15 912/976/15 720/765/15 918/982/15 
f 918/982/15 731/776/15 906/967/15 917/981/15 
f 919/983/15 732/777/15 731/776/15 918/982/15 
f 918/982/15 720/765/15 719/764/15 919/983/15 
f 719/764/15 726/771/50 920/984/50 919/983/15 
f 920/984/50 733/778/50 732/777/15 919/983/15 
f 921/985/49 708/753/49 707/752/48 922/986/49 
f 707/752/48 706/751/48 923/987/49 922/986/49 
f 923/987/49 713/758/49 711/756/49 922/986/49 
f 922/986/49 711/756/49 710/755/49 921/985/49 
f 924/988/252 925/989/253 926/990/254 927/991/255 
f 926/990/254 708/753/49 921/985/49 927/991/255 
f 921/985/49 710/755/49 928/992/256 927/991/255 
f 927/991/255 928/992/256 929/993/257 924/988/252 
f 930/994/258 929/993/257 928/992/256 931/995/259 
f 931/995/259 928/992/256 710/755/49 709/754/49 
f 709/754/49 717/762/49 932/996/260 931/995/259 
f 932/996/260 933/997/261 930/994/258 931/995/259 
f 934/998/48 401/410/49 400/409/2 935/999/2 
f 400/409/2 405/414/49 936/1000/2 935/999/2 
f 936/1000/2 704/749/2 702/747/48 935/999/2 
f 702/747/48 701/746/48 934/998/48 935/999/2 
f 937/1001/262 407/416/104 406/415/103 938/1002/263 
f 406/415/103 401/410/49 934/998/48 938/1002/263 
f 934/998/48 701/746/48 939/1003/264 938/1002/263 
f 939/1003/264 940/1004/265 937/1001/262 938/1002/263 
f 941/1005/266 940/1004/265 939/1003/264 942/1006/267 
f 939/1003/264 701/746/48 700/745/48 942/1006/267 
f 700/745/48 708/753/49 926/990/254 942/1006/267 
f 926/990/254 925/989/253 941/1005/266 942/1006/267 
f 943/1007/49 415/424/49 414/423/49 944/1008/48 
f 414/423/49 307/313/48 852/909/48 944/1008/48 
f 852/909/48 695/740/48 693/738/48 944/1008/48 
f 693/738/48 692/737/49 943/1007/49 944/1008/48 
f 705/750/2 704/749/2 945/1009/2 946/1010/2 
f 945/1009/2 692/737/49 691/736/49 946/1010/2 
f 691/736/49 699/744/48 947/1011/48 946/1010/2 
f 947/1011/48 706/751/48 705/750/2 946/1010/2 
f 948/1012/198 681/726/198 680/725/199 949/1013/199 
f 680/725/199 679/724/200 950/1014/200 949/1013/199 
f 950/1014/200 686/731/200 684/729/199 949/1013/199 
f 684/729/199 683/728/198 948/1012/198 949/1013/199 
f 951/1015/268 952/1016/268 953/1017/269 954/1018/269 
f 953/1017/269 681/726/198 948/1012/198 954/1018/269 
f 948/1012/198 683/728/198 955/1019/269 954/1018/269 
f 955/1019/269 956/1020/268 951/1015/268 954/1018/269 
f 957/1021/268 956/1020/268 955/1019/269 958/1022/269 
f 955/1019/269 683/728/198 682/727/198 958/1022/269 
f 682/727/198 690/735/198 959/1023/269 958/1022/269 
f 959/1023/269 960/1024/268 957/1021/268 958/1022/269 
f 961/1025/270 962/1026/271 963/1027/272 964/1028/273 
f 964/1028/273 769/1029/274 965/1030/275 961/1025/270 
f 965/1030/275 677/722/200 675/720/199 961/1025/270 
f 675/720/199 674/719/198 962/1026/271 961/1025/270 
f 966/1031/276 967/1032/277 968/1033/278 969/1034/279 
f 968/1033/278 963/1027/272 962/1026/271 969/1034/279 
f 962/1026/271 674/719/198 970/1035/269 969/1034/279 
f 970/1035/269 971/1036/268 966/1031/276 969/1034/279 
f 972/1037/268 971/1036/268 970/1035/269 973/1038/269 
f 970/1035/269 674/719/198 673/718/198 973/1038/269 
f 673/718/198 681/726/198 953/1017/269 973/1038/269 
f 953/1017/269 952/1016/268 972/1037/268 973/1038/269 
f 974/1039/280 767/1040/281 858/1041/282 975/1042/283 
f 858/1041/282 317/1043/128 448/1044/127 975/1042/283 
f 448/1044/127 123/713/20 669/711/192 975/1042/283 
f 669/711/192 668/710/191 974/1039/280 975/1042/283 
f 965/1030/275 769/1029/274 768/1045/284 976/1046/285 
f 768/1045/284 767/1040/281 974/1039/280 976/1046/285 
f 974/1039/280 668/710/191 977/1047/286 976/1046/285 
f 977/1047/286 677/722/200 965/1030/275 976/1046/285 
f 678/723/200 677/722/200 977/1047/286 978/1048/286 
f 977/1047/286 668/710/191 667/709/191 978/1048/286 
f 667/709/191 672/717/191 979/1049/286 978/1048/286 
f 979/1049/286 679/724/200 678/723/200 978/1048/286 
f 980/1050/198 657/699/198 656/698/199 981/1051/199 
f 656/698/199 655/697/200 982/1052/200 981/1051/199 
f 982/1052/200 662/704/200 660/702/199 981/1051/199 
f 660/702/199 659/701/198 980/1050/198 981/1051/199 
f 983/1053/268 984/1054/268 985/1055/269 986/1056/269 
f 985/1055/269 657/699/198 980/1050/198 986/1056/269 
f 980/1050/198 659/701/198 987/1057/269 986/1056/269 
f 987/1057/269 988/1058/268 983/1053/268 986/1056/269 
f 989/1059/287 988/1058/268 987/1057/269 990/1060/288 
f 987/1057/269 659/701/198 658/700/201 990/1060/288 
f 658/700/201 666/708/206 888/1061/289 990/1060/288 
f 888/1061/289 887/1062/290 989/1059/287 990/1060/288 
f 991/1063/198 690/735/198 689/734/199 992/1064/199 
f 689/734/199 688/733/200 993/1065/200 992/1064/199 
f 993/1065/200 653/695/200 651/693/199 992/1064/199 
f 651/693/199 650/692/198 991/1063/198 992/1064/199 
f 994/1066/268 960/1024/268 959/1023/269 995/1067/269 
f 959/1023/269 690/735/198 991/1063/198 995/1067/269 
f 991/1063/198 650/692/198 996/1068/269 995/1067/269 
f 996/1068/269 997/1069/268 994/1066/268 995/1067/269 
f 998/1070/268 997/1069/268 996/1068/269 999/1071/269 
f 996/1068/269 650/692/198 649/691/198 999/1071/269 
f 649/691/198 657/699/198 985/1055/269 999/1071/269 
f 985/1055/269 984/1054/268 998/1070/268 999/1071/269 
f 1000/1072/191 606/645/191 605/644/192 1001/1073/192 
f 605/644/192 43/643/20 473/1074/20 1001/1073/192 
f 473/1074/20 96/686/20 645/684/192 1001/1073/192 
f 645/684/192 644/683/191 1000/1072/191 1001/1073/192 
f 993/1065/200 688/733/200 1002/1075/286 1003/1076/286 
f 1002/1075/286 606/645/191 1000/1072/191 1003/1076/286 
f 1000/1072/191 644/683/191 1004/1077/286 1003/1076/286 
f 1004/1077/286 653/695/200 993/1065/200 1003/1076/286 
f 654/696/200 653/695/200 1004/1077/286 1005/1078/286 
f 1004/1077/286 644/683/191 643/682/191 1005/1078/286 
f 643/682/191 648/690/191 1006/1079/286 1005/1078/286 
f 1006/1079/286 655/697/200 654/696/200 1005/1078/286 
f 1007/1080/195 633/672/195 632/671/196 1008/1081/196 
f 632/671/196 631/670/197 1009/1082/197 1008/1081/196 
f 1009/1082/197 638/677/197 636/675/196 1008/1081/196 
f 636/675/196 635/674/195 1007/1080/195 1008/1081/196 
f 484/1083/64 483/1084/65 1010/1085/225 1011/1086/225 
f 1010/1085/225 633/672/195 1007/1080/195 1011/1086/225 
f 1007/1080/195 635/674/195 1012/1087/225 1011/1086/225 
f 1012/1087/225 486/1088/64 484/1083/64 1011/1086/225 
f 488/1089/65 486/1088/64 1012/1087/225 1013/1090/225 
f 1012/1087/225 635/674/195 634/673/195 1013/1090/225 
f 634/673/195 642/681/195 828/883/225 1013/1090/225 
f 828/883/225 278/882/65 488/1089/65 1013/1090/225 
f 1014/1091/291 940/1092/292 941/1093/293 1015/1094/294 
f 941/1093/293 925/1095/295 1016/1096/296 1015/1094/294 
f 1016/1096/296 629/668/197 627/666/196 1015/1094/294 
f 627/666/196 626/665/195 1014/1091/291 1015/1094/294 
f 493/1097/145 407/1098/144 937/1099/297 1017/1100/298 
f 937/1099/297 940/1092/292 1014/1091/291 1017/1100/298 
f 1014/1091/291 626/665/195 1018/1101/225 1017/1100/298 
f 1018/1101/225 495/1102/65 493/1097/145 1017/1100/298 
f 497/1103/65 495/1102/65 1018/1101/225 1019/1104/225 
f 1018/1101/225 626/665/195 625/664/195 1019/1104/225 
f 625/664/195 633/672/195 1010/1085/225 1019/1104/225 
f 1010/1085/225 483/1084/65 497/1103/65 1019/1104/225 
f 1020/1105/299 929/1106/300 930/1107/301 1021/1108/302 
f 930/1107/301 933/1109/303 1022/1110/304 1021/1108/302 
f 1022/1110/304 620/659/185 618/657/194 1021/1108/302 
f 618/657/194 617/656/193 1020/1105/299 1021/1108/302 
f 1016/1096/296 925/1095/295 924/1111/305 1023/1112/306 
f 924/1111/305 929/1106/300 1020/1105/299 1023/1112/306 
f 1020/1105/299 617/656/193 1024/1113/228 1023/1112/306 
f 1024/1113/228 629/668/197 1016/1096/296 1023/1112/306 
f 630/669/197 629/668/197 1024/1113/228 1025/1114/229 
f 1024/1113/228 617/656/193 616/655/182 1025/1114/229 
f 616/655/182 624/663/182 1026/1115/229 1025/1114/229 
f 1026/1115/229 631/670/197 630/669/197 1025/1114/229 
f 1027/1116/193 624/663/182 623/662/183 1028/1117/194 
f 623/662/183 622/661/185 1029/1118/185 1028/1117/194 
f 1029/1118/185 611/650/185 609/648/183 1028/1117/194 
f 609/648/183 608/647/182 1027/1116/193 1028/1117/194 
f 1009/1082/197 631/670/197 1026/1115/229 1030/1119/228 
f 1026/1115/229 624/663/182 1027/1116/193 1030/1119/228 
f 1027/1116/193 608/647/182 1031/1120/229 1030/1119/228 
f 1031/1120/229 638/677/197 1009/1082/197 1030/1119/228 
f 639/678/197 638/677/197 1031/1120/229 1032/1121/228 
f 1031/1120/229 608/647/182 607/646/193 1032/1121/228 
f 607/646/193 615/654/193 835/892/228 1032/1121/228 
f 835/892/228 640/679/197 639/678/197 1032/1121/228 
f 1033/1122/191 648/690/191 647/689/192 1034/1123/192 
f 647/689/192 94/688/21 514/1124/20 1034/1123/192 
f 514/1124/20 51/1125/20 1035/1126/192 1034/1123/192 
f 1035/1126/192 1036/1127/191 1033/1122/191 1034/1123/192 
f 982/1052/200 655/697/200 1006/1079/286 1037/1128/286 
f 1006/1079/286 648/690/191 1033/1122/191 1037/1128/286 
f 1033/1122/191 1036/1127/191 1038/1129/286 1037/1128/286 
f 1038/1129/286 662/704/200 982/1052/200 1037/1128/286 
f 663/705/203 662/704/200 1038/1129/286 1039/1130/307 
f 1038/1129/286 1036/1127/191 1040/1131/308 1039/1130/307 
f 1040/1131/308 1041/1132/309 1042/1133/310 1039/1130/307 
f 1042/1133/310 664/706/204 663/705/203 1039/1130/307 
f 1043/1134/191 672/717/191 671/716/192 1044/1135/192 
f 671/716/192 121/715/20 573/1136/20 1044/1135/192 
f 573/1136/20 45/641/21 603/639/192 1044/1135/192 
f 603/639/192 602/638/191 1043/1134/191 1044/1135/192 
f 950/1014/200 679/724/200 979/1049/286 1045/1137/286 
f 979/1049/286 672/717/191 1043/1134/191 1045/1137/286 
f 1043/1134/191 602/638/191 1046/1138/286 1045/1137/286 
f 1046/1138/286 686/731/200 950/1014/200 1045/1137/286 
f 687/732/200 686/731/200 1046/1138/286 1047/1139/286 
f 1046/1138/286 602/638/191 601/637/191 1047/1139/286 
f 601/637/191 606/645/191 1002/1075/286 1047/1139/286 
f 1002/1075/286 688/733/200 687/732/200 1047/1139/286 
f 1048/1140/48 699/744/48 698/743/49 1049/1141/49 
f 698/743/49 697/742/49 843/900/49 1049/1141/49 
f 843/900/49 596/632/49 594/630/49 1049/1141/49 
f 1049/1141/49 594/630/49 593/629/49 1048/1140/48 
f 923/987/49 706/751/48 947/1011/48 1050/1142/48 
f 947/1011/48 699/744/48 1048/1140/48 1050/1142/48 
f 1048/1140/48 593/629/49 1051/1143/49 1050/1142/48 
f 1050/1142/48 1051/1143/49 713/758/49 923/987/49 
f 714/759/49 713/758/49 1051/1143/49 1052/1144/49 
f 1052/1144/49 1051/1143/49 593/629/49 592/628/49 
f 592/628/49 600/636/49 1053/1145/49 1052/1144/49 
f 1053/1145/49 715/760/49 714/759/49 1052/1144/49 
f 1054/1146/9 726/771/50 725/770/50 1055/1147/50 
f 725/770/50 724/769/50 866/923/9 1055/1147/50 
f 866/923/9 590/626/9 588/624/15 1055/1147/50 
f 588/624/15 587/623/190 1054/1146/9 1055/1147/50 
f 896/953/9 733/778/50 920/984/50 1056/1148/50 
f 920/984/50 726/771/50 1054/1146/9 1056/1148/50 
f 1054/1146/9 587/623/190 1057/1149/190 1056/1148/50 
f 1057/1149/190 740/785/9 896/953/9 1056/1148/50 
f 741/786/9 740/785/9 1057/1149/190 1058/1150/190 
f 1057/1149/190 587/623/190 586/622/15 1058/1150/190 
f 586/622/15 23/23/15 535/563/9 1058/1150/190 
f 535/563/9 184/187/50 741/786/9 1058/1150/190 
f 1059/1151/9 747/795/50 746/794/212 1060/1152/311 
f 746/794/212 664/793/211 1042/1153/312 1060/1152/311 
f 1042/1153/312 1041/1154/313 1061/1155/314 1060/1152/311 
f 1061/1155/314 1062/1156/9 1059/1151/9 1060/1152/311 
f 865/922/9 754/802/9 893/950/9 1063/1157/9 
f 893/950/9 747/795/50 1059/1151/9 1063/1157/9 
f 1059/1151/9 1062/1156/9 1064/1158/9 1063/1157/9 
f 1064/1158/9 761/809/9 865/922/9 1063/1157/9 
f 762/810/50 761/809/9 1064/1158/9 1065/1159/9 
f 1064/1158/9 1062/1156/9 1066/1160/9 1065/1159/9 
f 1066/1160/9 14/14/9 541/570/50 1065/1159/9 
f 541/570/50 208/214/50 762/810/50 1065/1159/9 
f 1067/1161/48 771/819/48 770/818/218 1068/1162/315 
f 770/818/218 769/817/217 964/1163/316 1068/1162/315 
f 964/1163/316 963/1164/317 1069/1165/318 1068/1162/315 
f 1068/1162/315 1069/1165/318 1070/1166/49 1067/1161/48 
f 842/899/49 778/826/48 862/919/48 1071/1167/49 
f 862/919/48 771/819/48 1067/1161/48 1071/1167/49 
f 1067/1161/48 1070/1166/49 1072/1168/49 1071/1167/49 
f 1071/1167/49 1072/1168/49 785/833/49 842/899/49 
f 786/834/49 785/833/49 1072/1168/49 1073/1169/49 
f 1073/1169/49 1072/1168/49 1070/1166/49 1074/1170/49 
f 1074/1170/49 1075/1171/49 1076/1172/49 1073/1169/49 
f 1076/1172/49 787/835/49 786/834/49 1073/1169/49 
f 1077/1173/193 798/846/182 797/845/183 1078/1174/194 
f 797/845/183 796/844/185 1079/1175/185 1078/1174/194 
f 1079/1175/185 581/617/185 579/615/183 1078/1174/194 
f 579/615/183 578/614/182 1077/1173/193 1078/1174/194 
f 819/867/197 805/853/197 839/896/229 1080/1176/228 
f 839/896/229 798/846/182 1077/1173/193 1080/1176/228 
f 1077/1173/193 578/614/182 1081/1177/229 1080/1176/228 
f 1081/1177/229 812/860/197 819/867/197 1080/1176/228 
f 813/861/221 812/860/197 1081/1177/229 1082/1178/319 
f 1081/1177/229 578/614/182 577/613/181 1082/1178/319 
f 577/613/181 585/621/189 911/1179/320 1082/1178/319 
f 911/1179/320 814/862/222 813/861/221 1082/1178/319 
f 1074/1170/49 1070/1166/49 1069/1165/318 1083/1180/321 
f 1083/1180/321 1069/1165/318 963/1164/317 968/1181/322 
f 968/1181/322 967/1182/323 1084/1183/324 1083/1180/321 
f 1084/1183/324 1075/1171/49 1074/1170/49 1083/1180/321 
f 1066/1160/9 1062/1156/9 1061/1155/314 1085/1184/325 
f 1061/1155/314 1041/1154/313 1086/1185/326 1085/1184/325 
f 1086/1185/326 16/16/12 15/15/11 1085/1184/325 
f 15/15/11 14/14/9 1066/1160/9 1085/1184/325 
f 1040/1131/308 1036/1127/191 1035/1126/192 1087/1186/327 
f 1035/1126/192 51/1125/20 50/1187/27 1087/1186/327 
f 50/1187/27 16/1188/26 1086/1189/328 1087/1186/327 
f 1086/1189/328 1041/1132/309 1040/1131/308 1087/1186/327 
f 936/1000/2 405/414/49 418/427/49 1088/1190/2 
f 418/427/49 415/424/49 943/1007/49 1088/1190/2 
f 943/1007/49 692/737/49 945/1009/2 1088/1190/2 
f 945/1009/2 704/749/2 936/1000/2 1088/1190/2 
# 1024 polygons

#
# object Cube_004
#

v  -205.0815 244.6989 -54.4310
v  -205.3273 244.6937 -53.3864
v  -206.5460 242.3690 -53.4888
v  -206.3258 242.3741 -54.4310
v  -208.1845 259.3589 -53.6322
v  -208.0002 259.3589 -54.4310
v  -210.0381 261.0333 -54.4310
v  -210.1866 261.0333 -53.8012
v  -208.1845 240.3311 -53.6322
v  -208.0002 240.3362 -54.4310
v  -206.3258 257.3209 -54.4310
v  -206.5460 257.3158 -53.4888
v  -210.1866 238.6567 -53.8012
v  -210.0381 238.6618 -54.4310
v  -205.0815 254.9962 -54.4310
v  -205.3273 254.9911 -53.3864
v  -212.4653 237.4175 -53.9958
v  -212.3628 237.4175 -54.4310
v  -204.3185 252.4718 -54.4310
v  -204.5746 252.4667 -53.3199
v  -214.9385 236.6545 -54.2108
v  -214.8873 236.6545 -54.4310
v  -204.3237 249.8399 -53.2994
v  -204.0574 249.8501 -54.4310
v  -214.8873 263.0405 -54.4310
v  -217.5141 263.3017 -54.4310
v  -214.9385 263.0405 -54.2108
v  -217.5141 236.3934 -54.4310
v  -204.5746 247.2182 -53.3199
v  -204.3185 247.2233 -54.4310
v  -212.4653 262.2725 -53.9958
v  -212.3628 262.2776 -54.4310
v  -212.7622 237.4124 -53.5810
v  -215.0870 236.6494 -53.9958
v  -205.3324 252.4615 -52.2548
v  -205.0969 249.8347 -52.2087
v  -215.0870 263.0405 -53.9958
v  -205.3324 247.2130 -52.2548
v  -212.7622 262.2725 -53.5810
v  -206.0390 244.6886 -52.3777
v  -210.6116 261.0282 -53.1970
v  -207.1860 242.3639 -52.5876
v  -208.7324 259.3538 -52.8590
v  -208.7324 240.3259 -52.8590
v  -207.1860 257.3107 -52.5876
v  -210.6116 238.6567 -53.1970
v  -206.0390 254.9860 -52.3777
v  -211.3080 261.0230 -52.6388
v  -209.6131 259.3486 -52.1524
v  -209.6131 240.3208 -52.1524
v  -208.2255 242.3588 -51.7530
v  -208.2255 257.3107 -51.7530
v  -211.3080 238.6515 -52.6388
v  -207.1963 254.9809 -51.4560
v  -213.2385 237.4124 -53.1970
v  -206.5613 252.4565 -51.2717
v  -215.3327 236.6494 -53.8012
v  -206.3463 249.8296 -51.2102
v  -215.3327 263.0405 -53.8012
v  -206.5613 247.2079 -51.2717
v  -213.2385 262.2725 -53.1970
v  -207.1963 244.6835 -51.4509
v  -208.0207 249.8245 -50.3295
v  -208.2050 252.4513 -50.4063
v  -215.6605 263.0405 -53.6322
v  -215.6605 236.6494 -53.6322
v  -208.2050 247.2028 -50.4063
v  -213.8785 262.2673 -52.8590
v  -208.7427 244.6784 -50.6418
v  -212.2399 261.0230 -52.1524
v  -209.6234 242.3537 -51.0207
v  -210.8011 259.3435 -51.5328
v  -210.8011 240.3208 -51.5328
v  -209.6234 257.3056 -51.0207
v  -212.2399 238.6515 -52.1524
v  -208.7427 254.9757 -50.6418
v  -213.8785 237.4124 -52.8590
v  -211.3183 242.3537 -50.4216
v  -212.2451 240.3157 -51.0207
v  -212.2451 259.3435 -51.0207
v  -211.3183 257.3004 -50.4216
v  -213.3767 238.6464 -51.7530
v  -210.6321 254.9706 -49.9762
v  -214.6620 237.4073 -52.5876
v  -210.2071 252.4462 -49.6997
v  -216.0599 236.6494 -53.4888
v  -210.0637 249.8245 -49.6075
v  -216.0599 263.0354 -53.4888
v  -210.2071 247.1977 -49.6997
v  -214.6620 262.2673 -52.5876
v  -210.6321 244.6784 -49.9762
v  -213.3767 261.0179 -51.7530
v  -216.5156 263.0354 -53.3864
v  -216.5156 236.6494 -53.3864
v  -212.3936 249.8194 -49.0698
v  -212.4909 247.1977 -49.1722
v  -215.5529 262.2673 -52.3777
v  -212.7827 244.6732 -49.4795
v  -214.6671 261.0179 -51.4560
v  -213.2590 242.3486 -49.9762
v  -213.8939 259.3435 -50.6418
v  -213.8939 240.3157 -50.6418
v  -213.2590 257.3004 -49.9762
v  -214.6671 238.6464 -51.4509
v  -212.7827 254.9706 -49.4795
v  -215.5529 237.4073 -52.3777
v  -212.4909 252.4462 -49.1722
v  -215.6809 259.3384 -50.4063
v  -215.3584 257.2953 -49.6997
v  -215.6809 240.3157 -50.4063
v  -216.0701 238.6464 -51.2717
v  -215.1177 254.9706 -49.1722
v  -216.5207 237.4073 -52.2548
v  -214.9692 252.4411 -48.8497
v  -217.0072 236.6494 -53.3199
v  -214.9180 249.8194 -48.7421
v  -217.0072 263.0354 -53.3199
v  -214.9692 247.1926 -48.8497
v  -216.5207 262.2673 -52.2548
v  -215.1177 244.6732 -49.1722
v  -216.0701 261.0179 -51.2717
v  -215.3584 242.3486 -49.6997
v  -217.5448 249.8194 -48.6295
v  -217.5448 247.1926 -48.7421
v  -217.5192 263.0354 -53.2994
v  -217.5243 262.2673 -52.2087
v  -217.5448 244.6732 -49.0698
v  -217.5294 261.0179 -51.2102
v  -217.5397 242.3486 -49.6075
v  -217.5346 259.3384 -50.3295
v  -217.5346 240.3157 -50.3295
v  -217.5397 257.2953 -49.6075
v  -217.5294 238.6464 -51.2102
v  -217.5448 254.9706 -49.0698
v  -217.5243 237.4073 -52.2087
v  -217.5448 252.4411 -48.7421
v  -217.5192 236.6494 -53.2994
v  -218.9888 238.6464 -51.2717
v  -219.3882 240.3157 -50.4063
v  -219.9668 254.9706 -49.1722
v  -219.7210 257.2953 -49.6997
v  -218.5280 237.4073 -52.2548
v  -220.1153 252.4411 -48.8497
v  -218.0312 236.6494 -53.3199
v  -220.1665 249.8194 -48.7421
v  -218.0312 263.0354 -53.3199
v  -220.1153 247.1926 -48.8497
v  -218.5280 262.2673 -52.2548
v  -219.9668 244.6732 -49.1722
v  -218.9888 261.0179 -51.2717
v  -219.7210 242.3486 -49.6997
v  -219.3882 259.3384 -50.4063
v  -222.5936 247.1977 -49.1722
v  -222.2966 244.6732 -49.4795
v  -220.3867 261.0179 -51.4509
v  -219.4957 262.2673 -52.3777
v  -221.8153 242.3486 -49.9762
v  -221.1752 259.3435 -50.6418
v  -221.1752 240.3157 -50.6418
v  -221.8153 257.3004 -49.9762
v  -220.3867 238.6464 -51.4509
v  -222.2966 254.9706 -49.4795
v  -219.4957 237.4073 -52.3777
v  -222.5936 252.4462 -49.1722
v  -218.5228 236.6494 -53.3864
v  -222.6909 249.8194 -49.0698
v  -218.5228 263.0354 -53.3864
v  -221.6770 238.6464 -51.7530
v  -220.3816 237.4073 -52.5825
v  -224.8671 252.4462 -49.6997
v  -224.4421 254.9706 -49.9762
v  -218.9734 236.6494 -53.4888
v  -225.0156 249.8245 -49.6075
v  -218.9734 263.0354 -53.4888
v  -224.8671 247.1977 -49.6997
v  -220.3816 262.2673 -52.5876
v  -224.4421 244.6784 -49.9762
v  -221.6770 261.0179 -51.7530
v  -223.7509 242.3537 -50.4216
v  -222.8138 259.3435 -51.0207
v  -222.8138 240.3157 -51.0207
v  -223.7509 257.3004 -50.4216
v  -222.8087 261.0230 -52.1524
v  -221.1599 262.2673 -52.8590
v  -225.4406 242.3537 -51.0207
v  -226.3214 244.6784 -50.6418
v  -224.2527 259.3435 -51.5328
v  -224.2527 240.3208 -51.5328
v  -225.4406 257.3056 -51.0207
v  -222.8087 238.6515 -52.1524
v  -226.3214 254.9757 -50.6418
v  -221.1599 237.4124 -52.8590
v  -226.8641 252.4513 -50.4063
v  -219.3728 236.6494 -53.6322
v  -227.0485 249.8245 -50.3295
v  -219.3728 263.0405 -53.6322
v  -226.8641 247.2028 -50.4063
v  -228.5027 252.4565 -51.2717
v  -227.8626 254.9809 -51.4509
v  -221.8000 237.4124 -53.1970
v  -219.6954 236.6494 -53.8012
v  -228.7178 249.8296 -51.2102
v  -219.6954 263.0405 -53.8012
v  -228.5027 247.2079 -51.2717
v  -221.8000 262.2725 -53.1970
v  -227.8626 244.6835 -51.4509
v  -223.7355 261.0230 -52.6388
v  -226.8283 242.3588 -51.7530
v  -225.4355 259.3486 -52.1524
v  -225.4355 240.3208 -52.1524
v  -226.8283 257.3107 -51.7530
v  -223.7355 238.6515 -52.6388
v  -229.0045 244.6886 -52.3777
v  -227.8575 242.3639 -52.5825
v  -226.3111 259.3538 -52.8590
v  -224.4217 261.0282 -53.1970
v  -226.3111 240.3259 -52.8590
v  -227.8575 257.3107 -52.5876
v  -224.4217 238.6567 -53.1970
v  -229.0045 254.9860 -52.3777
v  -222.2710 237.4124 -53.5810
v  -229.7162 252.4615 -52.2548
v  -219.9412 236.6494 -53.9958
v  -229.9518 249.8347 -52.2087
v  -219.9412 263.0405 -53.9958
v  -229.7162 247.2130 -52.2548
v  -222.2710 262.2725 -53.5810
v  -222.5629 237.4175 -53.9958
v  -220.0897 236.6545 -54.2108
v  -230.4587 252.4667 -53.3199
v  -230.7148 249.8399 -53.2994
v  -220.0897 263.0405 -54.2108
v  -230.4587 247.2182 -53.3199
v  -222.5629 262.2725 -53.9958
v  -229.7060 244.6937 -53.3864
v  -224.8466 261.0333 -53.8012
v  -228.4873 242.3690 -53.4888
v  -226.8488 259.3589 -53.6322
v  -226.8488 240.3311 -53.6322
v  -228.4873 257.3158 -53.4888
v  -224.8466 238.6567 -53.8012
v  -229.7060 254.9911 -53.3864
v  -224.9849 261.0333 -54.4310
v  -227.0229 259.3589 -54.4310
v  -227.0229 240.3362 -54.4310
v  -228.6973 242.3741 -54.4310
v  -228.6973 257.3209 -54.4310
v  -224.9849 238.6618 -54.4310
v  -229.9416 254.9962 -54.4310
v  -222.6602 237.4175 -54.4310
v  -230.7045 252.4718 -54.4310
v  -220.1358 236.6545 -54.4310
v  -230.9657 249.8501 -54.4310
v  -220.1358 263.0405 -54.4310
v  -230.7045 247.2233 -54.4310
v  -222.6602 262.2776 -54.4310
v  -229.9416 244.6989 -54.4310
v  -108.2220 244.6989 -54.4310
v  -108.4626 244.6937 -53.3864
v  -109.6813 242.3690 -53.4888
v  -109.4611 242.3741 -54.4310
v  -113.1735 261.0333 -54.4310
v  -113.3220 261.0333 -53.8012
v  -111.3250 259.3589 -53.6322
v  -111.1355 259.3589 -54.4310
v  -111.1355 240.3362 -54.4310
v  -111.3250 240.3311 -53.6322
v  -109.6813 257.3158 -53.4888
v  -109.4611 257.3209 -54.4310
v  -113.3220 238.6567 -53.8012
v  -113.1735 238.6618 -54.4310
v  -108.4626 254.9911 -53.3864
v  -108.2220 254.9962 -54.4310
v  -115.4982 237.4175 -54.4310
v  -115.6006 237.4175 -53.9958
v  -107.7150 252.4667 -53.3199
v  -107.4539 252.4718 -54.4310
v  -118.0226 236.6545 -54.4310
v  -118.0738 236.6545 -54.2108
v  -107.1978 249.8501 -54.4310
v  -107.4590 249.8399 -53.2994
v  -118.0226 263.0405 -54.4310
v  -120.6494 263.3017 -54.4310
v  -118.0738 263.0405 -54.2108
v  -120.6494 236.3934 -54.4310
v  -107.4539 247.2233 -54.4310
v  -107.7150 247.2182 -53.3199
v  -115.6006 262.2725 -53.9958
v  -115.4982 262.2776 -54.4310
v  -115.8976 237.4124 -53.5810
v  -118.2274 236.6494 -53.9958
v  -108.4729 252.4615 -52.2548
v  -108.2322 249.8347 -52.2087
v  -118.2274 263.0405 -53.9958
v  -108.4729 247.2130 -52.2548
v  -115.8976 262.2725 -53.5810
v  -109.1795 244.6886 -52.3777
v  -113.7521 261.0282 -53.1970
v  -110.3265 242.3639 -52.5876
v  -111.8678 259.3538 -52.8590
v  -111.8678 240.3259 -52.8590
v  -110.3265 257.3107 -52.5876
v  -113.7521 238.6567 -53.1970
v  -109.1795 254.9860 -52.3777
v  -114.4434 261.0230 -52.6388
v  -112.7536 259.3486 -52.1524
v  -111.3608 242.3588 -51.7530
v  -112.7536 240.3208 -52.1524
v  -111.3608 257.3107 -51.7530
v  -114.4434 238.6515 -52.6388
v  -110.3316 254.9809 -51.4560
v  -116.3738 237.4124 -53.1970
v  -109.6966 252.4565 -51.2717
v  -118.4681 236.6494 -53.8012
v  -109.4816 249.8296 -51.2102
v  -118.4681 263.0405 -53.8012
v  -109.6966 247.2079 -51.2717
v  -116.3738 262.2725 -53.1970
v  -110.3316 244.6835 -51.4509
v  -111.3403 252.4513 -50.4063
v  -111.1611 249.8245 -50.3295
v  -118.7958 263.0405 -53.6322
v  -118.7958 236.6494 -53.6322
v  -111.3403 247.2028 -50.4063
v  -117.0190 262.2673 -52.8590
v  -111.8831 244.6784 -50.6418
v  -115.3753 261.0230 -52.1524
v  -112.7587 242.3537 -51.0207
v  -113.9364 259.3435 -51.5328
v  -113.9364 240.3208 -51.5328
v  -112.7587 257.3056 -51.0207
v  -115.3753 238.6515 -52.1524
v  -111.8831 254.9757 -50.6418
v  -117.0190 237.4124 -52.8590
v  -114.4587 242.3537 -50.4216
v  -115.3855 240.3157 -51.0207
v  -115.3855 259.3435 -51.0207
v  -114.4587 257.3004 -50.4216
v  -116.5120 238.6464 -51.7530
v  -113.7675 254.9706 -49.9762
v  -117.7973 237.4073 -52.5876
v  -113.3425 252.4462 -49.6997
v  -119.1952 236.6494 -53.4888
v  -113.2042 249.8245 -49.6075
v  -119.1952 263.0354 -53.4888
v  -113.3425 247.1977 -49.6997
v  -117.7973 262.2673 -52.5876
v  -113.7675 244.6784 -49.9762
v  -116.5120 261.0179 -51.7530
v  -119.6509 263.0354 -53.3864
v  -119.6509 236.6494 -53.3864
v  -115.6313 247.1977 -49.1722
v  -115.5289 249.8194 -49.0698
v  -118.6883 262.2673 -52.3777
v  -115.9181 244.6732 -49.4795
v  -117.8075 261.0179 -51.4560
v  -116.3943 242.3486 -49.9762
v  -117.0292 259.3435 -50.6418
v  -117.0292 240.3157 -50.6418
v  -116.3943 257.3004 -49.9762
v  -117.8075 238.6464 -51.4509
v  -115.9181 254.9706 -49.4795
v  -118.6883 237.4073 -52.3777
v  -115.6313 252.4462 -49.1722
v  -118.8163 259.3384 -50.4063
v  -118.4937 257.2953 -49.6997
v  -119.2106 238.6464 -51.2717
v  -118.8163 240.3157 -50.4063
v  -118.2530 254.9706 -49.1722
v  -119.6561 237.4073 -52.2548
v  -118.1045 252.4411 -48.8497
v  -120.1425 236.6494 -53.3199
v  -118.0584 249.8194 -48.7421
v  -120.1425 263.0354 -53.3199
v  -118.1045 247.1926 -48.8497
v  -119.6561 262.2673 -52.2548
v  -118.2530 244.6732 -49.1722
v  -119.2106 261.0179 -51.2717
v  -118.4937 242.3486 -49.6997
v  -120.6802 247.1926 -48.7421
v  -120.6802 249.8194 -48.6295
v  -120.6597 262.2673 -52.2087
v  -120.6545 263.0354 -53.2994
v  -120.6802 244.6732 -49.0698
v  -120.6648 261.0179 -51.2102
v  -120.6750 242.3486 -49.6075
v  -120.6699 259.3384 -50.3295
v  -120.6699 240.3157 -50.3295
v  -120.6750 257.2953 -49.6075
v  -120.6648 238.6464 -51.2102
v  -120.6802 254.9706 -49.0698
v  -120.6597 237.4073 -52.2087
v  -120.6802 252.4411 -48.7421
v  -120.6545 236.6494 -53.2994
v  -122.5286 240.3157 -50.4063
v  -122.1241 238.6464 -51.2717
v  -122.8564 257.2953 -49.6997
v  -123.1021 254.9706 -49.1722
v  -121.6633 237.4073 -52.2548
v  -123.2558 252.4411 -48.8497
v  -121.1666 236.6494 -53.3199
v  -123.3070 249.8194 -48.7421
v  -121.1666 263.0354 -53.3199
v  -123.2558 247.1926 -48.8497
v  -121.6633 262.2673 -52.2548
v  -123.1021 244.6732 -49.1722
v  -122.1241 261.0179 -51.2717
v  -122.8564 242.3486 -49.6997
v  -122.5286 259.3384 -50.4063
v  -125.4320 244.6732 -49.4795
v  -125.7290 247.1977 -49.1722
v  -122.6311 262.2673 -52.3777
v  -123.5272 261.0179 -51.4509
v  -124.9558 242.3486 -49.9762
v  -124.3106 259.3435 -50.6418
v  -124.3106 240.3157 -50.6418
v  -124.9558 257.3004 -49.9762
v  -123.5272 238.6464 -51.4509
v  -125.4320 254.9706 -49.4795
v  -122.6311 237.4073 -52.3777
v  -125.7290 252.4462 -49.1722
v  -121.6582 236.6494 -53.3864
v  -125.8263 249.8194 -49.0698
v  -121.6582 263.0354 -53.3864
v  -124.8175 238.6464 -51.7530
v  -123.5169 237.4073 -52.5825
v  -128.0076 252.4462 -49.6997
v  -127.5775 254.9706 -49.9762
v  -122.1139 236.6494 -53.4888
v  -128.1510 249.8245 -49.6075
v  -122.1139 263.0354 -53.4888
v  -128.0076 247.1977 -49.6997
v  -123.5169 262.2673 -52.5876
v  -127.5775 244.6784 -49.9762
v  -124.8175 261.0179 -51.7530
v  -126.8862 242.3537 -50.4216
v  -125.9543 259.3435 -51.0207
v  -125.9543 240.3157 -51.0207
v  -126.8862 257.3004 -50.4216
v  -125.9492 261.0230 -52.1524
v  -124.3003 262.2673 -52.8590
v  -129.4567 244.6784 -50.6418
v  -128.5760 242.3537 -51.0207
v  -127.3931 259.3435 -51.5328
v  -127.3931 240.3208 -51.5328
v  -128.5760 257.3056 -51.0207
v  -125.9492 238.6515 -52.1524
v  -129.4567 254.9757 -50.6418
v  -124.3003 237.4124 -52.8590
v  -129.9995 252.4513 -50.4063
v  -122.5082 236.6494 -53.6322
v  -130.1838 249.8245 -50.3295
v  -122.5082 263.0405 -53.6322
v  -129.9995 247.2028 -50.4063
v  -130.9980 254.9809 -51.4509
v  -131.6380 252.4565 -51.2717
v  -124.9353 237.4124 -53.1970
v  -122.8359 236.6494 -53.8012
v  -131.8531 249.8296 -51.2102
v  -122.8359 263.0405 -53.8012
v  -131.6380 247.2079 -51.2717
v  -124.9353 262.2725 -53.1970
v  -130.9980 244.6835 -51.4509
v  -126.8760 261.0230 -52.6388
v  -129.9636 242.3588 -51.7530
v  -128.5708 259.3486 -52.1524
v  -128.5708 240.3208 -52.1524
v  -129.9636 257.3107 -51.7530
v  -126.8760 238.6515 -52.6388
v  -132.1450 244.6886 -52.3777
v  -130.9928 242.3639 -52.5825
v  -127.5621 261.0282 -53.1970
v  -129.4465 259.3538 -52.8590
v  -129.4465 240.3259 -52.8590
v  -130.9928 257.3107 -52.5876
v  -127.5621 238.6567 -53.1970
v  -132.1450 254.9860 -52.3777
v  -125.4115 237.4124 -53.5810
v  -132.8516 252.4615 -52.2548
v  -123.0765 236.6494 -53.9958
v  -133.0923 249.8347 -52.2087
v  -123.0765 263.0405 -53.9958
v  -132.8516 247.2130 -52.2548
v  -125.4115 262.2725 -53.5810
v  -123.2250 236.6545 -54.2108
v  -125.6982 237.4175 -53.9958
v  -133.5941 252.4667 -53.3199
v  -133.8501 249.8399 -53.2994
v  -123.2250 263.0405 -54.2108
v  -133.5941 247.2182 -53.3199
v  -125.6982 262.2725 -53.9958
v  -132.8465 244.6937 -53.3864
v  -127.9820 261.0333 -53.8012
v  -131.6227 242.3690 -53.4888
v  -129.9841 259.3589 -53.6322
v  -129.9841 240.3311 -53.6322
v  -131.6227 257.3158 -53.4888
v  -127.9820 238.6567 -53.8012
v  -132.8465 254.9911 -53.3864
v  -128.1254 261.0333 -54.4310
v  -130.1633 259.3589 -54.4310
v  -131.8326 242.3741 -54.4310
v  -130.1633 240.3362 -54.4310
v  -131.8326 257.3209 -54.4310
v  -128.1254 238.6618 -54.4310
v  -133.0769 254.9962 -54.4310
v  -125.7955 237.4175 -54.4310
v  -133.8450 252.4718 -54.4310
v  -123.2711 236.6545 -54.4310
v  -134.1010 249.8501 -54.4310
v  -123.2711 263.0405 -54.4310
v  -133.8450 247.2233 -54.4310
v  -125.7955 262.2776 -54.4310
v  -133.0769 244.6989 -54.4310
v  -12.6016 242.3741 -54.4310
v  -11.3573 244.6989 -54.4310
v  -11.6031 244.6937 -53.3864
v  -12.8218 242.3690 -53.4888
v  -16.4573 261.0333 -53.8012
v  -14.4603 259.3589 -53.6322
v  -14.2709 259.3589 -54.4310
v  -16.3088 261.0333 -54.4310
v  -14.4603 240.3311 -53.6322
v  -14.2709 240.3362 -54.4310
v  -12.6016 257.3209 -54.4310
v  -12.8218 257.3158 -53.4888
v  -16.3088 238.6618 -54.4310
v  -16.4573 238.6567 -53.8012
v  -11.6031 254.9911 -53.3864
v  -11.3573 254.9962 -54.4310
v  -18.6387 237.4175 -54.4310
v  -18.7411 237.4175 -53.9958
v  -10.5892 252.4718 -54.4310
v  -10.8504 252.4667 -53.3199
v  -21.2143 236.6545 -54.2108
v  -21.1631 236.6545 -54.4310
v  -10.3332 249.8501 -54.4310
v  -10.5995 249.8399 -53.2994
v  -21.1631 263.0405 -54.4310
v  -23.7848 263.3017 -54.4310
v  -21.2143 263.0405 -54.2108
v  -23.7848 236.3934 -54.4310
v  -10.8504 247.2182 -53.3199
v  -10.5892 247.2233 -54.4310
v  -18.6387 262.2776 -54.4310
v  -18.7411 262.2725 -53.9958
v  -19.0329 237.4124 -53.5810
v  -21.3628 236.6494 -53.9958
v  -11.6082 252.4615 -52.2548
v  -11.3675 249.8347 -52.2087
v  -21.3628 263.0405 -53.9958
v  -11.6082 247.2130 -52.2548
v  -19.0329 262.2725 -53.5810
v  -12.3148 244.6886 -52.3777
v  -16.8874 261.0282 -53.1970
v  -13.4618 242.3639 -52.5876
v  -15.0082 259.3538 -52.8590
v  -15.0082 240.3259 -52.8590
v  -13.4618 257.3107 -52.5876
v  -16.8874 238.6567 -53.1970
v  -12.3148 254.9860 -52.3777
v  -15.8889 259.3486 -52.1524
v  -17.5787 261.0230 -52.6388
v  -14.5013 242.3588 -51.7530
v  -15.8889 240.3208 -52.1524
v  -14.5013 257.3107 -51.7530
v  -17.5787 238.6515 -52.6388
v  -13.4669 254.9809 -51.4560
v  -19.5143 237.4124 -53.1970
v  -12.8320 252.4565 -51.2717
v  -21.6085 236.6494 -53.8012
v  -12.6169 249.8296 -51.2102
v  -21.6085 263.0405 -53.8012
v  -12.8320 247.2079 -51.2717
v  -19.5143 262.2725 -53.1970
v  -13.4669 244.6835 -51.4509
v  -14.4808 252.4513 -50.4063
v  -14.2965 249.8245 -50.3295
v  -21.9363 263.0405 -53.6322
v  -21.9363 236.6494 -53.6322
v  -14.4808 247.2028 -50.4063
v  -20.1543 262.2673 -52.8590
v  -15.0185 244.6784 -50.6418
v  -18.5158 261.0230 -52.1524
v  -15.8941 242.3537 -51.0207
v  -17.0769 259.3435 -51.5328
v  -17.0769 240.3208 -51.5328
v  -15.8941 257.3056 -51.0207
v  -18.5158 238.6515 -52.1524
v  -15.0185 254.9757 -50.6418
v  -20.1543 237.4124 -52.8590
v  -18.5209 240.3157 -51.0207
v  -17.5941 242.3537 -50.4216
v  -17.5941 257.3004 -50.4216
v  -18.5209 259.3435 -51.0207
v  -19.6474 238.6464 -51.7530
v  -16.9079 254.9706 -49.9762
v  -20.9378 237.4073 -52.5876
v  -16.4829 252.4462 -49.6997
v  -22.3305 236.6494 -53.4888
v  -16.3395 249.8245 -49.6075
v  -22.3305 263.0354 -53.4888
v  -16.4829 247.1977 -49.6997
v  -20.9378 262.2673 -52.5876
v  -16.9079 244.6784 -49.9762
v  -19.6474 261.0179 -51.7530
v  -22.7863 263.0354 -53.3864
v  -22.7863 236.6494 -53.3864
v  -18.6694 249.8194 -49.0698
v  -18.7667 247.1977 -49.1722
v  -21.8287 262.2673 -52.3777
v  -19.0585 244.6732 -49.4795
v  -20.9429 261.0179 -51.4560
v  -19.5296 242.3486 -49.9762
v  -20.1646 259.3435 -50.6418
v  -20.1646 240.3157 -50.6418
v  -19.5296 257.3004 -49.9762
v  -20.9429 238.6464 -51.4509
v  -19.0585 254.9706 -49.4795
v  -21.8287 237.4073 -52.3777
v  -18.7667 252.4462 -49.1722
v  -21.6290 257.2953 -49.6997
v  -21.9516 259.3384 -50.4063
v  -21.9516 240.3157 -50.4063
v  -22.3459 238.6464 -51.2717
v  -21.3884 254.9706 -49.1722
v  -22.7914 237.4073 -52.2548
v  -21.2450 252.4411 -48.8497
v  -23.2778 236.6494 -53.3199
v  -21.1938 249.8194 -48.7421
v  -23.2778 263.0354 -53.3199
v  -21.2450 247.1926 -48.8497
v  -22.7914 262.2673 -52.2548
v  -21.3884 244.6732 -49.1722
v  -22.3459 261.0179 -51.2717
v  -21.6290 242.3486 -49.6997
v  -23.8206 249.8194 -48.6295
v  -23.8155 247.1926 -48.7421
v  -23.7899 263.0354 -53.2994
v  -23.8001 262.2673 -52.2087
v  -23.8155 244.6732 -49.0698
v  -23.8052 261.0179 -51.2102
v  -23.8155 242.3486 -49.6075
v  -23.8104 259.3384 -50.3295
v  -23.8104 240.3157 -50.3295
v  -23.8155 257.2953 -49.6075
v  -23.8052 238.6464 -51.2102
v  -23.8155 254.9706 -49.0698
v  -23.8001 237.4073 -52.2087
v  -23.8155 252.4411 -48.7421
v  -23.7899 236.6494 -53.2994
v  -25.2595 238.6464 -51.2717
v  -25.6640 240.3157 -50.4063
v  -25.9968 257.2953 -49.6997
v  -26.2426 254.9706 -49.1722
v  -24.8037 237.4073 -52.2548
v  -26.3911 252.4411 -48.8497
v  -24.3019 236.6494 -53.3199
v  -26.4423 249.8194 -48.7421
v  -24.3019 263.0354 -53.3199
v  -26.3911 247.1926 -48.8497
v  -24.8037 262.2673 -52.2548
v  -26.2426 244.6732 -49.1722
v  -25.2595 261.0179 -51.2717
v  -25.9968 242.3486 -49.6997
v  -25.6640 259.3384 -50.4063
v  -28.8643 247.1977 -49.1722
v  -28.5724 244.6732 -49.4795
v  -25.7664 262.2673 -52.3777
v  -26.6625 261.0179 -51.4509
v  -28.0911 242.3486 -49.9762
v  -27.4459 259.3435 -50.6418
v  -27.4459 240.3157 -50.6418
v  -28.0911 257.3004 -49.9762
v  -26.6625 238.6464 -51.4509
v  -28.5724 254.9706 -49.4795
v  -25.7664 237.4073 -52.3777
v  -28.8643 252.4462 -49.1722
v  -24.7935 236.6494 -53.3864
v  -28.9667 249.8194 -49.0698
v  -24.7935 263.0354 -53.3864
v  -26.6574 237.4073 -52.5825
v  -27.9529 238.6464 -51.7530
v  -30.7179 254.9706 -49.9762
v  -31.1429 252.4462 -49.6997
v  -25.2492 236.6494 -53.4888
v  -31.2863 249.8245 -49.6075
v  -25.2492 263.0354 -53.4888
v  -31.1429 247.1977 -49.6997
v  -26.6574 262.2673 -52.5876
v  -30.7179 244.6784 -49.9762
v  -27.9529 261.0179 -51.7530
v  -30.0215 242.3537 -50.4216
v  -29.0896 259.3435 -51.0207
v  -29.0896 240.3157 -51.0207
v  -30.0215 257.3004 -50.4216
v  -27.4357 262.2673 -52.8590
v  -29.0845 261.0230 -52.1524
v  -31.7164 242.3537 -51.0207
v  -32.5972 244.6784 -50.6418
v  -30.5285 259.3435 -51.5328
v  -30.5285 240.3208 -51.5328
v  -31.7164 257.3056 -51.0207
v  -29.0845 238.6515 -52.1524
v  -32.5972 254.9757 -50.6418
v  -27.4357 237.4124 -52.8590
v  -33.1399 252.4513 -50.4063
v  -25.6435 236.6494 -53.6322
v  -33.3243 249.8245 -50.3295
v  -25.6435 263.0405 -53.6322
v  -33.1399 247.2028 -50.4063
v  -34.7734 252.4565 -51.2717
v  -34.1384 254.9809 -51.4509
v  -28.0758 237.4124 -53.1970
v  -25.9712 236.6494 -53.8012
v  -34.9884 249.8296 -51.2102
v  -25.9712 263.0405 -53.8012
v  -34.7734 247.2079 -51.2717
v  -28.0758 262.2725 -53.1970
v  -34.1384 244.6835 -51.4509
v  -30.0113 261.0230 -52.6388
v  -33.1041 242.3588 -51.7530
v  -31.7062 259.3486 -52.1524
v  -31.7062 240.3208 -52.1524
v  -33.1041 257.3107 -51.7530
v  -30.0113 238.6515 -52.6388
v  -34.1282 242.3639 -52.5825
v  -35.2803 244.6886 -52.3777
v  -32.5818 259.3538 -52.8590
v  -30.6974 261.0282 -53.1970
v  -32.5818 240.3259 -52.8590
v  -34.1282 257.3107 -52.5876
v  -30.6974 238.6567 -53.1970
v  -35.2803 254.9860 -52.3777
v  -28.5468 237.4124 -53.5810
v  -35.9869 252.4615 -52.2548
v  -26.2119 236.6494 -53.9958
v  -36.2276 249.8347 -52.2087
v  -26.2119 263.0405 -53.9958
v  -35.9869 247.2130 -52.2548
v  -28.5468 262.2725 -53.5810
v  -26.3604 236.6545 -54.2108
v  -28.8387 237.4175 -53.9958
v  -36.9854 249.8399 -53.2994
v  -36.7345 252.4667 -53.3199
v  -26.3604 263.0405 -54.2108
v  -36.7345 247.2182 -53.3199
v  -28.8387 262.2725 -53.9958
v  -35.9818 244.6937 -53.3864
v  -31.1173 261.0333 -53.8012
v  -34.7631 242.3690 -53.4888
v  -33.1194 259.3589 -53.6322
v  -33.1194 240.3311 -53.6322
v  -34.7631 257.3158 -53.4888
v  -31.1173 238.6567 -53.8012
v  -35.9818 254.9911 -53.3864
v  -33.2987 259.3589 -54.4310
v  -31.2607 261.0333 -54.4310
v  -33.2987 240.3362 -54.4310
v  -34.9731 242.3741 -54.4310
v  -34.9731 257.3209 -54.4310
v  -31.2607 238.6618 -54.4310
v  -36.2122 254.9962 -54.4310
v  -28.9360 237.4175 -54.4310
v  -36.9803 252.4718 -54.4310
v  -26.4116 236.6545 -54.4310
v  -37.2363 249.8501 -54.4310
v  -26.4116 263.0405 -54.4310
v  -36.9803 247.2233 -54.4310
v  -28.9360 262.2776 -54.4310
v  -36.2122 244.6989 -54.4310
v  85.5074 244.6989 -54.4310
v  85.2616 244.6937 -53.3864
v  84.0429 242.3690 -53.4888
v  84.2631 242.3741 -54.4310
v  80.4022 261.0333 -53.8012
v  82.4043 259.3589 -53.6322
v  82.5887 259.3589 -54.4310
v  80.5507 261.0333 -54.4310
v  82.5887 240.3362 -54.4310
v  82.4043 240.3311 -53.6322
v  84.0429 257.3158 -53.4888
v  84.2631 257.3209 -54.4310
v  80.4022 238.6567 -53.8012
v  80.5507 238.6618 -54.4310
v  85.5074 254.9962 -54.4310
v  85.2616 254.9911 -53.3864
v  78.1236 237.4175 -53.9958
v  78.2260 237.4175 -54.4310
v  86.2703 252.4718 -54.4310
v  86.0143 252.4667 -53.3199
v  75.6504 236.6545 -54.2108
v  75.7016 236.6545 -54.4310
v  86.2652 249.8399 -53.2994
v  86.5315 249.8501 -54.4310
v  75.7016 263.0405 -54.4310
v  73.0799 263.3017 -54.4310
v  75.6504 263.0405 -54.2108
v  73.0799 236.3934 -54.4310
v  86.2703 247.2233 -54.4310
v  86.0143 247.2182 -53.3199
v  78.2260 262.2776 -54.4310
v  78.1236 262.2725 -53.9958
v  77.8317 237.4124 -53.5810
v  75.5019 236.6494 -53.9958
v  85.2565 252.4615 -52.2548
v  85.4920 249.8347 -52.2087
v  75.5019 263.0405 -53.9958
v  85.2565 247.2130 -52.2548
v  77.8317 262.2725 -53.5810
v  84.5498 244.6886 -52.3777
v  79.9772 261.0282 -53.1970
v  83.4028 242.3639 -52.5876
v  81.8565 259.3538 -52.8590
v  81.8565 240.3259 -52.8590
v  83.4028 257.3107 -52.5876
v  79.9772 238.6567 -53.1970
v  84.5498 254.9860 -52.3777
v  79.2808 261.0230 -52.6388
v  80.9757 259.3486 -52.1524
v  82.3634 242.3588 -51.7530
v  80.9757 240.3208 -52.1524
v  82.3634 257.3107 -51.7530
v  79.2808 238.6515 -52.6388
v  83.3977 254.9809 -51.4560
v  77.3504 237.4124 -53.1970
v  84.0327 252.4565 -51.2717
v  75.2561 236.6494 -53.8012
v  84.2477 249.8296 -51.2102
v  75.2561 263.0405 -53.8012
v  84.0327 247.2079 -51.2717
v  77.3504 262.2725 -53.1970
v  83.3977 244.6835 -51.4509
v  82.3839 252.4513 -50.4063
v  82.5682 249.8245 -50.3295
v  74.9284 263.0405 -53.6322
v  74.9284 236.6494 -53.6322
v  82.3839 247.2028 -50.4063
v  76.7103 262.2673 -52.8590
v  81.8462 244.6784 -50.6418
v  78.3489 261.0230 -52.1524
v  80.9655 242.3537 -51.0207
v  79.7878 259.3435 -51.5328
v  79.7878 240.3208 -51.5328
v  80.9655 257.3056 -51.0207
v  78.3489 238.6515 -52.1524
v  81.8462 254.9757 -50.6418
v  76.7103 237.4124 -52.8590
v  79.2706 242.3537 -50.4216
v  78.3438 240.3157 -51.0207
v  78.3438 259.3435 -51.0207
v  79.2706 257.3004 -50.4216
v  77.2173 238.6464 -51.7530
v  79.9567 254.9706 -49.9762
v  75.9269 237.4073 -52.5876
v  80.3817 252.4462 -49.6997
v  74.5290 236.6494 -53.4888
v  80.5251 249.8245 -49.6075
v  74.5290 263.0354 -53.4888
v  80.3817 247.1977 -49.6997
v  75.9269 262.2673 -52.5876
v  79.9567 244.6784 -49.9762
v  77.2173 261.0179 -51.7530
v  74.0784 263.0354 -53.3864
v  74.0784 236.6494 -53.3864
v  78.1953 249.8194 -49.0698
v  78.0980 247.1977 -49.1722
v  75.0359 262.2673 -52.3777
v  77.8061 244.6732 -49.4795
v  75.9218 261.0179 -51.4560
v  77.3350 242.3486 -49.9762
v  76.6950 259.3435 -50.6418
v  76.6950 240.3157 -50.6418
v  77.3350 257.3004 -49.9762
v  75.9218 238.6464 -51.4509
v  77.8061 254.9706 -49.4795
v  75.0359 237.4073 -52.3777
v  78.0980 252.4462 -49.1722
v  75.2305 257.2953 -49.6997
v  74.9130 259.3384 -50.4063
v  74.9130 240.3157 -50.4063
v  74.5188 238.6464 -51.2717
v  75.4712 254.9706 -49.1722
v  74.0682 237.4073 -52.2548
v  75.6197 252.4411 -48.8497
v  73.5817 236.6494 -53.3199
v  75.6709 249.8194 -48.7421
v  73.5817 263.0354 -53.3199
v  75.6197 247.1926 -48.8497
v  74.0682 262.2673 -52.2548
v  75.4712 244.6732 -49.1722
v  74.5188 261.0179 -51.2717
v  75.2305 242.3486 -49.6997
v  73.0441 249.8194 -48.6295
v  73.0441 247.1926 -48.7421
v  73.0697 263.0354 -53.2994
v  73.0645 262.2673 -52.2087
v  73.0492 244.6732 -49.0698
v  73.0594 261.0179 -51.2102
v  73.0492 242.3486 -49.6075
v  73.0543 259.3384 -50.3295
v  73.0543 240.3157 -50.3295
v  73.0492 257.2953 -49.6075
v  73.0594 238.6464 -51.2102
v  73.0492 254.9706 -49.0698
v  73.0645 237.4073 -52.2087
v  73.0441 252.4411 -48.7421
v  73.0697 236.6494 -53.2994
v  71.2007 240.3157 -50.4063
v  71.6001 238.6464 -51.2717
v  70.8678 257.2953 -49.6997
v  70.6221 254.9706 -49.1722
v  72.0609 237.4073 -52.2548
v  70.4736 252.4411 -48.8497
v  72.5576 236.6494 -53.3199
v  70.4224 249.8194 -48.7421
v  72.5576 263.0354 -53.3199
v  70.4736 247.1926 -48.8497
v  72.0609 262.2673 -52.2548
v  70.6221 244.6732 -49.1722
v  71.6001 261.0179 -51.2717
v  70.8678 242.3486 -49.6997
v  71.2007 259.3384 -50.4063
v  68.0004 247.1977 -49.1722
v  68.2922 244.6732 -49.4795
v  71.0983 262.2673 -52.3777
v  70.2022 261.0179 -51.4509
v  68.7736 242.3486 -49.9762
v  69.4136 259.3435 -50.6418
v  69.4136 240.3157 -50.6418
v  68.7736 257.3004 -49.9762
v  70.2022 238.6464 -51.4509
v  68.2922 254.9706 -49.4795
v  71.0983 237.4073 -52.3777
v  68.0004 252.4462 -49.1722
v  72.0660 236.6494 -53.3864
v  67.8979 249.8194 -49.0698
v  72.0660 263.0354 -53.3864
v  68.9118 238.6464 -51.7530
v  70.2073 237.4073 -52.5825
v  66.1467 254.9706 -49.9762
v  65.7217 252.4462 -49.6997
v  71.6154 236.6494 -53.4888
v  65.5784 249.8245 -49.6075
v  71.6154 263.0354 -53.4888
v  65.7217 247.1977 -49.6997
v  70.2073 262.2673 -52.5876
v  66.1467 244.6784 -49.9762
v  68.9118 261.0179 -51.7530
v  66.8380 242.3537 -50.4216
v  67.7751 259.3435 -51.0207
v  67.7751 240.3157 -51.0207
v  66.8380 257.3004 -50.4216
v  69.4290 262.2673 -52.8590
v  67.7802 261.0230 -52.1524
v  64.2675 244.6784 -50.6418
v  65.1482 242.3537 -51.0207
v  66.3362 259.3435 -51.5328
v  66.3362 240.3208 -51.5328
v  65.1482 257.3056 -51.0207
v  67.7802 238.6515 -52.1524
v  64.2675 254.9757 -50.6418
v  69.4290 237.4124 -52.8590
v  63.7247 252.4513 -50.4063
v  71.2160 236.6494 -53.6322
v  63.5404 249.8245 -50.3295
v  71.2160 263.0405 -53.6322
v  63.7247 247.2028 -50.4063
v  62.7262 254.9809 -51.4509
v  62.0862 252.4565 -51.2717
v  70.8934 236.6494 -53.8012
v  68.7889 237.4124 -53.1970
v  61.8711 249.8296 -51.2102
v  70.8934 263.0405 -53.8012
v  62.0862 247.2079 -51.2717
v  68.7889 262.2725 -53.1970
v  62.7262 244.6835 -51.4509
v  66.8534 261.0230 -52.6388
v  63.7606 242.3588 -51.7530
v  65.1534 259.3486 -52.1524
v  65.1534 240.3208 -52.1524
v  63.7606 257.3107 -51.7530
v  66.8534 238.6515 -52.6388
v  62.7314 242.3639 -52.5825
v  61.5844 244.6886 -52.3777
v  66.1672 261.0282 -53.1970
v  64.2777 259.3538 -52.8590
v  64.2777 240.3259 -52.8590
v  62.7314 257.3107 -52.5876
v  66.1672 238.6567 -53.1970
v  61.5844 254.9860 -52.3777
v  68.3178 237.4124 -53.5810
v  60.8726 252.4615 -52.2548
v  70.6528 236.6494 -53.9958
v  60.6371 249.8347 -52.2087
v  70.6528 263.0405 -53.9958
v  60.8726 247.2130 -52.2548
v  68.3178 262.2725 -53.5810
v  68.0260 237.4175 -53.9958
v  70.5043 236.6545 -54.2108
v  59.8741 249.8399 -53.2994
v  60.1301 252.4667 -53.3199
v  70.5043 263.0405 -54.2108
v  60.1301 247.2182 -53.3199
v  68.0260 262.2725 -53.9958
v  60.8828 244.6937 -53.3864
v  65.7422 261.0333 -53.8012
v  62.1015 242.3690 -53.4888
v  63.7452 259.3589 -53.6322
v  63.7452 240.3311 -53.6322
v  62.1015 257.3158 -53.4888
v  65.7422 238.6567 -53.8012
v  60.8828 254.9911 -53.3864
v  65.6040 261.0333 -54.4310
v  63.5660 259.3589 -54.4310
v  61.8916 242.3741 -54.4310
v  63.5660 240.3362 -54.4310
v  61.8916 257.3209 -54.4310
v  65.6040 238.6618 -54.4310
v  60.6473 254.9962 -54.4310
v  67.9287 237.4175 -54.4310
v  59.8843 252.4718 -54.4310
v  70.4531 236.6545 -54.4310
v  59.6232 249.8501 -54.4310
v  70.4531 263.0405 -54.4310
v  59.8843 247.2233 -54.4310
v  67.9287 262.2776 -54.4310
v  60.6473 244.6989 -54.4310
v  182.1262 244.6937 -53.3864
v  180.9076 242.3690 -53.4888
v  181.1278 242.3741 -54.4310
v  182.3720 244.6989 -54.4310
v  177.2669 261.0333 -53.8012
v  179.2639 259.3589 -53.6322
v  179.4533 259.3589 -54.4310
v  177.4154 261.0333 -54.4310
v  179.4533 240.3362 -54.4310
v  179.2639 240.3311 -53.6322
v  180.9076 257.3158 -53.4888
v  181.1278 257.3209 -54.4310
v  177.2669 238.6567 -53.8012
v  177.4154 238.6618 -54.4310
v  182.1262 254.9911 -53.3864
v  182.3720 254.9962 -54.4310
v  174.9883 237.4175 -53.9958
v  175.0907 237.4175 -54.4310
v  182.8738 252.4667 -53.3199
v  183.1350 252.4718 -54.4310
v  172.5663 236.6545 -54.4310
v  172.5151 236.6545 -54.2108
v  183.3961 249.8501 -54.4310
v  183.1299 249.8399 -53.2994
v  172.5663 263.0405 -54.4310
v  169.9394 263.3017 -54.4310
v  172.5151 263.0405 -54.2108
v  169.9394 236.3934 -54.4310
v  182.8738 247.2182 -53.3199
v  183.1350 247.2233 -54.4310
v  174.9883 262.2725 -53.9958
v  175.0907 262.2776 -54.4310
v  174.6913 237.4124 -53.5810
v  172.3615 236.6494 -53.9958
v  182.1211 252.4615 -52.2548
v  182.3567 249.8347 -52.2087
v  172.3615 263.0405 -53.9958
v  182.1211 247.2130 -52.2548
v  174.6913 262.2725 -53.5810
v  181.4145 244.6886 -52.3777
v  176.8368 261.0282 -53.1970
v  180.2624 242.3639 -52.5876
v  178.7211 259.3538 -52.8590
v  178.7211 240.3259 -52.8590
v  180.2624 257.3107 -52.5876
v  176.8368 238.6567 -53.1970
v  181.4145 254.9860 -52.3777
v  177.8353 259.3486 -52.1524
v  176.1455 261.0230 -52.6388
v  179.2280 242.3588 -51.7530
v  177.8353 240.3208 -52.1524
v  179.2280 257.3107 -51.7530
v  176.1455 238.6515 -52.6388
v  180.2573 254.9809 -51.4560
v  174.2151 237.4124 -53.1970
v  180.8922 252.4565 -51.2717
v  172.1208 236.6494 -53.8012
v  181.1073 249.8296 -51.2102
v  172.1208 263.0405 -53.8012
v  180.8922 247.2079 -51.2717
v  174.2151 262.2725 -53.1970
v  180.2573 244.6835 -51.4509
v  179.4277 249.8245 -50.3295
v  179.2485 252.4513 -50.4063
v  171.7931 263.0405 -53.6322
v  171.7931 236.6494 -53.6322
v  179.2485 247.2028 -50.4063
v  173.5699 262.2673 -52.8590
v  178.7057 244.6784 -50.6418
v  175.2136 261.0230 -52.1524
v  177.8301 242.3537 -51.0207
v  176.6524 259.3435 -51.5328
v  176.6524 240.3208 -51.5328
v  177.8301 257.3056 -51.0207
v  175.2136 238.6515 -52.1524
v  178.7057 254.9757 -50.6418
v  173.5699 237.4124 -52.8590
v  176.1301 242.3537 -50.4216
v  175.2084 240.3157 -51.0207
v  175.2084 259.3435 -51.0207
v  176.1301 257.3004 -50.4216
v  174.0768 238.6464 -51.7530
v  176.8214 254.9706 -49.9762
v  172.7916 237.4073 -52.5876
v  177.2464 252.4462 -49.6997
v  171.3937 236.6494 -53.4888
v  177.3898 249.8245 -49.6075
v  171.3937 263.0354 -53.4888
v  177.2464 247.1977 -49.6997
v  172.7916 262.2673 -52.5876
v  176.8214 244.6784 -49.9762
v  174.0768 261.0179 -51.7530
v  170.9379 263.0354 -53.3864
v  170.9379 236.6494 -53.3864
v  175.0600 249.8194 -49.0698
v  174.9626 247.1977 -49.1722
v  171.9006 262.2673 -52.3777
v  174.6708 244.6732 -49.4795
v  172.7864 261.0179 -51.4560
v  174.1946 242.3486 -49.9762
v  173.5596 259.3435 -50.6418
v  173.5596 240.3157 -50.6418
v  174.1946 257.3004 -49.9762
v  172.7864 238.6464 -51.4509
v  174.6708 254.9706 -49.4795
v  171.9006 237.4073 -52.3777
v  174.9626 252.4462 -49.1722
v  171.7726 259.3384 -50.4063
v  172.0952 257.2953 -49.6997
v  171.7726 240.3157 -50.4063
v  171.3834 238.6464 -51.2717
v  172.3358 254.9706 -49.1722
v  170.9328 237.4073 -52.2548
v  172.4843 252.4411 -48.8497
v  170.4464 236.6494 -53.3199
v  172.5355 249.8194 -48.7421
v  170.4464 263.0354 -53.3199
v  172.4843 247.1926 -48.8497
v  170.9328 262.2673 -52.2548
v  172.3358 244.6732 -49.1722
v  171.3834 261.0179 -51.2717
v  172.0952 242.3486 -49.6997
v  169.9087 249.8194 -48.6295
v  169.9087 247.1926 -48.7421
v  169.9343 263.0354 -53.2994
v  169.9292 262.2673 -52.2087
v  169.9087 244.6732 -49.0698
v  169.9241 261.0179 -51.2102
v  169.9138 242.3486 -49.6075
v  169.9189 259.3384 -50.3295
v  169.9189 240.3157 -50.3295
v  169.9138 257.2953 -49.6075
v  169.9241 238.6464 -51.2102
v  169.9087 254.9706 -49.0698
v  169.9292 237.4073 -52.2087
v  169.9087 252.4411 -48.7421
v  169.9343 236.6494 -53.2994
v  168.0602 240.3157 -50.4063
v  168.4647 238.6464 -51.2717
v  167.7325 257.2953 -49.6997
v  167.4867 254.9706 -49.1722
v  168.9256 237.4073 -52.2548
v  167.3331 252.4411 -48.8497
v  169.4223 236.6494 -53.3199
v  167.2819 249.8194 -48.7421
v  169.4223 263.0354 -53.3199
v  167.3331 247.1926 -48.8497
v  168.9256 262.2673 -52.2548
v  167.4867 244.6732 -49.1722
v  168.4647 261.0179 -51.2717
v  167.7325 242.3486 -49.6997
v  168.0602 259.3384 -50.4063
v  164.8599 247.1977 -49.1722
v  165.1569 244.6732 -49.4795
v  167.0617 261.0179 -51.4509
v  167.9578 262.2673 -52.3777
v  165.6331 242.3486 -49.9762
v  166.2783 259.3435 -50.6418
v  166.2783 240.3157 -50.6418
v  165.6331 257.3004 -49.9762
v  167.0617 238.6464 -51.4509
v  165.1569 254.9706 -49.4795
v  167.9578 237.4073 -52.3777
v  164.8599 252.4462 -49.1722
v  168.9307 236.6494 -53.3864
v  164.7626 249.8194 -49.0698
v  168.9307 263.0354 -53.3864
v  165.7713 238.6464 -51.7530
v  167.0719 237.4073 -52.5825
v  163.0114 254.9706 -49.9762
v  162.5813 252.4462 -49.6997
v  168.4750 236.6494 -53.4888
v  162.4379 249.8245 -49.6075
v  168.4750 263.0354 -53.4888
v  162.5813 247.1977 -49.6997
v  167.0719 262.2673 -52.5876
v  163.0114 244.6784 -49.9762
v  165.7713 261.0179 -51.7530
v  163.7027 242.3537 -50.4216
v  164.6346 259.3435 -51.0207
v  164.6346 240.3157 -51.0207
v  163.7027 257.3004 -50.4216
v  166.2936 262.2673 -52.8590
v  164.6448 261.0230 -52.1524
v  161.1322 244.6784 -50.6418
v  162.0129 242.3537 -51.0207
v  163.1957 259.3435 -51.5328
v  163.1957 240.3208 -51.5328
v  162.0129 257.3056 -51.0207
v  164.6448 238.6515 -52.1524
v  161.1322 254.9757 -50.6418
v  166.2936 237.4124 -52.8590
v  160.5894 252.4513 -50.4063
v  168.0807 236.6494 -53.6322
v  160.4051 249.8245 -50.3295
v  168.0807 263.0405 -53.6322
v  160.5894 247.2028 -50.4063
v  159.5909 254.9809 -51.4509
v  158.9508 252.4565 -51.2717
v  165.6536 237.4124 -53.1970
v  167.7530 236.6494 -53.8012
v  158.7358 249.8296 -51.2102
v  167.7530 263.0405 -53.8012
v  158.9508 247.2079 -51.2717
v  165.6536 262.2725 -53.1970
v  159.5909 244.6835 -51.4509
v  163.7180 261.0230 -52.6388
v  160.6252 242.3588 -51.7530
v  162.0180 259.3486 -52.1524
v  162.0180 240.3208 -52.1524
v  160.6252 257.3107 -51.7530
v  163.7180 238.6515 -52.6388
v  158.4439 244.6886 -52.3777
v  159.5960 242.3639 -52.5825
v  163.0267 261.0282 -53.1970
v  161.1424 259.3538 -52.8590
v  161.1424 240.3259 -52.8590
v  159.5960 257.3107 -52.5876
v  163.0267 238.6567 -53.1970
v  158.4439 254.9860 -52.3777
v  165.1774 237.4124 -53.5810
v  157.7373 252.4615 -52.2548
v  167.5123 236.6494 -53.9958
v  157.4966 249.8347 -52.2087
v  167.5123 263.0405 -53.9958
v  157.7373 247.2130 -52.2548
v  165.1774 262.2725 -53.5810
v  164.8906 237.4175 -53.9958
v  167.3638 236.6545 -54.2108
v  156.9948 252.4667 -53.3199
v  156.7388 249.8399 -53.2994
v  167.3638 263.0405 -54.2108
v  156.9948 247.2182 -53.3199
v  164.8906 262.2725 -53.9958
v  157.7424 244.6937 -53.3864
v  162.6069 261.0333 -53.8012
v  158.9662 242.3690 -53.4888
v  160.6048 259.3589 -53.6322
v  160.6048 240.3311 -53.6322
v  158.9662 257.3158 -53.4888
v  162.6069 238.6567 -53.8012
v  157.7424 254.9911 -53.3864
v  162.4686 261.0333 -54.4310
v  160.4255 259.3589 -54.4310
v  158.7562 242.3741 -54.4310
v  160.4255 240.3362 -54.4310
v  158.7562 257.3209 -54.4310
v  162.4686 238.6618 -54.4310
v  157.5120 254.9962 -54.4310
v  164.7933 237.4175 -54.4310
v  156.7439 252.4718 -54.4310
v  167.3177 236.6545 -54.4310
v  156.4879 249.8501 -54.4310
v  167.3177 263.0405 -54.4310
v  156.7439 247.2233 -54.4310
v  164.7933 262.2776 -54.4310
v  157.5120 244.6989 -54.4310
v  279.2316 244.6989 -54.4310
v  278.9909 244.6937 -53.3864
v  277.7671 242.3690 -53.4888
v  277.9924 242.3741 -54.4310
v  276.3180 259.3589 -54.4310
v  274.2801 261.0333 -54.4310
v  274.1316 261.0333 -53.8012
v  276.1285 259.3589 -53.6322
v  276.1285 240.3311 -53.6322
v  276.3180 240.3362 -54.4310
v  277.7671 257.3158 -53.4888
v  277.9924 257.3209 -54.4310
v  274.1316 238.6567 -53.8012
v  274.2801 238.6618 -54.4310
v  278.9909 254.9911 -53.3864
v  279.2316 254.9962 -54.4310
v  271.9502 237.4175 -54.4310
v  271.8529 237.4175 -53.9958
v  279.7385 252.4667 -53.3199
v  279.9997 252.4718 -54.4310
v  269.3746 236.6545 -54.2108
v  269.4309 236.6545 -54.4310
v  279.9945 249.8399 -53.2994
v  280.2557 249.8501 -54.4310
v  269.4309 263.0405 -54.4310
v  266.8041 263.3017 -54.4310
v  269.3746 263.0405 -54.2108
v  266.8041 236.3934 -54.4310
v  279.7385 247.2182 -53.3199
v  279.9997 247.2233 -54.4310
v  271.8529 262.2725 -53.9958
v  271.9502 262.2776 -54.4310
v  271.5559 237.4124 -53.5810
v  269.2261 236.6494 -53.9958
v  278.9807 252.4615 -52.2548
v  279.2213 249.8347 -52.2087
v  269.2261 263.0405 -53.9958
v  278.9807 247.2130 -52.2548
v  271.5559 262.2725 -53.5810
v  278.2740 244.6886 -52.3777
v  273.7014 261.0282 -53.1970
v  277.1270 242.3639 -52.5876
v  275.5858 259.3538 -52.8590
v  275.5858 240.3259 -52.8590
v  277.1270 257.3107 -52.5876
v  273.7014 238.6567 -53.1970
v  278.2740 254.9860 -52.3777
v  273.0102 261.0230 -52.6388
v  274.6999 259.3486 -52.1524
v  276.0876 242.3588 -51.7530
v  274.6999 240.3208 -52.1524
v  276.0876 257.3107 -51.7530
v  273.0102 238.6515 -52.6388
v  277.1219 254.9809 -51.4560
v  271.0797 237.4124 -53.1970
v  277.7569 252.4565 -51.2717
v  268.9803 236.6494 -53.8012
v  277.9719 249.8296 -51.2102
v  268.9803 263.0405 -53.8012
v  277.7569 247.2079 -51.2717
v  271.0797 262.2725 -53.1970
v  277.1219 244.6835 -51.4509
v  276.1132 252.4513 -50.4063
v  276.2924 249.8245 -50.3295
v  268.6577 263.0405 -53.6322
v  268.6577 236.6494 -53.6322
v  276.1132 247.2028 -50.4063
v  270.4345 262.2673 -52.8590
v  275.5704 244.6784 -50.6418
v  272.0782 261.0230 -52.1524
v  274.6948 242.3537 -51.0207
v  273.5120 259.3435 -51.5328
v  273.5120 240.3208 -51.5328
v  274.6948 257.3056 -51.0207
v  272.0782 238.6515 -52.1524
v  275.5704 254.9757 -50.6418
v  270.4345 237.4124 -52.8590
v  272.9948 242.3537 -50.4216
v  272.0680 240.3157 -51.0207
v  272.0680 259.3435 -51.0207
v  272.9948 257.3004 -50.4216
v  270.9415 238.6464 -51.7530
v  273.6861 254.9706 -49.9762
v  269.6562 237.4073 -52.5876
v  274.1059 252.4462 -49.6997
v  268.2583 236.6494 -53.4888
v  274.2493 249.8245 -49.6075
v  268.2583 263.0354 -53.4888
v  274.1059 247.1977 -49.6997
v  269.6562 262.2673 -52.5876
v  273.6861 244.6784 -49.9762
v  270.9415 261.0179 -51.7530
v  267.8026 263.0354 -53.3864
v  267.8026 236.6494 -53.3864
v  271.9195 249.8194 -49.0698
v  271.8222 247.1977 -49.1722
v  268.7601 262.2673 -52.3777
v  271.5303 244.6732 -49.4795
v  269.6460 261.0179 -51.4560
v  271.0592 242.3486 -49.9762
v  270.4243 259.3435 -50.6418
v  270.4243 240.3157 -50.6418
v  271.0592 257.3004 -49.9762
v  269.6460 238.6464 -51.4509
v  271.5303 254.9706 -49.4795
v  268.7601 237.4073 -52.3777
v  271.8222 252.4462 -49.1722
v  268.6372 259.3384 -50.4063
v  268.9598 257.2953 -49.6997
v  268.6372 240.3157 -50.4063
v  268.2430 238.6464 -51.2717
v  269.2005 254.9706 -49.1722
v  267.7975 237.4073 -52.2548
v  269.3439 252.4411 -48.8497
v  267.3110 236.6494 -53.3199
v  269.3951 249.8194 -48.7421
v  267.3110 263.0354 -53.3199
v  269.3439 247.1926 -48.8497
v  267.7975 262.2673 -52.2548
v  269.2005 244.6732 -49.1722
v  268.2430 261.0179 -51.2717
v  268.9598 242.3486 -49.6997
v  266.7734 249.8194 -48.6295
v  266.7734 247.1926 -48.7421
v  266.7887 262.2673 -52.2087
v  266.7990 263.0354 -53.2994
v  266.7734 244.6732 -49.0698
v  266.7836 261.0179 -51.2102
v  266.7785 242.3486 -49.6075
v  266.7785 259.3384 -50.3295
v  266.7785 240.3157 -50.3295
v  266.7785 257.2953 -49.6075
v  266.7836 238.6464 -51.2102
v  266.7734 254.9706 -49.0698
v  266.7887 237.4073 -52.2087
v  266.7734 252.4411 -48.7421
v  266.7990 236.6494 -53.2994
v  264.9249 240.3157 -50.4063
v  265.3294 238.6464 -51.2717
v  264.5972 257.2953 -49.6997
v  264.3514 254.9706 -49.1722
v  265.7851 237.4073 -52.2548
v  264.1978 252.4411 -48.8497
v  266.2869 236.6494 -53.3199
v  264.1465 249.8194 -48.7421
v  266.2869 263.0354 -53.3199
v  264.1978 247.1926 -48.8497
v  265.7851 262.2673 -52.2548
v  264.3514 244.6732 -49.1722
v  265.3294 261.0179 -51.2717
v  264.5972 242.3486 -49.6997
v  264.9249 259.3384 -50.4063
v  261.7245 247.1977 -49.1722
v  262.0215 244.6732 -49.4795
v  263.9264 261.0179 -51.4509
v  264.8225 262.2673 -52.3777
v  262.4977 242.3486 -49.9762
v  263.1429 259.3435 -50.6418
v  263.1429 240.3157 -50.6418
v  262.4977 257.3004 -49.9762
v  263.9264 238.6464 -51.4509
v  262.0215 254.9706 -49.4795
v  264.8225 237.4073 -52.3777
v  261.7245 252.4462 -49.1722
v  265.7954 236.6494 -53.3864
v  261.6273 249.8194 -49.0698
v  265.7954 263.0354 -53.3864
v  262.6360 238.6464 -51.7530
v  263.9315 237.4073 -52.5825
v  259.8709 254.9706 -49.9762
v  259.4459 252.4462 -49.6997
v  265.3396 236.6494 -53.4888
v  259.3026 249.8245 -49.6075
v  265.3396 263.0354 -53.4888
v  259.4459 247.1977 -49.6997
v  263.9315 262.2673 -52.5876
v  259.8709 244.6784 -49.9762
v  262.6360 261.0179 -51.7530
v  260.5673 242.3537 -50.4216
v  261.4993 259.3435 -51.0207
v  261.4993 240.3157 -51.0207
v  260.5673 257.3004 -50.4216
v  263.1532 262.2673 -52.8590
v  261.5044 261.0230 -52.1524
v  257.9917 244.6784 -50.6418
v  258.8724 242.3537 -51.0207
v  260.0604 259.3435 -51.5328
v  260.0604 240.3208 -51.5328
v  258.8724 257.3056 -51.0207
v  261.5044 238.6515 -52.1524
v  257.9917 254.9757 -50.6418
v  263.1532 237.4124 -52.8590
v  257.4489 252.4513 -50.4063
v  264.9453 236.6494 -53.6322
v  257.2697 249.8245 -50.3295
v  264.9453 263.0405 -53.6322
v  257.4489 247.2028 -50.4063
v  256.4504 254.9809 -51.4509
v  255.8155 252.4565 -51.2717
v  262.5182 237.4124 -53.1970
v  264.6176 236.6494 -53.8012
v  255.6004 249.8296 -51.2102
v  264.6176 263.0405 -53.8012
v  255.8155 247.2079 -51.2717
v  262.5182 262.2725 -53.1970
v  256.4504 244.6835 -51.4509
v  260.5776 261.0230 -52.6388
v  257.4899 242.3588 -51.7530
v  258.8827 259.3486 -52.1524
v  258.8827 240.3208 -52.1524
v  257.4899 257.3107 -51.7530
v  260.5776 238.6515 -52.6388
v  255.3086 244.6886 -52.3777
v  256.4607 242.3639 -52.5825
v  259.8914 261.0282 -53.1970
v  258.0071 259.3538 -52.8590
v  258.0071 240.3259 -52.8590
v  256.4607 257.3107 -52.5876
v  259.8914 238.6567 -53.1970
v  255.3086 254.9860 -52.3777
v  262.0420 237.4124 -53.5810
v  254.6019 252.4615 -52.2548
v  264.3770 236.6494 -53.9958
v  254.3613 249.8347 -52.2087
v  264.3770 263.0405 -53.9958
v  254.6019 247.2130 -52.2548
v  262.0420 262.2725 -53.5810
v  261.7502 237.4175 -53.9958
v  264.2285 236.6545 -54.2108
v  253.8543 252.4667 -53.3199
v  253.6034 249.8399 -53.2994
v  264.2285 263.0405 -54.2108
v  253.8543 247.2182 -53.3199
v  261.7502 262.2725 -53.9958
v  254.6071 244.6937 -53.3864
v  259.4715 261.0333 -53.8012
v  255.8257 242.3690 -53.4888
v  257.4694 259.3589 -53.6322
v  257.4694 240.3311 -53.6322
v  255.8257 257.3158 -53.4888
v  259.4715 238.6567 -53.8012
v  254.6071 254.9911 -53.3864
v  259.3282 261.0333 -54.4310
v  257.2902 259.3589 -54.4310
v  255.6158 242.3741 -54.4310
v  257.2902 240.3362 -54.4310
v  255.6158 257.3209 -54.4310
v  259.3282 238.6618 -54.4310
v  254.3766 254.9962 -54.4310
v  261.6580 237.4175 -54.4310
v  253.6085 252.4718 -54.4310
v  264.1773 236.6545 -54.4310
v  253.3525 249.8501 -54.4310
v  264.1773 263.0405 -54.4310
v  253.6085 247.2233 -54.4310
v  261.6580 262.2776 -54.4310
v  254.3766 244.6989 -54.4310
v  268.6475 789.3418 -49.0801
v  270.7776 789.5517 -49.0801
v  270.7776 789.5517 -51.0720
v  268.6475 789.3418 -51.0720
v  274.9559 788.7170 -51.0720
v  274.9559 788.7170 -49.0801
v  276.8403 787.7083 -49.0801
v  276.8403 787.7083 -51.0720
v  278.4942 786.3514 -49.0801
v  278.4942 786.3514 -51.0720
v  279.8512 784.6974 -49.0801
v  279.8512 784.6974 -51.0720
v  280.8599 782.8131 -49.0801
v  280.8599 782.8131 -51.0720
v  281.4846 780.7649 -49.0801
v  281.4846 780.7649 -51.0720
v  281.6945 778.6348 -49.0801
v  281.6945 778.6348 -51.0720
v  281.4846 776.5046 -49.0801
v  281.4846 776.5046 -51.0720
v  280.8599 774.4565 -49.0801
v  280.8599 774.4565 -51.0720
v  279.8512 772.5721 -49.0801
v  279.8512 772.5721 -51.0720
v  278.4942 770.9182 -49.0801
v  278.4942 770.9182 -51.0720
v  276.8403 769.5561 -49.0801
v  276.8403 769.5561 -51.0720
v  274.9559 768.5525 -49.0801
v  274.9559 768.5525 -51.0720
v  272.9077 767.9278 -49.0801
v  272.9077 767.9278 -51.0720
v  270.7776 767.7178 -49.0801
v  270.7776 767.7178 -51.0720
v  268.6475 767.9278 -49.0801
v  268.6475 767.9278 -51.0720
v  266.5993 768.5525 -49.0801
v  266.5993 768.5525 -51.0720
v  264.7149 769.5561 -49.0801
v  264.7149 769.5561 -51.0720
v  263.0610 770.9182 -49.0801
v  263.0610 770.9182 -51.0720
v  261.6989 772.5721 -49.0801
v  261.6989 772.5721 -51.0720
v  260.6902 774.4565 -49.0801
v  260.6902 774.4565 -51.0720
v  260.0706 776.5046 -49.0801
v  260.0706 776.5046 -51.0720
v  259.8607 778.6348 -49.0801
v  259.8607 778.6348 -51.0720
v  260.0706 780.7649 -49.0801
v  260.0706 780.7649 -51.0720
v  260.6902 782.8131 -49.0801
v  260.6902 782.8131 -51.0720
v  261.6989 784.6974 -49.0801
v  261.6989 784.6974 -51.0720
v  263.0610 786.3514 -49.0801
v  263.0610 786.3514 -51.0720
v  264.7149 787.7083 -49.0801
v  264.7149 787.7083 -51.0720
v  266.5993 788.7170 -51.0720
v  266.5993 788.7170 -49.0801
v  272.9077 789.3418 -51.0720
v  272.9077 789.3418 -49.0801
v  272.5749 787.6622 -47.3749
v  270.7776 787.8363 -47.3749
v  268.9803 787.6622 -47.3749
v  267.2547 787.1348 -47.3749
v  264.2694 785.1429 -47.3749
v  263.1224 783.7502 -47.3749
v  262.2725 782.1577 -47.3749
v  261.7502 780.4321 -47.3749
v  265.6622 786.2849 -47.3749
v  264.2694 772.1266 -47.3749
v  261.5760 778.6348 -47.3749
v  261.7502 776.8375 -47.3749
v  262.2725 775.1119 -47.3749
v  263.1224 773.5194 -47.3749
v  265.6622 770.9847 -47.3749
v  267.2547 770.1296 -47.3749
v  268.9803 769.6073 -47.3749
v  270.7776 769.4332 -47.3749
v  272.5749 769.6073 -47.3749
v  274.3005 770.1296 -47.3749
v  277.2858 772.1266 -47.3749
v  275.8879 770.9847 -47.3749
v  278.4276 773.5194 -47.3749
v  279.2777 775.1119 -47.3749
v  279.8051 776.8375 -47.3749
v  279.9792 778.6348 -47.3749
v  278.4276 783.7502 -47.3749
v  279.8051 780.4321 -47.3749
v  279.2777 782.1577 -47.3749
v  277.2858 785.1429 -47.3749
v  275.8879 786.2849 -47.3749
v  274.3005 787.1348 -47.3749
v  270.7776 789.0499 -47.8768
v  272.8105 788.8502 -47.8768
v  274.7614 788.2562 -47.8768
v  276.5638 787.2936 -47.8768
v  278.1409 785.9981 -47.8768
v  279.4364 784.4209 -47.8768
v  280.3990 782.6185 -47.8768
v  280.9930 780.6676 -47.8768
v  281.1927 778.6348 -47.8768
v  280.9930 776.6019 -47.8768
v  280.3990 774.6510 -47.8768
v  279.4364 772.8486 -47.8768
v  278.1409 771.2715 -47.8768
v  276.5638 769.9760 -47.8768
v  274.7614 769.0134 -47.8768
v  272.8105 768.4193 -47.8768
v  270.7776 768.2197 -47.8768
v  268.7448 768.4193 -47.8768
v  266.7939 769.0134 -47.8768
v  264.9914 769.9760 -47.8768
v  263.4143 771.2715 -47.8768
v  262.1188 772.8486 -47.8768
v  261.1562 774.6510 -47.8768
v  260.5622 776.6019 -47.8768
v  260.3625 778.6348 -47.8768
v  260.5622 780.6676 -47.8768
v  261.1562 782.6185 -47.8768
v  262.1188 784.4209 -47.8768
v  263.4143 785.9981 -47.8768
v  264.9914 787.2936 -47.8768
v  266.7939 788.2562 -47.8768
v  268.7448 788.8502 -47.8768
v  257.8125 765.1166 -59.0446
v  257.8125 765.1166 -52.2548
v  256.5272 768.2094 -52.2548
v  256.5272 768.2094 -59.0446
v  257.8125 792.0352 -52.2548
v  257.8125 792.0352 -59.0446
v  256.5272 788.9424 -59.0446
v  256.5272 788.9424 -52.2548
v  281.6382 763.8365 -52.2548
v  260.9053 763.8365 -52.2548
v  260.9053 763.8365 -59.0446
v  281.6382 763.8365 -59.0446
v  286.0162 788.9424 -52.2548
v  286.0162 788.9424 -59.0446
v  284.7310 792.0352 -59.0446
v  284.7310 792.0352 -52.2548
v  260.9053 793.3204 -52.2548
v  260.9053 793.3204 -59.0446
v  281.6382 793.3204 -52.2548
v  281.6382 793.3204 -59.0446
v  284.7310 765.1166 -59.0446
v  284.7310 765.1166 -52.2548
v  286.0162 768.2094 -59.0446
v  286.0162 768.2094 -52.2548
v  261.0435 764.5278 -50.6777
v  258.3450 765.6492 -50.6777
v  257.2236 768.3477 -50.6777
v  258.3450 791.5026 -50.6777
v  261.0435 792.6240 -50.6777
v  257.2236 788.8041 -50.6777
v  281.5000 764.5278 -50.6777
v  284.1985 765.6492 -50.6777
v  285.3199 768.3477 -50.6777
v  281.5000 792.6240 -50.6777
v  284.1985 791.5026 -50.6777
v  285.3199 788.8041 -50.6777
v  268.7192 673.5978 -50.0837
v  268.7192 668.7692 -35.0140
v  271.8376 668.2520 -35.3776
v  271.8376 672.9680 -50.0581
v  265.5957 668.2520 -35.3776
v  265.5957 672.9680 -50.0581
v  263.0508 671.2526 -49.9864
v  263.0457 666.8489 -36.3659
v  261.3303 668.7077 -49.8840
v  261.3303 664.7598 -37.8303
v  260.7004 665.5893 -49.7560
v  260.7004 662.2047 -39.6225
v  261.3303 662.4709 -49.6280
v  261.3303 659.6495 -41.4147
v  263.0457 659.9209 -49.5204
v  263.0457 657.5654 -42.8791
v  265.5957 658.2055 -49.4487
v  265.5957 656.1573 -43.8674
v  268.7192 657.5757 -49.4231
v  268.7192 655.6402 -44.2310
v  271.8376 658.2055 -49.4487
v  271.8376 656.1573 -43.8674
v  274.3876 657.5654 -42.8791
v  274.3876 659.9209 -49.5204
v  276.1081 662.4658 -49.6280
v  276.1081 659.6495 -41.4147
v  276.7379 665.5842 -49.7560
v  276.7379 662.2047 -39.6225
v  276.1081 668.7026 -49.8840
v  276.1081 664.7598 -37.8303
v  274.3876 671.2526 -49.9864
v  274.3876 666.8438 -36.3659
v  268.7192 656.2751 -24.8447
v  271.8376 655.9679 -25.3926
v  265.5957 655.9679 -25.3926
v  263.0457 655.1281 -26.8929
v  261.3303 653.8839 -29.1152
v  260.7004 652.3579 -31.8393
v  261.3303 650.8269 -34.5634
v  263.0457 649.5826 -36.7857
v  265.5957 648.7429 -38.2860
v  268.7192 648.4356 -38.8339
v  271.8376 648.7429 -38.2860
v  274.3876 649.5826 -36.7857
v  276.1081 650.8269 -34.5634
v  276.7379 652.3528 -31.8393
v  276.1081 653.8787 -29.1203
v  274.3876 655.1281 -26.8929
v  268.7192 639.9100 -18.7411
v  271.8376 639.7461 -19.3504
v  265.5957 639.7461 -19.3504
v  263.0457 639.3109 -21.0146
v  261.3303 638.6605 -23.4775
v  260.6953 637.8669 -26.4986
v  261.3251 637.0732 -29.5146
v  263.0457 636.4280 -31.9827
v  265.5957 635.9876 -33.6417
v  268.7141 635.8289 -34.2511
v  271.8376 635.9876 -33.6417
v  274.3876 636.4280 -31.9827
v  276.1029 637.0732 -29.5146
v  276.7379 637.8669 -26.4986
v  276.1029 638.6605 -23.4775
v  274.3876 639.3109 -21.0146
v  268.7141 621.2610 -15.6995
v  271.8376 621.2098 -16.3293
v  265.5957 621.2098 -16.3293
v  263.0457 621.0613 -18.0396
v  261.3251 620.8463 -20.5793
v  260.6953 620.5800 -23.6926
v  261.3251 620.3138 -26.8007
v  263.0457 620.0987 -29.3405
v  265.5957 619.9502 -31.0508
v  268.7141 619.8939 -31.6806
v  271.8376 619.9502 -31.0508
v  274.3876 620.0936 -29.3405
v  276.1029 620.3138 -26.8007
v  276.7328 620.5800 -23.6926
v  276.1029 620.8463 -20.5793
v  274.3876 621.0613 -18.0396
v  271.8376 601.8185 -16.1450
v  268.7141 601.7775 -15.5151
v  265.5957 601.8185 -16.1450
v  263.0457 601.9363 -17.8552
v  261.3251 602.1104 -20.4001
v  260.6953 602.3203 -23.5134
v  261.3251 602.5354 -26.6266
v  263.0457 602.7043 -29.1715
v  265.5957 602.8221 -30.8869
v  268.7141 602.8631 -31.5167
v  271.8376 602.8221 -30.8869
v  274.3876 602.7043 -29.1715
v  276.1029 602.5303 -26.6266
v  276.7328 602.3203 -23.5134
v  276.1029 602.1104 -20.4001
v  274.3876 601.9363 -17.8552
v  268.7141 582.9597 -18.2905
v  271.8376 583.1184 -18.8998
v  265.5957 583.1184 -18.8998
v  263.0457 583.5383 -20.5640
v  261.3251 584.1630 -23.0372
v  260.6953 584.9310 -26.0634
v  261.3251 585.6940 -29.0896
v  263.0457 586.3187 -31.5577
v  265.5957 586.7437 -33.2270
v  268.7141 586.8973 -33.8363
v  271.8376 586.7386 -33.2270
v  274.3824 586.3187 -31.5577
v  276.1029 585.6940 -29.0896
v  276.7328 584.9259 -26.0634
v  276.1029 584.1630 -23.0372
v  274.3824 583.5383 -20.5640
v  268.7141 566.2719 -24.4555
v  271.8324 566.5842 -25.0034
v  265.5905 566.5842 -25.0034
v  263.0457 567.4343 -26.4986
v  261.3251 568.6939 -28.7158
v  260.6953 570.2352 -31.4297
v  261.3251 571.7765 -34.1436
v  263.0457 573.0361 -36.3556
v  265.5905 573.8861 -37.8508
v  268.7141 574.1985 -38.3987
v  271.8324 573.8861 -37.8508
v  274.3824 573.0361 -36.3556
v  276.1029 571.7765 -34.1436
v  276.7328 570.2352 -31.4297
v  276.1029 568.6939 -28.7158
v  274.3824 567.4343 -26.4986
v  268.7141 553.4809 -35.1420
v  271.8324 553.9980 -35.5005
v  265.5905 553.9980 -35.5005
v  263.0405 555.4113 -36.4785
v  261.3251 557.5107 -37.9327
v  260.6953 560.0761 -39.7095
v  261.3251 562.6415 -41.4864
v  263.0405 564.7358 -42.9355
v  265.5905 566.1490 -43.9135
v  268.7141 566.6662 -44.2719
v  271.8324 566.1490 -43.9135
v  274.3824 564.7358 -42.9355
v  276.1029 562.6415 -41.4864
v  276.7328 560.0710 -39.7095
v  276.1029 557.5056 -37.9327
v  274.3824 555.4113 -36.4785
v  271.8324 548.8878 -50.9951
v  268.7090 548.2580 -50.9951
v  265.5905 548.8929 -50.9951
v  263.0405 550.6083 -50.9951
v  261.3200 553.1583 -50.9951
v  260.6902 556.2818 -50.9951
v  261.3251 559.4002 -50.9951
v  263.0405 561.9502 -50.9951
v  265.5905 563.6707 -50.9951
v  268.7141 564.3005 -50.9951
v  271.8324 563.6656 -50.9951
v  274.3824 561.9502 -50.9951
v  276.1029 559.4002 -50.9951
v  276.7328 556.2767 -50.9951
v  276.0978 553.1583 -50.9951
v  274.3824 550.6083 -50.9951
v  247.3871 679.6758 -48.4093
v  247.3871 547.0598 -48.4093
v  293.0313 547.0598 -48.4093
v  293.0313 679.6758 -48.4093
v  245.6359 684.7605 -50.1605
v  294.7826 684.7605 -50.1605
v  294.7826 684.7605 -55.5678
v  245.6359 684.7605 -55.5678
v  245.6359 541.9751 -55.5678
v  245.6359 541.9751 -50.1605
v  294.7826 541.9751 -50.1605
v  294.7826 541.9751 -55.5678
v  133.1742 393.7313 -54.7126
v  133.1742 393.7313 -51.4048
v  127.6594 394.1819 -51.4457
v  127.6594 394.1819 -54.6717
v  127.6594 398.6931 -45.5060
v  112.8816 403.2042 -45.9105
v  112.8816 398.6982 -51.8451
v  -146.7333 481.3380 -51.8451
v  -134.9203 466.3657 -51.8451
v  -134.9203 466.3657 -54.2672
v  -146.7333 481.3380 -54.2672
v  112.8816 423.2254 -45.9105
v  127.6594 427.7366 -45.5060
v  127.6594 432.2477 -51.4457
v  112.8816 427.7314 -51.8451
v  137.7980 395.2930 -51.5430
v  137.7980 395.2930 -54.5744
v  137.7980 431.1366 -51.5430
v  133.1742 432.6983 -51.4048
v  133.1742 428.1923 -45.4650
v  137.7980 426.6254 -45.6084
v  -158.5514 349.6027 -45.9105
v  -148.9198 349.6027 -45.9105
v  -140.6655 360.0639 -45.9105
v  -150.2972 360.0639 -45.9105
v  133.1742 398.2373 -45.4650
v  -167.6506 345.0916 -51.8451
v  -146.7333 345.0916 -51.8451
v  -162.9756 446.0219 -51.8451
v  -155.8376 466.3657 -51.8451
v  -155.8376 466.3657 -54.2672
v  -162.9756 446.0219 -54.2672
v  -157.4352 446.0219 -45.9105
v  -150.2972 466.3657 -45.9105
v  -148.9198 476.8269 -45.9105
v  -140.6655 466.3657 -45.9105
v  -147.8035 446.0219 -45.9105
v  -157.4352 380.4077 -45.9105
v  -162.9756 380.4077 -51.8451
v  -155.8376 360.0639 -51.8451
v  -134.9203 360.0639 -51.8451
v  -142.0583 380.4077 -51.8451
v  -147.8035 380.4077 -45.9105
v  -142.0583 380.4077 -54.2672
v  -134.9203 360.0639 -54.2672
v  -167.6506 481.3380 -51.8451
v  -158.5514 476.8269 -45.9105
v  -142.0583 446.0219 -51.8451
v  -176.0175 427.7314 -54.2672
v  -176.0175 427.7314 -51.8451
v  -226.5262 385.7279 -51.7069
v  -259.8095 379.9315 -51.9373
v  -259.8095 379.9315 -54.1801
v  -226.5262 385.7228 -54.4105
v  160.8710 413.8907 -53.0792
v  158.7153 413.9931 -51.3331
v  -164.0611 423.2254 -45.9105
v  -155.1002 427.7314 -51.8451
v  -167.6506 481.3380 -54.2672
v  137.7980 399.8042 -45.6084
v  -226.5262 436.1291 -45.7671
v  -193.2429 423.1588 -45.9105
v  -193.2429 427.7314 -51.8451
v  -226.5262 440.7017 -51.7069
v  112.8816 427.7314 -54.2672
v  127.6594 432.2477 -54.6717
v  -164.0611 403.2042 -45.9105
v  -155.1002 398.6982 -51.8451
v  -173.7388 423.1588 -45.9105
v  -176.0175 398.6982 -51.8451
v  -173.7388 403.2708 -45.9105
v  -255.3802 441.1523 -45.9668
v  -259.8095 446.4981 -51.9373
v  -226.5262 390.3005 -45.7671
v  -255.3802 385.2773 -45.9668
v  -155.8376 360.0639 -54.2672
v  -162.9756 380.4077 -54.2672
v  158.7153 412.4365 -51.3331
v  160.8710 412.5389 -53.0792
v  -193.2429 403.2708 -45.9105
v  -193.2429 398.6982 -51.8451
v  137.7980 431.1366 -54.5744
v  133.1742 432.6983 -54.7126
v  -155.1002 427.7314 -54.2672
v  -142.0583 446.0219 -54.2672
v  -146.7333 345.0916 -54.2672
v  -167.6506 345.0916 -54.2672
v  160.8710 412.5389 -53.0382
v  160.8710 413.8907 -53.0382
v  -193.2429 427.7314 -54.2672
v  -176.0175 398.6982 -54.2672
v  112.8816 398.6982 -54.2672
v  -155.1002 398.6982 -54.2672
v  -193.2429 398.6982 -54.2672
v  -226.5262 440.7017 -54.4105
v  -259.8095 446.4981 -54.1801
v  267.8128 1034.9623 -75.1435
v  231.9795 1071.6969 -75.1435
v  233.0087 1299.4008 -75.1435
v  267.6951 1257.9604 -75.1435
v  127.4392 150.2050 -57.3599
v  127.4392 150.2050 -72.1070
v  176.3708 150.2050 -72.1070
v  176.4425 150.2050 -57.3599
v  302.4377 1182.1206 -75.1435
v  302.6784 968.0322 -75.1435
v  227.3659 1317.4249 -72.1070
v  227.3659 1317.4249 -57.3599
v  267.7719 1267.8892 -57.3599
v  267.7770 1267.7919 -72.1070
v  308.1522 1179.8728 -57.3599
v  308.1676 1179.5758 -72.1070
v  267.6746 1258.1294 -54.3235
v  233.0087 1299.4058 -54.3235
v  231.8976 1071.7839 -54.3235
v  267.8128 1034.9982 -54.3235
v  175.2494 1357.1089 -75.1435
v  170.9994 1152.1400 -74.5290
v  124.3260 1166.1344 -73.7251
v  127.4392 1382.5117 -75.1435
v  75.8040 150.2050 -72.1070
v  75.8040 150.2050 -57.3599
v  27.9887 150.2050 -57.3599
v  27.9887 150.2050 -72.1070
v  217.4219 1323.6464 -75.1435
v  214.2011 1131.8373 -75.1076
v  127.4392 1389.2605 -72.1070
v  127.4392 1389.2605 -57.3599
v  175.2494 1363.8577 -57.3599
v  175.2494 1363.8577 -72.1070
v  223.0647 1325.9147 -57.3599
v  223.0647 1325.9147 -72.1070
v  129.5694 1163.6202 -52.8949
v  170.7741 1151.7919 -53.6578
v  175.2494 1357.1089 -54.3235
v  133.0820 1379.5162 -54.3235
v  33.6315 1401.5856 -75.1435
v  75.8040 1400.4335 -75.1435
v  74.6365 1134.2848 -73.0031
v  33.5803 1138.2225 -73.3820
v  117.9714 1385.4612 -75.1435
v  115.1705 1125.5083 -73.3820
v  27.9887 1407.5459 -72.1070
v  27.9887 1407.5459 -57.3599
v  75.8040 1406.2401 -57.3599
v  75.8040 1406.2401 -72.1070
v  123.6142 1389.2605 -57.3599
v  123.6142 1389.2605 -72.1070
v  74.5495 1133.3632 -52.0653
v  75.8040 1400.4335 -54.3235
v  33.6315 1401.5856 -54.3235
v  33.5649 1137.5005 -52.4699
v  302.6784 967.9861 -54.3235
v  302.4019 1182.5251 -54.3235
v  225.6659 1085.5580 -57.3599
v  225.7376 1085.4812 -72.1070
v  314.9266 150.2050 -72.1070
v  315.1776 150.2050 -57.3599
v  273.9011 150.2050 -57.3599
v  273.7168 150.2050 -72.1070
v  308.3212 964.7038 -72.1070
v  308.3212 964.6730 -57.3599
v  214.0322 1131.9089 -54.2774
v  217.4219 1323.6464 -54.3235
v  124.2491 1170.5892 -55.9211
v  226.9307 150.2050 -57.3599
v  226.8078 150.2050 -72.1070
v  219.8439 1133.6653 -57.3446
v  219.9617 1133.5730 -72.0968
v  115.0220 1124.7709 -52.4750
v  117.9714 1385.4612 -54.3235
v  27.9733 1142.0015 -55.6190
v  27.9785 1142.4929 -70.4326
v  123.6142 150.2050 -72.1070
v  123.6142 150.2050 -57.3599
v  120.5368 1127.9047 -70.4121
v  120.4241 1127.3977 -55.5985
v  231.4726 150.2050 -57.3599
v  237.4431 155.8478 -54.3235
v  246.9314 384.5604 -54.3235
v  240.8073 392.8659 -57.3599
v  273.9267 155.8478 -54.3235
v  314.2354 353.8681 -57.3599
v  309.5091 358.9323 -54.3235
v  309.5962 155.8478 -54.3235
v  309.2531 358.9323 -75.1435
v  314.0664 353.8681 -72.1070
v  309.2480 155.8478 -75.1435
v  273.6656 155.8478 -75.1435
v  137.4908 359.7925 -54.3235
v  131.2182 356.7151 -57.3599
v  133.0820 155.8478 -54.3235
v  176.4476 155.8478 -54.3235
v  220.9858 155.8478 -54.3235
v  234.9187 346.1566 -57.3599
v  229.5626 350.4834 -54.3235
v  229.1428 350.4834 -75.1435
v  234.6268 346.1566 -72.1070
v  220.8219 155.8478 -75.1435
v  176.3554 155.8478 -75.1435
v  37.5333 404.9964 -54.3235
v  31.8649 401.6732 -57.3599
v  33.6315 155.8478 -54.3235
v  75.8040 155.8478 -54.3235
v  127.7413 398.0171 -57.3599
v  121.6582 401.7705 -54.3235
v  117.9714 155.8478 -54.3235
v  117.9714 155.8478 -75.1435
v  121.4277 401.7705 -75.1435
v  127.5672 398.0171 -72.1070
v  75.8040 155.8478 -75.1435
v  231.3395 150.2050 -72.1070
v  237.2485 155.8478 -75.1435
v  127.4392 155.8478 -75.1435
v  33.6315 155.8478 -75.1435
v  126.8299 892.6583 -72.1070
v  123.4452 892.8528 -75.1435
v  123.7934 645.8293 -72.1070
v  118.1609 647.6931 -75.1435
v  123.7524 892.7350 -54.3235
v  127.0501 892.5610 -57.3599
v  118.1813 647.6931 -54.3235
v  123.8088 645.8293 -57.3599
v  29.9959 904.6096 -57.3599
v  35.9511 903.2935 -54.3235
v  27.9887 653.1414 -57.3599
v  33.6315 654.1450 -54.3235
v  31.7267 401.6732 -72.1070
v  37.3336 404.9964 -75.1435
v  27.9887 653.1414 -72.1070
v  33.6315 654.1450 -75.1435
v  29.9089 904.6096 -72.1070
v  35.8128 903.2935 -75.1435
v  78.9326 404.7660 -54.3235
v  75.9371 653.6841 -54.3235
v  80.2947 902.6022 -54.3235
v  78.7688 404.7660 -75.1435
v  75.9218 653.6841 -75.1435
v  80.0745 902.6022 -75.1435
v  315.1212 759.2332 -72.1070
v  309.7856 762.6025 -75.1435
v  308.3212 557.5363 -72.1070
v  302.6784 562.0117 -75.1435
v  310.1236 762.4283 -54.3235
v  315.3516 759.1308 -57.3599
v  302.6784 562.0117 -54.3235
v  308.3212 557.5363 -57.3599
v  232.8858 839.4152 -57.3599
v  239.1790 827.5100 -54.3235
v  227.3659 617.0930 -57.3599
v  233.0087 613.2679 -54.3235
v  240.9967 383.6490 -72.1070
v  246.4296 384.5604 -75.1435
v  227.3659 617.0930 -72.1070
v  233.0087 613.2679 -75.1435
v  232.6759 839.8146 -72.1070
v  239.0100 831.2582 -75.1435
v  279.3545 375.5790 -54.3235
v  267.8128 595.3052 -54.3235
v  276.5996 806.1985 -54.3235
v  278.9653 375.5790 -75.1435
v  267.8128 595.3052 -75.1435
v  276.1695 806.5928 -75.1435
v  223.6587 930.3914 -72.1070
v  217.9186 930.9699 -75.1435
v  227.1458 735.5406 -72.1070
v  221.2982 737.1996 -75.1435
v  223.0647 542.1082 -72.1070
v  217.4219 545.1140 -75.1435
v  217.9800 930.7343 -54.3235
v  223.7099 930.2172 -57.3599
v  221.5388 736.9999 -54.3235
v  227.3199 735.3972 -57.3599
v  217.4219 545.1140 -54.3235
v  223.0647 542.1082 -57.3599
v  127.4392 976.2454 -57.3599
v  133.0820 971.6268 -54.3235
v  129.3594 769.1414 -57.3599
v  135.0688 766.8832 -54.3235
v  127.4392 563.2252 -57.3599
v  133.0820 563.7373 -54.3235
v  131.1311 360.2943 -75.1435
v  127.4392 564.7358 -75.1435
v  129.2519 768.6907 -75.1435
v  127.4392 973.6238 -75.1435
v  184.4663 356.0597 -54.3235
v  175.2494 556.2664 -54.3235
v  178.1988 753.8618 -54.3235
v  175.2904 956.0860 -54.3235
v  184.1284 356.0597 -75.1435
v  175.2494 556.2664 -75.1435
v  178.0094 754.0615 -75.1435
v  175.2852 956.1679 -75.1435
v  -215.4403 1034.9572 -75.1435
v  -215.3276 1257.9604 -75.1435
v  -180.6362 1299.4008 -75.1435
v  -179.6121 1071.6969 -75.1435
v  -75.0667 150.2050 -57.3599
v  -124.0699 150.2050 -57.3599
v  -124.0034 150.2050 -72.1070
v  -75.0667 150.2050 -72.1070
v  -250.3058 968.0322 -75.1435
v  -250.0703 1182.1206 -75.1435
v  -215.3993 1267.8892 -57.3599
v  -174.9934 1317.4249 -57.3599
v  -174.9934 1317.4249 -72.1070
v  -215.4096 1267.7919 -72.1070
v  -255.8001 1179.5758 -72.1070
v  -255.7796 1179.8728 -57.3599
v  -215.3020 1258.1294 -54.3235
v  -215.4403 1034.9982 -54.3235
v  -179.5302 1071.7839 -54.3235
v  -180.6362 1299.4058 -54.3235
v  -71.9585 1166.1344 -73.7251
v  -118.6268 1152.1400 -74.5290
v  -122.8820 1357.1089 -75.1435
v  -75.0667 1382.5117 -75.1435
v  -23.4314 150.2050 -72.1070
v  24.3839 150.2050 -72.1070
v  24.3839 150.2050 -57.3599
v  -23.4314 150.2050 -57.3599
v  -161.8286 1131.8322 -75.1076
v  -165.0493 1323.6464 -75.1435
v  -122.8820 1363.8577 -57.3599
v  -75.0667 1389.2605 -57.3599
v  -75.0667 1389.2605 -72.1070
v  -122.8820 1363.8577 -72.1070
v  -170.6922 1325.9147 -72.1070
v  -170.6922 1325.9147 -57.3599
v  -80.7095 1379.5162 -54.3235
v  -122.8820 1357.1089 -54.3235
v  -118.4015 1151.7919 -53.6578
v  -77.2019 1163.6202 -52.8949
v  -22.2640 1134.2848 -73.0031
v  -23.4314 1400.4335 -75.1435
v  18.7359 1401.5856 -75.1435
v  18.7871 1138.2225 -73.3820
v  -62.7979 1125.5083 -73.3820
v  -65.6040 1385.4612 -75.1435
v  -23.4314 1406.2401 -57.3599
v  24.3839 1407.5459 -57.3599
v  24.3839 1407.5459 -72.1070
v  -23.4314 1406.2401 -72.1070
v  -71.2468 1389.2605 -72.1070
v  -71.2468 1389.2605 -57.3599
v  18.7359 1401.5856 -54.3235
v  -23.4314 1400.4335 -54.3235
v  -22.1820 1133.3632 -52.0653
v  18.8076 1137.5005 -52.4699
v  -250.0344 1182.5251 -54.3235
v  -250.3109 967.9861 -54.3235
v  -173.3702 1085.4812 -72.1070
v  -173.2934 1085.5580 -57.3599
v  -221.5337 150.2050 -57.3599
v  -262.8101 150.2050 -57.3599
v  -262.5541 150.2050 -72.1070
v  -221.3493 150.2050 -72.1070
v  -255.9537 964.6730 -57.3599
v  -255.9486 964.7038 -72.1070
v  -165.0493 1323.6464 -54.3235
v  -161.6596 1131.9089 -54.2774
v  -71.8817 1170.5892 -55.9211
v  -174.5633 150.2050 -57.3599
v  -174.4352 150.2050 -72.1070
v  -167.4765 1133.6653 -57.3446
v  -167.5891 1133.5730 -72.0968
v  -62.6494 1124.7709 -52.4750
v  -65.6040 1385.4612 -54.3235
v  24.3941 1142.4929 -70.4326
v  24.3992 1142.0015 -55.6190
v  -71.2468 150.2050 -72.1070
v  -71.2468 150.2050 -57.3599
v  -68.1642 1127.9047 -70.4121
v  -68.0516 1127.3977 -55.5985
v  -179.1000 150.2050 -57.3599
v  -188.4398 392.8659 -57.3599
v  -194.5640 384.5604 -54.3235
v  -185.0705 155.8478 -54.3235
v  -221.5593 155.8478 -54.3235
v  -261.8628 353.8681 -57.3599
v  -257.2288 155.8478 -54.3235
v  -257.1417 358.9272 -54.3235
v  -256.8806 358.9272 -75.1435
v  -256.8806 155.8478 -75.1435
v  -261.6938 353.8681 -72.1070
v  -221.2982 155.8478 -75.1435
v  -85.1233 359.7925 -54.3235
v  -80.7095 155.8478 -54.3235
v  -78.8456 356.7151 -57.3599
v  -124.0802 155.8478 -54.3235
v  -182.5461 346.1566 -57.3599
v  -168.6132 155.8478 -54.3235
v  -177.1952 350.4834 -54.3235
v  -176.7702 350.4834 -75.1435
v  -168.4494 155.8478 -75.1435
v  -182.2543 346.1566 -72.1070
v  -123.9829 155.8478 -75.1435
v  14.8392 404.9964 -54.3235
v  18.7359 155.8478 -54.3235
v  20.5076 401.6732 -57.3599
v  -23.4314 155.8478 -54.3235
v  -65.6040 155.8478 -54.3235
v  -69.2856 401.7705 -54.3235
v  -75.3688 398.0171 -57.3599
v  -75.1998 398.0171 -72.1070
v  -69.0552 401.7705 -75.1435
v  -65.6040 155.8478 -75.1435
v  -23.4314 155.8478 -75.1435
v  -184.8811 155.8478 -75.1435
v  -178.9720 150.2050 -72.1070
v  -75.0667 155.8478 -75.1435
v  18.7359 155.8478 -75.1435
v  -71.0778 892.8528 -75.1435
v  -74.4624 892.6583 -72.1070
v  -65.7934 647.6931 -75.1435
v  -71.4260 645.8293 -72.1070
v  -74.6826 892.5610 -57.3599
v  -71.3799 892.7350 -54.3235
v  -65.8139 647.6931 -54.3235
v  -71.4413 645.8293 -57.3599
v  16.4215 903.2935 -54.3235
v  22.3715 904.6096 -57.3599
v  24.3839 653.1414 -57.3599
v  18.7359 654.1450 -54.3235
v  15.0338 404.9964 -75.1435
v  20.6459 401.6732 -72.1070
v  24.3839 653.1414 -72.1070
v  18.7359 654.1450 -75.1435
v  16.5546 903.2935 -75.1435
v  22.4586 904.6096 -72.1070
v  -26.5601 404.7660 -54.3235
v  -23.5697 653.6841 -54.3235
v  -27.9273 902.6022 -54.3235
v  -26.4013 404.7660 -75.1435
v  -23.5492 653.6841 -75.1435
v  -27.7020 902.6022 -75.1435
v  -257.4182 762.6025 -75.1435
v  -262.7538 759.2332 -72.1070
v  -250.3058 562.0117 -75.1435
v  -255.9486 557.5363 -72.1070
v  -262.9842 759.1308 -57.3599
v  -257.7562 762.4283 -54.3235
v  -250.3058 562.0117 -54.3235
v  -255.9486 557.5363 -57.3599
v  -186.8115 827.5100 -54.3235
v  -180.5133 839.4152 -57.3599
v  -180.6362 613.2679 -54.3235
v  -174.9934 617.0930 -57.3599
v  -194.0622 384.5604 -75.1435
v  -188.6242 383.6490 -72.1070
v  -180.6362 613.2679 -75.1435
v  -174.9934 617.0930 -72.1070
v  -180.3085 839.8146 -72.1070
v  -186.6425 831.2532 -75.1435
v  -226.9819 375.5790 -54.3235
v  -215.4403 595.3052 -54.3235
v  -224.2271 806.1985 -54.3235
v  -226.5979 375.5739 -75.1435
v  -215.4403 595.3052 -75.1435
v  -223.7970 806.5928 -75.1435
v  -165.5461 930.9699 -75.1435
v  -171.2913 930.3862 -72.1070
v  -168.9256 737.1996 -75.1435
v  -174.7732 735.5406 -72.1070
v  -170.6922 542.1082 -72.1070
v  -165.0493 545.1140 -75.1435
v  -171.3373 930.2172 -57.3599
v  -165.6075 930.7343 -54.3235
v  -174.9473 735.3972 -57.3599
v  -169.1662 736.9999 -54.3235
v  -170.6922 542.1082 -57.3599
v  -165.0493 545.1140 -54.3235
v  -80.7095 971.6268 -54.3235
v  -75.0667 976.2454 -57.3599
v  -82.7013 766.8832 -54.3235
v  -76.9868 769.1414 -57.3599
v  -80.7095 563.7373 -54.3235
v  -75.0667 563.2252 -57.3599
v  -78.7585 360.2943 -75.1435
v  -75.0667 564.7358 -75.1435
v  -76.8793 768.6907 -75.1435
v  -75.0667 973.6238 -75.1435
v  -132.0938 356.0597 -54.3235
v  -122.8820 556.2664 -54.3235
v  -125.8314 753.8566 -54.3235
v  -122.9229 956.0860 -54.3235
v  -131.7558 356.0597 -75.1435
v  -122.8820 556.2664 -75.1435
v  -125.6368 754.0615 -75.1435
v  -122.9127 956.1679 -75.1435
v  -226.5262 1027.8447 -45.7671
v  -226.5262 1073.6682 -45.7671
v  -255.3802 1078.6914 -45.9668
v  -255.3802 1022.8216 -45.9668
v  -259.8095 1084.0425 -54.1801
v  -259.8095 1084.0425 -51.9373
v  -226.5262 1078.2460 -51.7069
v  -226.5262 1078.2460 -54.4105
v  -193.2429 1040.8151 -45.9105
v  -173.7388 1040.8151 -45.9105
v  -173.7388 1060.6980 -45.9105
v  -193.2429 1060.6980 -45.9105
v  -176.0175 1036.2373 -54.2672
v  -176.0175 1036.2373 -51.8451
v  -193.2429 1036.2373 -51.8451
v  -193.2429 1036.2373 -54.2672
v  -164.0611 1040.7485 -45.9105
v  -157.4352 1017.9520 -45.9105
v  -147.8035 1017.9520 -45.9105
v  -193.2429 1065.2758 -51.8451
v  -193.2429 1065.2758 -54.2672
v  -162.9756 1017.9520 -54.2672
v  -162.9756 1017.9520 -51.8451
v  127.6594 1031.7211 -51.4457
v  112.8816 1036.2373 -51.8451
v  112.8816 1036.2373 -54.2672
v  127.6594 1031.7211 -54.6717
v  -164.0611 1060.7645 -45.9105
v  -147.8035 1083.5610 -45.9105
v  -157.4352 1083.5610 -45.9105
v  -155.8376 997.6082 -54.2672
v  -155.8376 997.6082 -51.8451
v  -142.0583 1017.9520 -51.8451
v  -142.0583 1017.9520 -54.2672
v  -155.1002 1036.2373 -54.2672
v  -155.1002 1036.2373 -51.8451
v  112.8816 1040.7485 -45.9105
v  112.8816 1060.7645 -45.9105
v  160.8710 1050.0833 -53.0382
v  160.8710 1050.0833 -53.0792
v  137.7980 1032.8322 -51.5430
v  137.7980 1032.8322 -54.5744
v  137.7980 1068.6809 -54.5744
v  137.7980 1068.6809 -51.5430
v  160.8710 1051.4349 -53.0792
v  160.8710 1051.4349 -53.0382
v  137.7980 1064.1697 -45.6084
v  137.7980 1037.3434 -45.6084
v  158.7153 1049.9807 -51.3331
v  158.7153 1051.5322 -51.3331
v  127.6594 1069.7920 -54.6717
v  112.8816 1065.2758 -54.2672
v  112.8816 1065.2758 -51.8451
v  127.6594 1069.7920 -51.4457
v  127.6594 1036.2322 -45.5060
v  127.6594 1065.2808 -45.5060
v  -176.0175 1065.2758 -54.2672
v  -176.0175 1065.2758 -51.8451
v  -259.8095 1017.4707 -54.1801
v  -259.8095 1017.4707 -51.9373
v  -226.5262 1023.2671 -51.7069
v  -226.5262 1023.2671 -54.4105
v  -134.9203 997.6082 -51.8451
v  -134.9203 997.6082 -54.2672
v  -155.1002 1065.2758 -54.2672
v  -155.1002 1065.2758 -51.8451
v  -162.9756 1083.5610 -54.2672
v  -162.9756 1083.5610 -51.8451
v  -142.0583 1083.5610 -54.2672
v  -142.0583 1083.5610 -51.8451
v  -155.8376 1103.9049 -54.2672
v  -155.8376 1103.9049 -51.8451
v  -167.6506 1118.8772 -51.8451
v  -167.6506 1118.8772 -54.2672
v  -140.6655 1103.9049 -45.9105
v  -150.2972 1103.9049 -45.9105
v  -134.9203 1103.9049 -54.2672
v  -134.9203 1103.9049 -51.8451
v  -150.2972 997.6082 -45.9105
v  -140.6655 997.6082 -45.9105
v  -167.6506 982.6359 -54.2672
v  -167.6506 982.6359 -51.8451
v  -146.7333 1118.8772 -51.8451
v  -146.7333 1118.8772 -54.2672
v  133.1742 1031.2704 -51.4048
v  133.1742 1031.2704 -54.7126
v  -146.7333 982.6359 -51.8451
v  -146.7333 982.6359 -54.2672
v  -148.9198 1114.3661 -45.9105
v  -158.5514 1114.3661 -45.9105
v  -158.5514 987.1470 -45.9105
v  -148.9198 987.1470 -45.9105
v  133.1742 1070.2427 -51.4048
v  133.1742 1070.2427 -54.7126
v  133.1742 1065.7314 -45.4650
v  133.1742 1035.7816 -45.4650
v  268.9189 668.7692 -95.7586
v  265.8005 668.2520 -95.3951
v  265.8005 672.9680 -80.7146
v  268.9189 673.5978 -80.6890
v  272.0424 672.9680 -80.7146
v  272.0424 668.2520 -95.3951
v  274.5924 671.2526 -80.7863
v  274.5924 666.8489 -94.4068
v  276.3078 668.7077 -80.8887
v  276.3078 664.7598 -92.9424
v  276.9376 665.5893 -81.0167
v  276.9427 662.2047 -91.1502
v  276.3078 662.4709 -81.1447
v  276.3078 659.6495 -89.3580
v  274.5924 659.9209 -81.2522
v  274.5924 657.5654 -87.8935
v  272.0424 658.2055 -81.3239
v  272.0424 656.1573 -86.9053
v  268.9189 657.5757 -81.3495
v  268.9240 655.6402 -86.5417
v  265.8005 656.1573 -86.9053
v  265.8005 658.2055 -81.3239
v  263.2505 659.9209 -81.2522
v  263.2505 657.5654 -87.8935
v  261.5300 662.4658 -81.1498
v  261.5351 659.6495 -89.3580
v  260.9001 665.5842 -81.0167
v  260.9001 662.2047 -91.1502
v  261.5300 668.7026 -80.8887
v  261.5300 664.7598 -92.9424
v  263.2505 671.2526 -80.7863
v  263.2505 666.8438 -94.4068
v  265.8005 655.9679 -105.3801
v  268.9240 656.2751 -105.9280
v  272.0424 655.9679 -105.3801
v  274.5924 655.1281 -103.8798
v  276.3129 653.8839 -101.6575
v  276.9427 652.3579 -98.9333
v  276.3129 650.8269 -96.2092
v  274.5924 649.5826 -93.9869
v  272.0424 648.7429 -92.4866
v  268.9240 648.4356 -91.9387
v  265.8005 648.7429 -92.4866
v  263.2505 649.5826 -93.9869
v  261.5351 650.8269 -96.2092
v  260.9001 652.3528 -98.9333
v  261.5351 653.8787 -101.6575
v  263.2505 655.1281 -103.8798
v  265.8005 639.7461 -111.4223
v  268.9240 639.9100 -112.0316
v  272.0424 639.7461 -111.4223
v  274.5924 639.3109 -109.7581
v  276.3129 638.6605 -107.2951
v  276.9427 637.8669 -104.2740
v  276.3129 637.0732 -101.2581
v  274.5924 636.4280 -98.7900
v  272.0424 635.9876 -97.1309
v  268.9240 635.8289 -96.5216
v  265.8005 635.9876 -97.1309
v  263.2505 636.4280 -98.7900
v  261.5351 637.0732 -101.2581
v  260.9053 637.8669 -104.2740
v  261.5351 638.6605 -107.2951
v  263.2505 639.3109 -109.7581
v  268.9240 621.2610 -115.0732
v  265.8005 621.2098 -114.4434
v  272.0424 621.2098 -114.4434
v  274.5924 621.0613 -112.7331
v  276.3129 620.8463 -110.1933
v  276.9427 620.5800 -107.0801
v  276.3129 620.3138 -103.9719
v  274.5924 620.0987 -101.4322
v  272.0424 619.9502 -99.7219
v  268.9240 619.8939 -99.0921
v  265.8005 619.9502 -99.7219
v  263.2556 620.0936 -101.4322
v  261.5351 620.3138 -103.9719
v  260.9053 620.5800 -107.0801
v  261.5351 620.8463 -110.1933
v  263.2556 621.0613 -112.7331
v  268.9240 601.7775 -115.2575
v  265.8005 601.8185 -114.6328
v  272.0424 601.8185 -114.6328
v  274.5924 601.9363 -112.9174
v  276.3129 602.1104 -110.3726
v  276.9427 602.3203 -107.2593
v  276.3129 602.5354 -104.1460
v  274.5924 602.7043 -101.6011
v  272.0424 602.8221 -99.8858
v  268.9240 602.8631 -99.2559
v  265.8005 602.8221 -99.8858
v  263.2556 602.7043 -101.6011
v  261.5351 602.5303 -104.1460
v  260.9053 602.3203 -107.2593
v  261.5351 602.1104 -110.3726
v  263.2556 601.9363 -112.9174
v  268.9240 582.9597 -112.4873
v  265.8056 583.1184 -111.8729
v  272.0475 583.1184 -111.8729
v  274.5924 583.5383 -110.2087
v  276.3129 584.1630 -107.7355
v  276.9427 584.9310 -104.7093
v  276.3129 585.6940 -101.6831
v  274.5924 586.3187 -99.2150
v  272.0475 586.7437 -97.5457
v  268.9240 586.8973 -96.9363
v  265.8056 586.7386 -97.5457
v  263.2556 586.3187 -99.2150
v  261.5351 585.6940 -101.6831
v  260.9053 584.9259 -104.7093
v  261.5351 584.1630 -107.7355
v  263.2556 583.5383 -110.2087
v  268.9240 566.2719 -106.3171
v  265.8056 566.5842 -105.7692
v  272.0475 566.5842 -105.7692
v  274.5975 567.4343 -104.2740
v  276.3129 568.6939 -102.0569
v  276.9427 570.2352 -99.3430
v  276.3129 571.7765 -96.6291
v  274.5975 573.0361 -94.4171
v  272.0475 573.8861 -92.9219
v  268.9240 574.1985 -92.3740
v  265.8056 573.8861 -92.9219
v  263.2556 573.0361 -94.4171
v  261.5351 571.7765 -96.6291
v  260.9053 570.2352 -99.3430
v  261.5351 568.6939 -102.0569
v  263.2556 567.4343 -104.2740
v  265.8056 553.9980 -95.2722
v  268.9291 553.4809 -95.6306
v  272.0475 553.9980 -95.2722
v  274.5975 555.4113 -94.2942
v  276.3129 557.5107 -92.8399
v  276.9478 560.0761 -91.0631
v  276.3129 562.6415 -89.2863
v  274.5975 564.7358 -87.8372
v  272.0475 566.1490 -86.8592
v  268.9240 566.6662 -86.5007
v  265.8056 566.1490 -86.8592
v  263.2556 564.7358 -87.8372
v  261.5351 562.6415 -89.2863
v  260.9053 560.0710 -91.0631
v  261.5402 557.5056 -92.8399
v  263.2556 555.4113 -94.2942
v  265.8056 548.8878 -79.7775
v  268.9291 548.2580 -79.7775
v  272.0475 548.8929 -79.7775
v  274.5975 550.6083 -79.7775
v  276.3180 553.1583 -79.7775
v  276.9478 556.2818 -79.7775
v  276.3180 559.4002 -79.7775
v  274.5975 561.9502 -79.7775
v  272.0475 563.6707 -79.7775
v  268.9291 564.3005 -79.7775
v  265.8056 563.6656 -79.7775
v  263.2556 561.9502 -79.7775
v  261.5402 559.4002 -79.7775
v  260.9104 556.2767 -79.7775
v  261.5402 553.1583 -79.7775
v  263.2556 550.6083 -79.7775
v  244.6067 547.0598 -82.3634
v  244.6067 679.6758 -82.3634
v  290.2560 679.6758 -82.3634
v  290.2560 547.0598 -82.3634
v  242.8555 684.7605 -75.2049
v  292.0021 684.7605 -75.2049
v  292.0021 684.7605 -80.6122
v  242.8555 684.7605 -80.6122
v  292.0021 541.9751 -75.2049
v  292.0021 541.9751 -80.6122
v  242.8555 541.9751 -80.6122
v  242.8555 541.9751 -75.2049
v  254.5917 244.6937 -75.8347
v  255.8104 242.3690 -75.7323
v  255.5902 242.3741 -74.7901
v  254.3459 244.6989 -74.7901
v  257.4541 259.3589 -75.5889
v  257.2646 259.3589 -74.7901
v  259.3026 261.0333 -74.7901
v  259.4510 261.0333 -75.4200
v  257.2646 240.3362 -74.7901
v  257.4541 240.3311 -75.5889
v  255.5902 257.3209 -74.7901
v  255.8104 257.3158 -75.7323
v  259.4510 238.6567 -75.4200
v  259.3026 238.6618 -74.7901
v  254.5917 254.9911 -75.8347
v  254.3459 254.9962 -74.7901
v  261.7297 237.4175 -75.2254
v  261.6273 237.4175 -74.7901
v  253.8441 252.4667 -75.9013
v  253.5829 252.4718 -74.7901
v  264.2029 236.6545 -75.0103
v  264.1517 236.6545 -74.7901
v  253.5881 249.8399 -75.9218
v  253.3218 249.8501 -74.7901
v  264.1517 263.0405 -74.7901
v  266.7785 263.3017 -74.7901
v  264.2029 263.0405 -75.0103
v  266.7785 236.3934 -74.7901
v  253.8441 247.2182 -75.9013
v  253.5829 247.2233 -74.7901
v  261.7297 262.2725 -75.2254
v  261.6273 262.2776 -74.7901
v  262.0267 237.4124 -75.6402
v  264.3565 236.6494 -75.2254
v  254.6019 252.4615 -76.9664
v  254.3613 249.8347 -77.0124
v  264.3565 263.0405 -75.2254
v  254.6019 247.2130 -76.9664
v  262.0267 262.2725 -75.6402
v  255.3086 244.6886 -76.8435
v  259.8812 261.0282 -76.0242
v  256.4555 242.3639 -76.6387
v  257.9968 259.3538 -76.3621
v  257.9968 240.3259 -76.3621
v  256.4555 257.3107 -76.6387
v  259.8812 238.6567 -76.0242
v  255.3086 254.9860 -76.8435
v  260.5724 261.0230 -76.5823
v  258.8827 259.3486 -77.0688
v  257.4899 242.3588 -77.4682
v  258.8827 240.3208 -77.0688
v  257.4899 257.3107 -77.4682
v  260.5724 238.6515 -76.5823
v  256.4607 254.9809 -77.7703
v  262.5029 237.4124 -76.0242
v  255.8257 252.4565 -77.9495
v  264.5972 236.6494 -75.4200
v  255.6107 249.8296 -78.0161
v  264.5972 263.0405 -75.4200
v  255.8257 247.2079 -77.9495
v  262.5029 262.2725 -76.0242
v  256.4607 244.6835 -77.7703
v  257.4694 252.4513 -78.8149
v  257.2902 249.8245 -78.8917
v  264.9249 263.0405 -75.5889
v  264.9249 236.6494 -75.5889
v  257.4694 247.2028 -78.8149
v  263.1481 262.2673 -76.3621
v  258.0122 244.6784 -78.5793
v  261.5044 261.0230 -77.0688
v  258.8878 242.3537 -78.2004
v  260.0655 259.3435 -77.6935
v  260.0655 240.3208 -77.6935
v  258.8878 257.3056 -78.2004
v  261.5044 238.6515 -77.0688
v  258.0122 254.9757 -78.5793
v  263.1481 237.4124 -76.3621
v  261.5095 240.3157 -78.2004
v  260.5878 242.3537 -78.7995
v  260.5878 257.3004 -78.7995
v  261.5095 259.3435 -78.2004
v  262.6411 238.6464 -77.4682
v  259.8965 254.9706 -79.2450
v  263.9264 237.4073 -76.6387
v  259.4715 252.4462 -79.5215
v  265.3243 236.6494 -75.7323
v  259.3333 249.8245 -79.6137
v  265.3243 263.0354 -75.7323
v  259.4715 247.1977 -79.5215
v  263.9264 262.2673 -76.6387
v  259.8965 244.6784 -79.2450
v  262.6411 261.0179 -77.4682
v  265.7800 263.0354 -75.8347
v  265.7800 236.6494 -75.8347
v  261.7604 247.1977 -80.0489
v  261.6580 249.8194 -80.1513
v  264.8174 262.2673 -76.8435
v  262.0471 244.6732 -79.7417
v  263.9366 261.0179 -77.7703
v  262.5234 242.3486 -79.2450
v  263.1583 259.3435 -78.5793
v  263.1583 240.3157 -78.5793
v  262.5234 257.3004 -79.2450
v  263.9366 238.6464 -77.7703
v  262.0471 254.9706 -79.7417
v  264.8174 237.4073 -76.8435
v  261.7604 252.4462 -80.0489
v  264.6228 257.2953 -79.5215
v  264.9453 259.3384 -78.8149
v  265.3396 238.6464 -77.9495
v  264.9453 240.3157 -78.8149
v  264.3821 254.9706 -80.0489
v  265.7851 237.4073 -76.9664
v  264.2336 252.4411 -80.3715
v  266.2716 236.6494 -75.9013
v  264.1875 249.8194 -80.4790
v  266.2716 263.0354 -75.9013
v  264.2336 247.1926 -80.3715
v  265.7851 262.2673 -76.9664
v  264.3821 244.6732 -80.0489
v  265.3396 261.0179 -77.9495
v  264.6228 242.3486 -79.5215
v  266.8092 249.8194 -80.5917
v  266.8092 247.1926 -80.4790
v  266.7836 263.0354 -75.9218
v  266.7887 262.2673 -77.0124
v  266.8092 244.6732 -80.1513
v  266.7939 261.0179 -78.0161
v  266.8041 242.3486 -79.6137
v  266.7990 259.3384 -78.8917
v  266.7990 240.3157 -78.8917
v  266.8041 257.2953 -79.6137
v  266.7939 238.6464 -78.0161
v  266.8092 254.9706 -80.1513
v  266.7887 237.4073 -77.0124
v  266.8092 252.4411 -80.4790
v  266.7836 236.6494 -75.9218
v  268.6577 240.3157 -78.8149
v  268.2532 238.6464 -77.9495
v  268.9854 257.2953 -79.5215
v  269.2312 254.9706 -80.0489
v  267.7924 237.4073 -76.9664
v  269.3848 252.4411 -80.3715
v  267.2957 236.6494 -75.9013
v  269.4360 249.8194 -80.4790
v  267.2957 263.0354 -75.9013
v  269.3848 247.1926 -80.3715
v  267.7924 262.2673 -76.9664
v  269.2312 244.6732 -80.0489
v  268.2532 261.0179 -77.9495
v  268.9854 242.3486 -79.5215
v  268.6577 259.3384 -78.8149
v  271.5611 244.6732 -79.7417
v  271.8580 247.1977 -80.0489
v  268.7601 262.2673 -76.8435
v  269.6562 261.0179 -77.7703
v  271.0848 242.3486 -79.2450
v  270.4397 259.3435 -78.5793
v  270.4397 240.3157 -78.5793
v  271.0848 257.3004 -79.2450
v  269.6562 238.6464 -77.7703
v  271.5611 254.9706 -79.7417
v  268.7601 237.4073 -76.8435
v  271.8580 252.4462 -80.0489
v  267.7872 236.6494 -75.8347
v  271.9553 249.8194 -80.1513
v  267.7872 263.0354 -75.8347
v  270.9466 238.6464 -77.4733
v  269.6460 237.4073 -76.6387
v  274.1367 252.4462 -79.5215
v  273.7065 254.9706 -79.2450
v  268.2430 236.6494 -75.7323
v  274.2801 249.8245 -79.6137
v  268.2430 263.0354 -75.7323
v  274.1367 247.1977 -79.5215
v  269.6460 262.2673 -76.6387
v  273.7065 244.6784 -79.2450
v  270.9466 261.0179 -77.4682
v  273.0153 242.3537 -78.7995
v  272.0833 259.3435 -78.2004
v  272.0833 240.3157 -78.2004
v  273.0153 257.3004 -78.7995
v  270.4243 262.2673 -76.3621
v  272.0731 261.0230 -77.0688
v  275.5858 244.6784 -78.5793
v  274.7050 242.3537 -78.2004
v  273.5222 259.3435 -77.6935
v  273.5222 240.3208 -77.6935
v  274.7050 257.3056 -78.2004
v  272.0731 238.6515 -77.0688
v  275.5858 254.9757 -78.5793
v  270.4243 237.4124 -76.3621
v  276.1285 252.4513 -78.8149
v  268.6372 236.6494 -75.5889
v  276.3129 249.8245 -78.8917
v  268.6372 263.0405 -75.5889
v  276.1285 247.2028 -78.8149
v  277.7671 252.4565 -77.9495
v  277.1270 254.9809 -77.7703
v  268.9649 236.6494 -75.4200
v  271.0644 237.4124 -76.0242
v  277.9822 249.8296 -78.0161
v  268.9649 263.0405 -75.4200
v  277.7671 247.2079 -77.9495
v  271.0644 262.2725 -76.0242
v  277.1270 244.6835 -77.7703
v  272.9999 261.0230 -76.5823
v  276.0927 242.3588 -77.4733
v  274.6999 259.3486 -77.0688
v  274.6999 240.3208 -77.0688
v  276.0927 257.3107 -77.4682
v  272.9999 238.6515 -76.5823
v  277.1219 242.3639 -76.6387
v  278.2740 244.6886 -76.8435
v  275.5755 259.3538 -76.3621
v  273.6912 261.0282 -76.0242
v  275.5755 240.3259 -76.3621
v  277.1219 257.3107 -76.6387
v  273.6912 238.6567 -76.0242
v  278.2740 254.9860 -76.8435
v  271.5406 237.4124 -75.6402
v  278.9807 252.4615 -76.9664
v  269.2056 236.6494 -75.2254
v  279.2213 249.8347 -77.0124
v  269.2056 263.0405 -75.2254
v  278.9807 247.2130 -76.9664
v  271.5406 262.2725 -75.6402
v  269.3541 236.6545 -75.0103
v  271.8273 237.4175 -75.2254
v  279.9792 249.8399 -75.9218
v  279.7231 252.4667 -75.9013
v  269.3541 263.0405 -75.0103
v  279.7231 247.2182 -75.9013
v  271.8273 262.2725 -75.2254
v  278.9756 244.6937 -75.8347
v  274.1111 261.0333 -75.4200
v  277.7518 242.3690 -75.7323
v  276.1132 259.3589 -75.5889
v  276.1132 240.3311 -75.5889
v  277.7518 257.3158 -75.7323
v  274.1111 238.6567 -75.4200
v  278.9756 254.9911 -75.8347
v  276.2924 259.3589 -74.7901
v  274.2493 261.0333 -74.7901
v  276.2924 240.3362 -74.7901
v  277.9617 242.3741 -74.7901
v  277.9617 257.3209 -74.7901
v  274.2493 238.6618 -74.7901
v  279.2060 254.9962 -74.7901
v  271.9246 237.4175 -74.7901
v  279.9741 252.4718 -74.7901
v  269.4002 236.6545 -74.7901
v  280.2301 249.8501 -74.7901
v  269.4002 263.0405 -74.7901
v  279.9741 247.2233 -74.7901
v  271.9246 262.2776 -74.7901
v  279.2060 244.6989 -74.7901
v  158.7307 242.3741 -74.7901
v  157.4864 244.6989 -74.7901
v  157.7321 244.6937 -75.8347
v  158.9508 242.3690 -75.7323
v  160.3999 259.3589 -74.7901
v  162.4379 261.0333 -74.7901
v  162.5864 261.0333 -75.4200
v  160.5894 259.3589 -75.5889
v  160.3999 240.3362 -74.7901
v  160.5894 240.3311 -75.5889
v  158.7307 257.3209 -74.7901
v  158.9508 257.3158 -75.7323
v  162.5864 238.6567 -75.4200
v  162.4379 238.6618 -74.7901
v  157.4864 254.9962 -74.7901
v  157.7321 254.9911 -75.8347
v  164.7677 237.4175 -74.7901
v  164.8650 237.4175 -75.2254
v  156.7183 252.4718 -74.7901
v  156.9794 252.4667 -75.9013
v  167.2921 236.6545 -74.7901
v  167.3433 236.6545 -75.0103
v  156.4622 249.8501 -74.7901
v  156.7285 249.8399 -75.9218
v  167.2921 263.0405 -74.7901
v  169.9138 263.3017 -74.7901
v  167.3433 263.0405 -75.0103
v  169.9138 236.3934 -74.7901
v  156.9794 247.2182 -75.9013
v  156.7183 247.2233 -74.7901
v  164.7677 262.2776 -74.7901
v  164.8650 262.2725 -75.2254
v  165.1620 237.4124 -75.6402
v  167.4918 236.6494 -75.2254
v  157.7373 252.4615 -76.9664
v  157.4966 249.8347 -77.0124
v  167.4918 263.0405 -75.2254
v  157.7373 247.2130 -76.9664
v  165.1620 262.2725 -75.6402
v  158.4439 244.6886 -76.8435
v  163.0165 261.0282 -76.0242
v  159.5909 242.3639 -76.6387
v  161.1322 259.3538 -76.3621
v  161.1322 240.3259 -76.3621
v  159.5909 257.3107 -76.6387
v  163.0165 238.6567 -76.0242
v  158.4439 254.9860 -76.8435
v  162.0180 259.3486 -77.0688
v  163.7078 261.0230 -76.5823
v  162.0180 240.3208 -77.0688
v  160.6304 242.3588 -77.4682
v  160.6304 257.3107 -77.4682
v  163.7078 238.6515 -76.5823
v  159.5960 254.9809 -77.7703
v  165.6382 237.4124 -76.0242
v  158.9611 252.4565 -77.9495
v  167.7376 236.6494 -75.4200
v  158.7460 249.8296 -78.0161
v  167.7376 263.0405 -75.4200
v  158.9611 247.2079 -77.9495
v  165.6382 262.2725 -76.0242
v  159.5960 244.6835 -77.7703
v  160.6048 252.4513 -78.8149
v  160.4255 249.8245 -78.8917
v  168.0653 263.0405 -75.5889
v  168.0653 236.6494 -75.5889
v  160.6048 247.2028 -78.8149
v  166.2834 262.2673 -76.3621
v  161.1475 244.6784 -78.5793
v  164.6397 261.0230 -77.0688
v  162.0231 242.3537 -78.2004
v  163.2060 259.3435 -77.6935
v  163.2060 240.3208 -77.6935
v  162.0231 257.3056 -78.2004
v  164.6397 238.6515 -77.0688
v  161.1475 254.9757 -78.5793
v  166.2834 237.4124 -76.3621
v  164.6500 240.3157 -78.2004
v  163.7231 242.3537 -78.7995
v  164.6500 259.3435 -78.2004
v  163.7231 257.3004 -78.7995
v  165.7765 238.6464 -77.4682
v  163.0319 254.9706 -79.2450
v  167.0668 237.4073 -76.6387
v  162.6120 252.4462 -79.5215
v  168.4596 236.6494 -75.7323
v  162.4686 249.8245 -79.6137
v  168.4596 263.0354 -75.7323
v  162.6120 247.1977 -79.5215
v  167.0668 262.2673 -76.6387
v  163.0319 244.6784 -79.2450
v  165.7765 261.0179 -77.4682
v  168.9153 263.0354 -75.8347
v  168.9153 236.6494 -75.8347
v  164.8957 247.1977 -80.0489
v  164.7984 249.8194 -80.1513
v  167.9578 262.2673 -76.8435
v  165.1876 244.6732 -79.7417
v  167.0719 261.0179 -77.7703
v  165.6587 242.3486 -79.2450
v  166.2936 259.3435 -78.5793
v  166.2936 240.3157 -78.5793
v  165.6587 257.3004 -79.2450
v  167.0719 238.6464 -77.7703
v  165.1876 254.9706 -79.7417
v  167.9578 237.4073 -76.8435
v  164.8957 252.4462 -80.0489
v  167.7581 257.2953 -79.5215
v  168.0807 259.3384 -78.8149
v  168.0807 240.3157 -78.8149
v  168.4750 238.6464 -77.9495
v  167.5174 254.9706 -80.0489
v  168.9205 237.4073 -76.9664
v  167.3741 252.4411 -80.3715
v  169.4069 236.6494 -75.9013
v  167.3229 249.8194 -80.4790
v  169.4069 263.0354 -75.9013
v  167.3741 247.1926 -80.3715
v  168.9205 262.2673 -76.9664
v  167.5174 244.6732 -80.0489
v  168.4750 261.0179 -77.9495
v  167.7581 242.3486 -79.5215
v  169.9497 249.8194 -80.5917
v  169.9446 247.1926 -80.4790
v  169.9189 263.0354 -75.9218
v  169.9292 262.2673 -77.0124
v  169.9446 244.6732 -80.1513
v  169.9343 261.0179 -78.0161
v  169.9394 242.3486 -79.6137
v  169.9394 259.3384 -78.8917
v  169.9394 240.3157 -78.8917
v  169.9394 257.2953 -79.6137
v  169.9343 238.6464 -78.0161
v  169.9446 254.9706 -80.1513
v  169.9292 237.4073 -77.0124
v  169.9446 252.4411 -80.4790
v  169.9189 236.6494 -75.9218
v  171.7931 240.3157 -78.8149
v  171.3885 238.6464 -77.9495
v  172.1259 257.2953 -79.5215
v  172.3666 254.9706 -80.0489
v  170.9328 237.4073 -76.9664
v  172.5202 252.4411 -80.3715
v  170.4310 236.6494 -75.9013
v  172.5714 249.8194 -80.4790
v  170.4310 263.0354 -75.9013
v  172.5202 247.1926 -80.3715
v  170.9328 262.2673 -76.9664
v  172.3666 244.6732 -80.0489
v  171.3885 261.0179 -77.9495
v  172.1259 242.3486 -79.5215
v  171.7931 259.3384 -78.8149
v  174.9934 247.1977 -80.0489
v  174.6964 244.6732 -79.7417
v  171.8955 262.2673 -76.8435
v  172.7916 261.0179 -77.7703
v  174.2202 242.3486 -79.2450
v  173.5750 259.3435 -78.5793
v  173.5750 240.3157 -78.5793
v  174.2202 257.3004 -79.2450
v  172.7916 238.6464 -77.7703
v  174.6964 254.9706 -79.7417
v  171.8955 237.4073 -76.8435
v  174.9934 252.4462 -80.0489
v  170.9226 236.6494 -75.8347
v  175.0907 249.8194 -80.1513
v  170.9226 263.0354 -75.8347
v  174.0819 238.6464 -77.4682
v  172.7864 237.4073 -76.6387
v  176.8470 254.9706 -79.2450
v  177.2720 252.4462 -79.5215
v  171.3783 236.6494 -75.7323
v  177.4154 249.8245 -79.6137
v  171.3783 263.0354 -75.7323
v  177.2720 247.1977 -79.5215
v  172.7864 262.2673 -76.6387
v  176.8470 244.6784 -79.2450
v  174.0819 261.0179 -77.4682
v  176.1506 242.3537 -78.7995
v  175.2187 259.3435 -78.2004
v  175.2187 240.3157 -78.2004
v  176.1506 257.3004 -78.7995
v  173.5648 262.2673 -76.3621
v  175.2136 261.0230 -77.0688
v  178.7262 244.6784 -78.5793
v  177.8455 242.3537 -78.2004
v  176.6575 259.3435 -77.6935
v  176.6575 240.3208 -77.6935
v  177.8455 257.3056 -78.2004
v  175.2136 238.6515 -77.0688
v  178.7262 254.9757 -78.5793
v  173.5648 237.4124 -76.3621
v  179.2690 252.4513 -78.8149
v  171.7726 236.6494 -75.5889
v  179.4482 249.8245 -78.8917
v  171.7726 263.0405 -75.5889
v  179.2690 247.2028 -78.8149
v  180.2675 254.9809 -77.7703
v  180.9025 252.4565 -77.9495
v  172.1003 236.6494 -75.4200
v  174.1997 237.4124 -76.0242
v  181.1175 249.8296 -78.0161
v  172.1003 263.0405 -75.4200
v  180.9025 247.2079 -77.9495
v  174.1997 262.2725 -76.0242
v  180.2675 244.6835 -77.7703
v  176.1404 261.0230 -76.5823
v  179.2280 242.3588 -77.4733
v  177.8353 259.3486 -77.0688
v  177.8353 240.3208 -77.0688
v  179.2280 257.3107 -77.4682
v  176.1404 238.6515 -76.5823
v  181.4094 244.6886 -76.8435
v  180.2573 242.3639 -76.6387
v  176.8265 261.0282 -76.0242
v  178.7109 259.3538 -76.3621
v  178.7109 240.3259 -76.3621
v  180.2573 257.3107 -76.6387
v  176.8265 238.6567 -76.0242
v  181.4094 254.9860 -76.8435
v  174.6759 237.4124 -75.6402
v  182.1160 252.4615 -76.9664
v  172.3410 236.6494 -75.2254
v  182.3567 249.8347 -77.0124
v  172.3410 263.0405 -75.2254
v  182.1160 247.2130 -76.9664
v  174.6759 262.2725 -75.6402
v  174.9678 237.4175 -75.2254
v  172.4894 236.6545 -75.0103
v  182.8636 252.4667 -75.9013
v  183.1145 249.8399 -75.9218
v  172.4894 263.0405 -75.0103
v  182.8636 247.2182 -75.9013
v  174.9678 262.2725 -75.2254
v  182.1109 244.6937 -75.8347
v  177.2464 261.0333 -75.4200
v  180.8922 242.3690 -75.7323
v  179.2485 259.3589 -75.5889
v  179.2485 240.3311 -75.5889
v  180.8922 257.3158 -75.7323
v  177.2464 238.6567 -75.4200
v  182.1109 254.9911 -75.8347
v  177.3898 261.0333 -74.7901
v  179.4277 259.3589 -74.7901
v  181.1021 242.3741 -74.7901
v  179.4277 240.3362 -74.7901
v  181.1021 257.3209 -74.7901
v  177.3898 238.6618 -74.7901
v  182.3413 254.9962 -74.7901
v  175.0651 237.4175 -74.7901
v  183.1094 252.4718 -74.7901
v  172.5407 236.6545 -74.7901
v  183.3654 249.8501 -74.7901
v  172.5407 263.0405 -74.7901
v  183.1094 247.2233 -74.7901
v  175.0651 262.2776 -74.7901
v  182.3413 244.6989 -74.7901
v  60.8675 244.6937 -75.8347
v  62.0862 242.3690 -75.7323
v  61.8660 242.3741 -74.7901
v  60.6217 244.6989 -74.7901
v  65.5784 261.0333 -74.7901
v  65.7217 261.0333 -75.4200
v  63.7247 259.3589 -75.5889
v  63.5404 259.3589 -74.7901
v  63.5404 240.3362 -74.7901
v  63.7247 240.3311 -75.5889
v  62.0862 257.3158 -75.7323
v  61.8660 257.3209 -74.7901
v  65.7217 238.6567 -75.4200
v  65.5784 238.6618 -74.7901
v  60.6217 254.9962 -74.7901
v  60.8675 254.9911 -75.8347
v  68.0055 237.4175 -75.2254
v  67.9031 237.4175 -74.7901
v  59.8587 252.4718 -74.7901
v  60.1148 252.4667 -75.9013
v  70.4275 236.6545 -74.7901
v  70.4787 236.6545 -75.0103
v  59.8639 249.8399 -75.9218
v  59.5976 249.8501 -74.7901
v  70.4275 263.0405 -74.7901
v  73.0492 263.3017 -74.7901
v  70.4787 263.0405 -75.0103
v  73.0492 236.3934 -74.7901
v  60.1148 247.2182 -75.9013
v  59.8587 247.2233 -74.7901
v  68.0055 262.2725 -75.2254
v  67.9031 262.2776 -74.7901
v  68.2973 237.4124 -75.6402
v  70.6272 236.6494 -75.2254
v  60.8726 252.4615 -76.9664
v  60.6371 249.8347 -77.0124
v  70.6272 263.0405 -75.2254
v  60.8726 247.2130 -76.9664
v  68.2973 262.2725 -75.6402
v  61.5792 244.6886 -76.8435
v  66.1519 261.0282 -76.0242
v  62.7262 242.3639 -76.6387
v  64.2726 259.3538 -76.3621
v  64.2726 240.3259 -76.3621
v  62.7262 257.3107 -76.6387
v  66.1519 238.6567 -76.0242
v  61.5792 254.9860 -76.8435
v  66.8482 261.0230 -76.5823
v  65.1534 259.3486 -77.0688
v  65.1534 240.3208 -77.0688
v  63.7657 242.3588 -77.4682
v  63.7657 257.3107 -77.4682
v  66.8482 238.6515 -76.5823
v  62.7314 254.9809 -77.7703
v  68.7787 237.4124 -76.0242
v  62.0964 252.4565 -77.9495
v  70.8730 236.6494 -75.4200
v  61.8813 249.8296 -78.0161
v  70.8730 263.0405 -75.4200
v  62.0964 247.2079 -77.9495
v  68.7787 262.2725 -76.0242
v  62.7314 244.6835 -77.7703
v  63.7452 252.4513 -78.8149
v  63.5609 249.8245 -78.8917
v  71.2007 263.0405 -75.5889
v  71.2007 236.6494 -75.5889
v  63.7452 247.2028 -78.8149
v  69.4187 262.2673 -76.3621
v  64.2829 244.6784 -78.5793
v  67.7802 261.0230 -77.0688
v  65.1585 242.3537 -78.2004
v  66.3413 259.3435 -77.6935
v  66.3413 240.3208 -77.6935
v  65.1585 257.3056 -78.2004
v  67.7802 238.6515 -77.0688
v  64.2829 254.9757 -78.5793
v  69.4187 237.4124 -76.3621
v  66.8585 242.3537 -78.7995
v  67.7853 240.3157 -78.2004
v  66.8585 257.3004 -78.7995
v  67.7853 259.3435 -78.2004
v  68.9118 238.6464 -77.4682
v  66.1723 254.9706 -79.2450
v  70.2022 237.4073 -76.6387
v  65.7473 252.4462 -79.5215
v  71.6001 236.6494 -75.7323
v  65.6040 249.8245 -79.6137
v  71.6001 263.0354 -75.7323
v  65.7473 247.1977 -79.5215
v  70.2022 262.2673 -76.6387
v  66.1723 244.6784 -79.2450
v  68.9118 261.0179 -77.4682
v  72.0507 263.0354 -75.8347
v  72.0507 236.6494 -75.8347
v  67.9338 249.8194 -80.1513
v  68.0311 247.1977 -80.0489
v  71.0931 262.2673 -76.8435
v  68.3229 244.6732 -79.7417
v  70.2073 261.0179 -77.7703
v  68.7940 242.3486 -79.2450
v  69.4341 259.3435 -78.5793
v  69.4341 240.3157 -78.5793
v  68.7940 257.3004 -79.2450
v  70.2073 238.6464 -77.7703
v  68.3229 254.9706 -79.7417
v  71.0931 237.4073 -76.8435
v  68.0311 252.4462 -80.0489
v  70.8934 257.2953 -79.5215
v  71.2160 259.3384 -78.8149
v  71.2160 240.3157 -78.8149
v  71.6103 238.6464 -77.9495
v  70.6579 254.9706 -80.0489
v  72.0609 237.4073 -76.9664
v  70.5094 252.4411 -80.3715
v  72.5474 236.6494 -75.9013
v  70.4582 249.8194 -80.4790
v  72.5474 263.0354 -75.9013
v  70.5094 247.1926 -80.3715
v  72.0609 262.2673 -76.9664
v  70.6579 244.6732 -80.0489
v  71.6103 261.0179 -77.9495
v  70.8934 242.3486 -79.5215
v  73.0850 249.8194 -80.5917
v  73.0850 247.1926 -80.4790
v  73.0594 263.0354 -75.9218
v  73.0645 262.2673 -77.0124
v  73.0799 244.6732 -80.1513
v  73.0697 261.0179 -78.0161
v  73.0799 242.3486 -79.6137
v  73.0748 259.3384 -78.8917
v  73.0748 240.3157 -78.8917
v  73.0799 257.2953 -79.6137
v  73.0697 238.6464 -78.0161
v  73.0799 254.9706 -80.1513
v  73.0645 237.4073 -77.0124
v  73.0850 252.4411 -80.4790
v  73.0594 236.6494 -75.9218
v  74.5290 238.6464 -77.9495
v  74.9284 240.3157 -78.8149
v  75.2612 257.2953 -79.5215
v  75.5070 254.9706 -80.0489
v  74.0682 237.4073 -76.9664
v  75.6555 252.4411 -80.3715
v  73.5715 236.6494 -75.9013
v  75.7067 249.8194 -80.4790
v  73.5715 263.0354 -75.9013
v  75.6555 247.1926 -80.3715
v  74.0682 262.2673 -76.9664
v  75.5070 244.6732 -80.0489
v  74.5290 261.0179 -77.9495
v  75.2612 242.3486 -79.5215
v  74.9284 259.3384 -78.8149
v  78.1287 247.1977 -80.0489
v  77.8369 244.6732 -79.7417
v  75.0308 262.2673 -76.8435
v  75.9269 261.0179 -77.7703
v  77.3555 242.3486 -79.2450
v  76.7155 259.3435 -78.5793
v  76.7155 240.3157 -78.5793
v  77.3555 257.3004 -79.2450
v  75.9269 238.6464 -77.7703
v  77.8369 254.9706 -79.7417
v  75.0308 237.4073 -76.8435
v  78.1287 252.4462 -80.0489
v  74.0630 236.6494 -75.8347
v  78.2311 249.8194 -80.1513
v  74.0630 263.0354 -75.8347
v  77.2173 238.6464 -77.4682
v  75.9218 237.4073 -76.6387
v  79.9823 254.9706 -79.2450
v  80.4073 252.4462 -79.5215
v  74.5136 236.6494 -75.7323
v  80.5507 249.8245 -79.6137
v  74.5136 263.0354 -75.7323
v  80.4073 247.1977 -79.5215
v  75.9218 262.2673 -76.6387
v  79.9823 244.6784 -79.2450
v  77.2173 261.0179 -77.4682
v  79.2911 242.3537 -78.7995
v  78.3540 259.3435 -78.2004
v  78.3540 240.3157 -78.2004
v  79.2911 257.3004 -78.7995
v  76.7001 262.2673 -76.3621
v  78.3489 261.0230 -77.0688
v  81.8616 244.6784 -78.5793
v  80.9808 242.3537 -78.2004
v  79.7929 259.3435 -77.6935
v  79.7929 240.3208 -77.6935
v  80.9808 257.3056 -78.2004
v  78.3489 238.6515 -77.0688
v  81.8616 254.9757 -78.5793
v  76.7001 237.4124 -76.3621
v  82.4043 252.4513 -78.8149
v  74.9130 236.6494 -75.5889
v  82.5887 249.8245 -78.8917
v  74.9130 263.0405 -75.5889
v  82.4043 247.2028 -78.8149
v  83.4028 254.9809 -77.7703
v  84.0378 252.4565 -77.9495
v  77.3402 237.4124 -76.0242
v  75.2356 236.6494 -75.4200
v  84.2580 249.8296 -78.0161
v  75.2356 263.0405 -75.4200
v  84.0378 247.2079 -77.9495
v  77.3402 262.2725 -76.0242
v  83.4028 244.6835 -77.7703
v  79.2757 261.0230 -76.5823
v  82.3685 242.3588 -77.4733
v  80.9757 259.3486 -77.0688
v  80.9757 240.3208 -77.0688
v  82.3685 257.3107 -77.4682
v  79.2757 238.6515 -76.5823
v  83.3977 242.3639 -76.6387
v  84.5447 244.6886 -76.8435
v  79.9619 261.0282 -76.0242
v  81.8513 259.3538 -76.3621
v  81.8513 240.3259 -76.3621
v  83.3977 257.3107 -76.6387
v  79.9619 238.6567 -76.0242
v  84.5447 254.9860 -76.8435
v  77.8112 237.4124 -75.6402
v  85.2513 252.4615 -76.9664
v  75.4763 236.6494 -75.2254
v  85.4920 249.8347 -77.0124
v  75.4763 263.0405 -75.2254
v  85.2513 247.2130 -76.9664
v  77.8112 262.2725 -75.6402
v  75.6248 236.6545 -75.0103
v  78.1031 237.4175 -75.2254
v  86.2498 249.8399 -75.9218
v  85.9989 252.4667 -75.9013
v  75.6248 263.0405 -75.0103
v  85.9989 247.2182 -75.9013
v  78.1031 262.2725 -75.2254
v  85.2462 244.6937 -75.8347
v  80.3869 261.0333 -75.4200
v  84.0275 242.3690 -75.7323
v  82.3839 259.3589 -75.5889
v  82.3839 240.3311 -75.5889
v  84.0275 257.3158 -75.7323
v  80.3869 238.6567 -75.4200
v  85.2462 254.9911 -75.8347
v  80.5251 261.0333 -74.7901
v  82.5631 259.3589 -74.7901
v  82.5631 240.3362 -74.7901
v  84.2375 242.3741 -74.7901
v  84.2375 257.3209 -74.7901
v  80.5251 238.6618 -74.7901
v  85.4818 254.9962 -74.7901
v  78.2004 237.4175 -74.7901
v  86.2447 252.4718 -74.7901
v  75.6760 236.6545 -74.7901
v  86.5059 249.8501 -74.7901
v  75.6760 263.0405 -74.7901
v  86.2447 247.2233 -74.7901
v  78.2004 262.2776 -74.7901
v  85.4818 244.6989 -74.7901
v  -34.9987 242.3741 -74.7901
v  -36.2430 244.6989 -74.7901
v  -35.9972 244.6937 -75.8347
v  -34.7785 242.3690 -75.7323
v  -33.1399 259.3589 -75.5889
v  -33.3243 259.3589 -74.7901
v  -31.2863 261.0333 -74.7901
v  -31.1378 261.0333 -75.4200
v  -33.1399 240.3311 -75.5889
v  -33.3243 240.3362 -74.7901
v  -34.7785 257.3158 -75.7323
v  -34.9987 257.3209 -74.7901
v  -31.1378 238.6567 -75.4200
v  -31.2863 238.6618 -74.7901
v  -35.9972 254.9911 -75.8347
v  -36.2430 254.9962 -74.7901
v  -28.9616 237.4175 -74.7901
v  -28.8592 237.4175 -75.2254
v  -37.0059 252.4718 -74.7901
v  -36.7448 252.4667 -75.9013
v  -26.3860 236.6545 -75.0103
v  -26.4372 236.6545 -74.7901
v  -37.0008 249.8399 -75.9218
v  -37.2671 249.8501 -74.7901
v  -26.4372 263.0405 -74.7901
v  -23.8104 263.3017 -74.7901
v  -26.3860 263.0405 -75.0103
v  -23.8104 236.3934 -74.7901
v  -37.0059 247.2233 -74.7901
v  -36.7448 247.2182 -75.9013
v  -28.9616 262.2776 -74.7901
v  -28.8592 262.2725 -75.2254
v  -28.5622 237.4124 -75.6402
v  -26.2324 236.6494 -75.2254
v  -35.9921 252.4615 -76.9664
v  -36.2276 249.8347 -77.0124
v  -26.2324 263.0405 -75.2254
v  -35.9921 247.2130 -76.9664
v  -28.5622 262.2725 -75.6402
v  -35.2854 244.6886 -76.8435
v  -30.7077 261.0282 -76.0242
v  -34.1384 242.3639 -76.6387
v  -32.5920 259.3538 -76.3621
v  -32.5920 240.3259 -76.3621
v  -34.1384 257.3107 -76.6387
v  -30.7077 238.6567 -76.0242
v  -35.2854 254.9860 -76.8435
v  -31.7062 259.3486 -77.0688
v  -30.0164 261.0230 -76.5823
v  -33.0990 242.3588 -77.4682
v  -31.7062 240.3208 -77.0688
v  -33.0990 257.3107 -77.4682
v  -30.0164 238.6515 -76.5823
v  -34.1282 254.9809 -77.7703
v  -28.0860 237.4124 -76.0242
v  -34.7631 252.4565 -77.9495
v  -25.9917 236.6494 -75.4200
v  -34.9782 249.8296 -78.0161
v  -25.9917 263.0405 -75.4200
v  -34.7631 247.2079 -77.9495
v  -28.0860 262.2725 -76.0242
v  -34.1282 244.6835 -77.7703
v  -33.1194 252.4513 -78.8149
v  -33.3038 249.8245 -78.8917
v  -25.6640 263.0405 -75.5889
v  -25.6640 236.6494 -75.5889
v  -33.1194 247.2028 -78.8149
v  -27.4459 262.2673 -76.3621
v  -32.5767 244.6784 -78.5793
v  -29.0845 261.0230 -77.0688
v  -31.7011 242.3537 -78.2004
v  -30.5233 259.3435 -77.6935
v  -30.5233 240.3208 -77.6935
v  -31.7011 257.3056 -78.2004
v  -29.0845 238.6515 -77.0688
v  -32.5767 254.9757 -78.5793
v  -27.4459 237.4124 -76.3621
v  -29.0794 240.3157 -78.2004
v  -30.0062 242.3537 -78.7995
v  -29.0794 259.3435 -78.2004
v  -30.0062 257.3004 -78.7995
v  -27.9477 238.6464 -77.4682
v  -30.6923 254.9706 -79.2450
v  -26.6625 237.4073 -76.6387
v  -31.1173 252.4462 -79.5215
v  -25.2646 236.6494 -75.7323
v  -31.2607 249.8245 -79.6137
v  -25.2646 263.0354 -75.7323
v  -31.1173 247.1977 -79.5215
v  -26.6625 262.2673 -76.6387
v  -30.6923 244.6784 -79.2450
v  -27.9477 261.0179 -77.4682
v  -24.8089 263.0354 -75.8347
v  -24.8089 236.6494 -75.8347
v  -28.8336 247.1977 -80.0489
v  -28.9309 249.8194 -80.1513
v  -25.7715 262.2673 -76.8435
v  -28.5417 244.6732 -79.7417
v  -26.6574 261.0179 -77.7703
v  -28.0655 242.3486 -79.2450
v  -27.4306 259.3435 -78.5793
v  -27.4306 240.3157 -78.5793
v  -28.0655 257.3004 -79.2450
v  -26.6574 238.6464 -77.7703
v  -28.5417 254.9706 -79.7417
v  -25.7715 237.4073 -76.8435
v  -28.8336 252.4462 -80.0489
v  -25.6435 259.3384 -78.8149
v  -25.9661 257.2953 -79.5215
v  -25.6435 240.3157 -78.8149
v  -25.2543 238.6464 -77.9495
v  -26.2068 254.9706 -80.0489
v  -24.8037 237.4073 -76.9664
v  -26.3553 252.4411 -80.3715
v  -24.3173 236.6494 -75.9013
v  -26.4065 249.8194 -80.4790
v  -24.3173 263.0354 -75.9013
v  -26.3553 247.1926 -80.3715
v  -24.8037 262.2673 -76.9664
v  -26.2068 244.6732 -80.0489
v  -25.2543 261.0179 -77.9495
v  -25.9661 242.3486 -79.5215
v  -23.7796 249.8194 -80.5917
v  -23.7796 247.1926 -80.4790
v  -23.8052 263.0354 -75.9218
v  -23.8001 262.2673 -77.0124
v  -23.7796 244.6732 -80.1513
v  -23.7950 261.0179 -78.0161
v  -23.7848 242.3486 -79.6137
v  -23.7899 259.3384 -78.8917
v  -23.7899 240.3157 -78.8917
v  -23.7848 257.2953 -79.6137
v  -23.7950 238.6464 -78.0161
v  -23.7796 254.9706 -80.1513
v  -23.8001 237.4073 -77.0124
v  -23.7796 252.4411 -80.4790
v  -23.8052 236.6494 -75.9218
v  -21.9311 240.3157 -78.8149
v  -22.3357 238.6464 -77.9495
v  -21.6034 257.2953 -79.5215
v  -21.3576 254.9706 -80.0489
v  -22.7965 237.4073 -76.9664
v  -21.2040 252.4411 -80.3715
v  -23.2932 236.6494 -75.9013
v  -21.1528 249.8194 -80.4790
v  -23.2932 263.0354 -75.9013
v  -21.2040 247.1926 -80.3715
v  -22.7965 262.2673 -76.9664
v  -21.3576 244.6732 -80.0489
v  -22.3357 261.0179 -77.9495
v  -21.6034 242.3486 -79.5215
v  -21.9311 259.3384 -78.8149
v  -18.7308 247.1977 -80.0489
v  -19.0278 244.6732 -79.7417
v  -21.8287 262.2673 -76.8435
v  -20.9326 261.0179 -77.7703
v  -19.5040 242.3486 -79.2450
v  -20.1492 259.3435 -78.5793
v  -20.1492 240.3157 -78.5793
v  -19.5040 257.3004 -79.2450
v  -20.9326 238.6464 -77.7703
v  -19.0278 254.9706 -79.7417
v  -21.8287 237.4073 -76.8435
v  -18.7308 252.4462 -80.0489
v  -22.8016 236.6494 -75.8347
v  -18.6335 249.8194 -80.1513
v  -22.8016 263.0354 -75.8347
v  -19.6423 238.6464 -77.4682
v  -20.9429 237.4073 -76.6387
v  -16.8823 254.9706 -79.2450
v  -16.4522 252.4462 -79.5215
v  -22.3510 236.6494 -75.7323
v  -16.3088 249.8245 -79.6137
v  -22.3510 263.0354 -75.7323
v  -16.4522 247.1977 -79.5215
v  -20.9429 262.2673 -76.6387
v  -16.8823 244.6784 -79.2450
v  -19.6423 261.0179 -77.4682
v  -17.5736 242.3537 -78.7995
v  -18.5055 259.3435 -78.2004
v  -18.5055 240.3157 -78.2004
v  -17.5736 257.3004 -78.7995
v  -18.5158 261.0230 -77.0688
v  -20.1646 262.2673 -76.3621
v  -15.8838 242.3537 -78.2004
v  -15.0031 244.6784 -78.5793
v  -17.0667 259.3435 -77.6935
v  -17.0667 240.3208 -77.6935
v  -15.8838 257.3056 -78.2004
v  -18.5158 238.6515 -77.0688
v  -15.0031 254.9757 -78.5793
v  -20.1646 237.4124 -76.3621
v  -14.4603 252.4513 -78.8149
v  -21.9516 236.6494 -75.5889
v  -14.2760 249.8245 -78.8917
v  -21.9516 263.0405 -75.5889
v  -14.4603 247.2028 -78.8149
v  -12.8218 252.4565 -77.9495
v  -13.4618 254.9809 -77.7703
v  -21.6239 236.6494 -75.4200
v  -19.5245 237.4124 -76.0242
v  -12.6067 249.8296 -78.0161
v  -21.6239 263.0405 -75.4200
v  -12.8218 247.2079 -77.9495
v  -19.5245 262.2725 -76.0242
v  -13.4618 244.6835 -77.7703
v  -17.5889 261.0230 -76.5823
v  -14.4962 242.3588 -77.4733
v  -15.8889 259.3486 -77.0688
v  -15.8889 240.3208 -77.0688
v  -14.4962 257.3107 -77.4682
v  -17.5889 238.6515 -76.5823
v  -13.4669 242.3639 -76.6387
v  -12.3148 244.6886 -76.8435
v  -15.0133 259.3538 -76.3621
v  -16.8977 261.0282 -76.0242
v  -15.0133 240.3259 -76.3621
v  -13.4669 257.3107 -76.6387
v  -16.8977 238.6567 -76.0242
v  -12.3148 254.9860 -76.8435
v  -19.0483 237.4124 -75.6402
v  -11.6082 252.4615 -76.9664
v  -21.3832 236.6494 -75.2254
v  -11.3727 249.8347 -77.0124
v  -21.3832 263.0405 -75.2254
v  -11.6082 247.2130 -76.9664
v  -19.0483 262.2725 -75.6402
v  -21.2347 236.6545 -75.0103
v  -18.7615 237.4175 -75.2254
v  -10.6097 249.8399 -75.9218
v  -10.8657 252.4667 -75.9013
v  -21.2347 263.0405 -75.0103
v  -10.8657 247.2182 -75.9013
v  -18.7615 262.2725 -75.2254
v  -11.6133 244.6937 -75.8347
v  -16.4778 261.0333 -75.4200
v  -12.8371 242.3690 -75.7323
v  -14.4757 259.3589 -75.5889
v  -14.4757 240.3311 -75.5889
v  -12.8371 257.3158 -75.7323
v  -16.4778 238.6567 -75.4200
v  -11.6133 254.9911 -75.8347
v  -16.3395 261.0333 -74.7901
v  -14.3016 259.3589 -74.7901
v  -14.3016 240.3362 -74.7901
v  -12.6272 242.3741 -74.7901
v  -12.6272 257.3209 -74.7901
v  -16.3395 238.6618 -74.7901
v  -11.3829 254.9962 -74.7901
v  -18.6643 237.4175 -74.7901
v  -10.6148 252.4718 -74.7901
v  -21.1887 236.6545 -74.7901
v  -10.3588 249.8501 -74.7901
v  -21.1887 263.0405 -74.7901
v  -10.6148 247.2233 -74.7901
v  -18.6643 262.2776 -74.7901
v  -11.3829 244.6989 -74.7901
v  -131.6432 242.3690 -75.7323
v  -131.8633 242.3741 -74.7901
v  -133.1025 244.6989 -74.7901
v  -132.8618 244.6937 -75.8347
v  -128.1510 261.0333 -74.7901
v  -128.0025 261.0333 -75.4200
v  -129.9995 259.3589 -75.5889
v  -130.1889 259.3589 -74.7901
v  -130.1889 240.3362 -74.7901
v  -129.9995 240.3311 -75.5889
v  -131.8633 257.3209 -74.7901
v  -131.6432 257.3158 -75.7323
v  -128.0025 238.6567 -75.4200
v  -128.1510 238.6618 -74.7901
v  -132.8618 254.9911 -75.8347
v  -133.1025 254.9962 -74.7901
v  -125.7239 237.4175 -75.2254
v  -125.8211 237.4175 -74.7901
v  -133.8706 252.4718 -74.7901
v  -133.6094 252.4667 -75.9013
v  -123.2455 236.6545 -75.0103
v  -123.3018 236.6545 -74.7901
v  -134.1266 249.8501 -74.7901
v  -133.8655 249.8399 -75.9218
v  -123.3018 263.0405 -74.7901
v  -120.6750 263.3017 -74.7901
v  -123.2455 263.0405 -75.0103
v  -120.6750 236.3934 -74.7901
v  -133.6094 247.2182 -75.9013
v  -133.8706 247.2233 -74.7901
v  -125.8211 262.2776 -74.7901
v  -125.7239 262.2725 -75.2254
v  -123.0970 236.6494 -75.2254
v  -125.4269 237.4124 -75.6402
v  -132.8516 252.4615 -76.9664
v  -133.0923 249.8347 -77.0124
v  -123.0970 263.0405 -75.2254
v  -132.8516 247.2130 -76.9664
v  -125.4269 262.2725 -75.6402
v  -132.1450 244.6886 -76.8435
v  -127.5723 261.0282 -76.0242
v  -130.9980 242.3639 -76.6387
v  -129.4567 259.3538 -76.3621
v  -129.4567 240.3259 -76.3621
v  -130.9980 257.3107 -76.6387
v  -127.5723 238.6567 -76.0242
v  -132.1450 254.9860 -76.8435
v  -126.8811 261.0230 -76.5823
v  -128.5708 259.3486 -77.0688
v  -129.9585 242.3588 -77.4682
v  -128.5708 240.3208 -77.0688
v  -129.9585 257.3107 -77.4682
v  -126.8811 238.6515 -76.5823
v  -130.9928 254.9809 -77.7703
v  -124.9507 237.4124 -76.0242
v  -131.6278 252.4565 -77.9495
v  -122.8564 236.6494 -75.4200
v  -131.8428 249.8296 -78.0161
v  -122.8564 263.0405 -75.4200
v  -131.6278 247.2079 -77.9495
v  -124.9507 262.2725 -76.0242
v  -130.9928 244.6835 -77.7703
v  -129.9841 252.4513 -78.8149
v  -130.1633 249.8245 -78.8917
v  -122.5286 263.0405 -75.5889
v  -122.5286 236.6494 -75.5889
v  -129.9841 247.2028 -78.8149
v  -124.3055 262.2673 -76.3621
v  -129.4413 244.6784 -78.5793
v  -125.9492 261.0230 -77.0688
v  -128.5657 242.3537 -78.2004
v  -127.3829 259.3435 -77.6935
v  -127.3829 240.3208 -77.6935
v  -128.5657 257.3056 -78.2004
v  -125.9492 238.6515 -77.0688
v  -129.4413 254.9757 -78.5793
v  -124.3055 237.4124 -76.3621
v  -126.8657 242.3537 -78.7995
v  -125.9389 240.3157 -78.2004
v  -125.9389 259.3435 -78.2004
v  -126.8657 257.3004 -78.7995
v  -124.8124 238.6464 -77.4682
v  -127.5570 254.9706 -79.2450
v  -123.5272 237.4073 -76.6387
v  -127.9769 252.4462 -79.5215
v  -122.1292 236.6494 -75.7323
v  -128.1202 249.8245 -79.6137
v  -122.1292 263.0354 -75.7323
v  -127.9769 247.1977 -79.5215
v  -123.5272 262.2673 -76.6387
v  -127.5570 244.6784 -79.2450
v  -124.8124 261.0179 -77.4682
v  -121.6735 263.0354 -75.8347
v  -121.6735 236.6494 -75.8347
v  -125.7904 249.8194 -80.1513
v  -125.6931 247.1977 -80.0489
v  -122.6362 262.2673 -76.8435
v  -125.4013 244.6732 -79.7417
v  -123.5169 261.0179 -77.7703
v  -124.9302 242.3486 -79.2450
v  -124.2952 259.3435 -78.5793
v  -124.2952 240.3157 -78.5793
v  -124.9302 257.3004 -79.2450
v  -123.5169 238.6464 -77.7703
v  -125.4013 254.9706 -79.7417
v  -122.6362 237.4073 -76.8435
v  -125.6931 252.4462 -80.0489
v  -122.5082 259.3384 -78.8149
v  -122.8308 257.2953 -79.5215
v  -122.5082 240.3157 -78.8149
v  -122.1139 238.6464 -77.9495
v  -123.0714 254.9706 -80.0489
v  -121.6684 237.4073 -76.9664
v  -123.2199 252.4411 -80.3715
v  -121.1820 236.6494 -75.9013
v  -123.2660 249.8194 -80.4790
v  -121.1820 263.0354 -75.9013
v  -123.2199 247.1926 -80.3715
v  -121.6684 262.2673 -76.9664
v  -123.0714 244.6732 -80.0489
v  -122.1139 261.0179 -77.9495
v  -122.8308 242.3486 -79.5215
v  -120.6443 249.8194 -80.5917
v  -120.6443 247.1926 -80.4790
v  -120.6648 262.2673 -77.0124
v  -120.6699 263.0354 -75.9218
v  -120.6443 244.6732 -80.1513
v  -120.6545 261.0179 -78.0161
v  -120.6494 242.3486 -79.6137
v  -120.6494 259.3384 -78.8917
v  -120.6494 240.3157 -78.8917
v  -120.6494 257.2953 -79.6137
v  -120.6545 238.6464 -78.0161
v  -120.6443 254.9706 -80.1513
v  -120.6648 237.4073 -77.0124
v  -120.6443 252.4411 -80.4790
v  -120.6699 236.6494 -75.9218
v  -118.7958 240.3157 -78.8149
v  -119.2003 238.6464 -77.9495
v  -118.4681 257.2953 -79.5215
v  -118.2223 254.9706 -80.0489
v  -119.6561 237.4073 -76.9664
v  -118.0687 252.4411 -80.3715
v  -120.1579 236.6494 -75.9013
v  -118.0175 249.8194 -80.4790
v  -120.1579 263.0354 -75.9013
v  -118.0687 247.1926 -80.3715
v  -119.6561 262.2673 -76.9664
v  -118.2223 244.6732 -80.0489
v  -119.2003 261.0179 -77.9495
v  -118.4681 242.3486 -79.5215
v  -118.7958 259.3384 -78.8149
v  -115.5955 247.1977 -80.0489
v  -115.8925 244.6732 -79.7417
v  -117.7973 261.0179 -77.7703
v  -118.6934 262.2673 -76.8435
v  -116.3687 242.3486 -79.2450
v  -117.0139 259.3435 -78.5793
v  -117.0139 240.3157 -78.5793
v  -116.3687 257.3004 -79.2450
v  -117.7973 238.6464 -77.7703
v  -115.8925 254.9706 -79.7417
v  -118.6934 237.4073 -76.8435
v  -115.5955 252.4462 -80.0489
v  -119.6663 236.6494 -75.8347
v  -115.4982 249.8194 -80.1513
v  -119.6663 263.0354 -75.8347
v  -116.5069 238.6464 -77.4682
v  -117.8024 237.4073 -76.6387
v  -113.7470 254.9706 -79.2450
v  -113.3169 252.4462 -79.5215
v  -119.2106 236.6494 -75.7323
v  -113.1735 249.8245 -79.6137
v  -119.2106 263.0354 -75.7323
v  -113.3169 247.1977 -79.5215
v  -117.8024 262.2673 -76.6387
v  -113.7470 244.6784 -79.2450
v  -116.5069 261.0179 -77.4682
v  -114.4382 242.3537 -78.7995
v  -115.3702 259.3435 -78.2004
v  -115.3702 240.3157 -78.2004
v  -114.4382 257.3004 -78.7995
v  -117.0241 262.2673 -76.3621
v  -115.3753 261.0230 -77.0688
v  -111.8626 244.6784 -78.5793
v  -112.7485 242.3537 -78.2004
v  -113.9313 259.3435 -77.6935
v  -113.9313 240.3208 -77.6935
v  -112.7485 257.3056 -78.2004
v  -115.3753 238.6515 -77.0688
v  -111.8626 254.9757 -78.5793
v  -117.0241 237.4124 -76.3621
v  -111.3199 252.4513 -78.8149
v  -118.8163 236.6494 -75.5889
v  -111.1406 249.8245 -78.8917
v  -118.8163 263.0405 -75.5889
v  -111.3199 247.2028 -78.8149
v  -110.3214 254.9809 -77.7703
v  -109.6864 252.4565 -77.9495
v  -116.3892 237.4124 -76.0242
v  -118.4886 236.6494 -75.4200
v  -109.4714 249.8296 -78.0161
v  -118.4886 263.0405 -75.4200
v  -109.6864 247.2079 -77.9495
v  -116.3892 262.2725 -76.0242
v  -110.3214 244.6835 -77.7703
v  -114.4485 261.0230 -76.5823
v  -111.3608 242.3588 -77.4682
v  -112.7536 259.3486 -77.0688
v  -112.7536 240.3208 -77.0688
v  -111.3608 257.3107 -77.4682
v  -114.4485 238.6515 -76.5823
v  -109.1795 244.6886 -76.8435
v  -110.3316 242.3639 -76.6387
v  -113.7623 261.0282 -76.0242
v  -111.8780 259.3538 -76.3621
v  -111.8780 240.3259 -76.3621
v  -110.3316 257.3107 -76.6387
v  -113.7623 238.6567 -76.0242
v  -109.1795 254.9860 -76.8435
v  -115.9130 237.4124 -75.6402
v  -108.4729 252.4615 -76.9664
v  -118.2479 236.6494 -75.2254
v  -108.2322 249.8347 -77.0124
v  -118.2479 263.0405 -75.2254
v  -108.4729 247.2130 -76.9664
v  -115.9130 262.2725 -75.6402
v  -115.6211 237.4175 -75.2254
v  -118.0994 236.6545 -75.0103
v  -107.7253 252.4667 -75.9013
v  -107.4744 249.8399 -75.9218
v  -118.0994 263.0405 -75.0103
v  -107.7253 247.2182 -75.9013
v  -115.6211 262.2725 -75.2254
v  -108.4780 244.6937 -75.8347
v  -113.3425 261.0333 -75.4200
v  -109.6966 242.3690 -75.7323
v  -111.3403 259.3589 -75.5889
v  -111.3403 240.3311 -75.5889
v  -109.6966 257.3158 -75.7323
v  -113.3425 238.6567 -75.4200
v  -108.4780 254.9911 -75.8347
v  -113.1991 261.0333 -74.7901
v  -111.1611 259.3589 -74.7901
v  -109.4867 242.3741 -74.7901
v  -111.1611 240.3362 -74.7901
v  -109.4867 257.3209 -74.7901
v  -113.1991 238.6618 -74.7901
v  -108.2476 254.9962 -74.7901
v  -115.5289 237.4175 -74.7901
v  -107.4795 252.4718 -74.7901
v  -118.0482 236.6545 -74.7901
v  -107.2235 249.8501 -74.7901
v  -118.0482 263.0405 -74.7901
v  -107.4795 247.2233 -74.7901
v  -115.5289 262.2776 -74.7901
v  -108.2476 244.6989 -74.7901
v  -229.9671 244.6989 -74.7901
v  -229.7214 244.6937 -75.8347
v  -228.5027 242.3690 -75.7323
v  -228.7229 242.3741 -74.7901
v  -227.0536 259.3589 -74.7901
v  -225.0105 261.0333 -74.7901
v  -224.8671 261.0333 -75.4200
v  -226.8641 259.3589 -75.5889
v  -226.8641 240.3311 -75.5889
v  -227.0536 240.3362 -74.7901
v  -228.5027 257.3158 -75.7323
v  -228.7229 257.3209 -74.7901
v  -224.8671 238.6567 -75.4200
v  -225.0105 238.6618 -74.7901
v  -229.7214 254.9911 -75.8347
v  -229.9671 254.9962 -74.7901
v  -222.6858 237.4175 -74.7901
v  -222.5834 237.4175 -75.2254
v  -230.4741 252.4667 -75.9013
v  -230.7352 252.4718 -74.7901
v  -220.1102 236.6545 -75.0103
v  -220.1614 236.6545 -74.7901
v  -230.7250 249.8399 -75.9218
v  -230.9913 249.8501 -74.7901
v  -220.1614 263.0405 -74.7901
v  -217.5397 263.3017 -74.7901
v  -220.1102 263.0405 -75.0103
v  -217.5397 236.3934 -74.7901
v  -230.4741 247.2182 -75.9013
v  -230.7352 247.2233 -74.7901
v  -222.5834 262.2725 -75.2254
v  -222.6858 262.2776 -74.7901
v  -222.2915 237.4124 -75.6402
v  -219.9617 236.6494 -75.2254
v  -229.7162 252.4615 -76.9664
v  -229.9569 249.8347 -77.0124
v  -219.9617 263.0405 -75.2254
v  -229.7162 247.2130 -76.9664
v  -222.2915 262.2725 -75.6402
v  -229.0096 244.6886 -76.8435
v  -224.4370 261.0282 -76.0242
v  -227.8626 242.3639 -76.6387
v  -226.3162 259.3538 -76.3621
v  -226.3162 240.3259 -76.3621
v  -227.8626 257.3107 -76.6387
v  -224.4370 238.6567 -76.0242
v  -229.0096 254.9860 -76.8435
v  -223.7406 261.0230 -76.5823
v  -225.4355 259.3486 -77.0688
v  -226.8232 242.3588 -77.4682
v  -225.4355 240.3208 -77.0688
v  -226.8232 257.3107 -77.4682
v  -223.7406 238.6515 -76.5823
v  -227.8575 254.9809 -77.7703
v  -221.8102 237.4124 -76.0242
v  -228.4924 252.4565 -77.9495
v  -219.7159 236.6494 -75.4200
v  -228.7075 249.8296 -78.0161
v  -219.7159 263.0405 -75.4200
v  -228.4924 247.2079 -77.9495
v  -221.8102 262.2725 -76.0242
v  -227.8575 244.6835 -77.7703
v  -226.8436 252.4513 -78.8149
v  -227.0280 249.8245 -78.8917
v  -219.3882 263.0405 -75.5889
v  -219.3882 236.6494 -75.5889
v  -226.8436 247.2028 -78.8149
v  -221.1701 262.2673 -76.3621
v  -226.3060 244.6784 -78.5793
v  -222.8087 261.0230 -77.0688
v  -225.4304 242.3537 -78.2004
v  -224.2475 259.3435 -77.6935
v  -224.2475 240.3208 -77.6935
v  -225.4304 257.3056 -78.2004
v  -222.8087 238.6515 -77.0688
v  -226.3060 254.9757 -78.5793
v  -221.1701 237.4124 -76.3621
v  -223.7304 242.3537 -78.7995
v  -222.8036 240.3157 -78.2004
v  -222.8036 259.3435 -78.2004
v  -223.7304 257.3004 -78.7995
v  -221.6770 238.6464 -77.4682
v  -224.4165 254.9706 -79.2450
v  -220.3867 237.4073 -76.6387
v  -224.8415 252.4462 -79.5215
v  -218.9888 236.6494 -75.7323
v  -224.9849 249.8245 -79.6137
v  -218.9888 263.0354 -75.7323
v  -224.8415 247.1977 -79.5215
v  -220.3867 262.2673 -76.6387
v  -224.4165 244.6784 -79.2450
v  -221.6770 261.0179 -77.4682
v  -218.5382 263.0354 -75.8347
v  -218.5382 236.6494 -75.8347
v  -222.6551 249.8194 -80.1513
v  -222.5578 247.1977 -80.0489
v  -219.4957 262.2673 -76.8435
v  -222.2659 244.6732 -79.7417
v  -220.3816 261.0179 -77.7703
v  -221.7948 242.3486 -79.2450
v  -221.1548 259.3435 -78.5793
v  -221.1548 240.3157 -78.5793
v  -221.7948 257.3004 -79.2450
v  -220.3816 238.6464 -77.7703
v  -222.2659 254.9706 -79.7417
v  -219.4957 237.4073 -76.8435
v  -222.5578 252.4462 -80.0489
v  -219.3728 259.3384 -78.8149
v  -219.6954 257.2953 -79.5215
v  -219.3728 240.3157 -78.8149
v  -218.9786 238.6464 -77.9495
v  -219.9310 254.9706 -80.0489
v  -218.5280 237.4073 -76.9664
v  -220.0795 252.4411 -80.3715
v  -218.0415 236.6494 -75.9013
v  -220.1306 249.8194 -80.4790
v  -218.0415 263.0354 -75.9013
v  -220.0795 247.1926 -80.3715
v  -218.5280 262.2673 -76.9664
v  -219.9310 244.6732 -80.0489
v  -218.9786 261.0179 -77.9495
v  -219.6954 242.3486 -79.5215
v  -217.5039 249.8194 -80.5917
v  -217.5039 247.1926 -80.4790
v  -217.5243 262.2673 -77.0124
v  -217.5294 263.0354 -75.9218
v  -217.5090 244.6732 -80.1513
v  -217.5192 261.0179 -78.0161
v  -217.5090 242.3486 -79.6137
v  -217.5141 259.3384 -78.8917
v  -217.5141 240.3157 -78.8917
v  -217.5090 257.2953 -79.6137
v  -217.5192 238.6464 -78.0161
v  -217.5090 254.9706 -80.1513
v  -217.5243 237.4073 -77.0124
v  -217.5039 252.4411 -80.4790
v  -217.5294 236.6494 -75.9218
v  -215.6605 240.3157 -78.8149
v  -216.0599 238.6464 -77.9495
v  -215.3276 257.2953 -79.5215
v  -215.0818 254.9706 -80.0489
v  -216.5207 237.4073 -76.9664
v  -214.9334 252.4411 -80.3715
v  -217.0174 236.6494 -75.9013
v  -214.8821 249.8194 -80.4790
v  -217.0174 263.0354 -75.9013
v  -214.9334 247.1926 -80.3715
v  -216.5207 262.2673 -76.9664
v  -215.0818 244.6732 -80.0489
v  -216.0599 261.0179 -77.9495
v  -215.3276 242.3486 -79.5215
v  -215.6605 259.3384 -78.8149
v  -212.4601 247.1977 -80.0489
v  -212.7520 244.6732 -79.7417
v  -214.6620 261.0179 -77.7703
v  -215.5581 262.2673 -76.8435
v  -213.2333 242.3486 -79.2450
v  -213.8785 259.3435 -78.5793
v  -213.8785 240.3157 -78.5793
v  -213.2333 257.3004 -79.2450
v  -214.6620 238.6464 -77.7703
v  -212.7520 254.9706 -79.7417
v  -215.5581 237.4073 -76.8435
v  -212.4601 252.4462 -80.0489
v  -216.5258 236.6494 -75.8347
v  -212.3577 249.8194 -80.1513
v  -216.5258 263.0354 -75.8347
v  -213.3716 238.6464 -77.4682
v  -214.6671 237.4073 -76.6387
v  -210.6065 254.9706 -79.2450
v  -210.1815 252.4462 -79.5215
v  -216.0752 236.6494 -75.7323
v  -210.0381 249.8245 -79.6137
v  -216.0752 263.0354 -75.7323
v  -210.1815 247.1977 -79.5215
v  -214.6671 262.2673 -76.6387
v  -210.6065 244.6784 -79.2450
v  -213.3716 261.0179 -77.4682
v  -211.3029 242.3537 -78.7995
v  -212.2348 259.3435 -78.2004
v  -212.2348 240.3157 -78.2004
v  -211.3029 257.3004 -78.7995
v  -213.8888 262.2673 -76.3621
v  -212.2399 261.0230 -77.0688
v  -208.7273 244.6784 -78.5793
v  -209.6080 242.3537 -78.2004
v  -210.7960 259.3435 -77.6935
v  -210.7960 240.3208 -77.6935
v  -209.6080 257.3056 -78.2004
v  -212.2399 238.6515 -77.0688
v  -208.7273 254.9757 -78.5793
v  -213.8888 237.4124 -76.3621
v  -208.1845 252.4513 -78.8149
v  -215.6758 236.6494 -75.5889
v  -208.0002 249.8245 -78.8917
v  -215.6758 263.0405 -75.5889
v  -208.1845 247.2028 -78.8149
v  -207.1860 254.9809 -77.7703
v  -206.5511 252.4565 -77.9495
v  -213.2487 237.4124 -76.0242
v  -215.3532 236.6494 -75.4200
v  -206.3360 249.8296 -78.0161
v  -215.3532 263.0405 -75.4200
v  -206.5511 247.2079 -77.9495
v  -213.2487 262.2725 -76.0242
v  -207.1860 244.6835 -77.7703
v  -211.3132 261.0230 -76.5823
v  -208.2204 242.3588 -77.4682
v  -209.6131 259.3486 -77.0688
v  -209.6131 240.3208 -77.0688
v  -208.2204 257.3107 -77.4682
v  -211.3132 238.6515 -76.5823
v  -206.0441 244.6886 -76.8435
v  -207.1911 242.3639 -76.6387
v  -210.6270 261.0282 -76.0242
v  -208.7427 259.3538 -76.3621
v  -208.7427 240.3259 -76.3621
v  -207.1911 257.3107 -76.6387
v  -210.6270 238.6567 -76.0242
v  -206.0441 254.9860 -76.8435
v  -212.7776 237.4124 -75.6402
v  -205.3375 252.4615 -76.9664
v  -215.1126 236.6494 -75.2254
v  -205.0969 249.8347 -77.0124
v  -215.1126 263.0405 -75.2254
v  -205.3375 247.2130 -76.9664
v  -212.7776 262.2725 -75.6402
v  -212.4857 237.4175 -75.2254
v  -214.9641 236.6545 -75.0103
v  -204.5899 252.4667 -75.9013
v  -204.3390 249.8399 -75.9218
v  -214.9641 263.0405 -75.0103
v  -204.5899 247.2182 -75.9013
v  -212.4857 262.2725 -75.2254
v  -205.3426 244.6937 -75.8347
v  -210.2020 261.0333 -75.4200
v  -206.5613 242.3690 -75.7323
v  -208.2050 259.3589 -75.5889
v  -208.2050 240.3311 -75.5889
v  -206.5613 257.3158 -75.7323
v  -210.2020 238.6567 -75.4200
v  -205.3426 254.9911 -75.8347
v  -210.0637 261.0333 -74.7901
v  -208.0258 259.3589 -74.7901
v  -206.3514 242.3741 -74.7901
v  -208.0258 240.3362 -74.7901
v  -206.3514 257.3209 -74.7901
v  -210.0637 238.6618 -74.7901
v  -205.1071 254.9962 -74.7901
v  -212.3885 237.4175 -74.7901
v  -204.3441 252.4718 -74.7901
v  -214.9129 236.6545 -74.7901
v  -204.0830 249.8501 -74.7901
v  -214.9129 263.0405 -74.7901
v  -204.3441 247.2233 -74.7901
v  -212.3885 262.2776 -74.7901
v  -205.1071 244.6989 -74.7901
v  127.6594 1069.7920 -72.1019
v  133.1742 1070.2427 -72.0609
v  133.1742 1070.2427 -75.3688
v  127.6594 1069.7920 -75.3278
v  127.6594 1065.2808 -81.2676
v  112.8816 1060.7645 -80.8631
v  112.8816 1065.2758 -74.9284
v  -146.7333 982.6359 -72.5064
v  -146.7333 982.6359 -74.9284
v  -134.9203 997.6082 -74.9284
v  -134.9203 997.6082 -72.5064
v  127.6594 1031.7211 -75.3278
v  112.8816 1036.2373 -74.9284
v  112.8816 1040.7485 -80.8631
v  127.6594 1036.2322 -81.2676
v  137.7980 1068.6809 -72.1992
v  137.7980 1068.6809 -75.2305
v  137.7980 1032.8322 -75.2305
v  133.1742 1031.2704 -75.3688
v  133.1742 1035.7816 -81.3086
v  137.7980 1037.3434 -81.1652
v  -140.6655 1103.9049 -80.8631
v  -150.2972 1103.9049 -80.8631
v  -158.5514 1114.3661 -80.8631
v  -148.9198 1114.3661 -80.8631
v  133.1742 1065.7314 -81.3086
v  -167.6506 1118.8772 -74.9284
v  -146.7333 1118.8772 -74.9284
v  -155.8376 997.6082 -72.5064
v  -162.9756 1017.9520 -72.5064
v  -162.9756 1017.9520 -74.9284
v  -155.8376 997.6082 -74.9284
v  -150.2972 997.6082 -80.8631
v  -157.4352 1017.9520 -80.8631
v  -148.9198 987.1470 -80.8631
v  -140.6655 997.6082 -80.8631
v  -147.8035 1017.9520 -80.8631
v  -162.9756 1083.5610 -74.9284
v  -155.8376 1103.9049 -74.9284
v  -157.4352 1083.5610 -80.8631
v  -147.8035 1083.5610 -80.8631
v  -134.9203 1103.9049 -74.9284
v  -142.0583 1083.5610 -74.9284
v  -134.9203 1103.9049 -72.5064
v  -142.0583 1083.5610 -72.5064
v  -158.5514 987.1470 -80.8631
v  -167.6506 982.6359 -74.9284
v  -142.0583 1017.9520 -74.9284
v  -176.0175 1036.2373 -74.9284
v  -176.0175 1036.2373 -72.5064
v  -259.8095 1084.0425 -72.5935
v  -226.5262 1078.2460 -72.3630
v  -226.5262 1078.2460 -75.0667
v  -259.8095 1084.0425 -74.8362
v  158.7153 1049.9807 -75.4405
v  160.8710 1050.0833 -73.6944
v  -155.1002 1036.2373 -74.9284
v  -164.0611 1040.7485 -80.8631
v  -167.6506 982.6359 -72.5064
v  137.7980 1064.1697 -81.1652
v  -193.2429 1036.2373 -74.9284
v  -226.5262 1023.2671 -75.0667
v  -226.5262 1027.8447 -81.0064
v  -193.2429 1040.8151 -80.8631
v  127.6594 1031.7211 -72.1019
v  112.8816 1036.2373 -72.5064
v  -164.0611 1060.7645 -80.8631
v  -155.1002 1065.2758 -74.9284
v  -173.7388 1040.8151 -80.8631
v  -173.7388 1060.6980 -80.8631
v  -176.0175 1065.2758 -74.9284
v  -259.8095 1017.4707 -74.8362
v  -255.3802 1022.8216 -80.8067
v  -226.5262 1073.6682 -81.0064
v  -255.3802 1078.6965 -80.8067
v  -162.9756 1083.5610 -72.5064
v  -155.8376 1103.9049 -72.5064
v  158.7153 1051.5322 -75.4405
v  160.8710 1051.4349 -73.6944
v  -193.2429 1060.6980 -80.8631
v  -193.2429 1065.2758 -74.9284
v  133.1742 1031.2704 -72.0609
v  137.7980 1032.8322 -72.1992
v  -155.1002 1036.2373 -72.5064
v  -142.0583 1017.9520 -72.5064
v  -146.7333 1118.8772 -72.5064
v  -167.6506 1118.8772 -72.5064
v  160.8710 1051.4349 -73.7353
v  160.8710 1050.0833 -73.7353
v  -193.2429 1036.2373 -72.5064
v  -176.0175 1065.2758 -72.5064
v  112.8816 1065.2758 -72.5064
v  -155.1002 1065.2758 -72.5064
v  -193.2429 1065.2758 -72.5064
v  -226.5262 1023.2671 -72.3630
v  -259.8095 1017.4707 -72.5935
v  -255.3802 385.2773 -80.8067
v  -255.3802 441.1523 -80.8067
v  -226.5262 436.1291 -81.0064
v  -226.5262 390.3005 -81.0064
v  -259.8095 379.9315 -74.8362
v  -226.5262 385.7279 -75.0667
v  -226.5262 385.7279 -72.3630
v  -259.8095 379.9315 -72.5935
v  -193.2429 403.2708 -80.8631
v  -193.2429 423.1588 -80.8631
v  -173.7388 423.1588 -80.8631
v  -173.7388 403.2708 -80.8631
v  -176.0175 427.7314 -72.5064
v  -176.0175 427.7314 -74.9284
v  -193.2429 427.7314 -74.9284
v  -193.2429 427.7314 -72.5064
v  -164.0611 423.2254 -80.8631
v  -157.4352 446.0219 -80.8631
v  -147.8035 446.0219 -80.8631
v  -193.2429 398.6982 -74.9284
v  -193.2429 398.6982 -72.5064
v  -162.9756 446.0219 -72.5064
v  -162.9756 446.0219 -74.9284
v  112.8816 427.7314 -74.9284
v  112.8816 427.7314 -72.5064
v  127.6594 432.2477 -72.1019
v  127.6594 432.2477 -75.3278
v  -147.8035 380.4077 -80.8631
v  -157.4352 380.4077 -80.8631
v  -164.0611 403.2042 -80.8631
v  -155.8376 466.3657 -72.5064
v  -155.8376 466.3657 -74.9284
v  -155.1002 427.7314 -72.5064
v  -155.1002 427.7314 -74.9284
v  -142.0583 446.0219 -74.9284
v  -142.0583 446.0219 -72.5064
v  112.8816 423.2254 -80.8631
v  112.8816 403.2042 -80.8631
v  137.7980 431.1366 -75.2305
v  137.7980 431.1366 -72.1992
v  160.8710 413.8907 -73.7353
v  160.8710 413.8907 -73.6944
v  137.7980 395.2930 -72.1992
v  137.7980 395.2930 -75.2305
v  160.8710 412.5389 -73.6944
v  160.8710 412.5389 -73.7353
v  158.7153 413.9931 -75.4405
v  158.7153 412.4365 -75.4405
v  137.7980 399.8042 -81.1652
v  137.7980 426.6254 -81.1652
v  112.8816 398.6982 -72.5064
v  112.8816 398.6982 -74.9284
v  127.6594 394.1819 -75.3278
v  127.6594 394.1819 -72.1019
v  127.6594 427.7366 -81.2676
v  127.6594 398.6931 -81.2676
v  -176.0175 398.6982 -74.9284
v  -176.0175 398.6982 -72.5064
v  -259.8095 446.4981 -74.8362
v  -259.8095 446.4981 -72.5935
v  -226.5262 440.7068 -75.0667
v  -226.5262 440.7068 -72.3630
v  -134.9203 466.3657 -74.9284
v  -134.9203 466.3657 -72.5064
v  -155.1002 398.6982 -72.5064
v  -155.1002 398.6982 -74.9284
v  -162.9756 380.4077 -74.9284
v  -162.9756 380.4077 -72.5064
v  -142.0583 380.4077 -72.5064
v  -142.0583 380.4077 -74.9284
v  -167.6506 345.0916 -74.9284
v  -167.6506 345.0916 -72.5064
v  -155.8376 360.0639 -72.5064
v  -155.8376 360.0639 -74.9284
v  -150.2972 360.0639 -80.8631
v  -140.6655 360.0639 -80.8631
v  -134.9203 360.0639 -74.9284
v  -134.9203 360.0639 -72.5064
v  -140.6655 466.3657 -80.8631
v  -150.2972 466.3657 -80.8631
v  -167.6506 481.3380 -72.5064
v  -167.6506 481.3380 -74.9284
v  -146.7333 345.0916 -74.9284
v  -146.7333 345.0916 -72.5064
v  133.1742 432.6983 -75.3688
v  133.1742 432.6983 -72.0609
v  -146.7333 481.3380 -72.5064
v  -146.7333 481.3380 -74.9284
v  -148.9198 349.6027 -80.8631
v  -158.5514 349.6027 -80.8631
v  -158.5514 476.8269 -80.8631
v  -148.9198 476.8269 -80.8631
v  133.1742 393.7313 -75.3688
v  133.1742 393.7313 -72.0609
v  133.1742 398.2373 -81.3086
v  133.1742 428.1923 -81.3086
v  273.1228 789.3418 -79.6546
v  273.1228 789.3418 -81.6465
v  270.9927 789.5517 -81.6465
v  270.9927 789.5517 -79.6546
v  264.9300 787.7083 -81.6465
v  264.9300 787.7083 -79.6546
v  266.8143 788.7170 -79.6546
v  266.8143 788.7170 -81.6465
v  263.2761 786.3514 -81.6465
v  263.2761 786.3514 -79.6546
v  261.9191 784.6974 -81.6465
v  261.9191 784.6974 -79.6546
v  260.9104 782.8131 -81.6465
v  260.9104 782.8131 -79.6546
v  260.2857 780.7649 -81.6465
v  260.2857 780.7649 -79.6546
v  260.0757 778.6348 -81.6465
v  260.0757 778.6348 -79.6546
v  260.2857 776.5046 -81.6465
v  260.2857 776.5046 -79.6546
v  260.9104 774.4565 -79.6546
v  260.9104 774.4565 -81.6465
v  261.9191 772.5721 -81.6465
v  261.9191 772.5721 -79.6546
v  263.2761 770.9182 -81.6465
v  263.2761 770.9182 -79.6546
v  264.9300 769.5561 -81.6465
v  264.9300 769.5561 -79.6546
v  266.8143 768.5525 -81.6465
v  266.8143 768.5525 -79.6546
v  268.8625 767.9278 -81.6465
v  268.8625 767.9278 -79.6546
v  270.9927 767.7178 -81.6465
v  270.9927 767.7178 -79.6546
v  273.1228 767.9278 -81.6465
v  273.1228 767.9278 -79.6546
v  275.1710 768.5525 -81.6465
v  275.1710 768.5525 -79.6546
v  277.0605 769.5561 -81.6465
v  277.0605 769.5561 -79.6546
v  278.7144 770.9182 -81.6465
v  278.7144 770.9182 -79.6546
v  280.0714 772.5721 -81.6465
v  280.0714 772.5721 -79.6546
v  281.0801 774.4565 -81.6465
v  281.0801 774.4565 -79.6546
v  281.6996 776.5046 -81.6465
v  281.6996 776.5046 -79.6546
v  281.9096 778.6348 -81.6465
v  281.9096 778.6348 -79.6546
v  281.6996 780.7649 -81.6465
v  281.6996 780.7649 -79.6546
v  281.0801 782.8131 -79.6546
v  281.0801 782.8131 -81.6465
v  280.0714 784.6974 -81.6465
v  280.0714 784.6974 -79.6546
v  278.7144 786.3514 -81.6465
v  278.7144 786.3514 -79.6546
v  277.0605 787.7083 -81.6465
v  277.0605 787.7083 -79.6546
v  275.1710 788.7170 -81.6465
v  275.1710 788.7170 -79.6546
v  268.8625 789.3418 -79.6546
v  268.8625 789.3418 -81.6465
v  270.9927 787.8363 -83.3516
v  272.7900 787.6622 -83.3516
v  274.5156 787.1348 -83.3516
v  276.1081 786.2849 -83.3516
v  277.5009 785.1429 -83.3516
v  278.6478 783.7502 -83.3516
v  279.4978 782.1577 -83.3516
v  280.0201 780.4321 -83.3516
v  280.1993 778.6348 -83.3516
v  280.0201 776.8375 -83.3516
v  279.4978 775.1119 -83.3516
v  278.6478 773.5194 -83.3516
v  277.5009 772.1266 -83.3516
v  276.1081 770.9847 -83.3516
v  274.5156 770.1296 -83.3516
v  272.7900 769.6073 -83.3516
v  270.9927 769.4332 -83.3516
v  269.2005 769.6073 -83.3516
v  267.4698 770.1296 -83.3516
v  265.8824 770.9847 -83.3516
v  264.4845 772.1266 -83.3516
v  263.3426 773.5194 -83.3516
v  269.2005 787.6622 -83.3516
v  262.4926 775.1119 -83.3516
v  261.9652 776.8375 -83.3516
v  261.7911 778.6348 -83.3516
v  261.9652 780.4321 -83.3516
v  262.4926 782.1577 -83.3516
v  263.3426 783.7502 -83.3516
v  264.4845 785.1429 -83.3516
v  265.8824 786.2849 -83.3516
v  267.4698 787.1348 -83.3516
v  270.9927 789.0499 -82.8498
v  268.9598 788.8502 -82.8498
v  267.0089 788.2562 -82.8498
v  265.2065 787.2936 -82.8498
v  263.6294 785.9981 -82.8498
v  262.3339 784.4209 -82.8498
v  261.3712 782.6185 -82.8498
v  260.7824 780.6676 -82.8498
v  260.5776 778.6348 -82.8498
v  260.7824 776.6019 -82.8498
v  261.3712 774.6510 -82.8498
v  262.3339 772.8486 -82.8498
v  263.6294 771.2715 -82.8498
v  265.2065 769.9760 -82.8498
v  267.0089 769.0134 -82.8498
v  268.9598 768.4193 -82.8498
v  270.9927 768.2197 -82.8498
v  273.0255 768.4193 -82.8498
v  274.9816 769.0134 -82.8498
v  276.7789 769.9760 -82.8498
v  278.3560 771.2715 -82.8498
v  279.6515 772.8486 -82.8498
v  280.6141 774.6510 -82.8498
v  281.2081 776.6019 -82.8498
v  281.4078 778.6348 -82.8498
v  281.2081 780.6676 -82.8498
v  280.6141 782.6185 -82.8498
v  279.6515 784.4209 -82.8498
v  278.3560 785.9981 -82.8498
v  276.7789 787.2936 -82.8498
v  274.9816 788.2562 -82.8498
v  273.0255 788.8502 -82.8498
v  283.9578 765.1166 -78.4667
v  285.2430 768.2094 -78.4667
v  285.2430 768.2094 -71.6820
v  283.9578 765.1166 -71.6820
v  285.2430 788.9424 -71.6820
v  285.2430 788.9424 -78.4667
v  283.9578 792.0352 -78.4667
v  283.9578 792.0352 -71.6820
v  260.1321 763.8365 -78.4667
v  280.8650 763.8365 -78.4667
v  280.8650 763.8365 -71.6820
v  260.1321 763.8365 -71.6820
v  255.7592 788.9424 -78.4667
v  255.7592 788.9424 -71.6820
v  257.0393 792.0352 -71.6820
v  257.0393 792.0352 -78.4667
v  280.8650 793.3204 -78.4667
v  280.8650 793.3204 -71.6820
v  260.1321 793.3204 -78.4667
v  260.1321 793.3204 -71.6820
v  257.0393 765.1166 -71.6820
v  257.0393 765.1166 -78.4667
v  255.7592 768.2094 -78.4667
v  255.7592 768.2094 -71.6820
v  280.7267 764.5278 -80.0489
v  283.4253 765.6492 -80.0489
v  284.5467 768.3477 -80.0489
v  280.7267 792.6240 -80.0489
v  283.4253 791.5026 -80.0489
v  284.5467 788.8041 -80.0489
v  257.5718 765.6492 -80.0489
v  260.2703 764.5278 -80.0489
v  256.4504 768.3477 -80.0489
v  260.2703 792.6240 -80.0489
v  257.5718 791.5026 -80.0489
v  256.4504 788.8041 -80.0489
# 4534 vertices

vn 0.9054 0.2100 0.3690
vn 0.8531 0.3811 0.3564
vn 0.7774 0.3490 0.5232
vn 0.8208 0.1893 0.5389
vn 0.6706 0.3101 -0.6739
vn 0.7038 0.1684 -0.6902
vn 0.5600 0.1354 -0.8174
vn 0.5372 0.2532 -0.8045
vn 0.6720 0.3038 0.6753
vn 0.7049 0.1614 0.6907
vn 0.8196 0.1947 -0.5388
vn 0.7760 0.3537 -0.5222
vn 0.5383 0.2454 0.8062
vn 0.5609 0.1270 0.8181
vn 0.9044 0.2136 -0.3693
vn 0.8519 0.3842 -0.3558
vn 0.3796 0.1745 0.9085
vn 0.3934 0.0873 0.9152
vn 0.9561 0.2248 -0.1878
vn 0.8978 0.4019 -0.1801
vn 0.2012 0.0931 0.9751
vn 0.2087 0.0437 0.9770
vn 0.9133 0.4073 0.0001
vn 0.9737 0.2279 -0.0003
vn 0.2084 0.0540 -0.9765
vn 0.0001 0.1834 -0.9830
vn 0.2010 0.1031 -0.9741
vn 0.0002 0.1735 0.9848
vn 0.8984 0.4004 0.1804
vn 0.9567 0.2229 0.1873
vn 0.3789 0.1836 -0.9070
vn 0.3928 0.0968 -0.9145
vn 0.3414 0.3281 0.8808
vn 0.1830 0.1792 0.9666
vn 0.7215 0.6750 -0.1545
vn 0.7309 0.6824 0.0001
vn 0.1826 0.1887 -0.9649
vn 0.7222 0.6741 0.1547
vn 0.3403 0.3362 -0.8782
vn 0.6946 0.6492 0.3098
vn 0.4704 0.4550 -0.7561
vn 0.6459 0.6057 0.4646
vn 0.5710 0.5447 -0.6142
vn 0.5729 0.5402 0.6164
vn 0.6441 0.6088 -0.4632
vn 0.4721 0.4487 0.7588
vn 0.6932 0.6511 -0.3091
vn 0.3878 0.6017 -0.6983
vn 0.4562 0.7009 -0.5482
vn 0.4580 0.6980 0.5505
vn 0.5031 0.7642 0.4036
vn 0.5015 0.7660 -0.4022
vn 0.3895 0.5970 0.7013
vn 0.5298 0.8062 -0.2632
vn 0.2905 0.4502 0.8443
vn 0.5454 0.8281 -0.1300
vn 0.1586 0.2511 0.9549
vn 0.5505 0.8348 0.0000
vn 0.1581 0.2603 -0.9525
vn 0.5460 0.8276 0.1302
vn 0.2894 0.4571 -0.8410
vn 0.5310 0.8053 0.2638
vn 0.4017 0.9158 0.0000
vn 0.3989 0.9102 -0.1118
vn 0.1297 0.3176 -0.9393
vn 0.1303 0.3088 0.9422
vn 0.3993 0.9099 0.1120
vn 0.2330 0.5478 -0.8035
vn 0.3912 0.8914 0.2286
vn 0.3031 0.7019 -0.6446
vn 0.3756 0.8563 0.3545
vn 0.3474 0.7985 -0.4917
vn 0.3488 0.7966 0.4938
vn 0.3744 0.8573 -0.3533
vn 0.3045 0.6985 0.6476
vn 0.3904 0.8919 -0.2281
vn 0.2340 0.5419 0.8072
vn 0.2661 0.9095 0.3194
vn 0.2504 0.8566 0.4512
vn 0.2494 0.8579 -0.4493
vn 0.2653 0.9101 -0.3184
vn 0.2230 0.7649 0.6043
vn 0.2743 0.9398 -0.2038
vn 0.1755 0.6073 0.7748
vn 0.2790 0.9551 -0.0995
vn 0.0992 0.3528 0.9304
vn 0.2806 0.9598 0.0000
vn 0.0989 0.3610 -0.9273
vn 0.2793 0.9550 0.0996
vn 0.1747 0.6124 -0.7710
vn 0.2749 0.9395 0.2043
vn 0.2219 0.7675 -0.6014
vn 0.0667 0.3913 -0.9178
vn 0.0669 0.3834 0.9212
vn 0.1780 0.9840 0.0000
vn 0.1774 0.9799 0.0918
vn 0.1162 0.6552 -0.7465
vn 0.1750 0.9663 0.1886
vn 0.1451 0.8083 -0.5707
vn 0.1703 0.9397 0.2965
vn 0.1610 0.8929 -0.4206
vn 0.1616 0.8919 0.4223
vn 0.1698 0.9401 -0.2956
vn 0.1458 0.8062 0.5735
vn 0.1747 0.9665 -0.1883
vn 0.1168 0.6507 0.7503
vn 0.1772 0.9799 -0.0916
vn 0.0789 0.9113 -0.4041
vn 0.0829 0.9556 -0.2828
vn 0.0792 0.9105 0.4057
vn 0.0720 0.8286 0.5552
vn 0.0850 0.9801 -0.1796
vn 0.0583 0.6755 0.7351
vn 0.0861 0.9924 -0.0873
vn 0.0337 0.4013 0.9153
vn 0.0865 0.9963 0.0000
vn 0.0335 0.4091 -0.9119
vn 0.0862 0.9924 0.0874
vn 0.0580 0.6796 -0.7313
vn 0.0852 0.9800 0.1800
vn 0.0717 0.8304 -0.5525
vn 0.0831 0.9553 0.2836
vn -0.0000 1.0000 0.0000
vn -0.0000 0.9963 0.0861
vn 0.0000 0.4149 -0.9099
vn -0.0000 0.6875 -0.7262
vn -0.0000 0.9842 0.1773
vn -0.0000 0.8374 -0.5466
vn -0.0000 0.9601 0.2795
vn -0.0000 0.9170 -0.3989
vn -0.0000 0.9163 0.4005
vn -0.0000 0.9604 -0.2787
vn -0.0000 0.8357 0.5492
vn -0.0000 0.9842 -0.1769
vn -0.0000 0.6834 0.7300
vn -0.0000 0.9963 -0.0860
vn 0.0000 0.4071 0.9134
vn -0.0721 0.8283 0.5556
vn -0.0793 0.9104 0.4061
vn -0.0851 0.9800 -0.1798
vn -0.0830 0.9555 -0.2830
vn -0.0583 0.6751 0.7354
vn -0.0863 0.9924 -0.0874
vn -0.0336 0.4010 0.9155
vn -0.0866 0.9962 0.0000
vn -0.0334 0.4088 -0.9120
vn -0.0863 0.9924 0.0875
vn -0.0580 0.6793 -0.7316
vn -0.0853 0.9799 0.1802
vn -0.0717 0.8302 -0.5529
vn -0.0832 0.9553 0.2838
vn -0.0790 0.9111 -0.4045
vn -0.1778 0.9798 0.0919
vn -0.1754 0.9662 0.1890
vn -0.1453 0.8077 -0.5714
vn -0.1163 0.6545 -0.7471
vn -0.1706 0.9395 0.2970
vn -0.1613 0.8925 -0.4213
vn -0.1619 0.8916 0.4230
vn -0.1701 0.9399 -0.2961
vn -0.1460 0.8056 0.5742
vn -0.1751 0.9663 -0.1886
vn -0.1169 0.6500 0.7509
vn -0.1776 0.9798 -0.0918
vn -0.0669 0.3828 0.9214
vn -0.1784 0.9840 0.0000
vn -0.0667 0.3907 -0.9181
vn -0.2234 0.7639 0.6055
vn -0.1758 0.6061 0.7757
vn -0.2799 0.9548 -0.0998
vn -0.2751 0.9394 -0.2044
vn -0.0994 0.3519 0.9308
vn -0.2814 0.9596 0.0000
vn -0.0991 0.3601 -0.9276
vn -0.2802 0.9547 0.0999
vn -0.1749 0.6112 -0.7719
vn -0.2757 0.9392 0.2049
vn -0.2224 0.7665 -0.6025
vn -0.2668 0.9090 0.3203
vn -0.2500 0.8571 -0.4504
vn -0.2510 0.8558 0.4523
vn -0.2660 0.9096 -0.3193
vn -0.3038 0.7002 -0.6461
vn -0.2333 0.5460 -0.8046
vn -0.3770 0.8552 0.3558
vn -0.3928 0.8905 0.2295
vn -0.3485 0.7970 -0.4933
vn -0.3499 0.7951 0.4953
vn -0.3758 0.8562 -0.3546
vn -0.3053 0.6967 0.6491
vn -0.3920 0.8910 -0.2290
vn -0.2344 0.5401 0.8083
vn -0.4006 0.9094 -0.1123
vn -0.1305 0.3076 0.9425
vn -0.4034 0.9150 0.0000
vn -0.1299 0.3164 -0.9397
vn -0.4010 0.9092 0.1125
vn -0.5482 0.8261 -0.1307
vn -0.5324 0.8041 -0.2644
vn -0.2910 0.4477 0.8455
vn -0.1588 0.2495 0.9553
vn -0.5534 0.8329 0.0000
vn -0.1583 0.2587 -0.9529
vn -0.5488 0.8256 0.1309
vn -0.2899 0.4546 -0.8422
vn -0.5336 0.8031 0.2651
vn -0.3888 0.5990 -0.7000
vn -0.5053 0.7618 0.4053
vn -0.4579 0.6983 -0.5501
vn -0.4597 0.6954 0.5524
vn -0.5037 0.7636 -0.4039
vn -0.3905 0.5943 0.7031
vn -0.6981 0.6447 0.3113
vn -0.6488 0.6011 0.4666
vn -0.5730 0.5402 -0.6163
vn -0.4717 0.4508 -0.7578
vn -0.5750 0.5357 0.6184
vn -0.6470 0.6042 -0.4652
vn -0.4733 0.4446 0.7605
vn -0.6967 0.6466 -0.3106
vn -0.3419 0.3248 0.8818
vn -0.7254 0.6705 -0.1553
vn -0.1832 0.1772 0.9670
vn -0.7351 0.6780 0.0001
vn -0.1828 0.1868 -0.9652
vn -0.7262 0.6696 0.1556
vn -0.3409 0.3328 -0.8792
vn -0.3800 0.1703 0.9092
vn -0.2014 0.0908 0.9753
vn -0.9013 0.3937 -0.1808
vn -0.9170 0.3989 0.0001
vn -0.2012 0.1008 -0.9744
vn -0.9019 0.3921 0.1811
vn -0.3794 0.1794 -0.9077
vn -0.8561 0.3731 0.3576
vn -0.5382 0.2475 -0.8057
vn -0.7798 0.3415 0.5247
vn -0.6722 0.3033 -0.6753
vn -0.6736 0.2971 0.6768
vn -0.7784 0.3461 -0.5237
vn -0.5392 0.2398 0.8073
vn -0.8550 0.3762 -0.3570
vn -0.5600 0.1290 -0.8184
vn -0.7044 0.1605 -0.6914
vn -0.7055 0.1534 0.6919
vn -0.8220 0.1802 0.5402
vn -0.8209 0.1856 -0.5401
vn -0.5609 0.1205 0.8191
vn -0.9063 0.2037 -0.3703
vn -0.3930 0.0827 0.9158
vn -0.9584 0.2144 -0.1884
vn -0.2080 0.0412 0.9773
vn -0.9761 0.2173 -0.0003
vn -0.2078 0.0515 -0.9768
vn -0.9589 0.2125 0.1878
vn -0.3924 0.0923 -0.9152
vn -0.9072 0.2000 0.3701
vn 0.9044 0.2137 -0.3693
vn 0.6946 0.6493 0.3098
vn -0.0994 0.3519 0.9307
vn -0.2757 0.9392 0.2048
vn -0.4010 0.9092 0.1124
vn -0.6982 0.6447 0.3113
vn -0.4733 0.4445 0.7605
vn -0.9019 0.3921 0.1810
vn -0.3793 0.1794 -0.9077
vn -0.6723 0.3033 -0.6753
vn -0.7044 0.1604 -0.6914
vn -0.5609 0.1206 0.8191
vn 0.7774 0.3490 0.5233
vn 0.6706 0.3100 -0.6739
vn 0.7038 0.1683 -0.6902
vn 0.6720 0.3039 0.6753
vn 0.5383 0.2455 0.8062
vn 0.8978 0.4020 -0.1801
vn 0.9567 0.2230 0.1873
vn 0.4704 0.4549 -0.7561
vn 0.3904 0.8920 -0.2281
vn 0.0667 0.3913 -0.9179
vn -0.7350 0.6780 0.0001
vn -0.9072 0.2001 0.3701
vn 0.5609 0.1269 0.8181
vn 0.3934 0.0872 0.9152
vn 0.1826 0.1888 -0.9649
vn 0.4562 0.7010 -0.5482
vn 0.3894 0.5971 0.7013
vn 0.1747 0.6123 -0.7711
vn -0.2660 0.9095 -0.3193
vn -0.3053 0.6967 0.6492
vn -0.6982 0.6447 0.3114
vn -0.2011 0.1008 -0.9744
vn -0.8209 0.1856 -0.5400
vn -0.9063 0.2038 -0.3703
vn -0.3924 0.0922 -0.9152
vn 0.2085 0.0540 -0.9765
vn 0.2749 0.9395 0.2042
vn 0.1458 0.8061 0.5735
vn 0.8208 0.1892 0.5389
vn 0.6720 0.3038 0.6754
vn 0.7049 0.1613 0.6907
vn 0.8196 0.1946 -0.5388
vn 0.3796 0.1746 0.9085
vn 0.9561 0.2249 -0.1878
vn 0.2086 0.0437 0.9770
vn 0.9737 0.2280 -0.0003
vn 0.1747 0.6123 -0.7710
vn 0.1747 0.9665 -0.1882
vn -0.3485 0.7970 -0.4932
vn -0.6981 0.6447 0.3114
vn -0.6469 0.6042 -0.4652
vn -0.3419 0.3247 0.8818
vn -0.9013 0.3936 -0.1808
vn -0.6736 0.2970 0.6768
vn -0.7784 0.3462 -0.5237
vn -0.5392 0.2397 0.8073
vn -0.8550 0.3761 -0.3570
vn -0.9589 0.2125 0.1879
vn -0.1914 0.1936 -0.9622
vn 0.0000 0.1936 -0.9811
vn 0.0000 0.0000 -1.0000
vn -0.1951 0.0000 -0.9808
vn 0.3827 0.0000 -0.9239
vn 0.3754 0.1936 -0.9064
vn 0.5451 0.1936 -0.8157
vn 0.5556 0.0000 -0.8315
vn 0.6937 0.1936 -0.6937
vn 0.7071 0.0000 -0.7071
vn 0.8157 0.1936 -0.5451
vn 0.8315 0.0000 -0.5556
vn 0.9064 0.1936 -0.3754
vn 0.9239 0.0000 -0.3827
vn 0.9622 0.1936 -0.1914
vn 0.9808 0.0000 -0.1951
vn 0.9811 0.1936 0.0000
vn 1.0000 0.0000 -0.0000
vn 0.9622 0.1936 0.1914
vn 0.9808 0.0000 0.1951
vn 0.9064 0.1936 0.3754
vn 0.9239 0.0000 0.3827
vn 0.8157 0.1936 0.5450
vn 0.8315 0.0000 0.5556
vn 0.6937 0.1936 0.6937
vn 0.7071 0.0000 0.7071
vn 0.5450 0.1936 0.8157
vn 0.5556 0.0000 0.8315
vn 0.3754 0.1936 0.9064
vn 0.3827 0.0000 0.9239
vn 0.1914 0.1936 0.9622
vn 0.1951 0.0000 0.9808
vn 0.0000 0.1936 0.9811
vn 0.0000 0.0000 1.0000
vn -0.1914 0.1936 0.9622
vn -0.1951 0.0000 0.9808
vn -0.3754 0.1936 0.9064
vn -0.3827 0.0000 0.9239
vn -0.5450 0.1936 0.8157
vn -0.5556 0.0000 0.8315
vn -0.6937 0.1936 0.6937
vn -0.7071 0.0000 0.7071
vn -0.8157 0.1936 0.5450
vn -0.8315 0.0000 0.5556
vn -0.9064 0.1936 0.3754
vn -0.9239 0.0000 0.3827
vn -0.9622 0.1936 0.1914
vn -0.9808 0.0000 0.1951
vn -0.9811 0.1936 0.0000
vn -1.0000 0.0000 -0.0000
vn -0.9622 0.1936 -0.1914
vn -0.9808 0.0000 -0.1951
vn -0.9064 0.1936 -0.3754
vn -0.9239 0.0000 -0.3827
vn -0.8157 0.1936 -0.5451
vn -0.8315 0.0000 -0.5556
vn -0.6937 0.1936 -0.6937
vn -0.7071 0.0000 -0.7071
vn -0.5451 0.1936 -0.8157
vn -0.5556 0.0000 -0.8315
vn -0.3827 0.0000 -0.9239
vn -0.3754 0.1936 -0.9064
vn 0.1951 0.0000 -0.9808
vn 0.1914 0.1936 -0.9622
vn 0.0402 0.9786 -0.2019
vn 0.0000 0.9786 -0.2059
vn -0.0402 0.9786 -0.2019
vn -0.0788 0.9786 -0.1902
vn -0.1456 0.9786 -0.1456
vn -0.1712 0.9786 -0.1144
vn -0.1902 0.9786 -0.0788
vn -0.2019 0.9786 -0.0402
vn -0.1144 0.9786 -0.1712
vn -0.1456 0.9786 0.1456
vn -0.2059 0.9786 0.0000
vn -0.2019 0.9786 0.0402
vn -0.1902 0.9786 0.0788
vn -0.1712 0.9786 0.1144
vn -0.1144 0.9786 0.1712
vn -0.0788 0.9786 0.1902
vn -0.0402 0.9786 0.2019
vn 0.0000 0.9786 0.2059
vn 0.0402 0.9786 0.2019
vn 0.0788 0.9786 0.1902
vn 0.1456 0.9786 0.1456
vn 0.1144 0.9786 0.1712
vn 0.1712 0.9786 0.1144
vn 0.1902 0.9786 0.0788
vn 0.2019 0.9786 0.0402
vn 0.2059 0.9786 -0.0000
vn 0.1712 0.9786 -0.1144
vn 0.2019 0.9786 -0.0402
vn 0.1902 0.9786 -0.0788
vn 0.1456 0.9786 -0.1456
vn 0.1144 0.9786 -0.1712
vn 0.0788 0.9786 -0.1902
vn 0.0000 0.3843 -0.9232
vn 0.1801 0.3843 -0.9055
vn 0.0000 0.9245 -0.3811
vn 0.0744 0.9245 -0.3738
vn 0.3533 0.3842 -0.8530
vn 0.1458 0.9245 -0.3521
vn 0.5129 0.3842 -0.7676
vn 0.2117 0.9245 -0.3169
vn 0.6528 0.3843 -0.6528
vn 0.2695 0.9245 -0.2695
vn 0.7676 0.3843 -0.5129
vn 0.3169 0.9245 -0.2117
vn 0.8529 0.3843 -0.3533
vn 0.3521 0.9245 -0.1459
vn 0.9055 0.3843 -0.1801
vn 0.3738 0.9245 -0.0744
vn 0.9232 0.3843 0.0000
vn 0.3811 0.9245 -0.0000
vn 0.9055 0.3843 0.1801
vn 0.3738 0.9245 0.0744
vn 0.8529 0.3843 0.3533
vn 0.3521 0.9245 0.1459
vn 0.7676 0.3843 0.5129
vn 0.3169 0.9245 0.2117
vn 0.6528 0.3843 0.6528
vn 0.2695 0.9245 0.2695
vn 0.5129 0.3842 0.7677
vn 0.2117 0.9245 0.3169
vn 0.3533 0.3842 0.8530
vn 0.1458 0.9245 0.3521
vn 0.1801 0.3843 0.9055
vn 0.0744 0.9245 0.3738
vn 0.0000 0.3843 0.9232
vn 0.0000 0.9245 0.3811
vn -0.1801 0.3843 0.9055
vn -0.0744 0.9245 0.3738
vn -0.3533 0.3843 0.8529
vn -0.1459 0.9245 0.3521
vn -0.5129 0.3843 0.7676
vn -0.2117 0.9245 0.3169
vn -0.6528 0.3843 0.6528
vn -0.2695 0.9245 0.2695
vn -0.7676 0.3843 0.5129
vn -0.3169 0.9245 0.2117
vn -0.8529 0.3843 0.3533
vn -0.3521 0.9245 0.1458
vn -0.9055 0.3843 0.1801
vn -0.3738 0.9245 0.0744
vn -0.9232 0.3843 0.0000
vn -0.3811 0.9245 0.0000
vn -0.9055 0.3843 -0.1801
vn -0.3738 0.9245 -0.0744
vn -0.8529 0.3843 -0.3533
vn -0.3521 0.9245 -0.1458
vn -0.7676 0.3843 -0.5129
vn -0.3169 0.9245 -0.2117
vn -0.6528 0.3843 -0.6528
vn -0.2695 0.9245 -0.2695
vn -0.5129 0.3842 -0.7676
vn -0.2117 0.9245 -0.3169
vn -0.3533 0.3842 -0.8530
vn -0.1458 0.9245 -0.3521
vn -0.1801 0.3843 -0.9055
vn -0.0744 0.9245 -0.3738
vn -0.9063 0.1943 0.3754
vn -0.9601 0.2041 0.1910
vn -0.9063 0.1943 -0.3754
vn -0.9601 0.2041 -0.1910
vn 0.1910 0.2041 0.9601
vn -0.1910 0.2041 0.9601
vn 0.9601 0.2041 -0.1910
vn 0.9063 0.1943 -0.3754
vn -0.1910 0.2041 -0.9601
vn -0.3754 0.1943 -0.9063
vn 0.1910 0.2041 -0.9601
vn 0.3754 0.1943 0.9063
vn 0.9601 0.2041 0.1910
vn 0.9063 0.1943 0.3754
vn 0.3754 0.1943 -0.9063
vn -0.3754 0.1943 0.9063
vn -0.1780 0.4092 0.8949
vn -0.3503 0.4026 0.8457
vn -0.8457 0.4027 0.3503
vn -0.8949 0.4092 0.1780
vn -0.3503 0.4026 -0.8457
vn -0.1780 0.4092 -0.8949
vn -0.8949 0.4092 -0.1780
vn -0.8457 0.4026 -0.3503
vn 0.1780 0.4092 0.8949
vn 0.3503 0.4026 0.8457
vn 0.8457 0.4026 0.3503
vn 0.8949 0.4092 0.1780
vn 0.1780 0.4092 -0.8949
vn 0.3503 0.4026 -0.8457
vn 0.8457 0.4026 -0.3503
vn 0.8949 0.4092 -0.1780
vn 0.0000 1.0000 -0.0000
vn 0.0001 0.3055 -0.9522
vn 0.0000 0.5643 -0.8256
vn 0.3744 0.5233 -0.7655
vn 0.3541 0.2862 -0.8903
vn -0.3744 0.5233 -0.7655
vn -0.3540 0.2862 -0.8904
vn -0.6661 0.2294 -0.7097
vn -0.6906 0.4084 -0.5969
vn -0.8970 0.1370 -0.4203
vn -0.9097 0.2350 -0.3425
vn -0.9988 0.0146 -0.0461
vn -0.9993 0.0202 -0.0304
vn -0.9319 -0.1183 0.3430
vn -0.9352 -0.2053 0.2887
vn -0.7110 -0.2349 0.6627
vn -0.7250 -0.4045 0.5574
vn -0.3849 -0.3162 0.8671
vn -0.3990 -0.5455 0.7370
vn -0.0001 -0.3463 0.9381
vn -0.0000 -0.5981 0.8014
vn 0.3848 -0.3162 0.8671
vn 0.3989 -0.5455 0.7371
vn 0.7249 -0.4045 0.5575
vn 0.7109 -0.2349 0.6629
vn 0.9318 -0.1182 0.3432
vn 0.9351 -0.2053 0.2888
vn 0.9988 0.0146 -0.0459
vn 0.9993 0.0202 -0.0302
vn 0.8970 0.1371 -0.4202
vn 0.9097 0.2350 -0.3424
vn 0.6662 0.2294 -0.7096
vn 0.6907 0.4084 -0.5968
vn 0.0000 0.8680 -0.4966
vn 0.3777 0.8038 -0.4596
vn -0.3777 0.8038 -0.4596
vn -0.6959 0.6237 -0.3559
vn -0.9146 0.3514 -0.1998
vn -0.9998 0.0171 -0.0102
vn -0.9285 -0.3247 0.1801
vn -0.7141 -0.6137 0.3368
vn -0.3904 -0.8089 0.4396
vn -0.0000 -0.8794 0.4761
vn 0.3903 -0.8089 0.4397
vn 0.7140 -0.6137 0.3369
vn 0.9285 -0.3247 0.1802
vn 0.9998 0.0171 -0.0101
vn 0.9147 0.3514 -0.1997
vn 0.6960 0.6237 -0.3559
vn 0.0000 0.9666 -0.2563
vn 0.3814 0.8936 -0.2368
vn -0.3813 0.8936 -0.2369
vn -0.7008 0.6896 -0.1826
vn -0.9180 0.3834 -0.1014
vn -0.9999 0.0117 -0.0032
vn -0.9265 -0.3640 0.0953
vn -0.7124 -0.6790 0.1772
vn -0.3897 -0.8912 0.2320
vn -0.0000 -0.9678 0.2517
vn 0.3897 -0.8912 0.2320
vn 0.7124 -0.6791 0.1773
vn 0.9265 -0.3640 0.0954
vn 0.9999 0.0117 -0.0031
vn 0.9180 0.3834 -0.1013
vn 0.7008 0.6896 -0.1825
vn 0.0000 0.9963 -0.0855
vn 0.3825 0.9206 -0.0790
vn -0.3825 0.9206 -0.0790
vn -0.7024 0.7092 -0.0609
vn -0.9191 0.3927 -0.0337
vn -1.0000 0.0095 -0.0009
vn -0.9258 -0.3767 0.0321
vn -0.7115 -0.7001 0.0596
vn -0.3892 -0.9178 0.0781
vn -0.0000 -0.9964 0.0848
vn 0.3892 -0.9178 0.0782
vn 0.7115 -0.7001 0.0597
vn 0.9258 -0.3767 0.0322
vn 1.0000 0.0095 -0.0008
vn 0.9191 0.3927 -0.0336
vn 0.7024 0.7092 -0.0608
vn 0.3824 0.9218 0.0631
vn 0.0000 0.9977 0.0683
vn -0.3824 0.9218 0.0631
vn -0.7022 0.7103 0.0485
vn -0.9190 0.3934 0.0268
vn -1.0000 0.0098 0.0006
vn -0.9258 -0.3770 -0.0256
vn -0.7116 -0.7009 -0.0474
vn -0.3893 -0.9190 -0.0620
vn -0.0000 -0.9977 -0.0673
vn 0.3893 -0.9190 -0.0620
vn 0.7116 -0.7009 -0.0474
vn 0.9258 -0.3770 -0.0255
vn 1.0000 0.0097 0.0007
vn 0.9190 0.3934 0.0269
vn 0.7022 0.7103 0.0486
vn -0.0000 0.9689 0.2475
vn 0.3810 0.8958 0.2288
vn -0.3811 0.8958 0.2287
vn -0.7004 0.6916 0.1764
vn -0.9177 0.3850 0.0979
vn -0.9999 0.0125 0.0032
vn -0.9268 -0.3643 -0.0918
vn -0.7127 -0.6804 -0.1707
vn -0.3899 -0.8933 -0.2234
vn 0.0000 -0.9702 -0.2424
vn 0.3900 -0.8933 -0.2234
vn 0.7127 -0.6804 -0.1707
vn 0.9268 -0.3643 -0.0917
vn 0.9999 0.0125 0.0033
vn 0.9177 0.3850 0.0980
vn 0.7004 0.6916 0.1764
vn -0.0000 0.8655 0.5009
vn 0.3777 0.8015 0.4636
vn -0.3777 0.8015 0.4636
vn -0.6958 0.6220 0.3591
vn -0.9144 0.3508 0.2019
vn -0.9998 0.0181 0.0107
vn -0.9291 -0.3222 -0.1816
vn -0.7152 -0.6102 -0.3407
vn -0.3913 -0.8051 -0.4457
vn 0.0000 -0.8756 -0.4831
vn 0.3914 -0.8051 -0.4457
vn 0.7152 -0.6103 -0.3406
vn 0.9291 -0.3222 -0.1815
vn 0.9998 0.0181 0.0108
vn 0.9144 0.3508 0.2020
vn 0.6958 0.6220 0.3592
vn -0.0001 0.5622 0.8270
vn 0.3751 0.5211 0.7666
vn -0.3752 0.5212 0.7666
vn -0.6916 0.4063 0.5971
vn -0.9103 0.2332 0.3419
vn -0.9994 0.0197 0.0293
vn -0.9351 -0.2028 -0.2906
vn -0.7257 -0.3971 -0.5619
vn -0.4001 -0.5331 -0.7455
vn 0.0001 -0.5835 -0.8121
vn 0.4002 -0.5331 -0.7454
vn 0.7258 -0.3971 -0.5617
vn 0.9351 -0.2028 -0.2905
vn 0.9994 0.0196 0.0295
vn 0.9103 0.2331 0.3421
vn 0.6916 0.4062 0.5972
vn 0.3578 0.2925 0.8868
vn -0.0001 0.3130 0.9498
vn -0.3579 0.2926 0.8867
vn -0.6712 0.2329 0.7037
vn -0.9003 0.1374 0.4131
vn -0.9991 0.0134 0.0405
vn -0.9310 -0.1179 -0.3456
vn -0.7111 -0.2296 -0.6646
vn -0.3855 -0.3045 -0.8710
vn 0.0001 -0.3314 -0.9435
vn 0.3857 -0.3045 -0.8709
vn 0.7112 -0.2296 -0.6644
vn 0.9310 -0.1180 -0.3454
vn 0.9991 0.0132 0.0408
vn 0.9002 0.1373 0.4133
vn 0.6711 0.2328 0.7039
vn -0.0000 0.9837 -0.1800
vn 0.0000 0.9837 0.1800
vn 0.0000 -0.0000 -1.0000
vn -1.0000 -0.0000 -0.0000
vn -0.7071 0.7071 -0.0000
vn 0.7071 0.7071 -0.0000
vn 0.0000 0.9456 0.3255
vn -0.0000 0.9456 -0.3255
vn 0.1203 -0.0000 0.9927
vn 0.1150 0.3088 0.9441
vn -0.1804 0.3102 0.9334
vn -0.1869 0.0000 0.9824
vn -0.1668 0.5964 0.7852
vn -0.1201 0.6005 0.7906
vn -0.1483 0.3228 0.9348
vn 0.7520 0.2871 -0.5933
vn 0.7568 0.2660 -0.5971
vn 0.7851 -0.0000 -0.6194
vn -0.1201 0.6005 -0.7906
vn -0.1668 0.5964 -0.7852
vn -0.1804 0.3102 -0.9334
vn -0.1483 0.3228 -0.9348
vn 0.4453 0.2898 0.8472
vn 0.4615 -0.0000 0.8871
vn 0.4453 0.2898 -0.8472
vn 0.1150 0.3088 -0.9441
vn 0.1116 0.6011 -0.7914
vn 0.4222 0.5579 -0.7145
vn 0.1116 0.6011 0.7913
vn 0.0000 0.6049 0.7963
vn 0.0000 0.1925 0.9813
vn 0.0000 0.2871 0.9579
vn -0.8270 0.3450 -0.4438
vn -0.9436 -0.0000 -0.3310
vn -0.8877 -0.0000 -0.4604
vn -0.6890 0.6429 -0.3346
vn -0.7083 0.6608 -0.2484
vn 0.6252 0.6049 -0.4932
vn -0.7083 0.6608 0.2484
vn -0.6890 0.6429 0.3346
vn -0.8270 0.3451 0.4438
vn 0.6969 0.6742 -0.2445
vn 0.8394 0.3407 -0.4235
vn 0.6668 0.6451 -0.3732
vn 0.8877 -0.0000 -0.4604
vn 0.9436 -0.0000 -0.3310
vn 0.0000 0.2871 -0.9579
vn 0.0000 0.1924 -0.9813
vn 0.0000 0.6049 -0.7963
vn 0.8394 0.3407 0.4235
vn 0.6969 0.6742 0.2445
vn 0.6668 0.6451 0.3732
vn -0.8141 -0.0000 -0.5807
vn -0.7633 0.3478 -0.5444
vn 0.2509 0.3098 0.9171
vn 0.1649 0.2392 0.9569
vn 0.1715 0.0000 0.9852
vn 0.2687 0.0000 0.9632
vn 0.5973 0.1933 -0.7784
vn 0.5351 0.5282 -0.6593
vn 0.6396 0.6188 0.4561
vn 0.7472 0.3970 0.5329
vn 0.6252 0.6049 0.4932
vn 0.7520 0.2871 0.5933
vn 0.7568 0.2660 0.5971
vn 0.4222 0.5579 0.7145
vn -0.7359 0.3485 0.5806
vn -0.6334 0.5909 0.4997
vn -0.7715 0.1855 0.6086
vn -0.7359 0.3485 -0.5806
vn -0.7715 0.1855 -0.6086
vn -0.6334 0.5909 -0.4997
vn 0.2240 0.5949 -0.7720
vn 0.1390 0.6045 -0.7844
vn 0.1815 0.3292 -0.9266
vn 0.2509 0.3097 -0.9171
vn -0.1489 0.0000 -0.9888
vn -0.1869 0.0000 -0.9824
vn 0.6396 0.6188 -0.4561
vn 0.7472 0.3970 -0.5329
vn -0.0148 0.9999 -0.0000
vn -0.0160 0.9999 0.0000
vn -0.6483 0.6049 -0.4624
vn -0.7633 0.3478 0.5444
vn -0.6483 0.6049 0.4624
vn -0.0000 0.6049 -0.7963
vn -0.0000 0.3877 -0.9218
vn 0.1325 0.6050 -0.7851
vn 0.1649 0.2392 -0.9569
vn 0.0000 0.3877 0.9218
vn 0.2240 0.5949 0.7720
vn 0.1325 0.6050 0.7851
vn -0.9436 0.0000 0.3310
vn -0.8877 0.0000 0.4604
vn 0.4275 0.9040 -0.0000
vn 0.6297 0.7768 -0.0000
vn -0.0000 0.6104 -0.7921
vn -0.0000 0.3499 -0.9368
vn 0.0000 0.6104 0.7921
vn 0.1390 0.6045 0.7844
vn 0.1815 0.3292 0.9266
vn 0.0000 0.3499 0.9368
vn 0.0024 1.0000 -0.0000
vn 0.0097 1.0000 0.0000
vn 0.1139 0.9935 -0.0000
vn 0.4615 0.0000 -0.8871
vn 0.1203 0.0000 -0.9927
vn 0.8141 0.0000 0.5807
vn 0.8877 0.0000 0.4604
vn 0.9436 0.0000 0.3310
vn -0.8031 0.5958 -0.0000
vn -0.9719 0.2353 -0.0000
vn 0.7851 0.0000 0.6194
vn -0.7851 0.0000 0.6194
vn -0.7851 0.0000 -0.6194
vn 0.1850 -0.0000 -0.9827
vn 0.5987 0.0000 -0.8010
vn -0.8141 0.0000 0.5807
vn -0.0024 1.0000 -0.0000
vn -0.1489 0.0000 0.9888
vn 0.8141 -0.0000 -0.5807
vn 0.5987 0.0000 0.8010
vn 0.5973 0.1933 0.7784
vn 0.1850 0.0000 0.9827
vn 0.2687 -0.0000 -0.9632
vn 0.1715 -0.0000 -0.9852
vn -0.0070 1.0000 -0.0000
vn -0.0000 0.0000 -1.0000
vn 0.5351 0.5282 0.6593
vn 0.0000 -1.0000 -0.0000
vn -0.2352 -0.9719 0.0056
vn -0.0685 -0.9897 -0.1255
vn 0.2752 -0.9510 -0.1408
vn -0.0000 0.0000 1.0000
vn 0.3032 -0.9481 -0.0956
vn 0.2442 -0.9697 -0.0030
vn 0.7752 -0.0019 -0.6317
vn 0.8487 -0.0033 -0.5289
vn 0.8492 -0.0033 -0.5280
vn 0.9763 -0.0021 -0.2162
vn 0.9775 -0.0021 -0.2109
vn 0.2759 0.9507 -0.1415
vn -0.0686 0.9897 -0.1257
vn -0.2376 0.9714 0.0058
vn 0.0000 1.0000 0.0000
vn 0.1461 -0.9661 -0.2130
vn -0.0077 -1.0000 -0.0004
vn -0.0090 -1.0000 0.0007
vn 0.1378 -0.9544 -0.2648
vn 0.2558 -0.9579 -0.1303
vn 0.2349 -0.9720 -0.0011
vn 0.4692 -0.0000 -0.8831
vn 0.5477 -0.0000 -0.8367
vn 0.6216 -0.0000 -0.7833
vn -0.2507 0.9681 0.0041
vn 0.0082 1.0000 0.0003
vn 0.1555 0.9639 -0.2161
vn -0.1119 0.9766 -0.1835
vn -0.1828 -0.9667 -0.1788
vn 0.0532 -0.9650 -0.2566
vn -0.0002 -1.0000 -0.0002
vn -0.2381 -0.9712 0.0000
vn 0.2316 -0.9594 -0.1608
vn 0.2713 -0.9625 -0.0061
vn 0.0273 -0.0000 -0.9996
vn 0.1832 -0.0000 -0.9831
vn 0.3346 -0.0000 -0.9423
vn 0.0002 1.0000 0.0003
vn 0.0537 0.9632 -0.2632
vn -0.1868 0.9644 -0.1870
vn -0.2489 0.9685 0.0031
vn 0.2447 0.9696 -0.0032
vn 0.3041 0.9477 -0.0967
vn -0.9999 0.0008 0.0107
vn -1.0000 -0.0026 -0.0072
vn -0.9999 0.0008 0.0109
vn 0.9998 -0.0035 -0.0172
vn 0.2425 0.9702 -0.0007
vn 0.2620 0.9561 -0.1312
vn -1.0000 -0.0034 -0.0014
vn -0.9999 -0.0066 -0.0143
vn -1.0000 -0.0022 0.0034
vn 1.0000 0.0031 -0.0010
vn 1.0000 0.0031 -0.0011
vn 0.9999 0.0040 0.0164
vn 0.2808 0.9598 -0.0032
vn 0.2370 0.9566 -0.1693
vn -1.0000 0.0013 0.0042
vn -1.0000 -0.0002 -0.0001
vn -1.0000 0.0012 0.0041
vn 1.0000 0.0004 -0.0074
vn 0.9999 0.0036 0.0120
vn 1.0000 0.0002 -0.0082
vn -0.4500 -0.8930 -0.0004
vn -0.4495 -0.8933 -0.0026
vn -0.2384 0.9413 0.2392
vn -0.1764 0.9674 0.1816
vn -0.2258 0.9742 -0.0040
vn -0.4740 0.8803 0.0186
vn 0.0000 0.9697 0.2443
vn 0.0000 0.8806 0.4738
vn 0.3589 0.8962 -0.2608
vn 0.4940 0.8664 -0.0734
vn 0.5088 0.8609 -0.0013
vn 0.5108 0.8597 -0.0052
vn 0.2695 0.9630 -0.0064
vn 0.2020 0.9614 0.1868
vn 0.2668 -0.9637 -0.0061
vn 0.5046 -0.8633 -0.0049
vn 0.5017 -0.8650 -0.0011
vn 0.1984 -0.9621 0.1873
vn 0.0000 -0.8806 0.4738
vn 0.0000 -0.9697 0.2443
vn 0.3178 -0.9112 -0.2620
vn 0.3585 -0.8965 -0.2602
vn -0.2307 0.9730 0.0012
vn -0.4565 0.8897 -0.0025
vn -0.2412 0.9380 0.2488
vn -0.1824 0.9660 0.1830
vn -0.0000 0.9697 0.2443
vn 0.4041 0.8955 -0.1866
vn 0.2446 0.8843 -0.3978
vn 0.1757 0.9649 0.1954
vn 0.2546 0.9344 0.2491
vn 0.4716 0.8818 0.0046
vn 0.2595 0.9657 -0.0081
vn 0.2564 -0.9666 -0.0077
vn 0.4668 -0.8844 0.0043
vn 0.2525 -0.9353 0.2478
vn 0.1736 -0.9653 0.1953
vn 0.2130 -0.8910 -0.4009
vn 0.2446 -0.8843 -0.3978
vn -0.2417 -0.9386 -0.2463
vn -0.4698 -0.8828 0.0032
vn -0.2416 0.9704 0.0011
vn -0.4752 0.8799 -0.0023
vn -0.2517 0.9350 0.2499
vn -0.1897 0.9644 0.1841
vn 0.3403 0.9104 -0.2354
vn 0.0792 0.8834 -0.4619
vn 0.2428 0.9367 0.2523
vn 0.4579 0.8890 0.0024
vn 0.2390 0.9710 -0.0011
vn 0.1779 0.9657 0.1890
vn 0.2419 -0.9370 0.2521
vn 0.1773 -0.9659 0.1888
vn 0.2378 -0.9713 -0.0010
vn 0.4562 -0.8899 0.0023
vn 0.0792 -0.8834 -0.4619
vn 0.3175 0.9112 -0.2625
vn -0.1914 -0.9646 0.1813
vn 0.4941 -0.8662 -0.0743
vn 0.2130 0.8910 -0.4009
vn 0.0000 -0.9693 0.2457
vn 0.4031 -0.8959 -0.1866
vn -0.2427 0.9365 -0.2531
vn -0.2528 -0.9346 0.2500
vn -0.1903 -0.9643 0.1843
vn 0.3396 -0.9123 -0.2288
vn 0.5145 -0.8575 -0.0021
vn 0.5594 -0.8289 -0.0066
vn 0.2964 -0.9550 -0.0058
vn 0.5010 -0.8655 -0.0000
vn 0.2661 -0.9640 0.0015
vn 0.5211 0.8535 -0.0050
vn 0.3035 0.9528 0.0011
vn 0.5681 0.8230 -0.0009
vn 0.2677 0.9635 0.0016
vn 0.5039 0.8638 0.0000
vn -0.4776 0.8786 -0.0008
vn -0.4710 0.8821 0.0045
vn -0.2419 0.9703 0.0037
vn -0.4676 0.8839 0.0022
vn -0.2423 0.9702 0.0006
vn -0.4770 -0.8789 -0.0022
vn -0.2428 -0.9701 0.0011
vn -0.4694 -0.8830 0.0021
vn -0.2432 -0.9700 0.0006
vn -0.4626 -0.8866 -0.0030
vn -0.2358 -0.9718 -0.0038
vn 1.0000 -0.0061 0.0004
vn 0.9999 -0.0058 0.0163
vn 1.0000 -0.0071 -0.0014
vn 1.0000 -0.0055 -0.0074
vn -1.0000 0.0047 0.0000
vn -1.0000 0.0047 -0.0000
vn -0.9999 0.0047 -0.0151
vn -1.0000 0.0038 0.0037
vn -1.0000 0.0028 0.0003
vn -1.0000 0.0028 0.0002
vn -0.0004 1.0000 0.0047
vn 0.0004 -1.0000 -0.0045
vn 0.4846 -0.8746 -0.0111
vn 0.4807 -0.8769 0.0053
vn 0.2563 -0.9666 -0.0028
vn 0.5011 -0.8654 -0.0056
vn 0.2462 -0.9692 0.0034
vn 0.4871 0.8733 -0.0116
vn 0.2586 0.9660 -0.0029
vn 0.4842 0.8750 0.0055
vn 0.2478 0.9688 0.0036
vn 0.5047 0.8632 -0.0058
vn -0.4493 0.8934 -0.0027
vn -0.4506 0.8927 -0.0004
vn -0.4554 0.8903 0.0092
vn -0.2238 0.9746 -0.0039
vn -0.4542 0.8909 0.0013
vn -0.2479 0.9687 0.0083
vn -0.4806 -0.8767 -0.0196
vn -0.4833 -0.8754 0.0024
vn -0.2424 -0.9702 0.0033
vn -0.4569 -0.8895 0.0014
vn -0.2496 -0.9683 0.0081
vn -0.4512 -0.8924 0.0076
vn -0.2247 -0.9744 -0.0031
vn 0.9998 -0.0100 -0.0165
vn 0.9999 -0.0143 -0.0044
vn 1.0000 -0.0068 0.0028
vn 1.0000 -0.0078 0.0002
vn 1.0000 -0.0078 0.0005
vn -1.0000 -0.0059 -0.0080
vn -0.9991 -0.0144 -0.0399
vn -0.9996 0.0036 0.0272
vn -0.9998 0.0097 0.0174
vn -1.0000 0.0058 0.0018
vn -1.0000 0.0057 0.0027
vn 0.4681 -0.8837 0.0010
vn 0.4650 -0.8853 -0.0084
vn 0.2386 -0.9711 -0.0046
vn 0.4647 -0.8855 0.0021
vn 0.2421 -0.9703 -0.0004
vn 0.4833 -0.8753 -0.0155
vn 0.2389 -0.9710 -0.0021
vn 0.4701 0.8826 0.0009
vn 0.2418 0.9703 -0.0042
vn 0.4674 0.8840 -0.0087
vn 0.2435 0.9699 -0.0003
vn 0.4669 0.8843 0.0022
vn 0.2403 0.9707 -0.0021
vn 0.4872 0.8731 -0.0160
vn -0.4683 0.8835 -0.0130
vn -0.4746 0.8802 -0.0067
vn -0.4891 0.8721 0.0119
vn -0.2451 0.9695 0.0056
vn -0.4726 0.8813 0.0010
vn -0.2419 0.9703 -0.0005
vn -0.4609 0.8874 0.0026
vn -0.2400 0.9708 0.0010
vn 0.9999 -0.0120 -0.0097
vn 0.9991 -0.0141 0.0403
vn 0.9998 -0.0079 -0.0191
vn 1.0000 -0.0067 0.0016
vn 1.0000 -0.0067 0.0018
vn 0.9998 -0.0025 -0.0184
vn 0.9998 -0.0026 -0.0184
vn -0.9998 0.0071 -0.0180
vn -1.0000 0.0039 -0.0022
vn -1.0000 0.0030 0.0024
vn -1.0000 0.0016 0.0038
vn -1.0000 0.0015 0.0053
vn -1.0000 0.0035 -0.0002
vn -1.0000 0.0035 0.0001
vn -0.9999 0.0023 0.0130
vn -0.9999 0.0025 0.0123
vn 0.0035 1.0000 0.0016
vn 0.0000 -1.0000 0.0000
vn -0.0033 -1.0000 -0.0015
vn -0.0042 -1.0000 -0.0031
vn -0.2752 -0.9510 -0.1408
vn 0.0685 -0.9897 -0.1255
vn 0.2352 -0.9719 0.0056
vn -0.2442 -0.9697 -0.0030
vn -0.3032 -0.9481 -0.0956
vn -0.8487 -0.0033 -0.5289
vn -0.7752 -0.0019 -0.6317
vn -0.8492 -0.0033 -0.5280
vn -0.9775 -0.0021 -0.2109
vn -0.9763 -0.0021 -0.2162
vn -0.2759 0.9507 -0.1415
vn 0.2376 0.9714 0.0058
vn 0.0686 0.9897 -0.1257
vn 0.0090 -1.0000 0.0007
vn 0.0077 -1.0000 -0.0004
vn -0.1461 -0.9661 -0.2130
vn -0.1378 -0.9544 -0.2648
vn -0.2349 -0.9720 -0.0011
vn -0.2558 -0.9579 -0.1303
vn -0.5477 -0.0000 -0.8367
vn -0.4692 -0.0000 -0.8831
vn -0.6216 -0.0000 -0.7833
vn 0.1119 0.9766 -0.1835
vn -0.1555 0.9639 -0.2161
vn -0.0082 1.0000 0.0003
vn 0.2506 0.9681 0.0041
vn 0.0002 -1.0000 -0.0002
vn -0.0532 -0.9650 -0.2566
vn 0.1828 -0.9667 -0.1788
vn 0.2381 -0.9712 0.0000
vn -0.2713 -0.9625 -0.0061
vn -0.2316 -0.9594 -0.1608
vn -0.1832 -0.0000 -0.9831
vn -0.0273 0.0000 -0.9996
vn -0.3346 -0.0000 -0.9423
vn 0.1868 0.9644 -0.1870
vn -0.0537 0.9632 -0.2632
vn -0.0002 1.0000 0.0003
vn 0.2489 0.9685 0.0031
vn -0.3041 0.9477 -0.0967
vn -0.2447 0.9696 -0.0032
vn 0.9999 0.0008 0.0109
vn 1.0000 -0.0026 -0.0072
vn 0.9999 0.0008 0.0107
vn -0.9998 -0.0035 -0.0172
vn -0.2620 0.9561 -0.1312
vn -0.2425 0.9702 -0.0007
vn 1.0000 -0.0034 -0.0014
vn 1.0000 -0.0022 0.0034
vn 0.9999 -0.0066 -0.0143
vn -1.0000 0.0031 -0.0010
vn -0.9999 0.0040 0.0164
vn -1.0000 0.0031 -0.0011
vn -0.2808 0.9598 -0.0032
vn -0.2370 0.9566 -0.1693
vn 1.0000 0.0012 0.0041
vn 1.0000 -0.0002 -0.0001
vn 1.0000 0.0013 0.0042
vn -0.9999 0.0036 0.0120
vn -1.0000 0.0004 -0.0074
vn -1.0000 0.0002 -0.0082
vn 0.4495 -0.8933 -0.0026
vn 0.4500 -0.8930 -0.0004
vn 0.2384 0.9413 0.2392
vn 0.4740 0.8803 0.0186
vn 0.2258 0.9742 -0.0040
vn 0.1764 0.9674 0.1816
vn -0.3589 0.8962 -0.2608
vn -0.4940 0.8664 -0.0734
vn -0.5108 0.8597 -0.0052
vn -0.5088 0.8609 -0.0013
vn -0.2020 0.9614 0.1868
vn -0.2695 0.9630 -0.0064
vn -0.2668 -0.9637 -0.0061
vn -0.1984 -0.9621 0.1873
vn -0.5017 -0.8650 -0.0011
vn -0.5046 -0.8633 -0.0049
vn -0.3585 -0.8965 -0.2602
vn -0.3178 -0.9112 -0.2620
vn 0.2307 0.9730 0.0012
vn 0.1824 0.9660 0.1830
vn 0.2412 0.9380 0.2488
vn 0.4565 0.8897 -0.0025
vn -0.2446 0.8843 -0.3978
vn -0.4041 0.8955 -0.1866
vn -0.4716 0.8818 0.0046
vn -0.2546 0.9344 0.2491
vn -0.1757 0.9649 0.1954
vn -0.2595 0.9657 -0.0081
vn -0.2564 -0.9666 -0.0077
vn -0.1736 -0.9653 0.1953
vn -0.2525 -0.9353 0.2478
vn -0.4668 -0.8844 0.0044
vn -0.2446 -0.8843 -0.3978
vn -0.2130 -0.8910 -0.4009
vn 0.2417 -0.9386 -0.2463
vn 0.4698 -0.8828 0.0032
vn 0.2416 0.9704 0.0011
vn 0.1897 0.9644 0.1841
vn 0.2517 0.9350 0.2499
vn 0.4752 0.8799 -0.0023
vn -0.0792 0.8834 -0.4619
vn -0.3403 0.9104 -0.2354
vn -0.2428 0.9367 0.2523
vn -0.1779 0.9657 0.1890
vn -0.2390 0.9710 -0.0011
vn -0.4579 0.8890 0.0024
vn -0.2419 -0.9370 0.2521
vn -0.4562 -0.8899 0.0023
vn -0.2378 -0.9713 -0.0010
vn -0.1773 -0.9659 0.1888
vn -0.0792 -0.8834 -0.4619
vn -0.3175 0.9112 -0.2625
vn 0.1914 -0.9646 0.1813
vn -0.4941 -0.8662 -0.0743
vn -0.2130 0.8910 -0.4009
vn -0.4031 -0.8959 -0.1866
vn 0.2427 0.9365 -0.2531
vn 0.2528 -0.9346 0.2500
vn 0.1903 -0.9643 0.1843
vn -0.3396 -0.9123 -0.2288
vn -0.5145 -0.8575 -0.0021
vn -0.2964 -0.9550 -0.0058
vn -0.5594 -0.8289 -0.0066
vn -0.2661 -0.9640 0.0015
vn -0.5010 -0.8655 -0.0000
vn -0.5211 0.8535 -0.0050
vn -0.5681 0.8230 -0.0009
vn -0.3035 0.9528 0.0011
vn -0.2677 0.9635 0.0016
vn -0.5039 0.8638 0.0000
vn 0.4776 0.8786 -0.0008
vn 0.2419 0.9703 0.0037
vn 0.4710 0.8821 0.0045
vn 0.4676 0.8839 0.0022
vn 0.2423 0.9702 0.0006
vn 0.2428 -0.9701 0.0011
vn 0.4770 -0.8789 -0.0022
vn 0.4694 -0.8830 0.0021
vn 0.2432 -0.9700 0.0006
vn 0.2358 -0.9718 -0.0038
vn 0.4626 -0.8866 -0.0030
vn -1.0000 -0.0061 0.0004
vn -0.9999 -0.0058 0.0163
vn -1.0000 -0.0071 -0.0014
vn -1.0000 -0.0055 -0.0074
vn 0.9999 0.0047 -0.0151
vn 1.0000 0.0047 -0.0000
vn 1.0000 0.0047 0.0000
vn 1.0000 0.0038 0.0037
vn 1.0000 0.0028 0.0002
vn 1.0000 0.0028 0.0003
vn 0.0004 1.0000 0.0047
vn -0.0004 -1.0000 -0.0045
vn -0.4846 -0.8747 -0.0111
vn -0.2563 -0.9666 -0.0028
vn -0.4807 -0.8769 0.0053
vn -0.2462 -0.9692 0.0034
vn -0.5011 -0.8654 -0.0056
vn -0.4871 0.8733 -0.0116
vn -0.4842 0.8750 0.0055
vn -0.2586 0.9660 -0.0029
vn -0.2478 0.9688 0.0036
vn -0.5047 0.8632 -0.0058
vn 0.4506 0.8927 -0.0004
vn 0.4493 0.8934 -0.0027
vn 0.2238 0.9746 -0.0039
vn 0.4554 0.8903 0.0092
vn 0.2479 0.9687 0.0083
vn 0.4542 0.8909 0.0013
vn 0.4806 -0.8767 -0.0196
vn 0.2424 -0.9702 0.0033
vn 0.4833 -0.8754 0.0024
vn 0.2496 -0.9683 0.0081
vn 0.4569 -0.8895 0.0014
vn 0.4512 -0.8924 0.0076
vn 0.2247 -0.9744 -0.0031
vn -0.9998 -0.0100 -0.0165
vn -0.9999 -0.0143 -0.0044
vn -1.0000 -0.0068 0.0028
vn -1.0000 -0.0078 0.0005
vn -1.0000 -0.0078 0.0002
vn 0.9996 0.0036 0.0272
vn 0.9991 -0.0144 -0.0399
vn 1.0000 -0.0059 -0.0080
vn 0.9998 0.0097 0.0174
vn 1.0000 0.0058 0.0018
vn 1.0000 0.0057 0.0027
vn -0.4681 -0.8837 0.0010
vn -0.2386 -0.9711 -0.0046
vn -0.4650 -0.8853 -0.0084
vn -0.2421 -0.9703 -0.0004
vn -0.4647 -0.8855 0.0021
vn -0.4833 -0.8753 -0.0155
vn -0.2389 -0.9710 -0.0021
vn -0.4701 0.8826 0.0009
vn -0.4674 0.8840 -0.0087
vn -0.2418 0.9703 -0.0042
vn -0.4669 0.8843 0.0022
vn -0.2435 0.9699 -0.0003
vn -0.4872 0.8731 -0.0160
vn -0.2403 0.9707 -0.0021
vn 0.4746 0.8802 -0.0067
vn 0.4683 0.8835 -0.0130
vn 0.2451 0.9695 0.0056
vn 0.4891 0.8721 0.0119
vn 0.2419 0.9703 -0.0005
vn 0.4726 0.8813 0.0010
vn 0.2400 0.9708 0.0010
vn 0.4609 0.8874 0.0026
vn -0.9991 -0.0141 0.0403
vn -0.9999 -0.0120 -0.0097
vn -0.9998 -0.0079 -0.0191
vn -1.0000 -0.0067 0.0018
vn -1.0000 -0.0067 0.0016
vn -0.9998 -0.0026 -0.0184
vn -0.9998 -0.0025 -0.0184
vn 0.9998 0.0071 -0.0180
vn 1.0000 0.0030 0.0024
vn 1.0000 0.0039 -0.0022
vn 1.0000 0.0016 0.0038
vn 1.0000 0.0015 0.0053
vn 1.0000 0.0035 -0.0002
vn 1.0000 0.0035 0.0001
vn 0.9999 0.0025 0.0123
vn 0.9999 0.0023 0.0130
vn -0.0035 1.0000 0.0016
vn 0.0033 -1.0000 -0.0015
vn 0.0042 -1.0000 -0.0031
vn 0.4274 0.9040 -0.0000
vn 0.6396 0.6188 -0.4562
vn -0.0000 -0.5643 -0.8256
vn -0.3744 -0.5233 -0.7655
vn -0.3541 -0.2862 -0.8903
vn -0.0001 -0.3055 -0.9522
vn 0.3540 -0.2862 -0.8904
vn 0.3744 -0.5233 -0.7655
vn 0.6661 -0.2294 -0.7097
vn 0.6906 -0.4084 -0.5969
vn 0.8970 -0.1370 -0.4203
vn 0.9097 -0.2350 -0.3425
vn 0.9988 -0.0146 -0.0461
vn 0.9993 -0.0202 -0.0304
vn 0.9319 0.1183 0.3430
vn 0.9352 0.2053 0.2887
vn 0.7110 0.2349 0.6627
vn 0.7250 0.4045 0.5574
vn 0.3849 0.3162 0.8671
vn 0.3990 0.5455 0.7370
vn 0.0001 0.3463 0.9381
vn 0.0001 0.5981 0.8014
vn -0.3989 0.5455 0.7371
vn -0.3848 0.3162 0.8671
vn -0.7110 0.2349 0.6628
vn -0.7249 0.4045 0.5575
vn -0.9318 0.1182 0.3432
vn -0.9351 0.2053 0.2888
vn -0.9988 -0.0146 -0.0459
vn -0.9993 -0.0202 -0.0302
vn -0.8970 -0.1371 -0.4201
vn -0.9097 -0.2350 -0.3424
vn -0.6662 -0.2294 -0.7096
vn -0.6907 -0.4084 -0.5968
vn -0.3777 -0.8038 -0.4596
vn -0.0000 -0.8680 -0.4966
vn 0.3777 -0.8038 -0.4596
vn 0.6959 -0.6237 -0.3559
vn 0.9147 -0.3514 -0.1998
vn 0.9998 -0.0171 -0.0102
vn 0.9285 0.3247 0.1801
vn 0.7141 0.6137 0.3368
vn 0.3904 0.8089 0.4396
vn 0.0000 0.8794 0.4761
vn -0.3903 0.8089 0.4397
vn -0.7140 0.6137 0.3369
vn -0.9285 0.3247 0.1802
vn -0.9998 -0.0171 -0.0101
vn -0.9147 -0.3514 -0.1997
vn -0.6960 -0.6237 -0.3559
vn -0.3814 -0.8936 -0.2368
vn -0.0000 -0.9666 -0.2563
vn 0.3813 -0.8936 -0.2369
vn 0.7008 -0.6896 -0.1826
vn 0.9180 -0.3834 -0.1014
vn 0.9999 -0.0117 -0.0032
vn 0.9265 0.3640 0.0953
vn 0.7124 0.6790 0.1772
vn 0.3897 0.8912 0.2320
vn 0.0000 0.9678 0.2517
vn -0.3897 0.8912 0.2320
vn -0.7124 0.6791 0.1773
vn -0.9265 0.3640 0.0954
vn -0.9999 -0.0117 -0.0031
vn -0.9180 -0.3834 -0.1013
vn -0.7008 -0.6896 -0.1825
vn -0.0000 -0.9963 -0.0855
vn -0.3825 -0.9206 -0.0790
vn 0.3825 -0.9206 -0.0790
vn 0.7024 -0.7092 -0.0609
vn 0.9191 -0.3927 -0.0337
vn 1.0000 -0.0095 -0.0009
vn 0.9258 0.3767 0.0321
vn 0.7116 0.7001 0.0596
vn 0.3892 0.9178 0.0781
vn 0.0000 0.9964 0.0848
vn -0.3892 0.9178 0.0782
vn -0.7115 0.7001 0.0597
vn -0.9258 0.3767 0.0322
vn -1.0000 -0.0095 -0.0008
vn -0.9191 -0.3927 -0.0336
vn -0.7024 -0.7092 -0.0608
vn -0.0000 -0.9977 0.0683
vn -0.3824 -0.9218 0.0631
vn 0.3824 -0.9218 0.0631
vn 0.7022 -0.7103 0.0485
vn 0.9190 -0.3934 0.0268
vn 1.0000 -0.0098 0.0006
vn 0.9258 0.3770 -0.0256
vn 0.7117 0.7009 -0.0474
vn 0.3893 0.9190 -0.0620
vn 0.0000 0.9977 -0.0673
vn -0.3893 0.9190 -0.0620
vn -0.7116 0.7009 -0.0474
vn -0.9258 0.3770 -0.0255
vn -1.0000 -0.0097 0.0007
vn -0.9190 -0.3934 0.0269
vn -0.7022 -0.7103 0.0486
vn 0.0000 -0.9689 0.2475
vn -0.3811 -0.8958 0.2288
vn 0.3811 -0.8958 0.2287
vn 0.7004 -0.6916 0.1764
vn 0.9177 -0.3850 0.0979
vn 0.9999 -0.0125 0.0032
vn 0.9268 0.3643 -0.0918
vn 0.7127 0.6804 -0.1707
vn 0.3900 0.8933 -0.2235
vn -0.0000 0.9702 -0.2424
vn -0.3900 0.8933 -0.2234
vn -0.7127 0.6804 -0.1707
vn -0.9268 0.3643 -0.0917
vn -0.9999 -0.0125 0.0033
vn -0.9177 -0.3850 0.0980
vn -0.7004 -0.6916 0.1764
vn 0.0000 -0.8655 0.5009
vn -0.3777 -0.8015 0.4636
vn 0.3777 -0.8015 0.4636
vn 0.6958 -0.6220 0.3591
vn 0.9144 -0.3508 0.2019
vn 0.9998 -0.0181 0.0107
vn 0.9291 0.3222 -0.1816
vn 0.7152 0.6102 -0.3407
vn 0.3914 0.8051 -0.4457
vn -0.0000 0.8756 -0.4831
vn -0.3914 0.8051 -0.4457
vn -0.7152 0.6103 -0.3406
vn -0.9291 0.3222 -0.1815
vn -0.9998 -0.0181 0.0108
vn -0.9144 -0.3508 0.2020
vn -0.6958 -0.6220 0.3592
vn -0.3751 -0.5211 0.7666
vn 0.0001 -0.5622 0.8270
vn 0.3752 -0.5212 0.7666
vn 0.6916 -0.4063 0.5971
vn 0.9103 -0.2332 0.3419
vn 0.9994 -0.0197 0.0293
vn 0.9351 0.2028 -0.2906
vn 0.7257 0.3971 -0.5619
vn 0.4001 0.5331 -0.7455
vn -0.0001 0.5835 -0.8121
vn -0.4002 0.5331 -0.7454
vn -0.7258 0.3971 -0.5617
vn -0.9351 0.2028 -0.2905
vn -0.9994 -0.0196 0.0295
vn -0.9103 -0.2331 0.3421
vn -0.6916 -0.4063 0.5972
vn -0.3578 -0.2925 0.8868
vn 0.0001 -0.3130 0.9498
vn 0.3579 -0.2926 0.8867
vn 0.6712 -0.2329 0.7037
vn 0.9003 -0.1374 0.4131
vn 0.9991 -0.0134 0.0405
vn 0.9310 0.1179 -0.3456
vn 0.7111 0.2295 -0.6646
vn 0.3855 0.3044 -0.8710
vn -0.0001 0.3314 -0.9435
vn -0.3857 0.3045 -0.8709
vn -0.7112 0.2296 -0.6644
vn -0.9310 0.1180 -0.3454
vn -0.9991 -0.0132 0.0408
vn -0.9002 -0.1373 0.4133
vn -0.6711 -0.2328 0.7039
vn 0.0000 -0.9837 0.1800
vn 0.0000 -0.9837 -0.1800
vn 0.7071 -0.7071 -0.0000
vn -0.7071 -0.7071 -0.0000
vn 0.0000 -0.9456 0.3255
vn 0.0000 -0.9456 -0.3255
vn 0.0000 -0.0000 1.0000
vn -0.8531 -0.3811 0.3564
vn -0.7774 -0.3490 0.5232
vn -0.8208 -0.1893 0.5389
vn -0.9054 -0.2100 0.3690
vn -0.6706 -0.3100 -0.6739
vn -0.7038 -0.1684 -0.6902
vn -0.5599 -0.1354 -0.8174
vn -0.5372 -0.2532 -0.8045
vn -0.7049 -0.1613 0.6907
vn -0.6720 -0.3038 0.6753
vn -0.8196 -0.1947 -0.5388
vn -0.7760 -0.3537 -0.5222
vn -0.5383 -0.2454 0.8062
vn -0.5609 -0.1269 0.8181
vn -0.8519 -0.3842 -0.3558
vn -0.9044 -0.2136 -0.3693
vn -0.3796 -0.1745 0.9085
vn -0.3934 -0.0873 0.9152
vn -0.8978 -0.4020 -0.1801
vn -0.9561 -0.2248 -0.1878
vn -0.2012 -0.0931 0.9751
vn -0.2087 -0.0437 0.9770
vn -0.9133 -0.4073 0.0001
vn -0.9737 -0.2279 -0.0003
vn -0.2084 -0.0540 -0.9765
vn -0.0001 -0.1834 -0.9830
vn -0.2010 -0.1031 -0.9742
vn -0.0002 -0.1735 0.9848
vn -0.8984 -0.4004 0.1804
vn -0.9567 -0.2229 0.1873
vn -0.3789 -0.1836 -0.9070
vn -0.3928 -0.0968 -0.9145
vn -0.3414 -0.3281 0.8808
vn -0.1830 -0.1792 0.9666
vn -0.7215 -0.6750 -0.1545
vn -0.7309 -0.6824 0.0001
vn -0.1826 -0.1888 -0.9649
vn -0.7222 -0.6741 0.1547
vn -0.3403 -0.3362 -0.8782
vn -0.6946 -0.6492 0.3098
vn -0.4704 -0.4549 -0.7561
vn -0.6459 -0.6057 0.4646
vn -0.5710 -0.5447 -0.6142
vn -0.5729 -0.5402 0.6164
vn -0.6441 -0.6088 -0.4632
vn -0.4721 -0.4487 0.7588
vn -0.6932 -0.6511 -0.3091
vn -0.3878 -0.6017 -0.6983
vn -0.4562 -0.7009 -0.5482
vn -0.5031 -0.7642 0.4036
vn -0.4580 -0.6980 0.5505
vn -0.5015 -0.7660 -0.4022
vn -0.3894 -0.5971 0.7013
vn -0.5298 -0.8062 -0.2632
vn -0.2905 -0.4502 0.8444
vn -0.5454 -0.8280 -0.1300
vn -0.1586 -0.2511 0.9549
vn -0.5505 -0.8348 0.0000
vn -0.1581 -0.2603 -0.9525
vn -0.5460 -0.8276 0.1302
vn -0.2894 -0.4571 -0.8410
vn -0.5310 -0.8052 0.2638
vn -0.3989 -0.9102 -0.1118
vn -0.4017 -0.9158 0.0000
vn -0.1297 -0.3176 -0.9393
vn -0.1303 -0.3088 0.9422
vn -0.3993 -0.9099 0.1120
vn -0.2330 -0.5478 -0.8035
vn -0.3912 -0.8914 0.2286
vn -0.3031 -0.7019 -0.6446
vn -0.3756 -0.8563 0.3545
vn -0.3474 -0.7985 -0.4917
vn -0.3488 -0.7966 0.4938
vn -0.3744 -0.8573 -0.3533
vn -0.3045 -0.6984 0.6476
vn -0.3904 -0.8920 -0.2281
vn -0.2340 -0.5419 0.8072
vn -0.2504 -0.8566 0.4512
vn -0.2661 -0.9095 0.3194
vn -0.2653 -0.9101 -0.3184
vn -0.2494 -0.8578 -0.4493
vn -0.2230 -0.7649 0.6043
vn -0.2743 -0.9398 -0.2038
vn -0.1755 -0.6073 0.7748
vn -0.2790 -0.9551 -0.0995
vn -0.0993 -0.3528 0.9304
vn -0.2806 -0.9598 0.0000
vn -0.0989 -0.3610 -0.9273
vn -0.2793 -0.9550 0.0996
vn -0.1747 -0.6123 -0.7710
vn -0.2749 -0.9395 0.2043
vn -0.2219 -0.7675 -0.6014
vn -0.0667 -0.3913 -0.9178
vn -0.0669 -0.3834 0.9212
vn -0.1774 -0.9799 0.0918
vn -0.1780 -0.9840 0.0000
vn -0.1162 -0.6552 -0.7465
vn -0.1750 -0.9663 0.1886
vn -0.1451 -0.8083 -0.5707
vn -0.1703 -0.9397 0.2965
vn -0.1610 -0.8929 -0.4206
vn -0.1616 -0.8919 0.4223
vn -0.1698 -0.9401 -0.2956
vn -0.1458 -0.8061 0.5735
vn -0.1747 -0.9665 -0.1883
vn -0.1168 -0.6507 0.7503
vn -0.1772 -0.9799 -0.0916
vn -0.0829 -0.9556 -0.2828
vn -0.0789 -0.9113 -0.4041
vn -0.0720 -0.8286 0.5552
vn -0.0792 -0.9105 0.4057
vn -0.0850 -0.9801 -0.1796
vn -0.0583 -0.6755 0.7351
vn -0.0861 -0.9924 -0.0873
vn -0.0337 -0.4013 0.9153
vn -0.0865 -0.9963 0.0000
vn -0.0335 -0.4091 -0.9119
vn -0.0862 -0.9924 0.0874
vn -0.0580 -0.6796 -0.7312
vn -0.0852 -0.9800 0.1800
vn -0.0717 -0.8304 -0.5525
vn -0.0831 -0.9553 0.2836
vn 0.0000 -0.9963 0.0861
vn -0.0000 -0.4148 -0.9099
vn 0.0000 -0.6875 -0.7262
vn 0.0000 -0.9842 0.1773
vn 0.0000 -0.8374 -0.5466
vn 0.0000 -0.9601 0.2795
vn 0.0000 -0.9170 -0.3989
vn 0.0000 -0.9163 0.4004
vn 0.0000 -0.9604 -0.2787
vn 0.0000 -0.8357 0.5492
vn 0.0000 -0.9842 -0.1769
vn -0.0000 -0.6834 0.7300
vn 0.0000 -0.9963 -0.0860
vn -0.0001 -0.4071 0.9134
vn 0.0793 -0.9104 0.4061
vn 0.0721 -0.8283 0.5556
vn 0.0830 -0.9555 -0.2830
vn 0.0851 -0.9800 -0.1798
vn 0.0583 -0.6751 0.7354
vn 0.0863 -0.9924 -0.0874
vn 0.0336 -0.4010 0.9155
vn 0.0866 -0.9962 0.0000
vn 0.0334 -0.4088 -0.9120
vn 0.0863 -0.9924 0.0875
vn 0.0581 -0.6793 -0.7316
vn 0.0853 -0.9799 0.1802
vn 0.0717 -0.8302 -0.5529
vn 0.0832 -0.9553 0.2838
vn 0.0790 -0.9111 -0.4045
vn 0.1754 -0.9662 0.1890
vn 0.1778 -0.9798 0.0919
vn 0.1163 -0.6545 -0.7471
vn 0.1453 -0.8077 -0.5714
vn 0.1706 -0.9395 0.2970
vn 0.1613 -0.8925 -0.4213
vn 0.1619 -0.8916 0.4230
vn 0.1701 -0.9399 -0.2961
vn 0.1460 -0.8056 0.5742
vn 0.1751 -0.9663 -0.1886
vn 0.1169 -0.6500 0.7509
vn 0.1776 -0.9798 -0.0918
vn 0.0670 -0.3828 0.9214
vn 0.1784 -0.9840 0.0000
vn 0.0667 -0.3907 -0.9181
vn 0.2234 -0.7638 0.6055
vn 0.1758 -0.6061 0.7757
vn 0.2799 -0.9548 -0.0998
vn 0.2751 -0.9394 -0.2044
vn 0.0993 -0.3519 0.9308
vn 0.2814 -0.9596 0.0000
vn 0.0991 -0.3601 -0.9276
vn 0.2802 -0.9547 0.0999
vn 0.1749 -0.6112 -0.7719
vn 0.2757 -0.9392 0.2049
vn 0.2224 -0.7665 -0.6025
vn 0.2668 -0.9090 0.3203
vn 0.2500 -0.8571 -0.4504
vn 0.2510 -0.8558 0.4523
vn 0.2660 -0.9096 -0.3193
vn 0.2333 -0.5460 -0.8046
vn 0.3038 -0.7002 -0.6461
vn 0.3928 -0.8905 0.2295
vn 0.3770 -0.8552 0.3558
vn 0.3485 -0.7970 -0.4933
vn 0.3499 -0.7951 0.4953
vn 0.3758 -0.8562 -0.3546
vn 0.3053 -0.6967 0.6491
vn 0.3920 -0.8910 -0.2290
vn 0.2344 -0.5401 0.8083
vn 0.4006 -0.9094 -0.1123
vn 0.1304 -0.3076 0.9425
vn 0.4034 -0.9150 0.0000
vn 0.1299 -0.3164 -0.9397
vn 0.4010 -0.9092 0.1125
vn 0.5482 -0.8261 -0.1307
vn 0.5324 -0.8041 -0.2644
vn 0.1588 -0.2495 0.9553
vn 0.2910 -0.4477 0.8455
vn 0.5534 -0.8329 0.0000
vn 0.1583 -0.2587 -0.9529
vn 0.5488 -0.8256 0.1309
vn 0.2899 -0.4546 -0.8422
vn 0.5336 -0.8031 0.2651
vn 0.3888 -0.5990 -0.7000
vn 0.5053 -0.7618 0.4053
vn 0.4579 -0.6983 -0.5501
vn 0.4597 -0.6954 0.5524
vn 0.5037 -0.7636 -0.4039
vn 0.3905 -0.5943 0.7031
vn 0.6488 -0.6011 0.4666
vn 0.6981 -0.6447 0.3113
vn 0.5730 -0.5402 -0.6163
vn 0.4717 -0.4508 -0.7578
vn 0.5750 -0.5357 0.6184
vn 0.6469 -0.6042 -0.4652
vn 0.4733 -0.4445 0.7605
vn 0.6967 -0.6466 -0.3106
vn 0.3419 -0.3248 0.8818
vn 0.7254 -0.6705 -0.1553
vn 0.1832 -0.1772 0.9670
vn 0.7350 -0.6780 0.0001
vn 0.1828 -0.1868 -0.9652
vn 0.7262 -0.6696 0.1556
vn 0.3409 -0.3328 -0.8792
vn 0.2014 -0.0907 0.9753
vn 0.3800 -0.1703 0.9092
vn 0.9170 -0.3990 0.0001
vn 0.9013 -0.3937 -0.1808
vn 0.2011 -0.1008 -0.9744
vn 0.9019 -0.3921 0.1811
vn 0.3794 -0.1794 -0.9077
vn 0.8561 -0.3731 0.3576
vn 0.5382 -0.2475 -0.8057
vn 0.7798 -0.3415 0.5247
vn 0.6722 -0.3033 -0.6753
vn 0.6736 -0.2971 0.6768
vn 0.7784 -0.3461 -0.5237
vn 0.5392 -0.2398 0.8073
vn 0.8550 -0.3762 -0.3570
vn 0.7044 -0.1605 -0.6914
vn 0.5600 -0.1290 -0.8184
vn 0.7055 -0.1534 0.6919
vn 0.8220 -0.1801 0.5402
vn 0.8209 -0.1856 -0.5401
vn 0.5609 -0.1206 0.8191
vn 0.9063 -0.2037 -0.3703
vn 0.3930 -0.0827 0.9158
vn 0.9584 -0.2144 -0.1884
vn 0.2081 -0.0412 0.9772
vn 0.9761 -0.2174 -0.0003
vn 0.2078 -0.0515 -0.9768
vn 0.9589 -0.2125 0.1878
vn 0.3924 -0.0923 -0.9152
vn 0.9072 -0.2000 0.3701
vn -0.6706 -0.3101 -0.6739
vn -0.7049 -0.1614 0.6907
vn -0.6720 -0.3039 0.6753
vn -0.5383 -0.2455 0.8062
vn -0.5609 -0.1270 0.8181
vn -0.3796 -0.1746 0.9085
vn -0.2085 -0.0540 -0.9765
vn -0.2010 -0.1031 -0.9741
vn -0.3928 -0.0969 -0.9145
vn -0.1827 -0.1888 -0.9649
vn -0.3894 -0.5970 0.7013
vn -0.2905 -0.4502 0.8443
vn -0.5454 -0.8281 -0.1300
vn -0.5310 -0.8053 0.2638
vn -0.3045 -0.6985 0.6476
vn -0.3904 -0.8919 -0.2281
vn -0.2494 -0.8579 -0.4493
vn -0.1756 -0.6073 0.7748
vn -0.0990 -0.3610 -0.9273
vn -0.0000 -0.4149 -0.9099
vn 0.0000 -0.9163 0.4005
vn 0.0580 -0.6793 -0.7316
vn 0.2234 -0.7639 0.6055
vn 0.6981 -0.6447 0.3114
vn 0.7351 -0.6780 0.0001
vn 0.2014 -0.0908 0.9753
vn 0.9170 -0.3989 0.0001
vn 0.2012 -0.1008 -0.9744
vn 0.5392 -0.2397 0.8073
vn 0.8550 -0.3761 -0.3570
vn 0.7044 -0.1604 -0.6914
vn 0.8220 -0.1802 0.5402
vn 0.5609 -0.1205 0.8191
vn 0.2080 -0.0412 0.9773
vn 0.9761 -0.2173 -0.0003
vn 0.2078 -0.0514 -0.9768
vn 0.3924 -0.0922 -0.9152
vn -0.7774 -0.3491 0.5232
vn -0.9044 -0.2137 -0.3693
vn -0.9567 -0.2230 0.1873
vn -0.3414 -0.3282 0.8808
vn -0.4704 -0.4550 -0.7561
vn -0.3878 -0.6017 -0.6982
vn -0.1298 -0.3176 -0.9393
vn -0.1747 -0.6124 -0.7710
vn -0.0670 -0.3834 0.9212
vn -0.1747 -0.9665 -0.1882
vn -0.0336 -0.4013 0.9153
vn -0.0580 -0.6796 -0.7313
vn 0.0669 -0.3828 0.9214
vn 0.0994 -0.3519 0.9308
vn 0.2660 -0.9095 -0.3193
vn 0.3053 -0.6967 0.6492
vn 0.1305 -0.3076 0.9425
vn 0.6470 -0.6042 -0.4652
vn 0.4733 -0.4446 0.7605
vn 0.3793 -0.1794 -0.9077
vn 0.6723 -0.3033 -0.6753
vn 0.6736 -0.2970 0.6768
vn 0.9063 -0.2038 -0.3703
vn 0.9072 -0.2001 0.3701
vn -0.7038 -0.1683 -0.6902
vn -0.5600 -0.1354 -0.8174
vn -0.1304 -0.3088 0.9421
vn -0.0992 -0.3528 0.9304
vn -0.2749 -0.9395 0.2042
vn -0.1458 -0.8062 0.5735
vn 0.7262 -0.6697 0.1556
vn 0.9013 -0.3936 -0.1808
vn 0.9019 -0.3921 0.1810
vn 0.7784 -0.3462 -0.5237
vn -0.8978 -0.4019 -0.1801
vn -0.1827 -0.1887 -0.9649
vn -0.3895 -0.5970 0.7013
vn 0.0994 -0.3519 0.9307
vn 0.4010 -0.9092 0.1124
vn -0.6946 -0.6493 0.3098
vn 0.3419 -0.3247 0.8818
vn -0.1869 -0.0000 -0.9824
vn 0.1150 -0.3088 -0.9441
vn -0.1804 -0.3102 -0.9334
vn -0.1668 -0.5964 -0.7852
vn -0.1201 -0.6005 -0.7906
vn -0.1483 -0.3228 -0.9348
vn 0.7520 -0.2871 0.5933
vn 0.7568 -0.2660 0.5971
vn -0.1804 -0.3102 0.9334
vn -0.1483 -0.3228 0.9348
vn -0.1201 -0.6005 0.7906
vn -0.1668 -0.5964 0.7852
vn 0.4453 -0.2898 -0.8472
vn 0.4453 -0.2898 0.8472
vn 0.1150 -0.3088 0.9441
vn 0.1116 -0.6011 0.7914
vn 0.4222 -0.5579 0.7145
vn 0.1116 -0.6011 -0.7913
vn 0.0000 -0.6049 -0.7963
vn 0.0000 -0.1925 -0.9813
vn 0.0000 -0.2871 -0.9579
vn -0.8270 -0.3450 0.4438
vn -0.7083 -0.6608 0.2484
vn -0.6890 -0.6429 0.3346
vn 0.6252 -0.6049 0.4932
vn -0.8270 -0.3451 -0.4438
vn -0.7083 -0.6608 -0.2484
vn -0.6890 -0.6429 -0.3346
vn 0.6668 -0.6451 0.3732
vn 0.6969 -0.6742 0.2445
vn 0.8394 -0.3407 0.4235
vn 0.0000 -0.6049 0.7963
vn 0.0000 -0.2871 0.9579
vn 0.0000 -0.1924 0.9813
vn 0.6668 -0.6451 -0.3732
vn 0.8394 -0.3407 -0.4235
vn 0.6969 -0.6742 -0.2445
vn -0.7633 -0.3478 0.5444
vn 0.2509 -0.3098 -0.9171
vn 0.1649 -0.2392 -0.9569
vn 0.5351 -0.5282 0.6593
vn 0.5973 -0.1933 0.7784
vn 0.7472 -0.3970 -0.5329
vn 0.6396 -0.6188 -0.4561
vn 0.6252 -0.6049 -0.4932
vn 0.7520 -0.2871 -0.5933
vn 0.7568 -0.2660 -0.5971
vn 0.4222 -0.5579 -0.7145
vn -0.7715 -0.1855 -0.6086
vn -0.7359 -0.3485 -0.5806
vn -0.6334 -0.5909 -0.4997
vn -0.7359 -0.3485 0.5806
vn -0.7715 -0.1855 0.6086
vn -0.6334 -0.5909 0.4997
vn 0.1815 -0.3292 0.9266
vn 0.2509 -0.3097 0.9171
vn 0.2240 -0.5949 0.7720
vn 0.1390 -0.6045 0.7844
vn 0.6396 -0.6188 0.4562
vn 0.7472 -0.3970 0.5329
vn -0.0160 -0.9999 -0.0000
vn -0.0148 -0.9999 -0.0000
vn -0.6483 -0.6049 0.4624
vn -0.6483 -0.6049 -0.4624
vn -0.7633 -0.3478 -0.5444
vn -0.0000 -0.3877 0.9218
vn -0.0000 -0.6049 0.7963
vn 0.1649 -0.2392 0.9569
vn 0.1325 -0.6050 0.7851
vn 0.0000 -0.3877 -0.9218
vn 0.2240 -0.5949 -0.7720
vn 0.1325 -0.6050 -0.7851
vn -0.9436 0.0000 -0.3310
vn 0.4274 -0.9040 -0.0000
vn 0.6297 -0.7768 -0.0000
vn -0.0000 -0.6104 0.7921
vn -0.0000 -0.3499 0.9368
vn 0.0000 -0.6104 -0.7921
vn 0.1390 -0.6045 -0.7844
vn 0.1815 -0.3292 -0.9266
vn 0.0000 -0.3499 -0.9368
vn 0.0024 -1.0000 -0.0000
vn 0.0097 -1.0000 0.0000
vn 0.1139 -0.9935 0.0000
vn 0.1203 0.0000 0.9927
vn 0.4615 0.0000 0.8871
vn 0.8141 0.0000 -0.5807
vn -0.9719 -0.2353 -0.0000
vn -0.8031 -0.5958 -0.0000
vn -0.7851 -0.0000 -0.6194
vn -0.0024 -1.0000 -0.0000
vn -0.1489 -0.0000 -0.9888
vn 0.5973 -0.1933 -0.7784
vn -0.0070 -1.0000 -0.0000
vn 0.5351 -0.5282 -0.6593
vn 0.4275 -0.9040 -0.0000
vn 0.6396 -0.6188 0.4561
vn 0.1914 -0.1936 -0.9622
vn 0.0000 -0.1936 -0.9811
vn -0.5451 -0.1936 -0.8157
vn -0.3754 -0.1936 -0.9064
vn -0.6937 -0.1936 -0.6937
vn -0.8157 -0.1936 -0.5451
vn -0.9064 -0.1936 -0.3754
vn -0.9622 -0.1936 -0.1914
vn -0.9811 -0.1936 0.0000
vn -0.9622 -0.1936 0.1914
vn -0.9064 -0.1936 0.3754
vn -0.8157 -0.1936 0.5451
vn -0.6937 -0.1936 0.6937
vn -0.5450 -0.1936 0.8157
vn -0.3754 -0.1936 0.9064
vn -0.1914 -0.1936 0.9622
vn 0.0000 -0.1936 0.9811
vn 0.1914 -0.1936 0.9622
vn 0.3754 -0.1936 0.9064
vn 0.5451 -0.1936 0.8157
vn 0.6937 -0.1936 0.6937
vn 0.8157 -0.1936 0.5451
vn 0.9064 -0.1936 0.3754
vn 0.9622 -0.1936 0.1914
vn 0.9811 -0.1936 0.0000
vn 0.9622 -0.1936 -0.1914
vn 0.9064 -0.1936 -0.3754
vn 0.8157 -0.1936 -0.5451
vn 0.6937 -0.1936 -0.6937
vn 0.5451 -0.1936 -0.8157
vn 0.3754 -0.1936 -0.9064
vn -0.1914 -0.1936 -0.9622
vn -0.0000 -0.9786 -0.2059
vn 0.0402 -0.9786 -0.2019
vn 0.0788 -0.9786 -0.1902
vn 0.1144 -0.9786 -0.1712
vn 0.1456 -0.9786 -0.1456
vn 0.1712 -0.9786 -0.1144
vn 0.1902 -0.9786 -0.0788
vn 0.2019 -0.9786 -0.0402
vn 0.2059 -0.9786 0.0000
vn 0.2019 -0.9786 0.0402
vn 0.1902 -0.9786 0.0788
vn 0.1712 -0.9786 0.1144
vn 0.1456 -0.9786 0.1456
vn 0.1144 -0.9786 0.1712
vn 0.0788 -0.9786 0.1902
vn 0.0402 -0.9786 0.2019
vn -0.0000 -0.9786 0.2059
vn -0.0402 -0.9786 0.2019
vn -0.0788 -0.9786 0.1902
vn -0.1144 -0.9786 0.1712
vn -0.1456 -0.9786 0.1456
vn -0.1712 -0.9786 0.1144
vn -0.0402 -0.9786 -0.2019
vn -0.1902 -0.9786 0.0788
vn -0.2019 -0.9786 0.0402
vn -0.2059 -0.9786 0.0000
vn -0.2019 -0.9786 -0.0402
vn -0.1902 -0.9786 -0.0788
vn -0.1712 -0.9786 -0.1144
vn -0.1456 -0.9786 -0.1456
vn -0.1144 -0.9786 -0.1712
vn -0.0788 -0.9786 -0.1902
vn 0.0000 -0.3843 -0.9232
vn -0.1801 -0.3842 -0.9055
vn -0.0744 -0.9245 -0.3738
vn -0.0000 -0.9245 -0.3811
vn -0.3533 -0.3842 -0.8530
vn -0.1458 -0.9245 -0.3521
vn -0.5129 -0.3842 -0.7676
vn -0.2117 -0.9245 -0.3169
vn -0.6528 -0.3842 -0.6528
vn -0.2695 -0.9245 -0.2695
vn -0.7676 -0.3842 -0.5129
vn -0.3169 -0.9245 -0.2117
vn -0.8529 -0.3843 -0.3533
vn -0.3521 -0.9245 -0.1458
vn -0.9055 -0.3843 -0.1801
vn -0.3738 -0.9245 -0.0744
vn -0.9232 -0.3843 0.0000
vn -0.3811 -0.9245 0.0000
vn -0.9055 -0.3843 0.1801
vn -0.3738 -0.9245 0.0744
vn -0.8530 -0.3842 0.3533
vn -0.3521 -0.9245 0.1458
vn -0.7676 -0.3842 0.5129
vn -0.3169 -0.9245 0.2117
vn -0.6528 -0.3842 0.6528
vn -0.2695 -0.9245 0.2695
vn -0.5129 -0.3842 0.7677
vn -0.2117 -0.9245 0.3169
vn -0.3533 -0.3842 0.8530
vn -0.1459 -0.9245 0.3521
vn -0.1801 -0.3842 0.9055
vn -0.0744 -0.9245 0.3738
vn 0.0000 -0.3842 0.9232
vn -0.0000 -0.9245 0.3811
vn 0.1801 -0.3842 0.9055
vn 0.0744 -0.9245 0.3738
vn 0.3533 -0.3842 0.8530
vn 0.1459 -0.9245 0.3521
vn 0.5129 -0.3843 0.7676
vn 0.2117 -0.9245 0.3169
vn 0.6528 -0.3842 0.6528
vn 0.2695 -0.9245 0.2695
vn 0.7676 -0.3842 0.5129
vn 0.3169 -0.9245 0.2117
vn 0.8529 -0.3843 0.3533
vn 0.3521 -0.9245 0.1458
vn 0.9055 -0.3843 0.1801
vn 0.3738 -0.9245 0.0744
vn 0.9232 -0.3843 0.0000
vn 0.3811 -0.9245 -0.0000
vn 0.9055 -0.3843 -0.1801
vn 0.3738 -0.9245 -0.0744
vn 0.8529 -0.3843 -0.3533
vn 0.3521 -0.9245 -0.1458
vn 0.7676 -0.3843 -0.5129
vn 0.3169 -0.9245 -0.2117
vn 0.6528 -0.3843 -0.6528
vn 0.2695 -0.9245 -0.2695
vn 0.5129 -0.3842 -0.7676
vn 0.2117 -0.9245 -0.3169
vn 0.3533 -0.3842 -0.8530
vn 0.1458 -0.9245 -0.3521
vn 0.1801 -0.3842 -0.9055
vn 0.0744 -0.9245 -0.3738
vn 0.9063 -0.1943 0.3754
vn 0.9601 -0.2041 0.1910
vn 0.9601 -0.2041 -0.1910
vn 0.9063 -0.1943 -0.3754
vn -0.1910 -0.2041 0.9601
vn 0.1910 -0.2041 0.9601
vn -0.9601 -0.2041 -0.1910
vn -0.9063 -0.1943 -0.3754
vn 0.1910 -0.2041 -0.9601
vn 0.3754 -0.1943 -0.9063
vn -0.1910 -0.2041 -0.9601
vn -0.3754 -0.1943 0.9063
vn -0.9601 -0.2041 0.1910
vn -0.9063 -0.1943 0.3754
vn -0.3754 -0.1943 -0.9063
vn 0.3754 -0.1943 0.9063
vn 0.1780 -0.4092 0.8949
vn 0.3503 -0.4026 0.8457
vn 0.8949 -0.4092 0.1780
vn 0.8457 -0.4026 0.3503
vn 0.1780 -0.4092 -0.8949
vn 0.3503 -0.4026 -0.8457
vn 0.8457 -0.4026 -0.3503
vn 0.8949 -0.4092 -0.1780
vn -0.3503 -0.4026 0.8457
vn -0.1780 -0.4092 0.8949
vn -0.8949 -0.4092 0.1780
vn -0.8457 -0.4026 0.3503
vn -0.1780 -0.4092 -0.8949
vn -0.3503 -0.4026 -0.8457
vn -0.8457 -0.4026 -0.3503
vn -0.8949 -0.4092 -0.1780
# 2027 vertex normals

vt 0.9653 0.5333 0.0000
vt 0.9639 0.5338 0.0000
vt 0.9624 0.5309 0.0000
vt 0.9635 0.5303 0.0000
vt 0.9602 0.5520 0.0000
vt 0.9611 0.5527 0.0000
vt 0.9582 0.5546 0.0000
vt 0.9577 0.5540 0.0000
vt 0.9603 0.5284 0.0000
vt 0.9611 0.5277 0.0000
vt 0.9634 0.5501 0.0000
vt 0.9623 0.5495 0.0000
vt 0.9578 0.5263 0.0000
vt 0.9583 0.5257 0.0000
vt 0.9652 0.5471 0.0000
vt 0.9639 0.5466 0.0000
vt 0.9550 0.5249 0.0000
vt 0.9553 0.5244 0.0000
vt 0.9663 0.5437 0.0000
vt 0.9648 0.5434 0.0000
vt 0.9521 0.5240 0.0000
vt 0.9522 0.5237 0.0000
vt 0.9652 0.5402 0.0000
vt 0.9666 0.5402 0.0000
vt 0.9521 0.5566 0.0000
vt 0.9491 0.5569 0.0000
vt 0.9520 0.5563 0.0000
vt 0.9492 0.5234 0.0000
vt 0.9649 0.5369 0.0000
vt 0.9663 0.5367 0.0000
vt 0.9549 0.5555 0.0000
vt 0.9552 0.5559 0.0000
vt 0.9546 0.5253 0.0000
vt 0.9519 0.5242 0.0000
vt 0.9632 0.5433 0.0000
vt 0.9635 0.5402 0.0000
vt 0.9518 0.5561 0.0000
vt 0.9633 0.5371 0.0000
vt 0.9545 0.5551 0.0000
vt 0.9624 0.5341 0.0000
vt 0.9570 0.5535 0.0000
vt 0.9611 0.5313 0.0000
vt 0.9592 0.5515 0.0000
vt 0.9593 0.5288 0.0000
vt 0.9610 0.5491 0.0000
vt 0.9570 0.5268 0.0000
vt 0.9624 0.5463 0.0000
vt 0.9560 0.5531 0.0000
vt 0.9579 0.5511 0.0000
vt 0.9580 0.5292 0.0000
vt 0.9596 0.5316 0.0000
vt 0.9595 0.5487 0.0000
vt 0.9561 0.5272 0.0000
vt 0.9607 0.5461 0.0000
vt 0.9539 0.5256 0.0000
vt 0.9614 0.5432 0.0000
vt 0.9516 0.5244 0.0000
vt 0.9617 0.5402 0.0000
vt 0.9515 0.5559 0.0000
vt 0.9614 0.5372 0.0000
vt 0.9538 0.5547 0.0000
vt 0.9607 0.5343 0.0000
vt 0.9595 0.5402 0.0000
vt 0.9593 0.5431 0.0000
vt 0.9511 0.5558 0.0000
vt 0.9513 0.5245 0.0000
vt 0.9593 0.5372 0.0000
vt 0.9531 0.5545 0.0000
vt 0.9587 0.5344 0.0000
vt 0.9549 0.5528 0.0000
vt 0.9578 0.5318 0.0000
vt 0.9564 0.5508 0.0000
vt 0.9565 0.5295 0.0000
vt 0.9577 0.5485 0.0000
vt 0.9549 0.5275 0.0000
vt 0.9587 0.5459 0.0000
vt 0.9532 0.5258 0.0000
vt 0.9558 0.5320 0.0000
vt 0.9548 0.5297 0.0000
vt 0.9548 0.5506 0.0000
vt 0.9558 0.5483 0.0000
vt 0.9536 0.5277 0.0000
vt 0.9565 0.5457 0.0000
vt 0.9523 0.5260 0.0000
vt 0.9570 0.5430 0.0000
vt 0.9508 0.5247 0.0000
vt 0.9572 0.5401 0.0000
vt 0.9507 0.5557 0.0000
vt 0.9570 0.5373 0.0000
vt 0.9522 0.5543 0.0000
vt 0.9566 0.5346 0.0000
vt 0.9536 0.5526 0.0000
vt 0.9502 0.5556 0.0000
vt 0.9503 0.5247 0.0000
vt 0.9546 0.5401 0.0000
vt 0.9545 0.5373 0.0000
vt 0.9512 0.5541 0.0000
vt 0.9542 0.5346 0.0000
vt 0.9521 0.5525 0.0000
vt 0.9537 0.5321 0.0000
vt 0.9530 0.5505 0.0000
vt 0.9530 0.5298 0.0000
vt 0.9536 0.5482 0.0000
vt 0.9522 0.5278 0.0000
vt 0.9542 0.5456 0.0000
vt 0.9513 0.5262 0.0000
vt 0.9545 0.5429 0.0000
vt 0.9510 0.5504 0.0000
vt 0.9514 0.5481 0.0000
vt 0.9511 0.5299 0.0000
vt 0.9507 0.5279 0.0000
vt 0.9517 0.5456 0.0000
vt 0.9503 0.5262 0.0000
vt 0.9518 0.5429 0.0000
vt 0.9498 0.5248 0.0000
vt 0.9519 0.5401 0.0000
vt 0.9496 0.5555 0.0000
vt 0.9518 0.5374 0.0000
vt 0.9502 0.5541 0.0000
vt 0.9517 0.5347 0.0000
vt 0.9506 0.5524 0.0000
vt 0.9514 0.5322 0.0000
vt 0.9491 0.5401 0.0000
vt 0.9491 0.5374 0.0000
vt 0.9491 0.5555 0.0000
vt 0.9491 0.5540 0.0000
vt 0.9491 0.5347 0.0000
vt 0.9491 0.5523 0.0000
vt 0.9492 0.5322 0.0000
vt 0.9491 0.5503 0.0000
vt 0.9492 0.5299 0.0000
vt 0.9491 0.5481 0.0000
vt 0.9492 0.5279 0.0000
vt 0.9491 0.5455 0.0000
vt 0.9492 0.5263 0.0000
vt 0.9491 0.5429 0.0000
vt 0.9492 0.5248 0.0000
vt 0.9476 0.5279 0.0000
vt 0.9472 0.5299 0.0000
vt 0.9465 0.5456 0.0000
vt 0.9468 0.5481 0.0000
vt 0.9481 0.5262 0.0000
vt 0.9464 0.5429 0.0000
vt 0.9486 0.5248 0.0000
vt 0.9464 0.5401 0.0000
vt 0.9485 0.5555 0.0000
vt 0.9464 0.5373 0.0000
vt 0.9480 0.5541 0.0000
vt 0.9466 0.5347 0.0000
vt 0.9475 0.5524 0.0000
vt 0.9469 0.5322 0.0000
vt 0.9471 0.5504 0.0000
vt 0.9438 0.5373 0.0000
vt 0.9441 0.5346 0.0000
vt 0.9460 0.5524 0.0000
vt 0.9470 0.5541 0.0000
vt 0.9446 0.5321 0.0000
vt 0.9452 0.5504 0.0000
vt 0.9453 0.5298 0.0000
vt 0.9446 0.5481 0.0000
vt 0.9461 0.5278 0.0000
vt 0.9441 0.5456 0.0000
vt 0.9471 0.5261 0.0000
vt 0.9438 0.5429 0.0000
vt 0.9481 0.5247 0.0000
vt 0.9437 0.5401 0.0000
vt 0.9480 0.5556 0.0000
vt 0.9447 0.5277 0.0000
vt 0.9461 0.5260 0.0000
vt 0.9412 0.5429 0.0000
vt 0.9417 0.5457 0.0000
vt 0.9476 0.5247 0.0000
vt 0.9411 0.5401 0.0000
vt 0.9475 0.5556 0.0000
vt 0.9413 0.5372 0.0000
vt 0.9460 0.5543 0.0000
vt 0.9417 0.5345 0.0000
vt 0.9446 0.5526 0.0000
vt 0.9425 0.5319 0.0000
vt 0.9434 0.5506 0.0000
vt 0.9435 0.5296 0.0000
vt 0.9424 0.5483 0.0000
vt 0.9433 0.5528 0.0000
vt 0.9451 0.5544 0.0000
vt 0.9405 0.5318 0.0000
vt 0.9396 0.5344 0.0000
vt 0.9418 0.5508 0.0000
vt 0.9418 0.5294 0.0000
vt 0.9405 0.5484 0.0000
vt 0.9434 0.5274 0.0000
vt 0.9395 0.5458 0.0000
vt 0.9452 0.5258 0.0000
vt 0.9389 0.5430 0.0000
vt 0.9471 0.5245 0.0000
vt 0.9387 0.5401 0.0000
vt 0.9470 0.5558 0.0000
vt 0.9390 0.5372 0.0000
vt 0.9368 0.5431 0.0000
vt 0.9375 0.5460 0.0000
vt 0.9444 0.5256 0.0000
vt 0.9468 0.5244 0.0000
vt 0.9366 0.5401 0.0000
vt 0.9466 0.5559 0.0000
vt 0.9369 0.5371 0.0000
vt 0.9443 0.5547 0.0000
vt 0.9376 0.5342 0.0000
vt 0.9422 0.5531 0.0000
vt 0.9388 0.5315 0.0000
vt 0.9403 0.5511 0.0000
vt 0.9404 0.5291 0.0000
vt 0.9387 0.5487 0.0000
vt 0.9423 0.5272 0.0000
vt 0.9359 0.5340 0.0000
vt 0.9373 0.5312 0.0000
vt 0.9390 0.5514 0.0000
vt 0.9412 0.5535 0.0000
vt 0.9391 0.5288 0.0000
vt 0.9372 0.5490 0.0000
vt 0.9413 0.5268 0.0000
vt 0.9358 0.5462 0.0000
vt 0.9438 0.5252 0.0000
vt 0.9350 0.5432 0.0000
vt 0.9465 0.5242 0.0000
vt 0.9348 0.5401 0.0000
vt 0.9463 0.5561 0.0000
vt 0.9351 0.5370 0.0000
vt 0.9437 0.5550 0.0000
vt 0.9434 0.5249 0.0000
vt 0.9463 0.5240 0.0000
vt 0.9335 0.5433 0.0000
vt 0.9332 0.5401 0.0000
vt 0.9461 0.5563 0.0000
vt 0.9335 0.5368 0.0000
vt 0.9432 0.5554 0.0000
vt 0.9344 0.5337 0.0000
vt 0.9405 0.5539 0.0000
vt 0.9360 0.5308 0.0000
vt 0.9380 0.5519 0.0000
vt 0.9381 0.5283 0.0000
vt 0.9359 0.5494 0.0000
vt 0.9406 0.5263 0.0000
vt 0.9344 0.5465 0.0000
vt 0.9400 0.5546 0.0000
vt 0.9372 0.5526 0.0000
vt 0.9373 0.5276 0.0000
vt 0.9349 0.5302 0.0000
vt 0.9348 0.5500 0.0000
vt 0.9401 0.5257 0.0000
vt 0.9330 0.5469 0.0000
vt 0.9431 0.5244 0.0000
vt 0.9320 0.5435 0.0000
vt 0.9462 0.5237 0.0000
vt 0.9317 0.5401 0.0000
vt 0.9460 0.5566 0.0000
vt 0.9320 0.5366 0.0000
vt 0.9430 0.5559 0.0000
vt 0.9331 0.5332 0.0000
vt 0.9522 0.8731 0.0000
vt 0.9558 0.8707 0.0000
vt 0.9586 0.8742 0.0000
vt 0.9543 0.8771 0.0000
vt 0.9652 0.8662 0.0000
vt 0.9612 0.8641 0.0000
vt 0.9629 0.8601 0.0000
vt 0.9672 0.8614 0.0000
vt 0.9637 0.8559 0.0000
vt 0.9682 0.8563 0.0000
vt 0.9637 0.8515 0.0000
vt 0.9682 0.8511 0.0000
vt 0.9629 0.8473 0.0000
vt 0.9672 0.8460 0.0000
vt 0.9612 0.8433 0.0000
vt 0.9652 0.8412 0.0000
vt 0.9589 0.8397 0.0000
vt 0.9623 0.8369 0.0000
vt 0.9558 0.8367 0.0000
vt 0.9586 0.8332 0.0000
vt 0.9522 0.8343 0.0000
vt 0.9543 0.8304 0.0000
vt 0.9482 0.8326 0.0000
vt 0.9495 0.8284 0.0000
vt 0.9440 0.8318 0.0000
vt 0.9444 0.8274 0.0000
vt 0.9397 0.8318 0.0000
vt 0.9393 0.8274 0.0000
vt 0.9354 0.8326 0.0000
vt 0.9342 0.8284 0.0000
vt 0.9315 0.8343 0.0000
vt 0.9294 0.8304 0.0000
vt 0.9279 0.8367 0.0000
vt 0.9251 0.8332 0.0000
vt 0.9248 0.8397 0.0000
vt 0.9214 0.8369 0.0000
vt 0.9224 0.8433 0.0000
vt 0.9185 0.8412 0.0000
vt 0.9208 0.8473 0.0000
vt 0.9165 0.8460 0.0000
vt 0.9199 0.8516 0.0000
vt 0.9155 0.8511 0.0000
vt 0.9199 0.8559 0.0000
vt 0.9155 0.8563 0.0000
vt 0.9208 0.8601 0.0000
vt 0.9165 0.8614 0.0000
vt 0.9224 0.8641 0.0000
vt 0.9185 0.8662 0.0000
vt 0.9248 0.8677 0.0000
vt 0.9214 0.8705 0.0000
vt 0.9279 0.8708 0.0000
vt 0.9251 0.8742 0.0000
vt 0.9315 0.8732 0.0000
vt 0.9294 0.8771 0.0000
vt 0.9355 0.8748 0.0000
vt 0.9342 0.8790 0.0000
vt 0.9397 0.8756 0.0000
vt 0.9393 0.8801 0.0000
vt 0.9440 0.8756 0.0000
vt 0.9444 0.8800 0.0000
vt 0.9495 0.8790 0.0000
vt 0.9482 0.8748 0.0000
vt 0.9623 0.8705 0.0000
vt 0.9588 0.8677 0.0000
vt 0.9550 0.8645 0.0000
vt 0.9526 0.8669 0.0000
vt 0.9498 0.8687 0.0000
vt 0.9467 0.8700 0.0000
vt 0.9401 0.8707 0.0000
vt 0.9369 0.8700 0.0000
vt 0.9338 0.8687 0.0000
vt 0.9310 0.8669 0.0000
vt 0.9435 0.8707 0.0000
vt 0.9249 0.8520 0.0000
vt 0.9287 0.8645 0.0000
vt 0.9268 0.8617 0.0000
vt 0.9255 0.8586 0.0000
vt 0.9249 0.8554 0.0000
vt 0.9256 0.8488 0.0000
vt 0.9268 0.8457 0.0000
vt 0.9287 0.8429 0.0000
vt 0.9311 0.8405 0.0000
vt 0.9338 0.8387 0.0000
vt 0.9369 0.8374 0.0000
vt 0.9435 0.8368 0.0000
vt 0.9402 0.8368 0.0000
vt 0.9468 0.8374 0.0000
vt 0.9499 0.8387 0.0000
vt 0.9527 0.8406 0.0000
vt 0.9550 0.8429 0.0000
vt 0.9588 0.8521 0.0000
vt 0.9569 0.8457 0.0000
vt 0.9581 0.8488 0.0000
vt 0.9588 0.8554 0.0000
vt 0.9581 0.8587 0.0000
vt 0.9568 0.8618 0.0000
vt 0.9542 0.8688 0.0000
vt 0.9569 0.8661 0.0000
vt 0.9590 0.8629 0.0000
vt 0.9604 0.8594 0.0000
vt 0.9612 0.8556 0.0000
vt 0.9612 0.8518 0.0000
vt 0.9605 0.8481 0.0000
vt 0.9590 0.8445 0.0000
vt 0.9569 0.8414 0.0000
vt 0.9542 0.8387 0.0000
vt 0.9510 0.8365 0.0000
vt 0.9475 0.8351 0.0000
vt 0.9438 0.8343 0.0000
vt 0.9400 0.8343 0.0000
vt 0.9362 0.8351 0.0000
vt 0.9327 0.8365 0.0000
vt 0.9295 0.8387 0.0000
vt 0.9268 0.8414 0.0000
vt 0.9247 0.8445 0.0000
vt 0.9232 0.8481 0.0000
vt 0.9225 0.8518 0.0000
vt 0.9225 0.8556 0.0000
vt 0.9232 0.8594 0.0000
vt 0.9247 0.8629 0.0000
vt 0.9268 0.8661 0.0000
vt 0.9295 0.8688 0.0000
vt 0.9327 0.8709 0.0000
vt 0.9362 0.8723 0.0000
vt 0.9399 0.8731 0.0000
vt 0.9437 0.8731 0.0000
vt 0.9475 0.8723 0.0000
vt 0.9510 0.8709 0.0000
vt 0.9207 0.9013 0.0000
vt 0.9240 0.9052 0.0000
vt 0.9218 0.9094 0.0000
vt 0.9166 0.9072 0.0000
vt 0.9234 0.9443 0.0000
vt 0.9196 0.9477 0.0000
vt 0.9166 0.9417 0.0000
vt 0.9213 0.9401 0.0000
vt 0.9596 0.9034 0.0000
vt 0.9283 0.9031 0.0000
vt 0.9268 0.8983 0.0000
vt 0.9618 0.8981 0.0000
vt 0.9654 0.9405 0.0000
vt 0.9707 0.9427 0.0000
vt 0.9667 0.9487 0.0000
vt 0.9633 0.9448 0.0000
vt 0.9277 0.9464 0.0000
vt 0.9256 0.9517 0.0000
vt 0.9590 0.9469 0.0000
vt 0.9606 0.9517 0.0000
vt 0.9678 0.9021 0.0000
vt 0.9639 0.9055 0.0000
vt 0.9708 0.9082 0.0000
vt 0.9660 0.9098 0.0000
vt 0.9287 0.9046 0.0000
vt 0.9250 0.9062 0.0000
vt 0.9233 0.9098 0.0000
vt 0.9244 0.9433 0.0000
vt 0.9281 0.9449 0.0000
vt 0.9228 0.9397 0.0000
vt 0.9593 0.9049 0.0000
vt 0.9629 0.9065 0.0000
vt 0.9646 0.9101 0.0000
vt 0.9586 0.9454 0.0000
vt 0.9623 0.9438 0.0000
vt 0.9640 0.9401 0.0000
vt 0.9003 0.9355 0.0000
vt 0.8824 0.9354 0.0000
vt 0.8824 0.9324 0.0000
vt 0.8999 0.9313 0.0000
vt 0.8823 0.9385 0.0000
vt 0.8999 0.9397 0.0000
vt 0.8987 0.9437 0.0000
vt 0.8822 0.9415 0.0000
vt 0.8970 0.9474 0.0000
vt 0.8820 0.9446 0.0000
vt 0.8947 0.9511 0.0000
vt 0.8817 0.9480 0.0000
vt 0.8923 0.9547 0.0000
vt 0.8813 0.9517 0.0000
vt 0.8900 0.9582 0.0000
vt 0.8808 0.9556 0.0000
vt 0.8881 0.9618 0.0000
vt 0.8803 0.9597 0.0000
vt 0.8868 0.9657 0.0000
vt 0.8796 0.9640 0.0000
vt 0.8871 0.9052 0.0000
vt 0.8883 0.9091 0.0000
vt 0.8805 0.9111 0.0000
vt 0.8799 0.9068 0.0000
vt 0.8810 0.9152 0.0000
vt 0.8902 0.9127 0.0000
vt 0.8925 0.9162 0.0000
vt 0.8815 0.9191 0.0000
vt 0.8949 0.9198 0.0000
vt 0.8818 0.9228 0.0000
vt 0.8971 0.9235 0.0000
vt 0.8821 0.9262 0.0000
vt 0.8988 0.9273 0.0000
vt 0.8822 0.9294 0.0000
vt 0.8672 0.9353 0.0000
vt 0.8673 0.9322 0.0000
vt 0.8672 0.9385 0.0000
vt 0.8673 0.9415 0.0000
vt 0.8673 0.9447 0.0000
vt 0.8674 0.9481 0.0000
vt 0.8676 0.9518 0.0000
vt 0.8676 0.9555 0.0000
vt 0.8677 0.9594 0.0000
vt 0.8676 0.9635 0.0000
vt 0.8679 0.9113 0.0000
vt 0.8679 0.9071 0.0000
vt 0.8678 0.9152 0.0000
vt 0.8677 0.9189 0.0000
vt 0.8676 0.9225 0.0000
vt 0.8674 0.9260 0.0000
vt 0.8673 0.9291 0.0000
vt 0.8499 0.9352 0.0000
vt 0.8499 0.9319 0.0000
vt 0.8499 0.9386 0.0000
vt 0.8499 0.9418 0.0000
vt 0.8500 0.9451 0.0000
vt 0.8501 0.9487 0.0000
vt 0.8501 0.9523 0.0000
vt 0.8502 0.9560 0.0000
vt 0.8503 0.9598 0.0000
vt 0.8504 0.9638 0.0000
vt 0.8507 0.9067 0.0000
vt 0.8506 0.9107 0.0000
vt 0.8504 0.9145 0.0000
vt 0.8503 0.9182 0.0000
vt 0.8502 0.9218 0.0000
vt 0.8501 0.9254 0.0000
vt 0.8500 0.9287 0.0000
vt 0.8301 0.9352 0.0000
vt 0.8301 0.9317 0.0000
vt 0.8301 0.9386 0.0000
vt 0.8301 0.9419 0.0000
vt 0.8301 0.9453 0.0000
vt 0.8301 0.9489 0.0000
vt 0.8301 0.9526 0.0000
vt 0.8301 0.9562 0.0000
vt 0.8301 0.9600 0.0000
vt 0.8302 0.9639 0.0000
vt 0.8304 0.9103 0.0000
vt 0.8304 0.9064 0.0000
vt 0.8303 0.9141 0.0000
vt 0.8303 0.9177 0.0000
vt 0.8302 0.9214 0.0000
vt 0.8302 0.9250 0.0000
vt 0.8301 0.9284 0.0000
vt 0.8093 0.9316 0.0000
vt 0.8093 0.9351 0.0000
vt 0.8092 0.9385 0.0000
vt 0.8092 0.9418 0.0000
vt 0.8092 0.9452 0.0000
vt 0.8091 0.9488 0.0000
vt 0.8091 0.9525 0.0000
vt 0.8090 0.9562 0.0000
vt 0.8090 0.9600 0.0000
vt 0.8089 0.9639 0.0000
vt 0.8092 0.9062 0.0000
vt 0.8092 0.9101 0.0000
vt 0.8092 0.9139 0.0000
vt 0.8092 0.9176 0.0000
vt 0.8093 0.9213 0.0000
vt 0.8093 0.9249 0.0000
vt 0.8093 0.9283 0.0000
vt 0.7893 0.9350 0.0000
vt 0.7893 0.9316 0.0000
vt 0.7893 0.9383 0.0000
vt 0.7892 0.9415 0.0000
vt 0.7891 0.9449 0.0000
vt 0.7890 0.9484 0.0000
vt 0.7889 0.9521 0.0000
vt 0.7887 0.9558 0.0000
vt 0.7886 0.9596 0.0000
vt 0.7885 0.9636 0.0000
vt 0.7888 0.9063 0.0000
vt 0.7889 0.9103 0.0000
vt 0.7889 0.9141 0.0000
vt 0.7890 0.9178 0.0000
vt 0.7891 0.9215 0.0000
vt 0.7892 0.9251 0.0000
vt 0.7893 0.9284 0.0000
vt 0.7716 0.9349 0.0000
vt 0.7716 0.9317 0.0000
vt 0.7716 0.9380 0.0000
vt 0.7715 0.9411 0.0000
vt 0.7714 0.9443 0.0000
vt 0.7713 0.9477 0.0000
vt 0.7712 0.9514 0.0000
vt 0.7711 0.9551 0.0000
vt 0.7710 0.9590 0.0000
vt 0.7710 0.9632 0.0000
vt 0.7713 0.9065 0.0000
vt 0.7713 0.9107 0.0000
vt 0.7713 0.9146 0.0000
vt 0.7713 0.9184 0.0000
vt 0.7714 0.9220 0.0000
vt 0.7715 0.9255 0.0000
vt 0.7716 0.9287 0.0000
vt 0.7557 0.9348 0.0000
vt 0.7558 0.9317 0.0000
vt 0.7558 0.9379 0.0000
vt 0.7559 0.9409 0.0000
vt 0.7561 0.9441 0.0000
vt 0.7564 0.9475 0.0000
vt 0.7567 0.9513 0.0000
vt 0.7571 0.9552 0.0000
vt 0.7576 0.9593 0.0000
vt 0.7582 0.9636 0.0000
vt 0.7579 0.9103 0.0000
vt 0.7584 0.9060 0.0000
vt 0.7573 0.9144 0.0000
vt 0.7569 0.9183 0.0000
vt 0.7565 0.9221 0.0000
vt 0.7562 0.9255 0.0000
vt 0.7560 0.9287 0.0000
vt 0.7371 0.9305 0.0000
vt 0.7368 0.9347 0.0000
vt 0.7371 0.9390 0.0000
vt 0.7381 0.9429 0.0000
vt 0.7396 0.9468 0.0000
vt 0.7417 0.9506 0.0000
vt 0.7439 0.9543 0.0000
vt 0.7459 0.9580 0.0000
vt 0.7477 0.9617 0.0000
vt 0.7489 0.9657 0.0000
vt 0.7479 0.9078 0.0000
vt 0.7492 0.9038 0.0000
vt 0.7462 0.9115 0.0000
vt 0.7441 0.9151 0.0000
vt 0.7418 0.9188 0.0000
vt 0.7398 0.9226 0.0000
vt 0.7382 0.9265 0.0000
vt 0.9146 0.7916 0.0000
vt 0.9183 0.6091 0.0000
vt 0.9751 0.6102 0.0000
vt 0.9740 0.7929 0.0000
vt 0.9102 0.7991 0.0000
vt 0.9778 0.8012 0.0000
vt 0.9876 0.8100 0.0000
vt 0.8995 0.8100 0.0000
vt 0.9070 0.5933 0.0000
vt 0.9145 0.6011 0.0000
vt 0.9794 0.6028 0.0000
vt 0.9876 0.5929 0.0000
vt 0.7073 0.9149 0.0000
vt 0.7068 0.9171 0.0000
vt 0.7034 0.9168 0.0000
vt 0.7034 0.9147 0.0000
vt 0.7030 0.9199 0.0000
vt 0.6927 0.9215 0.0000
vt 0.6928 0.9185 0.0000
vt 0.5138 0.9718 0.0000
vt 0.5186 0.9646 0.0000
vt 0.5199 0.9648 0.0000
vt 0.5146 0.9730 0.0000
vt 0.6928 0.9353 0.0000
vt 0.7023 0.9374 0.0000
vt 0.7024 0.9403 0.0000
vt 0.6928 0.9382 0.0000
vt 0.7095 0.9181 0.0000
vt 0.7105 0.9163 0.0000
vt 0.7080 0.9394 0.0000
vt 0.7055 0.9402 0.0000
vt 0.7054 0.9375 0.0000
vt 0.7080 0.9368 0.0000
vt 0.5092 0.8828 0.0000
vt 0.5130 0.8840 0.0000
vt 0.5161 0.8895 0.0000
vt 0.5109 0.8892 0.0000
vt 0.7064 0.9200 0.0000
vt 0.5075 0.8805 0.0000
vt 0.5145 0.8821 0.0000
vt 0.5037 0.9523 0.0000
vt 0.5070 0.9652 0.0000
vt 0.5057 0.9654 0.0000
vt 0.5023 0.9528 0.0000
vt 0.5073 0.9525 0.0000
vt 0.5105 0.9647 0.0000
vt 0.5124 0.9699 0.0000
vt 0.5156 0.9645 0.0000
vt 0.5132 0.9534 0.0000
vt 0.5072 0.9024 0.0000
vt 0.5034 0.9027 0.0000
vt 0.5073 0.8885 0.0000
vt 0.5191 0.8894 0.0000
vt 0.5170 0.9005 0.0000
vt 0.5136 0.9012 0.0000
vt 0.5184 0.9009 0.0000
vt 0.5205 0.8890 0.0000
vt 0.5069 0.9732 0.0000
vt 0.5087 0.9709 0.0000
vt 0.5164 0.9541 0.0000
vt 0.4946 0.9401 0.0000
vt 0.4956 0.9387 0.0000
vt 0.4643 0.9145 0.0000
vt 0.4509 0.9159 0.0000
vt 0.4499 0.9151 0.0000
vt 0.4644 0.9130 0.0000
vt 0.7219 0.9296 0.0000
vt 0.7178 0.9291 0.0000
vt 0.5050 0.9355 0.0000
vt 0.5111 0.9390 0.0000
vt 0.5060 0.9742 0.0000
vt 0.7092 0.9212 0.0000
vt 0.4651 0.9384 0.0000
vt 0.4844 0.9341 0.0000
vt 0.4841 0.9370 0.0000
vt 0.4646 0.9408 0.0000
vt 0.6927 0.9400 0.0000
vt 0.7023 0.9422 0.0000
vt 0.5050 0.9202 0.0000
vt 0.5113 0.9166 0.0000
vt 0.4977 0.9352 0.0000
vt 0.4953 0.9170 0.0000
vt 0.4976 0.9205 0.0000
vt 0.4522 0.9366 0.0000
vt 0.4499 0.9384 0.0000
vt 0.4647 0.9169 0.0000
vt 0.4527 0.9176 0.0000
vt 0.5057 0.8882 0.0000
vt 0.5019 0.9021 0.0000
vt 0.7189 0.9279 0.0000
vt 0.7234 0.9277 0.0000
vt 0.4839 0.9218 0.0000
vt 0.4835 0.9189 0.0000
vt 0.7089 0.9411 0.0000
vt 0.7058 0.9422 0.0000
vt 0.5138 0.9417 0.0000
vt 0.5177 0.9537 0.0000
vt 0.5151 0.8812 0.0000
vt 0.5066 0.8791 0.0000
vt 0.7236 0.9277 0.0000
vt 0.7220 0.9297 0.0000
vt 0.4841 0.9384 0.0000
vt 0.4943 0.9155 0.0000
vt 0.6926 0.9164 0.0000
vt 0.5141 0.9141 0.0000
vt 0.4836 0.9175 0.0000
vt 0.4646 0.9422 0.0000
vt 0.4490 0.9392 0.0000
vt 0.7575 0.7117 0.0000
vt 0.7725 0.7285 0.0000
vt 0.7718 0.8325 0.0000
vt 0.7573 0.8136 0.0000
vt 0.7443 0.8862 0.0000
vt 0.7381 0.8862 0.0000
vt 0.7381 0.8639 0.0000
vt 0.7443 0.8638 0.0000
vt 0.7428 0.7789 0.0000
vt 0.7430 0.6811 0.0000
vt 0.8686 0.8412 0.0000
vt 0.8624 0.8412 0.0000
vt 0.8624 0.8183 0.0000
vt 0.8686 0.8183 0.0000
vt 0.8624 0.7778 0.0000
vt 0.8686 0.7777 0.0000
vt 0.6830 0.3346 0.0000
vt 0.6975 0.3157 0.0000
vt 0.6983 0.4197 0.0000
vt 0.6832 0.4366 0.0000
vt 0.4292 0.8588 0.0000
vt 0.4313 0.7652 0.0000
vt 0.4509 0.7717 0.0000
vt 0.4493 0.8705 0.0000
vt 0.7505 0.8626 0.0000
vt 0.7567 0.8626 0.0000
vt 0.7567 0.8844 0.0000
vt 0.7505 0.8844 0.0000
vt 0.4116 0.8435 0.0000
vt 0.4132 0.7559 0.0000
vt 0.7629 0.8408 0.0000
vt 0.7690 0.8408 0.0000
vt 0.7690 0.8626 0.0000
vt 0.7629 0.8626 0.0000
vt 0.7690 0.8844 0.0000
vt 0.7629 0.8844 0.0000
vt 0.4034 0.4106 0.0000
vt 0.3861 0.4160 0.0000
vt 0.3839 0.3223 0.0000
vt 0.4016 0.3120 0.0000
vt 0.6613 0.8791 0.0000
vt 0.6436 0.8786 0.0000
vt 0.6441 0.7570 0.0000
vt 0.6613 0.7588 0.0000
vt 0.6259 0.8717 0.0000
vt 0.6270 0.7530 0.0000
vt 0.8060 0.8408 0.0000
vt 0.8122 0.8408 0.0000
vt 0.8122 0.8626 0.0000
vt 0.8060 0.8626 0.0000
vt 0.8122 0.8844 0.0000
vt 0.8060 0.8844 0.0000
vt 0.5604 0.4327 0.0000
vt 0.5599 0.3107 0.0000
vt 0.5776 0.3102 0.0000
vt 0.5776 0.4308 0.0000
vt 0.6687 0.4672 0.0000
vt 0.6685 0.3692 0.0000
vt 0.8872 0.7347 0.0000
vt 0.8872 0.8406 0.0000
vt 0.8810 0.8406 0.0000
vt 0.8810 0.7347 0.0000
vt 0.7874 0.8409 0.0000
vt 0.7936 0.8408 0.0000
vt 0.7936 0.8596 0.0000
vt 0.7874 0.8597 0.0000
vt 0.8686 0.6796 0.0000
vt 0.8624 0.6796 0.0000
vt 0.3679 0.4252 0.0000
vt 0.3662 0.3376 0.0000
vt 0.8203 0.4074 0.0000
vt 0.8209 0.3075 0.0000
vt 0.8271 0.3075 0.0000
vt 0.8284 0.3106 0.0000
vt 0.8278 0.4094 0.0000
vt 0.7443 0.8408 0.0000
vt 0.7381 0.8408 0.0000
vt 0.8810 0.3953 0.0000
vt 0.8748 0.3953 0.0000
vt 0.8748 0.3075 0.0000
vt 0.8810 0.3075 0.0000
vt 0.5434 0.4366 0.0000
vt 0.5422 0.3176 0.0000
vt 0.8353 0.4288 0.0000
vt 0.8360 0.3075 0.0000
vt 0.8422 0.3075 0.0000
vt 0.8415 0.4286 0.0000
vt 0.7505 0.8408 0.0000
vt 0.7567 0.8408 0.0000
vt 0.8554 0.7541 0.0000
vt 0.8561 0.8734 0.0000
vt 0.8499 0.8734 0.0000
vt 0.8492 0.7539 0.0000
vt 0.7751 0.7348 0.0000
vt 0.7741 0.8408 0.0000
vt 0.6999 0.8406 0.0000
vt 0.6973 0.8381 0.0000
vt 0.6930 0.7336 0.0000
vt 0.6956 0.7298 0.0000
vt 0.6820 0.8381 0.0000
vt 0.6820 0.8407 0.0000
vt 0.6829 0.3302 0.0000
vt 0.6661 0.3705 0.0000
vt 0.6647 0.8408 0.0000
vt 0.6648 0.7478 0.0000
vt 0.6667 0.7454 0.0000
vt 0.6670 0.8382 0.0000
vt 0.7411 0.4029 0.0000
vt 0.7391 0.4005 0.0000
vt 0.7390 0.3075 0.0000
vt 0.7414 0.3101 0.0000
vt 0.7563 0.3076 0.0000
vt 0.7564 0.3102 0.0000
vt 0.7572 0.8180 0.0000
vt 0.4011 0.7777 0.0000
vt 0.4037 0.7791 0.0000
vt 0.4056 0.8734 0.0000
vt 0.4032 0.8709 0.0000
vt 0.3850 0.8735 0.0000
vt 0.3850 0.8709 0.0000
vt 0.3639 0.3366 0.0000
vt 0.3839 0.3192 0.0000
vt 0.3663 0.8710 0.0000
vt 0.3638 0.8736 0.0000
vt 0.3602 0.7841 0.0000
vt 0.3624 0.7821 0.0000
vt 0.4079 0.3990 0.0000
vt 0.4056 0.3970 0.0000
vt 0.4091 0.3075 0.0000
vt 0.4116 0.3101 0.0000
vt 0.4303 0.3076 0.0000
vt 0.4303 0.3102 0.0000
vt 0.4493 0.8736 0.0000
vt 0.4292 0.8619 0.0000
vt 0.6637 0.8818 0.0000
vt 0.6637 0.7607 0.0000
vt 0.5760 0.7654 0.0000
vt 0.5784 0.7669 0.0000
vt 0.5800 0.8818 0.0000
vt 0.5776 0.8792 0.0000
vt 0.5599 0.8818 0.0000
vt 0.5599 0.8792 0.0000
vt 0.5398 0.3159 0.0000
vt 0.5599 0.3081 0.0000
vt 0.5398 0.8818 0.0000
vt 0.5381 0.7686 0.0000
vt 0.5406 0.7669 0.0000
vt 0.5422 0.8792 0.0000
vt 0.6235 0.3075 0.0000
vt 0.6259 0.3101 0.0000
vt 0.6244 0.4224 0.0000
vt 0.6218 0.4207 0.0000
vt 0.6436 0.3075 0.0000
vt 0.6436 0.3101 0.0000
vt 0.6436 0.8812 0.0000
vt 0.6998 0.3075 0.0000
vt 0.7742 0.3076 0.0000
vt 0.7717 0.3102 0.0000
vt 0.7404 0.7777 0.0000
vt 0.4040 0.3075 0.0000
vt 0.4509 0.3103 0.0000
vt 0.4509 0.3077 0.0000
vt 0.4092 0.8445 0.0000
vt 0.5800 0.3075 0.0000
vt 0.6637 0.3075 0.0000
vt 0.6613 0.3101 0.0000
vt 0.6235 0.8734 0.0000
vt 0.7936 0.8790 0.0000
vt 0.7874 0.8791 0.0000
vt 0.6248 0.7541 0.0000
vt 0.6221 0.6466 0.0000
vt 0.6236 0.6467 0.0000
vt 0.6234 0.5339 0.0000
vt 0.6258 0.5348 0.0000
vt 0.5412 0.4355 0.0000
vt 0.5398 0.5426 0.0000
vt 0.5384 0.5427 0.0000
vt 0.5421 0.6546 0.0000
vt 0.5397 0.6554 0.0000
vt 0.5800 0.4288 0.0000
vt 0.5791 0.5372 0.0000
vt 0.5766 0.5378 0.0000
vt 0.5800 0.6521 0.0000
vt 0.5776 0.6516 0.0000
vt 0.6621 0.4224 0.0000
vt 0.6598 0.4239 0.0000
vt 0.6637 0.5372 0.0000
vt 0.6613 0.5377 0.0000
vt 0.6629 0.6521 0.0000
vt 0.6604 0.6515 0.0000
vt 0.8499 0.4207 0.0000
vt 0.8499 0.3075 0.0000
vt 0.8561 0.3075 0.0000
vt 0.8561 0.4207 0.0000
vt 0.8561 0.5339 0.0000
vt 0.8499 0.5339 0.0000
vt 0.8561 0.6466 0.0000
vt 0.8499 0.6466 0.0000
vt 0.8360 0.7669 0.0000
vt 0.8422 0.7669 0.0000
vt 0.8422 0.8818 0.0000
vt 0.8360 0.8818 0.0000
vt 0.8360 0.6521 0.0000
vt 0.8422 0.6521 0.0000
vt 0.8361 0.5372 0.0000
vt 0.8422 0.5372 0.0000
vt 0.5586 0.7655 0.0000
vt 0.5598 0.6518 0.0000
vt 0.5580 0.5381 0.0000
vt 0.6423 0.4238 0.0000
vt 0.6435 0.5375 0.0000
vt 0.6418 0.6512 0.0000
vt 0.7406 0.6795 0.0000
vt 0.7381 0.5857 0.0000
vt 0.7403 0.5872 0.0000
vt 0.7412 0.4936 0.0000
vt 0.7436 0.4956 0.0000
vt 0.6663 0.4688 0.0000
vt 0.6659 0.5611 0.0000
vt 0.6637 0.5627 0.0000
vt 0.6693 0.6527 0.0000
vt 0.6669 0.6547 0.0000
vt 0.7009 0.4134 0.0000
vt 0.6982 0.5259 0.0000
vt 0.6956 0.5313 0.0000
vt 0.7009 0.6274 0.0000
vt 0.6985 0.6291 0.0000
vt 0.7698 0.4143 0.0000
vt 0.7675 0.4147 0.0000
vt 0.7751 0.5209 0.0000
vt 0.7728 0.5192 0.0000
vt 0.7726 0.6226 0.0000
vt 0.7699 0.6187 0.0000
vt 0.8624 0.4005 0.0000
vt 0.8624 0.3075 0.0000
vt 0.8686 0.3075 0.0000
vt 0.8686 0.4005 0.0000
vt 0.8624 0.4936 0.0000
vt 0.8686 0.4936 0.0000
vt 0.8686 0.5857 0.0000
vt 0.8624 0.5856 0.0000
vt 0.8810 0.4142 0.0000
vt 0.8872 0.3075 0.0000
vt 0.8872 0.4184 0.0000
vt 0.8872 0.5207 0.0000
vt 0.8810 0.5207 0.0000
vt 0.8872 0.6223 0.0000
vt 0.8810 0.6225 0.0000
vt 0.6794 0.7378 0.0000
vt 0.6839 0.6374 0.0000
vt 0.6799 0.5411 0.0000
vt 0.7538 0.4105 0.0000
vt 0.7582 0.5109 0.0000
vt 0.7544 0.6074 0.0000
vt 0.4107 0.7567 0.0000
vt 0.4094 0.6639 0.0000
vt 0.4119 0.6642 0.0000
vt 0.4082 0.5749 0.0000
vt 0.4107 0.5756 0.0000
vt 0.4102 0.4865 0.0000
vt 0.4126 0.4879 0.0000
vt 0.3655 0.4244 0.0000
vt 0.3665 0.5171 0.0000
vt 0.3641 0.5173 0.0000
vt 0.3653 0.6055 0.0000
vt 0.3628 0.6063 0.0000
vt 0.3673 0.6932 0.0000
vt 0.3649 0.6946 0.0000
vt 0.4056 0.4074 0.0000
vt 0.4045 0.4962 0.0000
vt 0.4021 0.4983 0.0000
vt 0.4040 0.5908 0.0000
vt 0.4016 0.5918 0.0000
vt 0.4050 0.6848 0.0000
vt 0.4027 0.6846 0.0000
vt 0.8748 0.7551 0.0000
vt 0.8810 0.7551 0.0000
vt 0.8810 0.8445 0.0000
vt 0.8748 0.8445 0.0000
vt 0.8748 0.6655 0.0000
vt 0.8810 0.6655 0.0000
vt 0.8748 0.5772 0.0000
vt 0.8810 0.5773 0.0000
vt 0.8748 0.4882 0.0000
vt 0.8810 0.4883 0.0000
vt 0.8209 0.8734 0.0000
vt 0.8209 0.7791 0.0000
vt 0.8284 0.7775 0.0000
vt 0.8271 0.8734 0.0000
vt 0.8284 0.8709 0.0000
vt 0.8284 0.6841 0.0000
vt 0.8209 0.6848 0.0000
vt 0.8284 0.5909 0.0000
vt 0.8209 0.5907 0.0000
vt 0.8209 0.4962 0.0000
vt 0.8284 0.4974 0.0000
vt 0.3814 0.7795 0.0000
vt 0.3850 0.6880 0.0000
vt 0.3835 0.5978 0.0000
vt 0.3844 0.5054 0.0000
vt 0.4268 0.4016 0.0000
vt 0.4303 0.4931 0.0000
vt 0.4288 0.5834 0.0000
vt 0.4297 0.6757 0.0000
vt 0.4491 0.4036 0.0000
vt 0.4503 0.4970 0.0000
vt 0.4493 0.5902 0.0000
vt 0.4498 0.6838 0.0000
vt 0.7946 0.4366 0.0000
vt 0.7943 0.3347 0.0000
vt 0.8089 0.3157 0.0000
vt 0.8096 0.4197 0.0000
vt 0.7505 0.8631 0.0000
vt 0.7443 0.8631 0.0000
vt 0.7801 0.4672 0.0000
vt 0.7799 0.3694 0.0000
vt 0.8561 0.3304 0.0000
vt 0.8562 0.3075 0.0000
vt 0.8623 0.3304 0.0000
vt 0.8623 0.3710 0.0000
vt 0.8561 0.3708 0.0000
vt 0.7201 0.8136 0.0000
vt 0.7204 0.7117 0.0000
vt 0.7355 0.7286 0.0000
vt 0.7346 0.8326 0.0000
vt 0.4962 0.4094 0.0000
vt 0.4766 0.4159 0.0000
vt 0.4745 0.3222 0.0000
vt 0.4946 0.3106 0.0000
vt 0.4584 0.4252 0.0000
vt 0.4568 0.3376 0.0000
vt 0.7998 0.8844 0.0000
vt 0.7998 0.8626 0.0000
vt 0.7998 0.8408 0.0000
vt 0.3562 0.8691 0.0000
vt 0.3385 0.8589 0.0000
vt 0.3406 0.7651 0.0000
vt 0.3579 0.7706 0.0000
vt 0.6022 0.4323 0.0000
vt 0.6017 0.3107 0.0000
vt 0.6195 0.3102 0.0000
vt 0.6195 0.4305 0.0000
vt 0.5852 0.4363 0.0000
vt 0.5840 0.3176 0.0000
vt 0.7936 0.8626 0.0000
vt 0.7936 0.8844 0.0000
vt 0.5357 0.8791 0.0000
vt 0.5180 0.8786 0.0000
vt 0.5185 0.7566 0.0000
vt 0.5357 0.7585 0.0000
vt 0.7057 0.7791 0.0000
vt 0.7059 0.6811 0.0000
vt 0.8872 0.4135 0.0000
vt 0.8934 0.3075 0.0000
vt 0.8934 0.4134 0.0000
vt 0.7874 0.8602 0.0000
vt 0.7812 0.8789 0.0000
vt 0.7812 0.8601 0.0000
vt 0.8561 0.4691 0.0000
vt 0.8623 0.4691 0.0000
vt 0.3208 0.8435 0.0000
vt 0.3225 0.7559 0.0000
vt 0.8122 0.7735 0.0000
vt 0.8197 0.7715 0.0000
vt 0.8203 0.8704 0.0000
vt 0.8128 0.8734 0.0000
vt 0.8190 0.8734 0.0000
vt 0.7505 0.8862 0.0000
vt 0.8748 0.7567 0.0000
vt 0.8686 0.8445 0.0000
vt 0.8686 0.7567 0.0000
vt 0.5015 0.7527 0.0000
vt 0.5003 0.8717 0.0000
vt 0.8346 0.7607 0.0000
vt 0.8353 0.8818 0.0000
vt 0.8291 0.8818 0.0000
vt 0.8284 0.7605 0.0000
vt 0.8430 0.3075 0.0000
vt 0.8492 0.3075 0.0000
vt 0.8485 0.4269 0.0000
vt 0.8422 0.4271 0.0000
vt 0.8112 0.3075 0.0000
vt 0.8122 0.4134 0.0000
vt 0.7370 0.3077 0.0000
vt 0.7328 0.4185 0.0000
vt 0.7302 0.4147 0.0000
vt 0.7345 0.3102 0.0000
vt 0.7192 0.3076 0.0000
vt 0.7192 0.3102 0.0000
vt 0.7201 0.8181 0.0000
vt 0.7033 0.7778 0.0000
vt 0.7020 0.4005 0.0000
vt 0.7019 0.3075 0.0000
vt 0.7042 0.3101 0.0000
vt 0.7039 0.4029 0.0000
vt 0.7782 0.7454 0.0000
vt 0.7785 0.8382 0.0000
vt 0.7761 0.8408 0.0000
vt 0.7762 0.7477 0.0000
vt 0.7934 0.8381 0.0000
vt 0.7934 0.8407 0.0000
vt 0.7943 0.3302 0.0000
vt 0.3557 0.4034 0.0000
vt 0.3578 0.3102 0.0000
vt 0.3602 0.3077 0.0000
vt 0.3583 0.4020 0.0000
vt 0.3396 0.3102 0.0000
vt 0.3396 0.3076 0.0000
vt 0.3385 0.8619 0.0000
vt 0.3184 0.8445 0.0000
vt 0.3147 0.3970 0.0000
vt 0.3184 0.3075 0.0000
vt 0.3209 0.3101 0.0000
vt 0.3170 0.3990 0.0000
vt 0.4532 0.7821 0.0000
vt 0.4569 0.8710 0.0000
vt 0.4544 0.8736 0.0000
vt 0.4509 0.7841 0.0000
vt 0.4756 0.8735 0.0000
vt 0.4756 0.8709 0.0000
vt 0.4745 0.3192 0.0000
vt 0.4946 0.3075 0.0000
vt 0.6218 0.3075 0.0000
vt 0.6218 0.4286 0.0000
vt 0.5341 0.4239 0.0000
vt 0.5357 0.3101 0.0000
vt 0.5381 0.3075 0.0000
vt 0.5365 0.4224 0.0000
vt 0.5180 0.3075 0.0000
vt 0.5180 0.3101 0.0000
vt 0.5180 0.8812 0.0000
vt 0.4979 0.8734 0.0000
vt 0.4979 0.3075 0.0000
vt 0.5003 0.3101 0.0000
vt 0.4987 0.4224 0.0000
vt 0.4962 0.4207 0.0000
vt 0.5817 0.8818 0.0000
vt 0.5800 0.7686 0.0000
vt 0.5826 0.7669 0.0000
vt 0.5840 0.8792 0.0000
vt 0.6018 0.8792 0.0000
vt 0.6018 0.8818 0.0000
vt 0.6017 0.3081 0.0000
vt 0.7370 0.8408 0.0000
vt 0.8087 0.8380 0.0000
vt 0.8112 0.8406 0.0000
vt 0.7775 0.3706 0.0000
vt 0.3585 0.8736 0.0000
vt 0.4962 0.8734 0.0000
vt 0.4962 0.8708 0.0000
vt 0.4545 0.3366 0.0000
vt 0.5381 0.8818 0.0000
vt 0.6218 0.8818 0.0000
vt 0.6195 0.8792 0.0000
vt 0.5817 0.3159 0.0000
vt 0.7812 0.8408 0.0000
vt 0.7874 0.8408 0.0000
vt 0.5829 0.4353 0.0000
vt 0.5817 0.5426 0.0000
vt 0.5803 0.5427 0.0000
vt 0.5839 0.6546 0.0000
vt 0.5816 0.6554 0.0000
vt 0.4992 0.7539 0.0000
vt 0.4965 0.6466 0.0000
vt 0.4978 0.6467 0.0000
vt 0.5002 0.5348 0.0000
vt 0.4978 0.5339 0.0000
vt 0.5381 0.7605 0.0000
vt 0.5347 0.6515 0.0000
vt 0.5372 0.6521 0.0000
vt 0.5381 0.5372 0.0000
vt 0.5357 0.5377 0.0000
vt 0.6179 0.7654 0.0000
vt 0.6203 0.7669 0.0000
vt 0.6218 0.6521 0.0000
vt 0.6195 0.6516 0.0000
vt 0.6185 0.5378 0.0000
vt 0.6210 0.5372 0.0000
vt 0.8492 0.7603 0.0000
vt 0.8492 0.8734 0.0000
vt 0.8430 0.8734 0.0000
vt 0.8430 0.7603 0.0000
vt 0.8492 0.6471 0.0000
vt 0.8430 0.6471 0.0000
vt 0.8492 0.5344 0.0000
vt 0.8430 0.5344 0.0000
vt 0.8353 0.3075 0.0000
vt 0.8353 0.4224 0.0000
vt 0.8291 0.4224 0.0000
vt 0.8291 0.3075 0.0000
vt 0.8291 0.5372 0.0000
vt 0.8353 0.5372 0.0000
vt 0.8353 0.6521 0.0000
vt 0.8291 0.6521 0.0000
vt 0.5167 0.4238 0.0000
vt 0.5179 0.5375 0.0000
vt 0.5161 0.6512 0.0000
vt 0.6005 0.7655 0.0000
vt 0.6017 0.6518 0.0000
vt 0.6000 0.5381 0.0000
vt 0.7777 0.4687 0.0000
vt 0.7774 0.5610 0.0000
vt 0.7751 0.5626 0.0000
vt 0.7807 0.6526 0.0000
vt 0.7783 0.6547 0.0000
vt 0.7035 0.6795 0.0000
vt 0.7009 0.5856 0.0000
vt 0.7031 0.5872 0.0000
vt 0.7065 0.4956 0.0000
vt 0.7041 0.4936 0.0000
vt 0.7381 0.7349 0.0000
vt 0.7328 0.6170 0.0000
vt 0.7354 0.6224 0.0000
vt 0.7357 0.5192 0.0000
vt 0.7381 0.5209 0.0000
vt 0.8046 0.7336 0.0000
vt 0.8068 0.7340 0.0000
vt 0.8099 0.6291 0.0000
vt 0.8122 0.6274 0.0000
vt 0.8097 0.5257 0.0000
vt 0.8070 0.5296 0.0000
vt 0.8624 0.7482 0.0000
vt 0.8562 0.8412 0.0000
vt 0.8562 0.7482 0.0000
vt 0.8562 0.6551 0.0000
vt 0.8624 0.6551 0.0000
vt 0.8561 0.5631 0.0000
vt 0.8623 0.5630 0.0000
vt 0.8934 0.7297 0.0000
vt 0.8934 0.8406 0.0000
vt 0.8872 0.7339 0.0000
vt 0.8934 0.6274 0.0000
vt 0.8872 0.6274 0.0000
vt 0.8934 0.5258 0.0000
vt 0.8872 0.5256 0.0000
vt 0.7166 0.4105 0.0000
vt 0.7211 0.5109 0.0000
vt 0.7171 0.6072 0.0000
vt 0.7909 0.7378 0.0000
vt 0.7953 0.6374 0.0000
vt 0.7914 0.5409 0.0000
vt 0.4560 0.4244 0.0000
vt 0.4571 0.5169 0.0000
vt 0.4547 0.5172 0.0000
vt 0.4560 0.6054 0.0000
vt 0.4535 0.6062 0.0000
vt 0.4555 0.6946 0.0000
vt 0.4578 0.6932 0.0000
vt 0.3200 0.7567 0.0000
vt 0.3187 0.6638 0.0000
vt 0.3211 0.6640 0.0000
vt 0.3174 0.5748 0.0000
vt 0.3199 0.5756 0.0000
vt 0.3195 0.4865 0.0000
vt 0.3218 0.4879 0.0000
vt 0.3602 0.7737 0.0000
vt 0.3567 0.6828 0.0000
vt 0.3591 0.6849 0.0000
vt 0.3561 0.5893 0.0000
vt 0.3585 0.5903 0.0000
vt 0.3573 0.4965 0.0000
vt 0.3596 0.4963 0.0000
vt 0.8748 0.3970 0.0000
vt 0.8686 0.3970 0.0000
vt 0.8686 0.4865 0.0000
vt 0.8748 0.4865 0.0000
vt 0.8748 0.5748 0.0000
vt 0.8686 0.5749 0.0000
vt 0.8748 0.6638 0.0000
vt 0.8686 0.6639 0.0000
vt 0.8190 0.3075 0.0000
vt 0.8203 0.3101 0.0000
vt 0.8203 0.4035 0.0000
vt 0.8128 0.4019 0.0000
vt 0.8128 0.3075 0.0000
vt 0.8203 0.4968 0.0000
vt 0.8128 0.4962 0.0000
vt 0.8203 0.5900 0.0000
vt 0.8128 0.5902 0.0000
vt 0.8203 0.6836 0.0000
vt 0.8128 0.6848 0.0000
vt 0.3359 0.4016 0.0000
vt 0.3395 0.4931 0.0000
vt 0.3380 0.5833 0.0000
vt 0.3390 0.6757 0.0000
vt 0.4721 0.7795 0.0000
vt 0.4756 0.6880 0.0000
vt 0.4741 0.5977 0.0000
vt 0.4750 0.5054 0.0000
vt 0.4943 0.7775 0.0000
vt 0.4956 0.6841 0.0000
vt 0.4946 0.5909 0.0000
vt 0.4951 0.4973 0.0000
# 1292 texture coords

o Cube_004
g Cube_004
usemtl pruerta_uno_01___Default
s off
f 1089/1191/329 1090/1192/330 1091/1193/331 1092/1194/332 
f 1093/1195/333 1094/1196/334 1095/1197/335 1096/1198/336 
f 1091/1193/331 1097/1199/337 1098/1200/338 1092/1194/332 
f 1099/1201/339 1094/1196/334 1093/1195/333 1100/1202/340 
f 1097/1199/337 1101/1203/341 1102/1204/342 1098/1200/338 
f 1103/1205/343 1099/1201/339 1100/1202/340 1104/1206/344 
f 1101/1203/341 1105/1207/345 1106/1208/346 1102/1204/342 
f 1107/1209/347 1103/1205/343 1104/1206/344 1108/1210/348 
f 1105/1207/345 1109/1211/349 1110/1212/350 1106/1208/346 
f 1107/1209/347 1108/1210/348 1111/1213/351 1112/1214/352 
f 1113/1215/353 1114/1216/354 1115/1217/355 
f 1116/1218/356 1110/1212/350 1109/1211/349 
f 1111/1213/351 1117/1219/357 1118/1220/358 1112/1214/352 
f 1115/1217/355 1119/1221/359 1120/1222/360 1113/1215/353 
f 1117/1219/357 1090/1192/330 1089/1191/329 1118/1220/358 
f 1119/1221/359 1096/1198/336 1095/1197/335 1120/1222/360 
f 1105/1207/345 1121/1223/361 1122/1224/362 1109/1211/349 
f 1123/1225/363 1124/1226/364 1111/1213/351 1108/1210/348 
f 1115/1217/355 1114/1216/354 1125/1227/365 
f 1116/1218/356 1109/1211/349 1122/1224/362 
f 1126/1228/366 1117/1219/357 1111/1213/351 1124/1226/364 
f 1127/1229/367 1119/1221/359 1115/1217/355 1125/1227/365 
f 1128/1230/368 1090/1192/330 1117/1219/357 1126/1228/366 
f 1096/1198/336 1119/1221/359 1127/1229/367 1129/1231/369 
f 1090/1192/330 1128/1230/368 1130/1232/370 1091/1193/331 
f 1129/1231/369 1131/1233/371 1093/1195/333 1096/1198/336 
f 1130/1232/370 1132/1234/372 1097/1199/337 1091/1193/331 
f 1133/1235/373 1100/1202/340 1093/1195/333 1131/1233/371 
f 1097/1199/337 1132/1234/372 1134/1236/374 1101/1203/341 
f 1135/1237/375 1104/1206/344 1100/1202/340 1133/1235/373 
f 1134/1236/374 1121/1223/361 1105/1207/345 1101/1203/341 
f 1135/1237/375 1123/1225/363 1108/1210/348 1104/1206/344 
f 1136/1238/376 1137/1239/377 1131/1233/371 1129/1231/369 
f 1138/1240/378 1132/1234/372 1130/1232/370 1139/1241/379 
f 1133/1235/373 1131/1233/371 1137/1239/377 1140/1242/380 
f 1138/1240/378 1141/1243/381 1134/1236/374 1132/1234/372 
f 1133/1235/373 1140/1242/380 1142/1244/382 1135/1237/375 
f 1143/1245/383 1121/1223/361 1134/1236/374 1141/1243/381 
f 1144/1246/384 1123/1225/363 1135/1237/375 1142/1244/382 
f 1143/1245/383 1145/1247/385 1122/1224/362 1121/1223/361 
f 1144/1246/384 1146/1248/386 1124/1226/364 1123/1225/363 
f 1125/1227/365 1114/1216/354 1147/1249/387 
f 1116/1218/356 1122/1224/362 1145/1247/385 
f 1148/1250/388 1126/1228/366 1124/1226/364 1146/1248/386 
f 1125/1227/365 1147/1249/387 1149/1251/389 1127/1229/367 
f 1126/1228/366 1148/1250/388 1150/1252/390 1128/1230/368 
f 1149/1251/389 1136/1238/376 1129/1231/369 1127/1229/367 
f 1128/1230/368 1150/1252/390 1139/1241/379 1130/1232/370 
f 1151/1253/391 1146/1248/386 1144/1246/384 1152/1254/392 
f 1147/1249/387 1114/1216/354 1153/1255/393 
f 1116/1218/356 1145/1247/385 1154/1256/394 
f 1151/1253/391 1155/1257/395 1148/1250/388 1146/1248/386 
f 1149/1251/389 1147/1249/387 1153/1255/393 1156/1258/396 
f 1155/1257/395 1157/1259/397 1150/1252/390 1148/1250/388 
f 1156/1258/396 1158/1260/398 1136/1238/376 1149/1251/389 
f 1157/1259/397 1159/1261/399 1139/1241/379 1150/1252/390 
f 1160/1262/400 1137/1239/377 1136/1238/376 1158/1260/398 
f 1139/1241/379 1159/1261/399 1161/1263/401 1138/1240/378 
f 1162/1264/402 1140/1242/380 1137/1239/377 1160/1262/400 
f 1138/1240/378 1161/1263/401 1163/1265/403 1141/1243/381 
f 1142/1244/382 1140/1242/380 1162/1264/402 1164/1266/404 
f 1143/1245/383 1141/1243/381 1163/1265/403 1165/1267/405 
f 1142/1244/382 1164/1266/404 1152/1254/392 1144/1246/384 
f 1143/1245/383 1165/1267/405 1154/1256/394 1145/1247/385 
f 1159/1261/399 1166/1268/406 1167/1269/407 1161/1263/401 
f 1168/1270/408 1169/1271/409 1162/1264/402 1160/1262/400 
f 1170/1272/410 1163/1265/403 1161/1263/401 1167/1269/407 
f 1169/1271/409 1171/1273/411 1164/1266/404 1162/1264/402 
f 1163/1265/403 1170/1272/410 1172/1274/412 1165/1267/405 
f 1164/1266/404 1171/1273/411 1173/1275/413 1152/1254/392 
f 1174/1276/414 1154/1256/394 1165/1267/405 1172/1274/412 
f 1173/1275/413 1175/1277/415 1151/1253/391 1152/1254/392 
f 1153/1255/393 1114/1216/354 1176/1278/416 
f 1116/1218/356 1154/1256/394 1174/1276/414 
f 1151/1253/391 1175/1277/415 1177/1279/417 1155/1257/395 
f 1178/1280/418 1156/1258/396 1153/1255/393 1176/1278/416 
f 1155/1257/395 1177/1279/417 1179/1281/419 1157/1259/397 
f 1178/1280/418 1180/1282/420 1158/1260/398 1156/1258/396 
f 1159/1261/399 1157/1259/397 1179/1281/419 1166/1268/406 
f 1168/1270/408 1160/1262/400 1158/1260/398 1180/1282/420 
f 1176/1278/416 1114/1216/354 1181/1283/421 
f 1116/1218/356 1174/1276/414 1182/1284/422 
f 1183/1285/423 1184/1286/424 1177/1279/417 1175/1277/415 
f 1178/1280/418 1176/1278/416 1181/1283/421 1185/1287/425 
f 1179/1281/419 1177/1279/417 1184/1286/424 1186/1288/426 
f 1180/1282/420 1178/1280/418 1185/1287/425 1187/1289/427 
f 1186/1288/426 1188/1290/428 1166/1268/406 1179/1281/419 
f 1189/1291/429 1168/1270/408 1180/1282/420 1187/1289/427 
f 1166/1268/406 1188/1290/428 1190/1292/430 1167/1269/407 
f 1168/1270/408 1189/1291/429 1191/1293/431 1169/1271/409 
f 1167/1269/407 1190/1292/430 1192/1294/432 1170/1272/410 
f 1193/1295/433 1171/1273/411 1169/1271/409 1191/1293/431 
f 1172/1274/412 1170/1272/410 1192/1294/432 1194/1296/434 
f 1173/1275/413 1171/1273/411 1193/1295/433 1195/1297/435 
f 1194/1296/434 1182/1284/422 1174/1276/414 1172/1274/412 
f 1175/1277/415 1173/1275/413 1195/1297/435 1183/1285/423 
f 1196/1298/436 1197/1299/437 1191/1293/431 1189/1291/429 
f 1190/1292/430 1198/1300/438 1199/1301/439 1192/1294/432 
f 1200/1302/440 1193/1295/433 1191/1293/431 1197/1299/437 
f 1199/1301/439 1201/1303/441 1194/1296/434 1192/1294/432 
f 1202/1304/442 1195/1297/435 1193/1295/433 1200/1302/440 
f 1201/1303/441 1203/1305/443 1182/1284/422 1194/1296/434 
f 1202/1304/442 1204/1306/444 1183/1285/423 1195/1297/435 
f 1181/1283/421 1114/1216/354 1205/1307/445 
f 1116/1218/356 1182/1284/422 1203/1305/443 
f 1204/1306/444 1206/1308/446 1184/1286/424 1183/1285/423 
f 1207/1309/447 1185/1287/425 1181/1283/421 1205/1307/445 
f 1208/1310/448 1186/1288/426 1184/1286/424 1206/1308/446 
f 1185/1287/425 1207/1309/447 1209/1311/449 1187/1289/427 
f 1186/1288/426 1208/1310/448 1210/1312/450 1188/1290/428 
f 1209/1311/449 1196/1298/436 1189/1291/429 1187/1289/427 
f 1190/1292/430 1188/1290/428 1210/1312/450 1198/1300/438 
f 1206/1308/446 1204/1306/444 1211/1313/451 1212/1314/452 
f 1207/1309/447 1205/1307/445 1213/1315/453 1214/1316/454 
f 1208/1310/448 1206/1308/446 1212/1314/452 1215/1317/455 
f 1207/1309/447 1214/1316/454 1216/1318/456 1209/1311/449 
f 1215/1317/455 1217/1319/457 1210/1312/450 1208/1310/448 
f 1218/1320/458 1196/1298/436 1209/1311/449 1216/1318/456 
f 1219/1321/459 1198/1300/438 1210/1312/450 1217/1319/457 
f 1218/1320/458 1220/1322/460 1197/1299/437 1196/1298/436 
f 1221/1323/461 1199/1301/439 1198/1300/438 1219/1321/459 
f 1222/1324/462 1200/1302/440 1197/1299/437 1220/1322/460 
f 1221/1323/461 1223/1325/463 1201/1303/441 1199/1301/439 
f 1222/1324/462 1224/1326/464 1202/1304/442 1200/1302/440 
f 1225/1327/465 1203/1305/443 1201/1303/441 1223/1325/463 
f 1202/1304/442 1224/1326/464 1211/1313/451 1204/1306/444 
f 1205/1307/445 1114/1216/354 1213/1315/453 
f 1116/1218/356 1203/1305/443 1225/1327/465 
f 1226/1328/466 1221/1323/461 1219/1321/459 1227/1329/467 
f 1228/1330/468 1222/1324/462 1220/1322/460 1229/1331/469 
f 1230/1332/470 1223/1325/463 1221/1323/461 1226/1328/466 
f 1222/1324/462 1228/1330/468 1231/1333/471 1224/1326/464 
f 1225/1327/465 1223/1325/463 1230/1332/470 1232/1334/472 
f 1233/1335/473 1211/1313/451 1224/1326/464 1231/1333/471 
f 1213/1315/453 1114/1216/354 1234/1336/474 
f 1116/1218/356 1225/1327/465 1232/1334/472 
f 1212/1314/452 1211/1313/451 1233/1335/473 1235/1337/475 
f 1236/1338/476 1214/1316/454 1213/1315/453 1234/1336/474 
f 1237/1339/477 1215/1317/455 1212/1314/452 1235/1337/475 
f 1216/1318/456 1214/1316/454 1236/1338/476 1238/1340/478 
f 1217/1319/457 1215/1317/455 1237/1339/477 1239/1341/479 
f 1218/1320/458 1216/1318/456 1238/1340/478 1240/1342/480 
f 1239/1341/479 1227/1329/467 1219/1321/459 1217/1319/457 
f 1218/1320/458 1240/1342/480 1229/1331/469 1220/1322/460 
f 1241/1343/481 1242/1344/482 1237/1339/477 1235/1337/475 
f 1243/1345/483 1238/1340/478 1236/1338/476 1244/1346/484 
f 1242/1344/482 1245/1347/485 1239/1341/479 1237/1339/477 
f 1238/1340/478 1243/1345/483 1246/1348/486 1240/1342/480 
f 1245/1347/485 1247/1349/487 1227/1329/467 1239/1341/479 
f 1229/1331/469 1240/1342/480 1246/1348/486 1248/1350/488 
f 1247/1349/487 1249/1351/489 1226/1328/466 1227/1329/467 
f 1229/1331/469 1248/1350/488 1250/1352/490 1228/1330/468 
f 1251/1353/491 1230/1332/470 1226/1328/466 1249/1351/489 
f 1252/1354/492 1231/1333/471 1228/1330/468 1250/1352/490 
f 1232/1334/472 1230/1332/470 1251/1353/491 1253/1355/493 
f 1254/1356/494 1233/1335/473 1231/1333/471 1252/1354/492 
f 1234/1336/474 1114/1216/354 1255/1357/495 
f 1116/1218/356 1232/1334/472 1253/1355/493 
f 1241/1343/481 1235/1337/475 1233/1335/473 1254/1356/494 
f 1234/1336/474 1255/1357/495 1244/1346/484 1236/1338/476 
f 1256/1358/496 1257/1359/497 1251/1353/491 1249/1351/489 
f 1258/1360/498 1252/1354/492 1250/1352/490 1259/1361/499 
f 1260/1362/500 1253/1355/493 1251/1353/491 1257/1359/497 
f 1254/1356/494 1252/1354/492 1258/1360/498 1261/1363/501 
f 1255/1357/495 1114/1216/354 1262/1364/502 
f 1116/1218/356 1253/1355/493 1260/1362/500 
f 1263/1365/503 1241/1343/481 1254/1356/494 1261/1363/501 
f 1264/1366/504 1244/1346/484 1255/1357/495 1262/1364/502 
f 1242/1344/482 1241/1343/481 1263/1365/503 1265/1367/505 
f 1264/1366/504 1266/1368/506 1243/1345/483 1244/1346/484 
f 1265/1367/505 1267/1369/507 1245/1347/485 1242/1344/482 
f 1243/1345/483 1266/1368/506 1268/1370/508 1246/1348/486 
f 1247/1349/487 1245/1347/485 1267/1369/507 1269/1371/509 
f 1246/1348/486 1268/1370/508 1270/1372/510 1248/1350/488 
f 1247/1349/487 1269/1371/509 1256/1358/496 1249/1351/489 
f 1259/1361/499 1250/1352/490 1248/1350/488 1270/1372/510 
f 1271/1373/511 1266/1368/506 1264/1366/504 1272/1374/512 
f 1273/1375/513 1267/1369/507 1265/1367/505 1274/1376/514 
f 1268/1370/508 1266/1368/506 1271/1373/511 1275/1377/515 
f 1273/1375/513 1276/1378/516 1269/1371/509 1267/1369/507 
f 1270/1372/510 1268/1370/508 1275/1377/515 1277/1379/517 
f 1278/1380/518 1256/1358/496 1269/1371/509 1276/1378/516 
f 1259/1361/499 1270/1372/510 1277/1379/517 1279/1381/519 
f 1278/1380/518 1280/1382/520 1257/1359/497 1256/1358/496 
f 1259/1361/499 1279/1381/519 1281/1383/521 1258/1360/498 
f 1282/1384/522 1260/1362/500 1257/1359/497 1280/1382/520 
f 1283/1385/523 1261/1363/501 1258/1360/498 1281/1383/521 
f 1262/1364/502 1114/1216/354 1284/1386/524 
f 1116/1218/356 1260/1362/500 1282/1384/522 
f 1283/1385/523 1285/1387/525 1263/1365/503 1261/1363/501 
f 1284/1386/524 1272/1374/512 1264/1366/504 1262/1364/502 
f 1285/1387/525 1274/1376/514 1265/1367/505 1263/1365/503 
f 1286/1388/526 1281/1383/521 1279/1381/519 1287/1389/527 
f 1282/1384/522 1280/1382/520 1288/1390/528 1289/1391/529 
f 1283/1385/523 1281/1383/521 1286/1388/526 1290/1392/530 
f 1284/1386/524 1114/1216/354 1291/1393/531 
f 1116/1218/356 1282/1384/522 1289/1391/529 
f 1285/1387/525 1283/1385/523 1290/1392/530 1292/1394/532 
f 1272/1374/512 1284/1386/524 1291/1393/531 1293/1395/533 
f 1292/1394/532 1294/1396/534 1274/1376/514 1285/1387/525 
f 1293/1395/533 1295/1397/535 1271/1373/511 1272/1374/512 
f 1274/1376/514 1294/1396/534 1296/1398/536 1273/1375/513 
f 1297/1399/537 1275/1377/515 1271/1373/511 1295/1397/535 
f 1298/1400/538 1276/1378/516 1273/1375/513 1296/1398/536 
f 1275/1377/515 1297/1399/537 1299/1401/539 1277/1379/517 
f 1298/1400/538 1300/1402/540 1278/1380/518 1276/1378/516 
f 1299/1401/539 1287/1389/527 1279/1381/519 1277/1379/517 
f 1300/1402/540 1288/1390/528 1280/1382/520 1278/1380/518 
f 1296/1398/536 1294/1396/534 1301/1403/541 1302/1404/542 
f 1303/1405/543 1297/1399/537 1295/1397/535 1304/1406/544 
f 1298/1400/538 1296/1398/536 1302/1404/542 1305/1407/545 
f 1306/1408/546 1299/1401/539 1297/1399/537 1303/1405/543 
f 1307/1409/547 1300/1402/540 1298/1400/538 1305/1407/545 
f 1306/1408/546 1308/1410/548 1287/1389/527 1299/1401/539 
f 1307/1409/547 1309/1411/549 1288/1390/528 1300/1402/540 
f 1286/1388/526 1287/1389/527 1308/1410/548 1310/1412/550 
f 1288/1390/528 1309/1411/549 1311/1413/551 1289/1391/529 
f 1312/1414/552 1290/1392/530 1286/1388/526 1310/1412/550 
f 1291/1393/531 1114/1216/354 1313/1415/553 
f 1116/1218/356 1289/1391/529 1311/1413/551 
f 1314/1416/554 1292/1394/532 1290/1392/530 1312/1414/552 
f 1291/1393/531 1313/1415/553 1315/1417/555 1293/1395/533 
f 1292/1394/532 1314/1416/554 1301/1403/541 1294/1396/534 
f 1293/1395/533 1315/1417/555 1304/1406/544 1295/1397/535 
f 1311/1413/551 1309/1411/549 1316/1418/556 1317/1419/557 
f 1312/1414/552 1310/1412/550 1318/1420/558 1319/1421/559 
f 1313/1415/553 1114/1216/354 1320/1422/560 
f 1116/1218/356 1311/1413/551 1317/1419/557 
f 1314/1416/554 1312/1414/552 1319/1421/559 1321/1423/561 
f 1315/1417/555 1313/1415/553 1320/1422/560 1322/1424/562 
f 1314/1416/554 1321/1423/561 1323/1425/563 1301/1403/541 
f 1315/1417/555 1322/1424/562 1324/1426/564 1304/1406/544 
f 1301/1403/541 1323/1425/563 1325/1427/565 1302/1404/542 
f 1324/1426/564 1326/1428/566 1303/1405/543 1304/1406/544 
f 1325/1427/565 1327/1429/567 1305/1407/545 1302/1404/542 
f 1326/1428/566 1328/1430/568 1306/1408/546 1303/1405/543 
f 1329/1431/569 1307/1409/547 1305/1407/545 1327/1429/567 
f 1306/1408/546 1328/1430/568 1330/1432/570 1308/1410/548 
f 1309/1411/549 1307/1409/547 1329/1431/569 1316/1418/556 
f 1308/1410/548 1330/1432/570 1318/1420/558 1310/1412/550 
f 1331/1433/571 1332/1434/572 1326/1428/566 1324/1426/564 
f 1333/1435/573 1327/1429/567 1325/1427/565 1334/1436/574 
f 1326/1428/566 1332/1434/572 1335/1437/575 1328/1430/568 
f 1327/1429/567 1333/1435/573 1336/1438/576 1329/1431/569 
f 1330/1432/570 1328/1430/568 1335/1437/575 1337/1439/577 
f 1316/1418/556 1329/1431/569 1336/1438/576 1338/1440/578 
f 1339/1441/579 1318/1420/558 1330/1432/570 1337/1439/577 
f 1316/1418/556 1338/1440/578 1340/1442/580 1317/1419/557 
f 1318/1420/558 1339/1441/579 1341/1443/581 1319/1421/559 
f 1320/1422/560 1114/1216/354 1342/1444/582 
f 1116/1218/356 1317/1419/557 1340/1442/580 
f 1343/1445/583 1321/1423/561 1319/1421/559 1341/1443/581 
f 1320/1422/560 1342/1444/582 1344/1446/584 1322/1424/562 
f 1323/1425/563 1321/1423/561 1343/1445/583 1345/1447/585 
f 1344/1446/584 1331/1433/571 1324/1426/564 1322/1424/562 
f 1345/1447/585 1334/1436/574 1325/1427/565 1323/1425/563 
f 1346/1191/329 1347/1192/330 1348/1193/331 1349/1194/332 
f 1350/1197/335 1351/1198/336 1352/1195/333 1353/1196/334 
f 1354/1200/338 1349/1194/332 1348/1193/331 1355/1199/337 
f 1353/1196/334 1352/1195/333 1356/1202/340 1357/1201/339 
f 1354/1200/338 1355/1199/337 1358/1203/341 1359/1204/342 
f 1357/1201/339 1356/1202/340 1360/1206/344 1361/1205/586 
f 1362/1208/346 1359/1204/342 1358/1203/341 1363/1207/345 
f 1360/1206/344 1364/1210/348 1365/1209/347 1361/1205/586 
f 1366/1212/350 1362/1208/346 1363/1207/345 1367/1211/349 
f 1368/1214/352 1365/1209/347 1364/1210/348 1369/1213/351 
f 1370/1215/353 1371/1216/354 1372/1217/355 
f 1373/1218/356 1366/1212/350 1367/1211/349 
f 1374/1220/358 1368/1214/352 1369/1213/351 1375/1219/357 
f 1370/1215/353 1372/1217/355 1376/1221/359 1377/1222/360 
f 1346/1191/329 1374/1220/358 1375/1219/357 1347/1192/330 
f 1350/1197/335 1377/1222/360 1376/1221/359 1351/1198/336 
f 1363/1207/345 1378/1223/361 1379/1224/362 1367/1211/349 
f 1364/1210/348 1380/1225/363 1381/1226/364 1369/1213/351 
f 1372/1217/355 1371/1216/354 1382/1227/365 
f 1373/1218/356 1367/1211/349 1379/1224/362 
f 1383/1228/366 1375/1219/357 1369/1213/351 1381/1226/364 
f 1376/1221/359 1372/1217/355 1382/1227/365 1384/1229/367 
f 1347/1192/330 1375/1219/357 1383/1228/366 1385/1230/587 
f 1386/1231/369 1351/1198/336 1376/1221/359 1384/1229/367 
f 1385/1230/587 1387/1232/370 1348/1193/331 1347/1192/330 
f 1386/1231/369 1388/1233/371 1352/1195/333 1351/1198/336 
f 1348/1193/331 1387/1232/370 1389/1234/372 1355/1199/337 
f 1388/1233/371 1390/1235/373 1356/1202/340 1352/1195/333 
f 1389/1234/372 1391/1236/374 1358/1203/341 1355/1199/337 
f 1356/1202/340 1390/1235/373 1392/1237/375 1360/1206/344 
f 1391/1236/374 1378/1223/361 1363/1207/345 1358/1203/341 
f 1392/1237/375 1380/1225/363 1364/1210/348 1360/1206/344 
f 1393/1238/376 1394/1239/377 1388/1233/371 1386/1231/369 
f 1389/1234/372 1387/1232/370 1395/1241/379 1396/1240/378 
f 1394/1239/377 1397/1242/380 1390/1235/373 1388/1233/371 
f 1396/1240/378 1398/1243/381 1391/1236/374 1389/1234/372 
f 1392/1237/375 1390/1235/373 1397/1242/380 1399/1244/382 
f 1398/1243/381 1400/1245/383 1378/1223/361 1391/1236/374 
f 1399/1244/382 1401/1246/384 1380/1225/363 1392/1237/375 
f 1379/1224/362 1378/1223/361 1400/1245/383 1402/1247/385 
f 1403/1248/386 1381/1226/364 1380/1225/363 1401/1246/384 
f 1382/1227/365 1371/1216/354 1404/1249/387 
f 1373/1218/356 1379/1224/362 1402/1247/385 
f 1383/1228/366 1381/1226/364 1403/1248/386 1405/1250/388 
f 1384/1229/367 1382/1227/365 1404/1249/387 1406/1251/389 
f 1385/1230/587 1383/1228/366 1405/1250/388 1407/1252/390 
f 1406/1251/389 1393/1238/376 1386/1231/369 1384/1229/367 
f 1395/1241/379 1387/1232/370 1385/1230/587 1407/1252/390 
f 1408/1254/392 1409/1253/391 1403/1248/386 1401/1246/384 
f 1404/1249/387 1371/1216/354 1410/1255/393 
f 1373/1218/356 1402/1247/385 1411/1256/394 
f 1403/1248/386 1409/1253/391 1412/1257/395 1405/1250/388 
f 1404/1249/387 1410/1255/393 1413/1258/396 1406/1251/389 
f 1405/1250/388 1412/1257/395 1414/1259/397 1407/1252/390 
f 1393/1238/376 1406/1251/389 1413/1258/396 1415/1260/398 
f 1407/1252/390 1414/1259/397 1416/1261/399 1395/1241/379 
f 1393/1238/376 1415/1260/398 1417/1262/400 1394/1239/377 
f 1395/1241/379 1416/1261/399 1418/1263/401 1396/1240/378 
f 1419/1264/402 1397/1242/380 1394/1239/377 1417/1262/400 
f 1398/1243/381 1396/1240/378 1418/1263/401 1420/1265/403 
f 1399/1244/382 1397/1242/380 1419/1264/402 1421/1266/404 
f 1400/1245/383 1398/1243/381 1420/1265/403 1422/1267/405 
f 1401/1246/384 1399/1244/382 1421/1266/404 1408/1254/392 
f 1411/1256/394 1402/1247/385 1400/1245/383 1422/1267/405 
f 1416/1261/399 1423/1268/406 1424/1269/407 1418/1263/401 
f 1425/1270/408 1426/1271/409 1419/1264/402 1417/1262/400 
f 1424/1269/407 1427/1272/410 1420/1265/403 1418/1263/401 
f 1421/1266/404 1419/1264/402 1426/1271/409 1428/1273/411 
f 1427/1272/410 1429/1274/412 1422/1267/405 1420/1265/403 
f 1421/1266/404 1428/1273/411 1430/1275/413 1408/1254/392 
f 1411/1256/394 1422/1267/405 1429/1274/412 1431/1276/414 
f 1430/1275/413 1432/1277/415 1409/1253/391 1408/1254/392 
f 1410/1255/393 1371/1216/354 1433/1278/416 
f 1373/1218/356 1411/1256/394 1431/1276/414 
f 1432/1277/415 1434/1279/417 1412/1257/395 1409/1253/391 
f 1410/1255/393 1433/1278/416 1435/1280/418 1413/1258/396 
f 1412/1257/395 1434/1279/417 1436/1281/419 1414/1259/397 
f 1437/1282/420 1415/1260/398 1413/1258/396 1435/1280/418 
f 1414/1259/397 1436/1281/419 1423/1268/406 1416/1261/399 
f 1425/1270/408 1417/1262/400 1415/1260/398 1437/1282/420 
f 1433/1278/416 1371/1216/354 1438/1283/421 
f 1373/1218/356 1431/1276/414 1439/1284/422 
f 1440/1286/424 1434/1279/417 1432/1277/415 1441/1285/423 
f 1438/1283/421 1442/1287/425 1435/1280/418 1433/1278/416 
f 1440/1286/424 1443/1288/426 1436/1281/419 1434/1279/417 
f 1442/1287/425 1444/1289/427 1437/1282/420 1435/1280/418 
f 1436/1281/419 1443/1288/426 1445/1290/428 1423/1268/406 
f 1444/1289/427 1446/1291/429 1425/1270/408 1437/1282/420 
f 1424/1269/407 1423/1268/406 1445/1290/428 1447/1292/430 
f 1426/1271/409 1425/1270/408 1446/1291/429 1448/1293/431 
f 1449/1294/432 1427/1272/410 1424/1269/407 1447/1292/430 
f 1448/1293/431 1450/1295/433 1428/1273/411 1426/1271/409 
f 1429/1274/412 1427/1272/410 1449/1294/432 1451/1296/434 
f 1450/1295/433 1452/1297/435 1430/1275/413 1428/1273/411 
f 1451/1296/434 1439/1284/422 1431/1276/414 1429/1274/412 
f 1441/1285/423 1432/1277/415 1430/1275/413 1452/1297/435 
f 1448/1293/431 1446/1291/429 1453/1298/436 1454/1299/437 
f 1455/1301/439 1449/1294/432 1447/1292/430 1456/1300/438 
f 1457/1302/440 1450/1295/433 1448/1293/431 1454/1299/437 
f 1458/1303/441 1451/1296/434 1449/1294/432 1455/1301/439 
f 1457/1302/440 1459/1304/442 1452/1297/435 1450/1295/433 
f 1460/1305/443 1439/1284/422 1451/1296/434 1458/1303/441 
f 1459/1304/442 1461/1306/444 1441/1285/423 1452/1297/435 
f 1438/1283/421 1371/1216/354 1462/1307/445 
f 1373/1218/356 1439/1284/422 1460/1305/443 
f 1461/1306/444 1463/1308/446 1440/1286/424 1441/1285/423 
f 1462/1307/445 1464/1309/447 1442/1287/425 1438/1283/421 
f 1440/1286/424 1463/1308/446 1465/1310/448 1443/1288/426 
f 1466/1311/449 1444/1289/427 1442/1287/425 1464/1309/447 
f 1467/1312/450 1445/1290/428 1443/1288/426 1465/1310/448 
f 1444/1289/427 1466/1311/449 1453/1298/436 1446/1291/429 
f 1445/1290/428 1467/1312/450 1456/1300/438 1447/1292/430 
f 1468/1314/452 1463/1308/446 1461/1306/444 1469/1313/451 
f 1470/1316/454 1464/1309/447 1462/1307/445 1471/1315/453 
f 1468/1314/452 1472/1317/455 1465/1310/448 1463/1308/446 
f 1466/1311/449 1464/1309/447 1470/1316/454 1473/1318/456 
f 1465/1310/448 1472/1317/455 1474/1319/457 1467/1312/450 
f 1473/1318/456 1475/1320/458 1453/1298/436 1466/1311/449 
f 1474/1319/457 1476/1321/459 1456/1300/438 1467/1312/450 
f 1453/1298/436 1475/1320/458 1477/1322/460 1454/1299/437 
f 1476/1321/459 1478/1323/461 1455/1301/439 1456/1300/438 
f 1479/1324/462 1457/1302/440 1454/1299/437 1477/1322/460 
f 1455/1301/439 1478/1323/461 1480/1325/463 1458/1303/441 
f 1459/1304/442 1457/1302/440 1479/1324/462 1481/1326/464 
f 1482/1327/465 1460/1305/443 1458/1303/441 1480/1325/463 
f 1481/1326/464 1469/1313/451 1461/1306/444 1459/1304/442 
f 1462/1307/445 1371/1216/354 1471/1315/453 
f 1373/1218/356 1460/1305/443 1482/1327/465 
f 1483/1329/467 1484/1328/466 1478/1323/461 1476/1321/459 
f 1479/1324/462 1477/1322/460 1485/1331/469 1486/1330/468 
f 1480/1325/463 1478/1323/461 1484/1328/466 1487/1332/470 
f 1486/1330/468 1488/1333/471 1481/1326/464 1479/1324/462 
f 1487/1332/470 1489/1334/472 1482/1327/465 1480/1325/463 
f 1481/1326/464 1488/1333/471 1490/1335/473 1469/1313/451 
f 1471/1315/453 1371/1216/354 1491/1336/474 
f 1373/1218/356 1482/1327/465 1489/1334/472 
f 1469/1313/451 1490/1335/473 1492/1337/475 1468/1314/452 
f 1493/1338/476 1470/1316/454 1471/1315/453 1491/1336/474 
f 1472/1317/455 1468/1314/452 1492/1337/475 1494/1339/477 
f 1473/1318/456 1470/1316/454 1493/1338/476 1495/1340/478 
f 1474/1319/457 1472/1317/455 1494/1339/477 1496/1341/479 
f 1473/1318/456 1495/1340/478 1497/1342/480 1475/1320/458 
f 1496/1341/479 1483/1329/467 1476/1321/459 1474/1319/457 
f 1497/1342/480 1485/1331/469 1477/1322/460 1475/1320/458 
f 1498/1344/482 1494/1339/477 1492/1337/475 1499/1343/481 
f 1493/1338/476 1500/1346/484 1501/1345/483 1495/1340/478 
f 1494/1339/477 1498/1344/482 1502/1347/485 1496/1341/479 
f 1501/1345/483 1503/1348/486 1497/1342/480 1495/1340/478 
f 1502/1347/485 1504/1349/487 1483/1329/467 1496/1341/479 
f 1505/1350/488 1485/1331/469 1497/1342/480 1503/1348/486 
f 1506/1351/489 1484/1328/466 1483/1329/467 1504/1349/487 
f 1485/1331/469 1505/1350/488 1507/1352/490 1486/1330/468 
f 1508/1353/491 1487/1332/470 1484/1328/466 1506/1351/489 
f 1488/1333/471 1486/1330/468 1507/1352/490 1509/1354/492 
f 1510/1355/493 1489/1334/472 1487/1332/470 1508/1353/491 
f 1490/1335/473 1488/1333/471 1509/1354/492 1511/1356/494 
f 1491/1336/474 1371/1216/354 1512/1357/495 
f 1373/1218/356 1489/1334/472 1510/1355/493 
f 1511/1356/494 1499/1343/481 1492/1337/475 1490/1335/473 
f 1512/1357/495 1500/1346/484 1493/1338/476 1491/1336/474 
f 1513/1358/496 1514/1359/497 1508/1353/491 1506/1351/489 
f 1515/1360/498 1509/1354/492 1507/1352/490 1516/1361/499 
f 1514/1359/497 1517/1362/588 1510/1355/493 1508/1353/491 
f 1511/1356/494 1509/1354/492 1515/1360/498 1518/1363/501 
f 1512/1357/495 1371/1216/354 1519/1364/502 
f 1373/1218/356 1510/1355/493 1517/1362/588 
f 1520/1365/503 1499/1343/481 1511/1356/494 1518/1363/501 
f 1500/1346/484 1512/1357/495 1519/1364/502 1521/1366/504 
f 1498/1344/482 1499/1343/481 1520/1365/503 1522/1367/589 
f 1500/1346/484 1521/1366/504 1523/1368/506 1501/1345/483 
f 1522/1367/589 1524/1369/507 1502/1347/485 1498/1344/482 
f 1525/1370/508 1503/1348/486 1501/1345/483 1523/1368/506 
f 1504/1349/487 1502/1347/485 1524/1369/507 1526/1371/509 
f 1503/1348/486 1525/1370/508 1527/1372/510 1505/1350/488 
f 1504/1349/487 1526/1371/509 1513/1358/496 1506/1351/489 
f 1507/1352/490 1505/1350/488 1527/1372/510 1516/1361/499 
f 1528/1373/511 1523/1368/506 1521/1366/504 1529/1374/512 
f 1522/1367/589 1530/1376/514 1531/1375/513 1524/1369/507 
f 1532/1377/515 1525/1370/508 1523/1368/506 1528/1373/511 
f 1533/1378/516 1526/1371/509 1524/1369/507 1531/1375/513 
f 1525/1370/508 1532/1377/515 1534/1379/517 1527/1372/510 
f 1526/1371/509 1533/1378/516 1535/1380/518 1513/1358/496 
f 1527/1372/510 1534/1379/517 1536/1381/519 1516/1361/499 
f 1537/1382/520 1514/1359/497 1513/1358/496 1535/1380/518 
f 1536/1381/519 1538/1383/521 1515/1360/498 1516/1361/499 
f 1514/1359/497 1537/1382/520 1539/1384/522 1517/1362/588 
f 1515/1360/498 1538/1383/521 1540/1385/523 1518/1363/501 
f 1519/1364/502 1371/1216/354 1541/1386/524 
f 1373/1218/356 1517/1362/588 1539/1384/522 
f 1540/1385/523 1542/1387/590 1520/1365/503 1518/1363/501 
f 1529/1374/512 1521/1366/504 1519/1364/502 1541/1386/524 
f 1542/1387/590 1530/1376/514 1522/1367/589 1520/1365/503 
f 1538/1383/521 1536/1381/519 1543/1389/527 1544/1388/526 
f 1537/1382/520 1545/1390/528 1546/1391/529 1539/1384/522 
f 1538/1383/521 1544/1388/526 1547/1392/530 1540/1385/523 
f 1541/1386/524 1371/1216/354 1548/1393/531 
f 1373/1218/356 1539/1384/522 1546/1391/529 
f 1547/1392/530 1549/1394/532 1542/1387/590 1540/1385/523 
f 1550/1395/533 1529/1374/512 1541/1386/524 1548/1393/531 
f 1549/1394/532 1551/1396/534 1530/1376/514 1542/1387/590 
f 1529/1374/512 1550/1395/533 1552/1397/535 1528/1373/511 
f 1553/1398/536 1531/1375/513 1530/1376/514 1551/1396/534 
f 1552/1397/535 1554/1399/537 1532/1377/515 1528/1373/511 
f 1531/1375/513 1553/1398/536 1555/1400/538 1533/1378/516 
f 1532/1377/515 1554/1399/537 1556/1401/539 1534/1379/517 
f 1533/1378/516 1555/1400/538 1557/1402/540 1535/1380/518 
f 1536/1381/519 1534/1379/517 1556/1401/539 1543/1389/527 
f 1557/1402/540 1545/1390/528 1537/1382/520 1535/1380/518 
f 1558/1403/591 1559/1404/542 1553/1398/536 1551/1396/534 
f 1552/1397/535 1560/1406/544 1561/1405/543 1554/1399/537 
f 1559/1404/542 1562/1407/545 1555/1400/538 1553/1398/536 
f 1556/1401/539 1554/1399/537 1561/1405/543 1563/1408/546 
f 1557/1402/540 1555/1400/538 1562/1407/545 1564/1409/592 
f 1556/1401/539 1563/1408/546 1565/1410/548 1543/1389/527 
f 1557/1402/540 1564/1409/592 1566/1411/549 1545/1390/528 
f 1565/1410/548 1567/1412/550 1544/1388/526 1543/1389/527 
f 1546/1391/529 1545/1390/528 1566/1411/549 1568/1413/551 
f 1547/1392/530 1544/1388/526 1567/1412/550 1569/1414/552 
f 1548/1393/531 1371/1216/354 1570/1415/553 
f 1373/1218/356 1546/1391/529 1568/1413/551 
f 1571/1416/554 1549/1394/532 1547/1392/530 1569/1414/552 
f 1572/1417/555 1550/1395/533 1548/1393/531 1570/1415/553 
f 1571/1416/554 1558/1403/591 1551/1396/534 1549/1394/532 
f 1572/1417/555 1560/1406/544 1552/1397/535 1550/1395/533 
f 1573/1419/557 1568/1413/551 1566/1411/549 1574/1418/556 
f 1567/1412/550 1575/1420/558 1576/1421/559 1569/1414/552 
f 1570/1415/553 1371/1216/354 1577/1422/560 
f 1373/1218/356 1568/1413/551 1573/1419/557 
f 1571/1416/554 1569/1414/552 1576/1421/559 1578/1423/593 
f 1577/1422/560 1579/1424/594 1572/1417/555 1570/1415/553 
f 1571/1416/554 1578/1423/593 1580/1425/563 1558/1403/591 
f 1581/1426/564 1560/1406/544 1572/1417/555 1579/1424/594 
f 1580/1425/563 1582/1427/565 1559/1404/542 1558/1403/591 
f 1561/1405/543 1560/1406/544 1581/1426/564 1583/1428/595 
f 1559/1404/542 1582/1427/565 1584/1429/567 1562/1407/545 
f 1561/1405/543 1583/1428/595 1585/1430/568 1563/1408/546 
f 1564/1409/592 1562/1407/545 1584/1429/567 1586/1431/569 
f 1587/1432/570 1565/1410/548 1563/1408/546 1585/1430/568 
f 1564/1409/592 1586/1431/569 1574/1418/556 1566/1411/549 
f 1575/1420/558 1567/1412/550 1565/1410/548 1587/1432/570 
f 1583/1428/595 1581/1426/564 1588/1433/571 1589/1434/596 
f 1584/1429/567 1582/1427/565 1590/1436/574 1591/1435/573 
f 1583/1428/595 1589/1434/596 1592/1437/575 1585/1430/568 
f 1584/1429/567 1591/1435/573 1593/1438/597 1586/1431/569 
f 1587/1432/570 1585/1430/568 1592/1437/575 1594/1439/577 
f 1574/1418/556 1586/1431/569 1593/1438/597 1595/1440/578 
f 1594/1439/577 1596/1441/579 1575/1420/558 1587/1432/570 
f 1574/1418/556 1595/1440/578 1597/1442/580 1573/1419/557 
f 1575/1420/558 1596/1441/579 1598/1443/581 1576/1421/559 
f 1577/1422/560 1371/1216/354 1599/1444/582 
f 1373/1218/356 1573/1419/557 1597/1442/580 
f 1598/1443/581 1600/1445/583 1578/1423/593 1576/1421/559 
f 1599/1444/582 1601/1446/584 1579/1424/594 1577/1422/560 
f 1602/1447/585 1580/1425/563 1578/1423/593 1600/1445/583 
f 1601/1446/584 1588/1433/571 1581/1426/564 1579/1424/594 
f 1602/1447/585 1590/1436/574 1582/1427/565 1580/1425/563 
f 1603/1194/332 1604/1191/329 1605/1192/330 1606/1193/598 
f 1607/1198/336 1608/1195/599 1609/1196/600 1610/1197/335 
f 1611/1199/601 1612/1200/338 1603/1194/332 1606/1193/598 
f 1613/1201/339 1609/1196/600 1608/1195/599 1614/1202/340 
f 1615/1204/342 1612/1200/338 1611/1199/601 1616/1203/602 
f 1617/1206/344 1618/1205/586 1613/1201/339 1614/1202/340 
f 1619/1208/346 1615/1204/342 1616/1203/602 1620/1207/345 
f 1621/1209/347 1618/1205/586 1617/1206/344 1622/1210/603 
f 1623/1211/349 1624/1212/350 1619/1208/346 1620/1207/345 
f 1625/1214/352 1621/1209/347 1622/1210/603 1626/1213/351 
f 1627/1215/353 1628/1216/354 1629/1217/355 
f 1630/1218/356 1624/1212/350 1623/1211/349 
f 1625/1214/352 1626/1213/351 1631/1219/357 1632/1220/604 
f 1633/1222/360 1627/1215/353 1629/1217/355 1634/1221/359 
f 1605/1192/330 1604/1191/329 1632/1220/604 1631/1219/357 
f 1633/1222/360 1634/1221/359 1607/1198/336 1610/1197/335 
f 1635/1223/361 1636/1224/362 1623/1211/349 1620/1207/345 
f 1637/1225/363 1638/1226/364 1626/1213/351 1622/1210/603 
f 1629/1217/355 1628/1216/354 1639/1227/365 
f 1630/1218/356 1623/1211/349 1636/1224/362 
f 1631/1219/357 1626/1213/351 1638/1226/364 1640/1228/366 
f 1634/1221/359 1629/1217/355 1639/1227/365 1641/1229/367 
f 1631/1219/357 1640/1228/366 1642/1230/587 1605/1192/330 
f 1634/1221/359 1641/1229/367 1643/1231/605 1607/1198/336 
f 1606/1193/598 1605/1192/330 1642/1230/587 1644/1232/370 
f 1608/1195/599 1607/1198/336 1643/1231/605 1645/1233/371 
f 1644/1232/370 1646/1234/372 1611/1199/601 1606/1193/598 
f 1614/1202/340 1608/1195/599 1645/1233/371 1647/1235/373 
f 1646/1234/372 1648/1236/374 1616/1203/602 1611/1199/601 
f 1614/1202/340 1647/1235/373 1649/1237/375 1617/1206/344 
f 1648/1236/374 1635/1223/361 1620/1207/345 1616/1203/602 
f 1637/1225/363 1622/1210/603 1617/1206/344 1649/1237/375 
f 1650/1239/377 1645/1233/371 1643/1231/605 1651/1238/376 
f 1646/1234/372 1644/1232/370 1652/1241/379 1653/1240/378 
f 1645/1233/371 1650/1239/377 1654/1242/380 1647/1235/373 
f 1655/1243/381 1648/1236/374 1646/1234/372 1653/1240/378 
f 1649/1237/375 1647/1235/373 1654/1242/380 1656/1244/382 
f 1655/1243/381 1657/1245/383 1635/1223/361 1648/1236/374 
f 1658/1246/384 1637/1225/363 1649/1237/375 1656/1244/382 
f 1659/1247/385 1636/1224/362 1635/1223/361 1657/1245/383 
f 1660/1248/386 1638/1226/364 1637/1225/363 1658/1246/384 
f 1639/1227/365 1628/1216/354 1661/1249/387 
f 1630/1218/356 1636/1224/362 1659/1247/385 
f 1638/1226/364 1660/1248/386 1662/1250/388 1640/1228/366 
f 1641/1229/367 1639/1227/365 1661/1249/387 1663/1251/389 
f 1642/1230/587 1640/1228/366 1662/1250/388 1664/1252/390 
f 1641/1229/367 1663/1251/389 1651/1238/376 1643/1231/605 
f 1642/1230/587 1664/1252/390 1652/1241/379 1644/1232/370 
f 1658/1246/384 1665/1254/392 1666/1253/391 1660/1248/386 
f 1661/1249/387 1628/1216/354 1667/1255/393 
f 1630/1218/356 1659/1247/385 1668/1256/394 
f 1662/1250/388 1660/1248/386 1666/1253/391 1669/1257/395 
f 1663/1251/389 1661/1249/387 1667/1255/393 1670/1258/396 
f 1671/1259/397 1664/1252/390 1662/1250/388 1669/1257/395 
f 1663/1251/389 1670/1258/396 1672/1260/398 1651/1238/376 
f 1671/1259/397 1673/1261/399 1652/1241/379 1664/1252/390 
f 1672/1260/398 1674/1262/400 1650/1239/377 1651/1238/376 
f 1673/1261/399 1675/1263/401 1653/1240/378 1652/1241/379 
f 1650/1239/377 1674/1262/400 1676/1264/402 1654/1242/380 
f 1653/1240/378 1675/1263/401 1677/1265/403 1655/1243/381 
f 1678/1266/606 1656/1244/382 1654/1242/380 1676/1264/402 
f 1657/1245/383 1655/1243/381 1677/1265/403 1679/1267/405 
f 1678/1266/606 1665/1254/392 1658/1246/384 1656/1244/382 
f 1679/1267/405 1668/1256/394 1659/1247/385 1657/1245/383 
f 1680/1269/407 1675/1263/401 1673/1261/399 1681/1268/406 
f 1682/1271/409 1676/1264/402 1674/1262/400 1683/1270/408 
f 1675/1263/401 1680/1269/407 1684/1272/410 1677/1265/403 
f 1678/1266/606 1676/1264/402 1682/1271/409 1685/1273/411 
f 1679/1267/405 1677/1265/403 1684/1272/410 1686/1274/412 
f 1665/1254/392 1678/1266/606 1685/1273/411 1687/1275/413 
f 1668/1256/394 1679/1267/405 1686/1274/412 1688/1276/414 
f 1665/1254/392 1687/1275/413 1689/1277/415 1666/1253/391 
f 1667/1255/393 1628/1216/354 1690/1278/416 
f 1630/1218/356 1668/1256/394 1688/1276/414 
f 1691/1279/417 1669/1257/395 1666/1253/391 1689/1277/415 
f 1667/1255/393 1690/1278/416 1692/1280/418 1670/1258/396 
f 1671/1259/397 1669/1257/395 1691/1279/417 1693/1281/419 
f 1672/1260/398 1670/1258/396 1692/1280/418 1694/1282/420 
f 1681/1268/406 1673/1261/399 1671/1259/397 1693/1281/419 
f 1683/1270/408 1674/1262/400 1672/1260/398 1694/1282/420 
f 1690/1278/416 1628/1216/354 1695/1283/607 
f 1630/1218/356 1688/1276/414 1696/1284/422 
f 1697/1285/423 1698/1286/424 1691/1279/417 1689/1277/415 
f 1692/1280/418 1690/1278/416 1695/1283/607 1699/1287/425 
f 1693/1281/419 1691/1279/417 1698/1286/424 1700/1288/426 
f 1694/1282/420 1692/1280/418 1699/1287/425 1701/1289/427 
f 1700/1288/426 1702/1290/428 1681/1268/406 1693/1281/419 
f 1701/1289/427 1703/1291/429 1683/1270/408 1694/1282/420 
f 1681/1268/406 1702/1290/428 1704/1292/430 1680/1269/407 
f 1703/1291/429 1705/1293/431 1682/1271/409 1683/1270/408 
f 1684/1272/410 1680/1269/407 1704/1292/430 1706/1294/432 
f 1682/1271/409 1705/1293/431 1707/1295/433 1685/1273/411 
f 1684/1272/410 1706/1294/432 1708/1296/434 1686/1274/412 
f 1685/1273/411 1707/1295/433 1709/1297/435 1687/1275/413 
f 1708/1296/434 1696/1284/422 1688/1276/414 1686/1274/412 
f 1687/1275/413 1709/1297/435 1697/1285/423 1689/1277/415 
f 1710/1299/437 1705/1293/431 1703/1291/429 1711/1298/436 
f 1706/1294/432 1704/1292/430 1712/1300/438 1713/1301/439 
f 1714/1302/440 1707/1295/433 1705/1293/431 1710/1299/437 
f 1706/1294/432 1713/1301/439 1715/1303/441 1708/1296/434 
f 1716/1304/442 1709/1297/435 1707/1295/433 1714/1302/440 
f 1696/1284/422 1708/1296/434 1715/1303/441 1717/1305/443 
f 1697/1285/423 1709/1297/435 1716/1304/442 1718/1306/444 
f 1695/1283/607 1628/1216/354 1719/1307/445 
f 1630/1218/356 1696/1284/422 1717/1305/443 
f 1697/1285/423 1718/1306/444 1720/1308/446 1698/1286/424 
f 1695/1283/607 1719/1307/445 1721/1309/447 1699/1287/425 
f 1698/1286/424 1720/1308/446 1722/1310/448 1700/1288/426 
f 1699/1287/425 1721/1309/447 1723/1311/449 1701/1289/427 
f 1724/1312/450 1702/1290/428 1700/1288/426 1722/1310/448 
f 1723/1311/449 1711/1298/436 1703/1291/429 1701/1289/427 
f 1702/1290/428 1724/1312/450 1712/1300/438 1704/1292/430 
f 1725/1313/451 1726/1314/452 1720/1308/446 1718/1306/444 
f 1727/1315/453 1728/1316/454 1721/1309/447 1719/1307/445 
f 1726/1314/452 1729/1317/455 1722/1310/448 1720/1308/446 
f 1728/1316/454 1730/1318/456 1723/1311/449 1721/1309/447 
f 1724/1312/450 1722/1310/448 1729/1317/455 1731/1319/457 
f 1723/1311/449 1730/1318/456 1732/1320/458 1711/1298/436 
f 1733/1321/459 1712/1300/438 1724/1312/450 1731/1319/457 
f 1734/1322/460 1710/1299/437 1711/1298/436 1732/1320/458 
f 1733/1321/459 1735/1323/461 1713/1301/439 1712/1300/438 
f 1736/1324/462 1714/1302/440 1710/1299/437 1734/1322/460 
f 1735/1323/461 1737/1325/463 1715/1303/441 1713/1301/439 
f 1716/1304/442 1714/1302/440 1736/1324/462 1738/1326/464 
f 1717/1305/443 1715/1303/441 1737/1325/463 1739/1327/465 
f 1738/1326/464 1725/1313/451 1718/1306/444 1716/1304/442 
f 1719/1307/445 1628/1216/354 1727/1315/453 
f 1630/1218/356 1717/1305/443 1739/1327/465 
f 1740/1328/466 1735/1323/461 1733/1321/459 1741/1329/467 
f 1736/1324/462 1734/1322/460 1742/1331/469 1743/1330/468 
f 1737/1325/463 1735/1323/461 1740/1328/466 1744/1332/470 
f 1738/1326/464 1736/1324/462 1743/1330/468 1745/1333/471 
f 1744/1332/470 1746/1334/472 1739/1327/465 1737/1325/463 
f 1745/1333/471 1747/1335/473 1725/1313/451 1738/1326/464 
f 1727/1315/453 1628/1216/354 1748/1336/474 
f 1630/1218/356 1739/1327/465 1746/1334/472 
f 1749/1337/475 1726/1314/452 1725/1313/451 1747/1335/473 
f 1727/1315/453 1748/1336/474 1750/1338/476 1728/1316/454 
f 1726/1314/452 1749/1337/475 1751/1339/477 1729/1317/455 
f 1750/1338/476 1752/1340/478 1730/1318/456 1728/1316/454 
f 1751/1339/477 1753/1341/479 1731/1319/457 1729/1317/455 
f 1732/1320/458 1730/1318/456 1752/1340/478 1754/1342/480 
f 1733/1321/459 1731/1319/457 1753/1341/479 1741/1329/467 
f 1754/1342/480 1742/1331/469 1734/1322/460 1732/1320/458 
f 1749/1337/475 1755/1343/481 1756/1344/482 1751/1339/477 
f 1752/1340/478 1750/1338/476 1757/1346/484 1758/1345/483 
f 1751/1339/477 1756/1344/482 1759/1347/485 1753/1341/479 
f 1760/1348/486 1754/1342/480 1752/1340/478 1758/1345/483 
f 1759/1347/485 1761/1349/487 1741/1329/467 1753/1341/479 
f 1760/1348/486 1762/1350/488 1742/1331/469 1754/1342/480 
f 1763/1351/489 1740/1328/466 1741/1329/467 1761/1349/487 
f 1762/1350/488 1764/1352/490 1743/1330/468 1742/1331/469 
f 1763/1351/489 1765/1353/491 1744/1332/470 1740/1328/466 
f 1766/1354/492 1745/1333/471 1743/1330/468 1764/1352/490 
f 1744/1332/470 1765/1353/491 1767/1355/493 1746/1334/472 
f 1745/1333/471 1766/1354/492 1768/1356/494 1747/1335/473 
f 1748/1336/474 1628/1216/354 1769/1357/495 
f 1630/1218/356 1746/1334/472 1767/1355/493 
f 1749/1337/475 1747/1335/473 1768/1356/494 1755/1343/481 
f 1750/1338/476 1748/1336/474 1769/1357/495 1757/1346/484 
f 1770/1359/497 1765/1353/491 1763/1351/489 1771/1358/496 
f 1764/1352/490 1772/1361/499 1773/1360/498 1766/1354/492 
f 1770/1359/497 1774/1362/588 1767/1355/493 1765/1353/491 
f 1775/1363/501 1768/1356/494 1766/1354/492 1773/1360/498 
f 1769/1357/495 1628/1216/354 1776/1364/502 
f 1630/1218/356 1767/1355/493 1774/1362/588 
f 1777/1365/503 1755/1343/481 1768/1356/494 1775/1363/501 
f 1778/1366/504 1757/1346/484 1769/1357/495 1776/1364/502 
f 1777/1365/503 1779/1367/505 1756/1344/482 1755/1343/481 
f 1780/1368/506 1758/1345/483 1757/1346/484 1778/1366/504 
f 1756/1344/482 1779/1367/505 1781/1369/507 1759/1347/485 
f 1780/1368/506 1782/1370/508 1760/1348/486 1758/1345/483 
f 1783/1371/509 1761/1349/487 1759/1347/485 1781/1369/507 
f 1760/1348/486 1782/1370/508 1784/1372/510 1762/1350/488 
f 1771/1358/496 1763/1351/489 1761/1349/487 1783/1371/509 
f 1784/1372/510 1772/1361/499 1764/1352/490 1762/1350/488 
f 1785/1374/512 1786/1373/511 1780/1368/506 1778/1366/504 
f 1787/1375/513 1781/1369/507 1779/1367/505 1788/1376/514 
f 1789/1377/515 1782/1370/508 1780/1368/506 1786/1373/511 
f 1781/1369/507 1787/1375/513 1790/1378/516 1783/1371/509 
f 1789/1377/515 1791/1379/517 1784/1372/510 1782/1370/508 
f 1792/1380/518 1771/1358/496 1783/1371/509 1790/1378/516 
f 1793/1381/519 1772/1361/499 1784/1372/510 1791/1379/517 
f 1794/1382/520 1770/1359/497 1771/1358/496 1792/1380/518 
f 1793/1381/519 1795/1383/521 1773/1360/498 1772/1361/499 
f 1794/1382/520 1796/1384/522 1774/1362/588 1770/1359/497 
f 1797/1385/523 1775/1363/501 1773/1360/498 1795/1383/521 
f 1776/1364/502 1628/1216/354 1798/1386/524 
f 1630/1218/356 1774/1362/588 1796/1384/522 
f 1797/1385/523 1799/1387/525 1777/1365/503 1775/1363/501 
f 1798/1386/524 1785/1374/512 1778/1366/504 1776/1364/502 
f 1777/1365/503 1799/1387/525 1788/1376/514 1779/1367/505 
f 1800/1388/526 1795/1383/521 1793/1381/519 1801/1389/527 
f 1802/1390/528 1803/1391/529 1796/1384/522 1794/1382/520 
f 1797/1385/523 1795/1383/521 1800/1388/526 1804/1392/530 
f 1798/1386/524 1628/1216/354 1805/1393/531 
f 1630/1218/356 1796/1384/522 1803/1391/529 
f 1797/1385/523 1804/1392/530 1806/1394/532 1799/1387/525 
f 1798/1386/524 1805/1393/531 1807/1395/533 1785/1374/512 
f 1808/1396/534 1788/1376/514 1799/1387/525 1806/1394/532 
f 1807/1395/533 1809/1397/535 1786/1373/511 1785/1374/512 
f 1788/1376/514 1808/1396/534 1810/1398/536 1787/1375/513 
f 1786/1373/511 1809/1397/535 1811/1399/537 1789/1377/515 
f 1787/1375/513 1810/1398/536 1812/1400/538 1790/1378/516 
f 1789/1377/515 1811/1399/537 1813/1401/539 1791/1379/517 
f 1812/1400/538 1814/1402/540 1792/1380/518 1790/1378/516 
f 1793/1381/519 1791/1379/517 1813/1401/539 1801/1389/527 
f 1794/1382/520 1792/1380/518 1814/1402/540 1802/1390/528 
f 1815/1404/542 1810/1398/536 1808/1396/534 1816/1403/591 
f 1817/1405/543 1811/1399/537 1809/1397/535 1818/1406/544 
f 1819/1407/545 1812/1400/538 1810/1398/536 1815/1404/542 
f 1820/1408/546 1813/1401/539 1811/1399/537 1817/1405/543 
f 1819/1407/545 1821/1409/547 1814/1402/540 1812/1400/538 
f 1822/1410/548 1801/1389/527 1813/1401/539 1820/1408/546 
f 1821/1409/547 1823/1411/549 1802/1390/528 1814/1402/540 
f 1800/1388/526 1801/1389/527 1822/1410/548 1824/1412/550 
f 1802/1390/528 1823/1411/549 1825/1413/551 1803/1391/529 
f 1826/1414/608 1804/1392/530 1800/1388/526 1824/1412/550 
f 1805/1393/531 1628/1216/354 1827/1415/553 
f 1630/1218/356 1803/1391/529 1825/1413/551 
f 1828/1416/554 1806/1394/532 1804/1392/530 1826/1414/608 
f 1829/1417/555 1807/1395/533 1805/1393/531 1827/1415/553 
f 1816/1403/591 1808/1396/534 1806/1394/532 1828/1416/554 
f 1809/1397/535 1807/1395/533 1829/1417/555 1818/1406/544 
f 1830/1419/557 1825/1413/551 1823/1411/549 1831/1418/556 
f 1832/1421/559 1826/1414/608 1824/1412/550 1833/1420/558 
f 1827/1415/553 1628/1216/354 1834/1422/560 
f 1630/1218/356 1825/1413/551 1830/1419/557 
f 1832/1421/559 1835/1423/593 1828/1416/554 1826/1414/608 
f 1836/1424/562 1829/1417/555 1827/1415/553 1834/1422/560 
f 1816/1403/591 1828/1416/554 1835/1423/593 1837/1425/563 
f 1818/1406/544 1829/1417/555 1836/1424/562 1838/1426/564 
f 1839/1427/565 1815/1404/542 1816/1403/591 1837/1425/563 
f 1838/1426/564 1840/1428/595 1817/1405/543 1818/1406/544 
f 1841/1429/567 1819/1407/545 1815/1404/542 1839/1427/565 
f 1820/1408/546 1817/1405/543 1840/1428/595 1842/1430/568 
f 1821/1409/547 1819/1407/545 1841/1429/567 1843/1431/569 
f 1844/1432/570 1822/1410/548 1820/1408/546 1842/1430/568 
f 1831/1418/556 1823/1411/549 1821/1409/547 1843/1431/569 
f 1844/1432/570 1833/1420/558 1824/1412/550 1822/1410/548 
f 1845/1434/596 1840/1428/595 1838/1426/564 1846/1433/571 
f 1847/1435/573 1841/1429/567 1839/1427/565 1848/1436/574 
f 1842/1430/568 1840/1428/595 1845/1434/596 1849/1437/575 
f 1847/1435/573 1850/1438/597 1843/1431/569 1841/1429/567 
f 1851/1439/577 1844/1432/570 1842/1430/568 1849/1437/575 
f 1843/1431/569 1850/1438/597 1852/1440/578 1831/1418/556 
f 1851/1439/577 1853/1441/579 1833/1420/558 1844/1432/570 
f 1852/1440/578 1854/1442/580 1830/1419/557 1831/1418/556 
f 1833/1420/558 1853/1441/579 1855/1443/581 1832/1421/559 
f 1834/1422/560 1628/1216/354 1856/1444/582 
f 1630/1218/356 1830/1419/557 1854/1442/580 
f 1857/1445/583 1835/1423/593 1832/1421/559 1855/1443/581 
f 1834/1422/560 1856/1444/582 1858/1446/584 1836/1424/562 
f 1835/1423/593 1857/1445/583 1859/1447/609 1837/1425/563 
f 1846/1433/571 1838/1426/564 1836/1424/562 1858/1446/584 
f 1848/1436/574 1839/1427/565 1837/1425/563 1859/1447/609 
f 1860/1191/329 1861/1192/330 1862/1193/331 1863/1194/332 
f 1864/1198/336 1865/1195/333 1866/1196/334 1867/1197/335 
f 1868/1200/338 1863/1194/332 1862/1193/331 1869/1199/601 
f 1866/1196/334 1865/1195/333 1870/1202/340 1871/1201/339 
f 1872/1203/341 1873/1204/610 1868/1200/338 1869/1199/601 
f 1874/1205/343 1871/1201/339 1870/1202/340 1875/1206/344 
f 1872/1203/341 1876/1207/345 1877/1208/611 1873/1204/610 
f 1878/1209/347 1874/1205/343 1875/1206/344 1879/1210/348 
f 1877/1208/611 1876/1207/345 1880/1211/349 1881/1212/350 
f 1878/1209/347 1879/1210/348 1882/1213/351 1883/1214/352 
f 1884/1215/353 1885/1216/354 1886/1217/355 
f 1887/1218/356 1881/1212/350 1880/1211/349 
f 1888/1220/604 1883/1214/352 1882/1213/351 1889/1219/357 
f 1890/1222/360 1884/1215/353 1886/1217/355 1891/1221/359 
f 1888/1220/604 1889/1219/357 1861/1192/330 1860/1191/329 
f 1890/1222/360 1891/1221/359 1864/1198/336 1867/1197/335 
f 1880/1211/349 1876/1207/345 1892/1223/361 1893/1224/362 
f 1879/1210/348 1894/1225/363 1895/1226/364 1882/1213/351 
f 1886/1217/355 1885/1216/354 1896/1227/612 
f 1887/1218/356 1880/1211/349 1893/1224/362 
f 1889/1219/357 1882/1213/351 1895/1226/364 1897/1228/366 
f 1896/1227/612 1898/1229/367 1891/1221/359 1886/1217/355 
f 1889/1219/357 1897/1228/366 1899/1230/368 1861/1192/330 
f 1900/1231/369 1864/1198/336 1891/1221/359 1898/1229/367 
f 1862/1193/331 1861/1192/330 1899/1230/368 1901/1232/370 
f 1900/1231/369 1902/1233/371 1865/1195/333 1864/1198/336 
f 1903/1234/372 1869/1199/601 1862/1193/331 1901/1232/370 
f 1865/1195/333 1902/1233/371 1904/1235/373 1870/1202/340 
f 1872/1203/341 1869/1199/601 1903/1234/372 1905/1236/374 
f 1906/1237/375 1875/1206/344 1870/1202/340 1904/1235/373 
f 1872/1203/341 1905/1236/374 1892/1223/361 1876/1207/345 
f 1879/1210/348 1875/1206/344 1906/1237/375 1894/1225/363 
f 1902/1233/371 1900/1231/369 1907/1238/376 1908/1239/613 
f 1903/1234/372 1901/1232/370 1909/1241/379 1910/1240/378 
f 1904/1235/373 1902/1233/371 1908/1239/613 1911/1242/380 
f 1912/1243/614 1905/1236/374 1903/1234/372 1910/1240/378 
f 1911/1242/380 1913/1244/382 1906/1237/375 1904/1235/373 
f 1905/1236/374 1912/1243/614 1914/1245/383 1892/1223/361 
f 1894/1225/363 1906/1237/375 1913/1244/382 1915/1246/384 
f 1893/1224/362 1892/1223/361 1914/1245/383 1916/1247/385 
f 1895/1226/364 1894/1225/363 1915/1246/384 1917/1248/386 
f 1896/1227/612 1885/1216/354 1918/1249/387 
f 1887/1218/356 1893/1224/362 1916/1247/385 
f 1895/1226/364 1917/1248/386 1919/1250/388 1897/1228/366 
f 1918/1249/387 1920/1251/389 1898/1229/367 1896/1227/612 
f 1899/1230/368 1897/1228/366 1919/1250/388 1921/1252/390 
f 1898/1229/367 1920/1251/389 1907/1238/376 1900/1231/369 
f 1921/1252/390 1909/1241/379 1901/1232/370 1899/1230/368 
f 1922/1254/392 1923/1253/391 1917/1248/386 1915/1246/384 
f 1918/1249/387 1885/1216/354 1924/1255/393 
f 1887/1218/356 1916/1247/385 1925/1256/394 
f 1917/1248/386 1923/1253/391 1926/1257/395 1919/1250/388 
f 1924/1255/393 1927/1258/396 1920/1251/389 1918/1249/387 
f 1928/1259/397 1921/1252/390 1919/1250/388 1926/1257/395 
f 1929/1260/398 1907/1238/376 1920/1251/389 1927/1258/396 
f 1921/1252/390 1928/1259/397 1930/1261/399 1909/1241/379 
f 1931/1262/400 1908/1239/613 1907/1238/376 1929/1260/398 
f 1909/1241/379 1930/1261/399 1932/1263/401 1910/1240/378 
f 1931/1262/400 1933/1264/402 1911/1242/380 1908/1239/613 
f 1912/1243/614 1910/1240/378 1932/1263/401 1934/1265/403 
f 1913/1244/382 1911/1242/380 1933/1264/402 1935/1266/404 
f 1934/1265/403 1936/1267/405 1914/1245/383 1912/1243/614 
f 1915/1246/384 1913/1244/382 1935/1266/404 1922/1254/392 
f 1936/1267/405 1925/1256/394 1916/1247/385 1914/1245/383 
f 1930/1261/399 1937/1268/406 1938/1269/407 1932/1263/401 
f 1933/1264/402 1931/1262/400 1939/1270/408 1940/1271/409 
f 1941/1272/410 1934/1265/403 1932/1263/401 1938/1269/407 
f 1942/1273/411 1935/1266/404 1933/1264/402 1940/1271/409 
f 1943/1274/412 1936/1267/405 1934/1265/403 1941/1272/410 
f 1935/1266/404 1942/1273/411 1944/1275/413 1922/1254/392 
f 1945/1276/414 1925/1256/394 1936/1267/405 1943/1274/412 
f 1946/1277/415 1923/1253/391 1922/1254/392 1944/1275/413 
f 1924/1255/393 1885/1216/354 1947/1278/416 
f 1887/1218/356 1925/1256/394 1945/1276/414 
f 1946/1277/415 1948/1279/417 1926/1257/395 1923/1253/391 
f 1947/1278/416 1949/1280/615 1927/1258/396 1924/1255/393 
f 1950/1281/419 1928/1259/397 1926/1257/395 1948/1279/417 
f 1929/1260/398 1927/1258/396 1949/1280/615 1951/1282/420 
f 1930/1261/399 1928/1259/397 1950/1281/419 1937/1268/406 
f 1951/1282/420 1939/1270/408 1931/1262/400 1929/1260/398 
f 1947/1278/416 1885/1216/354 1952/1283/421 
f 1887/1218/356 1945/1276/414 1953/1284/422 
f 1948/1279/417 1946/1277/415 1954/1285/423 1955/1286/424 
f 1949/1280/615 1947/1278/416 1952/1283/421 1956/1287/425 
f 1957/1288/426 1950/1281/419 1948/1279/417 1955/1286/424 
f 1951/1282/420 1949/1280/615 1956/1287/425 1958/1289/427 
f 1959/1290/428 1937/1268/406 1950/1281/419 1957/1288/426 
f 1958/1289/427 1960/1291/429 1939/1270/408 1951/1282/420 
f 1959/1290/428 1961/1292/430 1938/1269/407 1937/1268/406 
f 1960/1291/429 1962/1293/431 1940/1271/409 1939/1270/408 
f 1961/1292/430 1963/1294/432 1941/1272/410 1938/1269/407 
f 1940/1271/409 1962/1293/431 1964/1295/433 1942/1273/411 
f 1941/1272/410 1963/1294/432 1965/1296/434 1943/1274/412 
f 1966/1297/435 1944/1275/413 1942/1273/411 1964/1295/433 
f 1943/1274/412 1965/1296/434 1953/1284/422 1945/1276/414 
f 1966/1297/435 1954/1285/423 1946/1277/415 1944/1275/413 
f 1967/1299/437 1962/1293/431 1960/1291/429 1968/1298/436 
f 1963/1294/432 1961/1292/430 1969/1300/438 1970/1301/439 
f 1967/1299/437 1971/1302/440 1964/1295/433 1962/1293/431 
f 1972/1303/441 1965/1296/434 1963/1294/432 1970/1301/439 
f 1973/1304/442 1966/1297/435 1964/1295/433 1971/1302/440 
f 1972/1303/441 1974/1305/443 1953/1284/422 1965/1296/434 
f 1966/1297/435 1973/1304/442 1975/1306/444 1954/1285/423 
f 1952/1283/421 1885/1216/354 1976/1307/445 
f 1887/1218/356 1953/1284/422 1974/1305/443 
f 1954/1285/423 1975/1306/444 1977/1308/446 1955/1286/424 
f 1976/1307/445 1978/1309/447 1956/1287/425 1952/1283/421 
f 1977/1308/446 1979/1310/448 1957/1288/426 1955/1286/424 
f 1980/1311/449 1958/1289/427 1956/1287/425 1978/1309/447 
f 1981/1312/450 1959/1290/428 1957/1288/426 1979/1310/448 
f 1960/1291/429 1958/1289/427 1980/1311/449 1968/1298/436 
f 1969/1300/438 1961/1292/430 1959/1290/428 1981/1312/450 
f 1977/1308/446 1975/1306/444 1982/1313/451 1983/1314/452 
f 1984/1315/453 1985/1316/454 1978/1309/447 1976/1307/445 
f 1983/1314/452 1986/1317/455 1979/1310/448 1977/1308/446 
f 1987/1318/456 1980/1311/449 1978/1309/447 1985/1316/454 
f 1986/1317/455 1988/1319/457 1981/1312/450 1979/1310/448 
f 1987/1318/456 1989/1320/458 1968/1298/436 1980/1311/449 
f 1969/1300/438 1981/1312/450 1988/1319/457 1990/1321/459 
f 1968/1298/436 1989/1320/458 1991/1322/460 1967/1299/437 
f 1992/1323/461 1970/1301/439 1969/1300/438 1990/1321/459 
f 1993/1324/462 1971/1302/440 1967/1299/437 1991/1322/460 
f 1994/1325/463 1972/1303/441 1970/1301/439 1992/1323/461 
f 1993/1324/462 1995/1326/464 1973/1304/442 1971/1302/440 
f 1972/1303/441 1994/1325/463 1996/1327/465 1974/1305/443 
f 1975/1306/444 1973/1304/442 1995/1326/464 1982/1313/451 
f 1976/1307/445 1885/1216/354 1984/1315/453 
f 1887/1218/356 1974/1305/443 1996/1327/465 
f 1990/1321/459 1997/1329/467 1998/1328/466 1992/1323/461 
f 1991/1322/460 1999/1331/469 2000/1330/468 1993/1324/462 
f 1998/1328/466 2001/1332/470 1994/1325/463 1992/1323/461 
f 2002/1333/471 1995/1326/464 1993/1324/462 2000/1330/468 
f 1994/1325/463 2001/1332/470 2003/1334/472 1996/1327/465 
f 2004/1335/473 1982/1313/451 1995/1326/464 2002/1333/471 
f 1984/1315/453 1885/1216/354 2005/1336/474 
f 1887/1218/356 1996/1327/465 2003/1334/472 
f 1982/1313/451 2004/1335/473 2006/1337/475 1983/1314/452 
f 1984/1315/453 2005/1336/474 2007/1338/476 1985/1316/454 
f 2008/1339/477 1986/1317/455 1983/1314/452 2006/1337/475 
f 1985/1316/454 2007/1338/476 2009/1340/478 1987/1318/456 
f 2008/1339/477 2010/1341/479 1988/1319/457 1986/1317/455 
f 2011/1342/480 1989/1320/458 1987/1318/456 2009/1340/478 
f 1997/1329/467 1990/1321/459 1988/1319/457 2010/1341/479 
f 2011/1342/480 1999/1331/469 1991/1322/460 1989/1320/458 
f 2008/1339/477 2006/1337/475 2012/1343/481 2013/1344/482 
f 2009/1340/478 2007/1338/476 2014/1346/484 2015/1345/483 
f 2013/1344/482 2016/1347/485 2010/1341/479 2008/1339/477 
f 2015/1345/483 2017/1348/486 2011/1342/480 2009/1340/478 
f 2016/1347/485 2018/1349/487 1997/1329/467 2010/1341/479 
f 1999/1331/469 2011/1342/480 2017/1348/486 2019/1350/488 
f 2018/1349/487 2020/1351/489 1998/1328/466 1997/1329/467 
f 2000/1330/468 1999/1331/469 2019/1350/488 2021/1352/490 
f 2020/1351/489 2022/1353/491 2001/1332/470 1998/1328/466 
f 2021/1352/490 2023/1354/492 2002/1333/471 2000/1330/468 
f 2001/1332/470 2022/1353/491 2024/1355/493 2003/1334/472 
f 2004/1335/473 2002/1333/471 2023/1354/492 2025/1356/494 
f 2005/1336/474 1885/1216/354 2026/1357/495 
f 1887/1218/356 2003/1334/472 2024/1355/493 
f 2006/1337/475 2004/1335/473 2025/1356/494 2012/1343/481 
f 2007/1338/476 2005/1336/474 2026/1357/495 2014/1346/484 
f 2027/1358/496 2028/1359/497 2022/1353/491 2020/1351/489 
f 2029/1361/499 2030/1360/498 2023/1354/492 2021/1352/490 
f 2028/1359/497 2031/1362/500 2024/1355/493 2022/1353/491 
f 2023/1354/492 2030/1360/498 2032/1363/501 2025/1356/494 
f 2026/1357/495 1885/1216/354 2033/1364/502 
f 1887/1218/356 2024/1355/493 2031/1362/500 
f 2034/1365/503 2012/1343/481 2025/1356/494 2032/1363/501 
f 2033/1364/502 2035/1366/504 2014/1346/484 2026/1357/495 
f 2036/1367/589 2013/1344/482 2012/1343/481 2034/1365/503 
f 2035/1366/504 2037/1368/506 2015/1345/483 2014/1346/484 
f 2038/1369/507 2016/1347/485 2013/1344/482 2036/1367/589 
f 2017/1348/486 2015/1345/483 2037/1368/506 2039/1370/508 
f 2018/1349/487 2016/1347/485 2038/1369/507 2040/1371/509 
f 2019/1350/488 2017/1348/486 2039/1370/508 2041/1372/616 
f 2040/1371/509 2027/1358/496 2020/1351/489 2018/1349/487 
f 2041/1372/616 2029/1361/499 2021/1352/490 2019/1350/488 
f 2037/1368/506 2035/1366/504 2042/1374/512 2043/1373/511 
f 2036/1367/589 2044/1376/514 2045/1375/513 2038/1369/507 
f 2039/1370/508 2037/1368/506 2043/1373/511 2046/1377/515 
f 2045/1375/513 2047/1378/516 2040/1371/509 2038/1369/507 
f 2041/1372/616 2039/1370/508 2046/1377/515 2048/1379/517 
f 2027/1358/496 2040/1371/509 2047/1378/516 2049/1380/617 
f 2041/1372/616 2048/1379/517 2050/1381/519 2029/1361/499 
f 2049/1380/617 2051/1382/520 2028/1359/497 2027/1358/496 
f 2050/1381/519 2052/1383/521 2030/1360/498 2029/1361/499 
f 2053/1384/522 2031/1362/500 2028/1359/497 2051/1382/520 
f 2052/1383/521 2054/1385/523 2032/1363/501 2030/1360/498 
f 2033/1364/502 1885/1216/354 2055/1386/524 
f 1887/1218/356 2031/1362/500 2053/1384/522 
f 2054/1385/523 2056/1387/590 2034/1365/503 2032/1363/501 
f 2033/1364/502 2055/1386/524 2042/1374/512 2035/1366/504 
f 2036/1367/589 2034/1365/503 2056/1387/590 2044/1376/514 
f 2050/1381/519 2057/1389/527 2058/1388/526 2052/1383/521 
f 2059/1391/529 2053/1384/522 2051/1382/520 2060/1390/528 
f 2054/1385/523 2052/1383/521 2058/1388/526 2061/1392/530 
f 2055/1386/524 1885/1216/354 2062/1393/531 
f 1887/1218/356 2053/1384/522 2059/1391/529 
f 2061/1392/530 2063/1394/532 2056/1387/590 2054/1385/523 
f 2042/1374/512 2055/1386/524 2062/1393/531 2064/1395/533 
f 2056/1387/590 2063/1394/532 2065/1396/534 2044/1376/514 
f 2042/1374/512 2064/1395/533 2066/1397/535 2043/1373/511 
f 2045/1375/513 2044/1376/514 2065/1396/534 2067/1398/536 
f 2068/1399/537 2046/1377/515 2043/1373/511 2066/1397/535 
f 2045/1375/513 2067/1398/536 2069/1400/538 2047/1378/516 
f 2048/1379/517 2046/1377/515 2068/1399/537 2070/1401/539 
f 2071/1402/540 2049/1380/617 2047/1378/516 2069/1400/538 
f 2050/1381/519 2048/1379/517 2070/1401/539 2057/1389/527 
f 2051/1382/520 2049/1380/617 2071/1402/540 2060/1390/528 
f 2072/1404/542 2067/1398/536 2065/1396/534 2073/1403/618 
f 2068/1399/537 2066/1397/535 2074/1406/544 2075/1405/543 
f 2069/1400/538 2067/1398/536 2072/1404/542 2076/1407/545 
f 2068/1399/537 2075/1405/543 2077/1408/546 2070/1401/539 
f 2071/1402/540 2069/1400/538 2076/1407/545 2078/1409/592 
f 2057/1389/527 2070/1401/539 2077/1408/546 2079/1410/548 
f 2078/1409/592 2080/1411/549 2060/1390/528 2071/1402/540 
f 2058/1388/526 2057/1389/527 2079/1410/548 2081/1412/550 
f 2082/1413/551 2059/1391/529 2060/1390/528 2080/1411/549 
f 2058/1388/526 2081/1412/550 2083/1414/608 2061/1392/530 
f 2062/1393/531 1885/1216/354 2084/1415/553 
f 1887/1218/356 2059/1391/529 2082/1413/551 
f 2083/1414/608 2085/1416/554 2063/1394/532 2061/1392/530 
f 2084/1415/553 2086/1417/555 2064/1395/533 2062/1393/531 
f 2065/1396/534 2063/1394/532 2085/1416/554 2073/1403/618 
f 2064/1395/533 2086/1417/555 2074/1406/544 2066/1397/535 
f 2087/1418/556 2088/1419/557 2082/1413/551 2080/1411/549 
f 2089/1421/559 2083/1414/608 2081/1412/550 2090/1420/558 
f 2084/1415/553 1885/1216/354 2091/1422/619 
f 1887/1218/356 2082/1413/551 2088/1419/557 
f 2083/1414/608 2089/1421/559 2092/1423/561 2085/1416/554 
f 2084/1415/553 2091/1422/619 2093/1424/594 2086/1417/555 
f 2085/1416/554 2092/1423/561 2094/1425/563 2073/1403/618 
f 2093/1424/594 2095/1426/564 2074/1406/544 2086/1417/555 
f 2072/1404/542 2073/1403/618 2094/1425/563 2096/1427/565 
f 2074/1406/544 2095/1426/564 2097/1428/566 2075/1405/543 
f 2076/1407/545 2072/1404/542 2096/1427/565 2098/1429/567 
f 2077/1408/546 2075/1405/543 2097/1428/566 2099/1430/568 
f 2076/1407/545 2098/1429/567 2100/1431/569 2078/1409/592 
f 2079/1410/548 2077/1408/546 2099/1430/568 2101/1432/570 
f 2100/1431/569 2087/1418/556 2080/1411/549 2078/1409/592 
f 2101/1432/570 2090/1420/558 2081/1412/550 2079/1410/548 
f 2097/1428/566 2095/1426/564 2102/1433/571 2103/1434/572 
f 2096/1427/565 2104/1436/574 2105/1435/573 2098/1429/567 
f 2099/1430/568 2097/1428/566 2103/1434/572 2106/1437/620 
f 2105/1435/573 2107/1438/597 2100/1431/569 2098/1429/567 
f 2108/1439/621 2101/1432/570 2099/1430/568 2106/1437/620 
f 2100/1431/569 2107/1438/597 2109/1440/578 2087/1418/556 
f 2090/1420/558 2101/1432/570 2108/1439/621 2110/1441/579 
f 2088/1419/557 2087/1418/556 2109/1440/578 2111/1442/580 
f 2110/1441/579 2112/1443/581 2089/1421/559 2090/1420/558 
f 2091/1422/619 1885/1216/354 2113/1444/582 
f 1887/1218/356 2088/1419/557 2111/1442/580 
f 2089/1421/559 2112/1443/581 2114/1445/583 2092/1423/561 
f 2093/1424/594 2091/1422/619 2113/1444/582 2115/1446/622 
f 2094/1425/563 2092/1423/561 2114/1445/583 2116/1447/609 
f 2093/1424/594 2115/1446/622 2102/1433/571 2095/1426/564 
f 2094/1425/563 2116/1447/609 2104/1436/574 2096/1427/565 
f 2117/1192/330 2118/1193/598 2119/1194/332 2120/1191/329 
f 2121/1198/336 2122/1195/333 2123/1196/600 2124/1197/335 
f 2125/1200/338 2119/1194/332 2118/1193/598 2126/1199/601 
f 2122/1195/333 2127/1202/340 2128/1201/339 2123/1196/600 
f 2126/1199/601 2129/1203/602 2130/1204/342 2125/1200/338 
f 2127/1202/340 2131/1206/344 2132/1205/586 2128/1201/339 
f 2133/1207/345 2134/1208/346 2130/1204/342 2129/1203/602 
f 2131/1206/344 2135/1210/348 2136/1209/347 2132/1205/586 
f 2137/1212/350 2134/1208/346 2133/1207/345 2138/1211/349 
f 2139/1214/352 2136/1209/347 2135/1210/348 2140/1213/351 
f 2141/1215/623 2142/1216/354 2143/1217/355 
f 2144/1218/356 2137/1212/350 2138/1211/349 
f 2139/1214/352 2140/1213/351 2145/1219/357 2146/1220/604 
f 2147/1221/359 2148/1222/360 2141/1215/623 2143/1217/355 
f 2120/1191/329 2146/1220/604 2145/1219/357 2117/1192/330 
f 2124/1197/335 2148/1222/360 2147/1221/359 2121/1198/336 
f 2133/1207/345 2149/1223/361 2150/1224/362 2138/1211/349 
f 2151/1225/363 2152/1226/364 2140/1213/351 2135/1210/348 
f 2143/1217/355 2142/1216/354 2153/1227/612 
f 2144/1218/356 2138/1211/349 2150/1224/362 
f 2145/1219/357 2140/1213/351 2152/1226/364 2154/1228/366 
f 2153/1227/612 2155/1229/367 2147/1221/359 2143/1217/355 
f 2145/1219/357 2154/1228/366 2156/1230/368 2117/1192/330 
f 2121/1198/336 2147/1221/359 2155/1229/367 2157/1231/369 
f 2118/1193/598 2117/1192/330 2156/1230/368 2158/1232/370 
f 2121/1198/336 2157/1231/369 2159/1233/371 2122/1195/333 
f 2160/1234/372 2126/1199/601 2118/1193/598 2158/1232/370 
f 2127/1202/340 2122/1195/333 2159/1233/371 2161/1235/373 
f 2129/1203/602 2126/1199/601 2160/1234/372 2162/1236/374 
f 2131/1206/344 2127/1202/340 2161/1235/373 2163/1237/375 
f 2162/1236/374 2149/1223/361 2133/1207/345 2129/1203/602 
f 2163/1237/375 2151/1225/363 2135/1210/348 2131/1206/344 
f 2164/1239/377 2159/1233/371 2157/1231/369 2165/1238/376 
f 2166/1241/379 2167/1240/378 2160/1234/372 2158/1232/370 
f 2164/1239/377 2168/1242/380 2161/1235/373 2159/1233/371 
f 2167/1240/378 2169/1243/614 2162/1236/374 2160/1234/372 
f 2161/1235/373 2168/1242/380 2170/1244/382 2163/1237/375 
f 2169/1243/614 2171/1245/383 2149/1223/361 2162/1236/374 
f 2170/1244/382 2172/1246/384 2151/1225/363 2163/1237/375 
f 2173/1247/385 2150/1224/362 2149/1223/361 2171/1245/383 
f 2151/1225/363 2172/1246/384 2174/1248/386 2152/1226/364 
f 2153/1227/612 2142/1216/354 2175/1249/387 
f 2144/1218/356 2150/1224/362 2173/1247/385 
f 2174/1248/386 2176/1250/388 2154/1228/366 2152/1226/364 
f 2155/1229/367 2153/1227/612 2175/1249/387 2177/1251/389 
f 2176/1250/388 2178/1252/390 2156/1230/368 2154/1228/366 
f 2157/1231/369 2155/1229/367 2177/1251/389 2165/1238/376 
f 2178/1252/390 2166/1241/379 2158/1232/370 2156/1230/368 
f 2179/1253/391 2174/1248/386 2172/1246/384 2180/1254/392 
f 2175/1249/387 2142/1216/354 2181/1255/393 
f 2144/1218/356 2173/1247/385 2182/1256/394 
f 2174/1248/386 2179/1253/391 2183/1257/395 2176/1250/388 
f 2184/1258/396 2177/1251/389 2175/1249/387 2181/1255/393 
f 2178/1252/390 2176/1250/388 2183/1257/395 2185/1259/397 
f 2186/1260/398 2165/1238/376 2177/1251/389 2184/1258/396 
f 2185/1259/397 2187/1261/399 2166/1241/379 2178/1252/390 
f 2165/1238/376 2186/1260/398 2188/1262/400 2164/1239/377 
f 2167/1240/378 2166/1241/379 2187/1261/399 2189/1263/401 
f 2190/1264/402 2168/1242/380 2164/1239/377 2188/1262/400 
f 2167/1240/378 2189/1263/401 2191/1265/403 2169/1243/614 
f 2168/1242/380 2190/1264/402 2192/1266/404 2170/1244/382 
f 2171/1245/383 2169/1243/614 2191/1265/403 2193/1267/405 
f 2172/1246/384 2170/1244/382 2192/1266/404 2180/1254/392 
f 2182/1256/394 2173/1247/385 2171/1245/383 2193/1267/405 
f 2189/1263/401 2187/1261/399 2194/1268/406 2195/1269/407 
f 2190/1264/402 2188/1262/400 2196/1270/408 2197/1271/409 
f 2195/1269/407 2198/1272/410 2191/1265/403 2189/1263/401 
f 2199/1273/411 2192/1266/404 2190/1264/402 2197/1271/409 
f 2193/1267/405 2191/1265/403 2198/1272/410 2200/1274/412 
f 2199/1273/411 2201/1275/413 2180/1254/392 2192/1266/404 
f 2182/1256/394 2193/1267/405 2200/1274/412 2202/1276/414 
f 2180/1254/392 2201/1275/413 2203/1277/415 2179/1253/391 
f 2181/1255/393 2142/1216/354 2204/1278/416 
f 2144/1218/356 2182/1256/394 2202/1276/414 
f 2183/1257/395 2179/1253/391 2203/1277/415 2205/1279/417 
f 2204/1278/416 2206/1280/418 2184/1258/396 2181/1255/393 
f 2205/1279/417 2207/1281/624 2185/1259/397 2183/1257/395 
f 2206/1280/418 2208/1282/420 2186/1260/398 2184/1258/396 
f 2207/1281/624 2194/1268/406 2187/1261/399 2185/1259/397 
f 2188/1262/400 2186/1260/398 2208/1282/420 2196/1270/408 
f 2204/1278/416 2142/1216/354 2209/1283/421 
f 2144/1218/356 2202/1276/414 2210/1284/422 
f 2205/1279/417 2203/1277/415 2211/1285/423 2212/1286/424 
f 2209/1283/421 2213/1287/425 2206/1280/418 2204/1278/416 
f 2212/1286/424 2214/1288/426 2207/1281/624 2205/1279/417 
f 2215/1289/427 2208/1282/420 2206/1280/418 2213/1287/425 
f 2194/1268/406 2207/1281/624 2214/1288/426 2216/1290/428 
f 2208/1282/420 2215/1289/427 2217/1291/429 2196/1270/408 
f 2218/1292/430 2195/1269/407 2194/1268/406 2216/1290/428 
f 2219/1293/431 2197/1271/409 2196/1270/408 2217/1291/429 
f 2198/1272/410 2195/1269/407 2218/1292/430 2220/1294/625 
f 2199/1273/411 2197/1271/409 2219/1293/431 2221/1295/433 
f 2222/1296/434 2200/1274/412 2198/1272/410 2220/1294/625 
f 2223/1297/435 2201/1275/413 2199/1273/411 2221/1295/433 
f 2200/1274/412 2222/1296/434 2210/1284/422 2202/1276/414 
f 2203/1277/415 2201/1275/413 2223/1297/435 2211/1285/423 
f 2217/1291/429 2224/1298/436 2225/1299/437 2219/1293/431 
f 2220/1294/625 2218/1292/430 2226/1300/438 2227/1301/439 
f 2219/1293/431 2225/1299/437 2228/1302/440 2221/1295/433 
f 2222/1296/434 2220/1294/625 2227/1301/439 2229/1303/441 
f 2221/1295/433 2228/1302/440 2230/1304/442 2223/1297/435 
f 2222/1296/434 2229/1303/441 2231/1305/443 2210/1284/422 
f 2223/1297/435 2230/1304/442 2232/1306/444 2211/1285/423 
f 2209/1283/421 2142/1216/354 2233/1307/445 
f 2144/1218/356 2210/1284/422 2231/1305/443 
f 2211/1285/423 2232/1306/444 2234/1308/446 2212/1286/424 
f 2209/1283/421 2233/1307/445 2235/1309/447 2213/1287/425 
f 2214/1288/426 2212/1286/424 2234/1308/446 2236/1310/448 
f 2213/1287/425 2235/1309/447 2237/1311/449 2215/1289/427 
f 2216/1290/428 2214/1288/426 2236/1310/448 2238/1312/450 
f 2215/1289/427 2237/1311/449 2224/1298/436 2217/1291/429 
f 2218/1292/430 2216/1290/428 2238/1312/450 2226/1300/438 
f 2232/1306/444 2239/1313/451 2240/1314/452 2234/1308/446 
f 2241/1315/453 2242/1316/454 2235/1309/447 2233/1307/445 
f 2236/1310/448 2234/1308/446 2240/1314/452 2243/1317/455 
f 2244/1318/456 2237/1311/449 2235/1309/447 2242/1316/454 
f 2238/1312/450 2236/1310/448 2243/1317/455 2245/1319/457 
f 2237/1311/449 2244/1318/456 2246/1320/458 2224/1298/436 
f 2226/1300/438 2238/1312/450 2245/1319/457 2247/1321/459 
f 2224/1298/436 2246/1320/458 2248/1322/460 2225/1299/437 
f 2227/1301/439 2226/1300/438 2247/1321/459 2249/1323/461 
f 2225/1299/437 2248/1322/460 2250/1324/462 2228/1302/440 
f 2229/1303/441 2227/1301/439 2249/1323/461 2251/1325/463 
f 2228/1302/440 2250/1324/462 2252/1326/464 2230/1304/442 
f 2231/1305/443 2229/1303/441 2251/1325/463 2253/1327/465 
f 2230/1304/442 2252/1326/464 2239/1313/451 2232/1306/444 
f 2233/1307/445 2142/1216/354 2241/1315/453 
f 2144/1218/356 2231/1305/443 2253/1327/465 
f 2249/1323/461 2247/1321/459 2254/1329/467 2255/1328/466 
f 2248/1322/460 2256/1331/469 2257/1330/468 2250/1324/462 
f 2251/1325/463 2249/1323/461 2255/1328/466 2258/1332/470 
f 2250/1324/462 2257/1330/468 2259/1333/471 2252/1326/464 
f 2253/1327/465 2251/1325/463 2258/1332/470 2260/1334/472 
f 2252/1326/464 2259/1333/471 2261/1335/473 2239/1313/451 
f 2241/1315/453 2142/1216/354 2262/1336/474 
f 2144/1218/356 2253/1327/465 2260/1334/472 
f 2239/1313/451 2261/1335/473 2263/1337/475 2240/1314/452 
f 2264/1338/476 2242/1316/454 2241/1315/453 2262/1336/474 
f 2243/1317/455 2240/1314/452 2263/1337/475 2265/1339/477 
f 2266/1340/478 2244/1318/456 2242/1316/454 2264/1338/476 
f 2245/1319/457 2243/1317/455 2265/1339/477 2267/1341/479 
f 2244/1318/456 2266/1340/478 2268/1342/480 2246/1320/458 
f 2247/1321/459 2245/1319/457 2267/1341/479 2254/1329/467 
f 2246/1320/458 2268/1342/480 2256/1331/469 2248/1322/460 
f 2263/1337/475 2269/1343/481 2270/1344/482 2265/1339/477 
f 2271/1345/483 2266/1340/478 2264/1338/476 2272/1346/484 
f 2270/1344/482 2273/1347/485 2267/1341/479 2265/1339/477 
f 2274/1348/486 2268/1342/480 2266/1340/478 2271/1345/483 
f 2275/1349/487 2254/1329/467 2267/1341/479 2273/1347/485 
f 2276/1350/488 2256/1331/469 2268/1342/480 2274/1348/486 
f 2277/1351/489 2255/1328/466 2254/1329/467 2275/1349/487 
f 2278/1352/490 2257/1330/468 2256/1331/469 2276/1350/488 
f 2279/1353/491 2258/1332/470 2255/1328/466 2277/1351/489 
f 2280/1354/492 2259/1333/471 2257/1330/468 2278/1352/490 
f 2281/1355/493 2260/1334/472 2258/1332/470 2279/1353/491 
f 2282/1356/494 2261/1335/473 2259/1333/471 2280/1354/492 
f 2262/1336/474 2142/1216/354 2283/1357/495 
f 2144/1218/356 2260/1334/472 2281/1355/493 
f 2282/1356/494 2269/1343/481 2263/1337/475 2261/1335/473 
f 2272/1346/484 2264/1338/476 2262/1336/474 2283/1357/495 
f 2277/1351/489 2284/1358/496 2285/1359/497 2279/1353/491 
f 2280/1354/492 2278/1352/490 2286/1361/499 2287/1360/498 
f 2279/1353/491 2285/1359/497 2288/1362/588 2281/1355/493 
f 2282/1356/494 2280/1354/492 2287/1360/498 2289/1363/501 
f 2283/1357/495 2142/1216/354 2290/1364/502 
f 2144/1218/356 2281/1355/493 2288/1362/588 
f 2289/1363/501 2291/1365/503 2269/1343/481 2282/1356/494 
f 2283/1357/495 2290/1364/502 2292/1366/504 2272/1346/484 
f 2293/1367/505 2270/1344/482 2269/1343/481 2291/1365/503 
f 2271/1345/483 2272/1346/484 2292/1366/504 2294/1368/506 
f 2295/1369/507 2273/1347/485 2270/1344/482 2293/1367/505 
f 2274/1348/486 2271/1345/483 2294/1368/506 2296/1370/508 
f 2273/1347/485 2295/1369/507 2297/1371/509 2275/1349/487 
f 2276/1350/488 2274/1348/486 2296/1370/508 2298/1372/510 
f 2275/1349/487 2297/1371/509 2284/1358/496 2277/1351/489 
f 2278/1352/490 2276/1350/488 2298/1372/510 2286/1361/499 
f 2294/1368/506 2292/1366/504 2299/1374/512 2300/1373/511 
f 2293/1367/505 2301/1376/514 2302/1375/513 2295/1369/507 
f 2296/1370/508 2294/1368/506 2300/1373/511 2303/1377/515 
f 2295/1369/507 2302/1375/513 2304/1378/516 2297/1371/509 
f 2298/1372/510 2296/1370/508 2303/1377/515 2305/1379/517 
f 2297/1371/509 2304/1378/516 2306/1380/518 2284/1358/496 
f 2286/1361/499 2298/1372/510 2305/1379/517 2307/1381/519 
f 2284/1358/496 2306/1380/518 2308/1382/520 2285/1359/497 
f 2287/1360/498 2286/1361/499 2307/1381/519 2309/1383/521 
f 2285/1359/497 2308/1382/520 2310/1384/522 2288/1362/588 
f 2289/1363/501 2287/1360/498 2309/1383/521 2311/1385/523 
f 2290/1364/502 2142/1216/354 2312/1386/524 
f 2144/1218/356 2288/1362/588 2310/1384/522 
f 2291/1365/503 2289/1363/501 2311/1385/523 2313/1387/590 
f 2290/1364/502 2312/1386/524 2299/1374/512 2292/1366/504 
f 2291/1365/503 2313/1387/590 2301/1376/514 2293/1367/505 
f 2307/1381/519 2314/1389/527 2315/1388/526 2309/1383/521 
f 2310/1384/522 2308/1382/520 2316/1390/528 2317/1391/529 
f 2309/1383/521 2315/1388/526 2318/1392/530 2311/1385/523 
f 2312/1386/524 2142/1216/354 2319/1393/531 
f 2144/1218/356 2310/1384/522 2317/1391/529 
f 2311/1385/523 2318/1392/530 2320/1394/532 2313/1387/590 
f 2299/1374/512 2312/1386/524 2319/1393/531 2321/1395/533 
f 2313/1387/590 2320/1394/532 2322/1396/534 2301/1376/514 
f 2299/1374/512 2321/1395/533 2323/1397/535 2300/1373/511 
f 2302/1375/513 2301/1376/514 2322/1396/534 2324/1398/536 
f 2300/1373/511 2323/1397/535 2325/1399/537 2303/1377/515 
f 2304/1378/516 2302/1375/513 2324/1398/536 2326/1400/538 
f 2303/1377/515 2325/1399/537 2327/1401/539 2305/1379/517 
f 2306/1380/518 2304/1378/516 2326/1400/538 2328/1402/540 
f 2305/1379/517 2327/1401/539 2314/1389/527 2307/1381/519 
f 2308/1382/520 2306/1380/518 2328/1402/540 2316/1390/528 
f 2329/1403/618 2330/1404/542 2324/1398/536 2322/1396/534 
f 2323/1397/535 2331/1406/544 2332/1405/543 2325/1399/537 
f 2330/1404/542 2333/1407/545 2326/1400/538 2324/1398/536 
f 2334/1408/546 2327/1401/539 2325/1399/537 2332/1405/543 
f 2333/1407/545 2335/1409/592 2328/1402/540 2326/1400/538 
f 2336/1410/548 2314/1389/527 2327/1401/539 2334/1408/546 
f 2335/1409/592 2337/1411/549 2316/1390/528 2328/1402/540 
f 2338/1412/550 2315/1388/526 2314/1389/527 2336/1410/548 
f 2337/1411/549 2339/1413/551 2317/1391/529 2316/1390/528 
f 2315/1388/526 2338/1412/550 2340/1414/608 2318/1392/530 
f 2319/1393/531 2142/1216/354 2341/1415/553 
f 2144/1218/356 2317/1391/529 2339/1413/551 
f 2340/1414/608 2342/1416/554 2320/1394/532 2318/1392/530 
f 2341/1415/553 2343/1417/555 2321/1395/533 2319/1393/531 
f 2329/1403/618 2322/1396/534 2320/1394/532 2342/1416/554 
f 2343/1417/555 2331/1406/544 2323/1397/535 2321/1395/533 
f 2337/1411/549 2344/1418/556 2345/1419/557 2339/1413/551 
f 2340/1414/608 2338/1412/550 2346/1420/558 2347/1421/559 
f 2341/1415/553 2142/1216/354 2348/1422/560 
f 2144/1218/356 2339/1413/551 2345/1419/557 
f 2342/1416/554 2340/1414/608 2347/1421/559 2349/1423/561 
f 2341/1415/553 2348/1422/560 2350/1424/562 2343/1417/555 
f 2342/1416/554 2349/1423/561 2351/1425/563 2329/1403/618 
f 2331/1406/544 2343/1417/555 2350/1424/562 2352/1426/564 
f 2329/1403/618 2351/1425/563 2353/1427/565 2330/1404/542 
f 2332/1405/543 2331/1406/544 2352/1426/564 2354/1428/595 
f 2330/1404/542 2353/1427/565 2355/1429/567 2333/1407/545 
f 2334/1408/546 2332/1405/543 2354/1428/595 2356/1430/568 
f 2333/1407/545 2355/1429/567 2357/1431/569 2335/1409/592 
f 2336/1410/548 2334/1408/546 2356/1430/568 2358/1432/570 
f 2335/1409/592 2357/1431/569 2344/1418/556 2337/1411/549 
f 2338/1412/550 2336/1410/548 2358/1432/570 2346/1420/558 
f 2354/1428/595 2352/1426/564 2359/1433/571 2360/1434/596 
f 2353/1427/565 2361/1436/574 2362/1435/573 2355/1429/567 
f 2356/1430/568 2354/1428/595 2360/1434/596 2363/1437/575 
f 2355/1429/567 2362/1435/573 2364/1438/597 2357/1431/569 
f 2358/1432/570 2356/1430/568 2363/1437/575 2365/1439/621 
f 2357/1431/569 2364/1438/597 2366/1440/578 2344/1418/556 
f 2346/1420/558 2358/1432/570 2365/1439/621 2367/1441/579 
f 2344/1418/556 2366/1440/578 2368/1442/580 2345/1419/557 
f 2347/1421/559 2346/1420/558 2367/1441/579 2369/1443/581 
f 2348/1422/560 2142/1216/354 2370/1444/582 
f 2144/1218/356 2345/1419/557 2368/1442/580 
f 2349/1423/561 2347/1421/559 2369/1443/581 2371/1445/583 
f 2348/1422/560 2370/1444/582 2372/1446/584 2350/1424/562 
f 2349/1423/561 2371/1445/583 2373/1447/609 2351/1425/563 
f 2352/1426/564 2350/1424/562 2372/1446/584 2359/1433/571 
f 2351/1425/563 2373/1447/609 2361/1436/574 2353/1427/565 
f 2374/1191/329 2375/1192/330 2376/1193/598 2377/1194/626 
f 2378/1196/600 2379/1197/335 2380/1198/336 2381/1195/333 
f 2376/1193/598 2382/1199/627 2383/1200/628 2377/1194/626 
f 2384/1202/340 2385/1201/629 2378/1196/600 2381/1195/333 
f 2382/1199/627 2386/1203/602 2387/1204/342 2383/1200/628 
f 2388/1206/344 2389/1205/343 2385/1201/629 2384/1202/340 
f 2390/1208/346 2387/1204/342 2386/1203/602 2391/1207/630 
f 2392/1210/603 2393/1209/631 2389/1205/343 2388/1206/344 
f 2391/1207/630 2394/1211/349 2395/1212/632 2390/1208/346 
f 2392/1210/603 2396/1213/351 2397/1214/633 2393/1209/631 
f 2398/1215/353 2399/1216/354 2400/1217/355 
f 2401/1218/356 2395/1212/632 2394/1211/349 
f 2396/1213/351 2402/1219/357 2403/1220/604 2397/1214/633 
f 2400/1217/355 2404/1221/359 2405/1222/360 2398/1215/353 
f 2402/1219/357 2375/1192/330 2374/1191/329 2403/1220/604 
f 2404/1221/359 2380/1198/336 2379/1197/335 2405/1222/360 
f 2391/1207/630 2406/1223/361 2407/1224/362 2394/1211/349 
f 2408/1225/363 2409/1226/364 2396/1213/351 2392/1210/603 
f 2400/1217/355 2399/1216/354 2410/1227/365 
f 2401/1218/356 2394/1211/349 2407/1224/362 
f 2411/1228/366 2402/1219/357 2396/1213/351 2409/1226/364 
f 2412/1229/367 2404/1221/359 2400/1217/355 2410/1227/365 
f 2375/1192/330 2402/1219/357 2411/1228/366 2413/1230/587 
f 2380/1198/336 2404/1221/359 2412/1229/367 2414/1231/369 
f 2375/1192/330 2413/1230/587 2415/1232/370 2376/1193/598 
f 2416/1233/371 2381/1195/333 2380/1198/336 2414/1231/369 
f 2417/1234/372 2382/1199/627 2376/1193/598 2415/1232/370 
f 2384/1202/340 2381/1195/333 2416/1233/371 2418/1235/373 
f 2417/1234/372 2419/1236/374 2386/1203/602 2382/1199/627 
f 2420/1237/375 2388/1206/344 2384/1202/340 2418/1235/373 
f 2419/1236/374 2406/1223/361 2391/1207/630 2386/1203/602 
f 2392/1210/603 2388/1206/344 2420/1237/375 2408/1225/363 
f 2421/1238/376 2422/1239/377 2416/1233/371 2414/1231/369 
f 2415/1232/370 2423/1241/379 2424/1240/378 2417/1234/372 
f 2422/1239/377 2425/1242/380 2418/1235/373 2416/1233/371 
f 2424/1240/378 2426/1243/381 2419/1236/374 2417/1234/372 
f 2425/1242/380 2427/1244/382 2420/1237/375 2418/1235/373 
f 2428/1245/383 2406/1223/361 2419/1236/374 2426/1243/381 
f 2420/1237/375 2427/1244/382 2429/1246/384 2408/1225/363 
f 2428/1245/383 2430/1247/385 2407/1224/362 2406/1223/361 
f 2409/1226/364 2408/1225/363 2429/1246/384 2431/1248/386 
f 2410/1227/365 2399/1216/354 2432/1249/387 
f 2401/1218/356 2407/1224/362 2430/1247/385 
f 2409/1226/364 2431/1248/386 2433/1250/388 2411/1228/366 
f 2434/1251/389 2412/1229/367 2410/1227/365 2432/1249/387 
f 2435/1252/390 2413/1230/587 2411/1228/366 2433/1250/388 
f 2412/1229/367 2434/1251/389 2421/1238/376 2414/1231/369 
f 2435/1252/390 2423/1241/379 2415/1232/370 2413/1230/587 
f 2429/1246/384 2436/1254/392 2437/1253/391 2431/1248/386 
f 2432/1249/387 2399/1216/354 2438/1255/393 
f 2401/1218/356 2430/1247/385 2439/1256/394 
f 2437/1253/391 2440/1257/395 2433/1250/388 2431/1248/386 
f 2441/1258/396 2434/1251/389 2432/1249/387 2438/1255/393 
f 2435/1252/390 2433/1250/388 2440/1257/395 2442/1259/397 
f 2441/1258/396 2443/1260/398 2421/1238/376 2434/1251/389 
f 2442/1259/397 2444/1261/399 2423/1241/379 2435/1252/390 
f 2443/1260/398 2445/1262/400 2422/1239/377 2421/1238/376 
f 2423/1241/379 2444/1261/399 2446/1263/401 2424/1240/378 
f 2445/1262/400 2447/1264/402 2425/1242/380 2422/1239/377 
f 2446/1263/401 2448/1265/403 2426/1243/381 2424/1240/378 
f 2447/1264/402 2449/1266/404 2427/1244/382 2425/1242/380 
f 2426/1243/381 2448/1265/403 2450/1267/405 2428/1245/383 
f 2427/1244/382 2449/1266/404 2436/1254/392 2429/1246/384 
f 2430/1247/385 2428/1245/383 2450/1267/405 2439/1256/394 
f 2446/1263/401 2444/1261/399 2451/1268/406 2452/1269/407 
f 2447/1264/402 2445/1262/400 2453/1270/408 2454/1271/409 
f 2452/1269/407 2455/1272/410 2448/1265/403 2446/1263/401 
f 2456/1273/411 2449/1266/404 2447/1264/402 2454/1271/409 
f 2450/1267/405 2448/1265/403 2455/1272/410 2457/1274/412 
f 2456/1273/411 2458/1275/413 2436/1254/392 2449/1266/404 
f 2439/1256/394 2450/1267/405 2457/1274/412 2459/1276/414 
f 2436/1254/392 2458/1275/413 2460/1277/415 2437/1253/391 
f 2438/1255/393 2399/1216/354 2461/1278/416 
f 2401/1218/356 2439/1256/394 2459/1276/414 
f 2440/1257/395 2437/1253/391 2460/1277/415 2462/1279/417 
f 2461/1278/416 2463/1280/634 2441/1258/396 2438/1255/393 
f 2462/1279/417 2464/1281/419 2442/1259/397 2440/1257/395 
f 2463/1280/634 2465/1282/420 2443/1260/398 2441/1258/396 
f 2464/1281/419 2451/1268/406 2444/1261/399 2442/1259/397 
f 2445/1262/400 2443/1260/398 2465/1282/420 2453/1270/408 
f 2461/1278/416 2399/1216/354 2466/1283/607 
f 2401/1218/356 2459/1276/414 2467/1284/422 
f 2462/1279/417 2460/1277/415 2468/1285/423 2469/1286/424 
f 2466/1283/607 2470/1287/425 2463/1280/634 2461/1278/416 
f 2469/1286/424 2471/1288/426 2464/1281/419 2462/1279/417 
f 2472/1289/427 2465/1282/420 2463/1280/634 2470/1287/425 
f 2451/1268/406 2464/1281/419 2471/1288/426 2473/1290/428 
f 2465/1282/420 2472/1289/427 2474/1291/429 2453/1270/408 
f 2475/1292/430 2452/1269/407 2451/1268/406 2473/1290/428 
f 2476/1293/431 2454/1271/409 2453/1270/408 2474/1291/429 
f 2455/1272/410 2452/1269/407 2475/1292/430 2477/1294/432 
f 2456/1273/411 2454/1271/409 2476/1293/431 2478/1295/635 
f 2479/1296/434 2457/1274/412 2455/1272/410 2477/1294/432 
f 2480/1297/435 2458/1275/413 2456/1273/411 2478/1295/635 
f 2457/1274/412 2479/1296/434 2467/1284/422 2459/1276/414 
f 2460/1277/415 2458/1275/413 2480/1297/435 2468/1285/423 
f 2474/1291/429 2481/1298/436 2482/1299/437 2476/1293/431 
f 2477/1294/432 2475/1292/430 2483/1300/438 2484/1301/439 
f 2476/1293/431 2482/1299/437 2485/1302/440 2478/1295/635 
f 2479/1296/434 2477/1294/432 2484/1301/439 2486/1303/441 
f 2478/1295/635 2485/1302/440 2487/1304/442 2480/1297/435 
f 2479/1296/434 2486/1303/441 2488/1305/443 2467/1284/422 
f 2480/1297/435 2487/1304/442 2489/1306/444 2468/1285/423 
f 2466/1283/607 2399/1216/354 2490/1307/445 
f 2401/1218/356 2467/1284/422 2488/1305/443 
f 2468/1285/423 2489/1306/444 2491/1308/446 2469/1286/424 
f 2466/1283/607 2490/1307/445 2492/1309/447 2470/1287/425 
f 2471/1288/426 2469/1286/424 2491/1308/446 2493/1310/448 
f 2470/1287/425 2492/1309/447 2494/1311/449 2472/1289/427 
f 2473/1290/428 2471/1288/426 2493/1310/448 2495/1312/450 
f 2472/1289/427 2494/1311/449 2481/1298/436 2474/1291/429 
f 2475/1292/430 2473/1290/428 2495/1312/450 2483/1300/438 
f 2489/1306/444 2496/1313/451 2497/1314/452 2491/1308/446 
f 2498/1316/454 2492/1309/447 2490/1307/445 2499/1315/453 
f 2493/1310/448 2491/1308/446 2497/1314/452 2500/1317/455 
f 2501/1318/456 2494/1311/449 2492/1309/447 2498/1316/454 
f 2495/1312/450 2493/1310/448 2500/1317/455 2502/1319/457 
f 2494/1311/449 2501/1318/456 2503/1320/458 2481/1298/436 
f 2483/1300/438 2495/1312/450 2502/1319/457 2504/1321/459 
f 2481/1298/436 2503/1320/458 2505/1322/460 2482/1299/437 
f 2484/1301/439 2483/1300/438 2504/1321/459 2506/1323/461 
f 2482/1299/437 2505/1322/460 2507/1324/462 2485/1302/440 
f 2486/1303/441 2484/1301/439 2506/1323/461 2508/1325/463 
f 2485/1302/440 2507/1324/462 2509/1326/464 2487/1304/442 
f 2488/1305/443 2486/1303/441 2508/1325/463 2510/1327/465 
f 2487/1304/442 2509/1326/464 2496/1313/451 2489/1306/444 
f 2490/1307/445 2399/1216/354 2499/1315/453 
f 2401/1218/356 2488/1305/443 2510/1327/465 
f 2506/1323/461 2504/1321/459 2511/1329/467 2512/1328/466 
f 2505/1322/460 2513/1331/469 2514/1330/468 2507/1324/462 
f 2508/1325/463 2506/1323/461 2512/1328/466 2515/1332/470 
f 2507/1324/462 2514/1330/468 2516/1333/471 2509/1326/464 
f 2510/1327/465 2508/1325/463 2515/1332/470 2517/1334/472 
f 2509/1326/464 2516/1333/471 2518/1335/473 2496/1313/451 
f 2499/1315/453 2399/1216/354 2519/1336/474 
f 2401/1218/356 2510/1327/465 2517/1334/472 
f 2496/1313/451 2518/1335/473 2520/1337/475 2497/1314/452 
f 2521/1338/476 2498/1316/454 2499/1315/453 2519/1336/474 
f 2500/1317/455 2497/1314/452 2520/1337/475 2522/1339/477 
f 2523/1340/478 2501/1318/456 2498/1316/454 2521/1338/476 
f 2502/1319/457 2500/1317/455 2522/1339/477 2524/1341/479 
f 2501/1318/456 2523/1340/478 2525/1342/480 2503/1320/458 
f 2504/1321/459 2502/1319/457 2524/1341/479 2511/1329/467 
f 2503/1320/458 2525/1342/480 2513/1331/469 2505/1322/460 
f 2520/1337/475 2526/1343/481 2527/1344/482 2522/1339/477 
f 2528/1345/483 2523/1340/478 2521/1338/476 2529/1346/484 
f 2527/1344/482 2530/1347/485 2524/1341/479 2522/1339/477 
f 2531/1348/486 2525/1342/480 2523/1340/478 2528/1345/483 
f 2532/1349/487 2511/1329/467 2524/1341/479 2530/1347/485 
f 2533/1350/488 2513/1331/469 2525/1342/480 2531/1348/486 
f 2534/1351/489 2512/1328/466 2511/1329/467 2532/1349/487 
f 2535/1352/490 2514/1330/468 2513/1331/469 2533/1350/488 
f 2536/1353/491 2515/1332/470 2512/1328/466 2534/1351/489 
f 2537/1354/492 2516/1333/471 2514/1330/468 2535/1352/490 
f 2538/1355/493 2517/1334/472 2515/1332/470 2536/1353/491 
f 2539/1356/494 2518/1335/473 2516/1333/471 2537/1354/492 
f 2519/1336/474 2399/1216/354 2540/1357/495 
f 2401/1218/356 2517/1334/472 2538/1355/493 
f 2539/1356/494 2526/1343/481 2520/1337/475 2518/1335/473 
f 2529/1346/484 2521/1338/476 2519/1336/474 2540/1357/495 
f 2534/1351/489 2541/1358/496 2542/1359/497 2536/1353/491 
f 2537/1354/492 2535/1352/490 2543/1361/499 2544/1360/498 
f 2536/1353/491 2542/1359/497 2545/1362/588 2538/1355/493 
f 2539/1356/494 2537/1354/492 2544/1360/498 2546/1363/501 
f 2540/1357/495 2399/1216/354 2547/1364/502 
f 2401/1218/356 2538/1355/493 2545/1362/588 
f 2546/1363/501 2548/1365/503 2526/1343/481 2539/1356/494 
f 2540/1357/495 2547/1364/502 2549/1366/504 2529/1346/484 
f 2550/1367/505 2527/1344/482 2526/1343/481 2548/1365/503 
f 2528/1345/483 2529/1346/484 2549/1366/504 2551/1368/506 
f 2552/1369/507 2530/1347/485 2527/1344/482 2550/1367/505 
f 2531/1348/486 2528/1345/483 2551/1368/506 2553/1370/508 
f 2530/1347/485 2552/1369/507 2554/1371/509 2532/1349/487 
f 2533/1350/488 2531/1348/486 2553/1370/508 2555/1372/616 
f 2532/1349/487 2554/1371/509 2541/1358/496 2534/1351/489 
f 2535/1352/490 2533/1350/488 2555/1372/616 2543/1361/499 
f 2551/1368/506 2549/1366/504 2556/1374/512 2557/1373/511 
f 2550/1367/505 2558/1376/514 2559/1375/513 2552/1369/507 
f 2553/1370/508 2551/1368/506 2557/1373/511 2560/1377/636 
f 2552/1369/507 2559/1375/513 2561/1378/516 2554/1371/509 
f 2555/1372/616 2553/1370/508 2560/1377/636 2562/1379/517 
f 2554/1371/509 2561/1378/516 2563/1380/617 2541/1358/496 
f 2543/1361/499 2555/1372/616 2562/1379/517 2564/1381/519 
f 2541/1358/496 2563/1380/617 2565/1382/520 2542/1359/497 
f 2544/1360/498 2543/1361/499 2564/1381/519 2566/1383/521 
f 2542/1359/497 2565/1382/520 2567/1384/522 2545/1362/588 
f 2546/1363/501 2544/1360/498 2566/1383/521 2568/1385/523 
f 2547/1364/502 2399/1216/354 2569/1386/524 
f 2401/1218/356 2545/1362/588 2567/1384/522 
f 2548/1365/503 2546/1363/501 2568/1385/523 2570/1387/525 
f 2547/1364/502 2569/1386/524 2556/1374/512 2549/1366/504 
f 2548/1365/503 2570/1387/525 2558/1376/514 2550/1367/505 
f 2564/1381/519 2571/1389/527 2572/1388/526 2566/1383/521 
f 2567/1384/522 2565/1382/520 2573/1390/528 2574/1391/529 
f 2566/1383/521 2572/1388/526 2575/1392/530 2568/1385/523 
f 2569/1386/524 2399/1216/354 2576/1393/531 
f 2401/1218/356 2567/1384/522 2574/1391/529 
f 2568/1385/523 2575/1392/530 2577/1394/532 2570/1387/525 
f 2556/1374/512 2569/1386/524 2576/1393/531 2578/1395/533 
f 2570/1387/525 2577/1394/532 2579/1396/534 2558/1376/514 
f 2556/1374/512 2578/1395/533 2580/1397/535 2557/1373/511 
f 2559/1375/513 2558/1376/514 2579/1396/534 2581/1398/536 
f 2557/1373/511 2580/1397/535 2582/1399/537 2560/1377/636 
f 2561/1378/516 2559/1375/513 2581/1398/536 2583/1400/538 
f 2560/1377/636 2582/1399/537 2584/1401/539 2562/1379/517 
f 2563/1380/617 2561/1378/516 2583/1400/538 2585/1402/540 
f 2562/1379/517 2584/1401/539 2571/1389/527 2564/1381/519 
f 2565/1382/520 2563/1380/617 2585/1402/540 2573/1390/528 
f 2586/1403/637 2587/1404/542 2581/1398/536 2579/1396/534 
f 2588/1406/544 2589/1405/543 2582/1399/537 2580/1397/535 
f 2587/1404/542 2590/1407/545 2583/1400/538 2581/1398/536 
f 2591/1408/638 2584/1401/539 2582/1399/537 2589/1405/543 
f 2590/1407/545 2592/1409/547 2585/1402/540 2583/1400/538 
f 2593/1410/548 2571/1389/527 2584/1401/539 2591/1408/638 
f 2592/1409/547 2594/1411/639 2573/1390/528 2585/1402/540 
f 2595/1412/550 2572/1388/526 2571/1389/527 2593/1410/548 
f 2594/1411/639 2596/1413/551 2574/1391/529 2573/1390/528 
f 2572/1388/526 2595/1412/550 2597/1414/608 2575/1392/530 
f 2576/1393/531 2399/1216/354 2598/1415/553 
f 2401/1218/356 2574/1391/529 2596/1413/551 
f 2597/1414/608 2599/1416/554 2577/1394/532 2575/1392/530 
f 2598/1415/553 2600/1417/555 2578/1395/533 2576/1393/531 
f 2586/1403/637 2579/1396/534 2577/1394/532 2599/1416/554 
f 2600/1417/555 2588/1406/544 2580/1397/535 2578/1395/533 
f 2594/1411/639 2601/1418/556 2602/1419/557 2596/1413/551 
f 2597/1414/608 2595/1412/550 2603/1420/640 2604/1421/559 
f 2598/1415/553 2399/1216/354 2605/1422/619 
f 2401/1218/356 2596/1413/551 2602/1419/557 
f 2599/1416/554 2597/1414/608 2604/1421/559 2606/1423/561 
f 2598/1415/553 2605/1422/619 2607/1424/594 2600/1417/555 
f 2599/1416/554 2606/1423/561 2608/1425/563 2586/1403/637 
f 2588/1406/544 2600/1417/555 2607/1424/594 2609/1426/564 
f 2586/1403/637 2608/1425/563 2610/1427/565 2587/1404/542 
f 2589/1405/543 2588/1406/544 2609/1426/564 2611/1428/566 
f 2587/1404/542 2610/1427/565 2612/1429/641 2590/1407/545 
f 2591/1408/638 2589/1405/543 2611/1428/566 2613/1430/642 
f 2590/1407/545 2612/1429/641 2614/1431/643 2592/1409/547 
f 2593/1410/548 2591/1408/638 2613/1430/642 2615/1432/644 
f 2592/1409/547 2614/1431/643 2601/1418/556 2594/1411/639 
f 2595/1412/550 2593/1410/548 2615/1432/644 2603/1420/640 
f 2611/1428/566 2609/1426/564 2616/1433/571 2617/1434/572 
f 2610/1427/565 2618/1436/574 2619/1435/573 2612/1429/641 
f 2613/1430/642 2611/1428/566 2617/1434/572 2620/1437/620 
f 2612/1429/641 2619/1435/573 2621/1438/576 2614/1431/643 
f 2615/1432/644 2613/1430/642 2620/1437/620 2622/1439/577 
f 2614/1431/643 2621/1438/576 2623/1440/578 2601/1418/556 
f 2603/1420/640 2615/1432/644 2622/1439/577 2624/1441/579 
f 2601/1418/556 2623/1440/578 2625/1442/580 2602/1419/557 
f 2604/1421/559 2603/1420/640 2624/1441/579 2626/1443/581 
f 2605/1422/619 2399/1216/354 2627/1444/582 
f 2401/1218/356 2602/1419/557 2625/1442/580 
f 2606/1423/561 2604/1421/559 2626/1443/581 2628/1445/645 
f 2605/1422/619 2627/1444/582 2629/1446/584 2607/1424/594 
f 2606/1423/561 2628/1445/645 2630/1447/585 2608/1425/563 
f 2609/1426/564 2607/1424/594 2629/1446/584 2616/1433/571 
f 2608/1425/563 2630/1447/585 2618/1436/574 2610/1427/565 
f 2631/1448/646 2632/1449/647 2633/1450/648 2634/1451/649 
f 2635/1452/650 2636/1453/651 2637/1454/652 2638/1455/653 
f 2639/1456/654 2640/1457/655 2638/1455/653 2637/1454/652 
f 2640/1457/655 2639/1456/654 2641/1458/656 2642/1459/657 
f 2642/1459/657 2641/1458/656 2643/1460/658 2644/1461/659 
f 2645/1462/660 2646/1463/661 2644/1461/659 2643/1460/658 
f 2647/1464/662 2648/1465/663 2646/1463/661 2645/1462/660 
f 2649/1466/664 2650/1467/665 2648/1465/663 2647/1464/662 
f 2651/1468/666 2652/1469/667 2650/1467/665 2649/1466/664 
f 2652/1469/667 2651/1468/666 2653/1470/668 2654/1471/669 
f 2655/1472/670 2656/1473/671 2654/1471/669 2653/1470/668 
f 2657/1474/672 2658/1475/673 2656/1473/671 2655/1472/670 
f 2659/1476/674 2660/1477/675 2658/1475/673 2657/1474/672 
f 2659/1476/674 2661/1478/676 2662/1479/677 2660/1477/675 
f 2663/1480/678 2664/1481/679 2662/1479/677 2661/1478/676 
f 2663/1480/678 2665/1482/680 2666/1483/681 2664/1481/679 
f 2667/1484/682 2668/1485/683 2666/1483/681 2665/1482/680 
f 2669/1486/684 2670/1487/685 2668/1485/683 2667/1484/682 
f 2670/1487/685 2669/1486/684 2671/1488/686 2672/1489/687 
f 2673/1490/688 2674/1491/689 2672/1489/687 2671/1488/686 
f 2675/1492/690 2676/1493/691 2674/1491/689 2673/1490/688 
f 2677/1494/692 2678/1495/693 2676/1493/691 2675/1492/690 
f 2678/1495/693 2677/1494/692 2679/1496/694 2680/1497/695 
f 2681/1498/696 2682/1499/697 2680/1497/695 2679/1496/694 
f 2682/1499/697 2681/1498/696 2683/1500/698 2684/1501/699 
f 2684/1501/699 2683/1500/698 2685/1502/700 2686/1503/701 
f 2686/1503/701 2685/1502/700 2687/1504/702 2688/1505/703 
f 2689/1506/704 2690/1507/705 2688/1505/703 2687/1504/702 
f 2691/1508/706 2690/1507/705 2689/1506/704 2692/1509/707 
f 2692/1509/707 2631/1448/646 2634/1451/649 2691/1508/706 
f 2636/1453/651 2635/1452/650 2693/1510/708 2694/1511/709 
f 2695/1512/710 2696/1513/711 2697/1514/712 2698/1515/713 
f 2699/1516/714 2700/1517/715 2701/1518/716 2702/1519/717 
f 2703/1520/718 2699/1516/714 2702/1519/717 2704/1521/719 
f 2705/1522/720 2706/1523/721 2707/1524/722 2708/1525/723 
f 2702/1519/717 2705/1522/720 2708/1525/723 2704/1521/719 
f 2704/1521/719 2709/1526/724 2710/1527/725 2711/1528/726 
f 2704/1521/719 2711/1528/726 2712/1529/727 2703/1520/718 
f 2712/1529/727 2713/1530/728 2714/1531/729 2715/1532/730 
f 2714/1531/729 2716/1533/731 2715/1532/730 
f 2703/1520/718 2712/1529/727 2715/1532/730 2717/1534/732 
f 2718/1535/733 2719/1536/734 2720/1537/735 2717/1534/732 
f 2703/1520/718 2717/1534/732 2720/1537/735 2721/1538/736 
f 2720/1537/735 2722/1539/737 2723/1540/738 2721/1538/736 
f 2703/1520/718 2721/1538/736 2724/1541/739 2725/1542/740 
f 2703/1520/718 2725/1542/740 2726/1543/741 2698/1515/713 
f 2695/1512/710 2698/1515/713 2726/1543/741 
f 2694/1511/709 2632/1449/647 2727/1544/742 2728/1545/743 
f 2727/1544/744 2696/1513/711 2695/1512/710 2728/1545/745 
f 2694/1511/709 2728/1545/743 2729/1546/746 2636/1453/651 
f 2726/1543/741 2729/1546/747 2728/1545/745 2695/1512/710 
f 2636/1453/651 2729/1546/746 2730/1547/748 2637/1454/652 
f 2725/1542/740 2730/1547/749 2729/1546/747 2726/1543/741 
f 2730/1547/748 2731/1548/750 2639/1456/654 2637/1454/652 
f 2725/1542/740 2724/1541/739 2731/1548/751 2730/1547/749 
f 2641/1458/656 2639/1456/654 2731/1548/750 2732/1549/752 
f 2732/1549/753 2731/1548/751 2724/1541/739 2721/1538/736 
f 2732/1549/752 2733/1550/754 2643/1460/658 2641/1458/656 
f 2732/1549/753 2721/1538/736 2723/1540/738 2733/1550/755 
f 2643/1460/658 2733/1550/754 2734/1551/756 2645/1462/660 
f 2733/1550/755 2723/1540/738 2722/1539/737 2734/1551/757 
f 2645/1462/660 2734/1551/756 2735/1552/758 2647/1464/662 
f 2735/1552/759 2734/1551/757 2722/1539/737 2720/1537/735 
f 2735/1552/758 2736/1553/760 2649/1466/664 2647/1464/662 
f 2720/1537/735 2719/1536/734 2736/1553/761 2735/1552/759 
f 2736/1553/760 2737/1554/762 2651/1468/666 2649/1466/664 
f 2719/1536/734 2718/1535/733 2737/1554/763 2736/1553/761 
f 2737/1554/762 2738/1555/764 2653/1470/668 2651/1468/666 
f 2737/1554/763 2718/1535/733 2717/1534/732 2738/1555/765 
f 2655/1472/670 2653/1470/668 2738/1555/764 2739/1556/766 
f 2739/1556/767 2738/1555/765 2717/1534/732 2715/1532/730 
f 2657/1474/672 2655/1472/670 2739/1556/766 2740/1557/768 
f 2716/1533/731 2740/1557/769 2739/1556/767 2715/1532/730 
f 2657/1474/672 2740/1557/768 2741/1558/770 2659/1476/674 
f 2716/1533/731 2714/1531/729 2741/1558/771 2740/1557/769 
f 2741/1558/770 2742/1559/772 2661/1478/676 2659/1476/674 
f 2714/1531/729 2713/1530/728 2742/1559/773 2741/1558/771 
f 2742/1559/772 2743/1560/774 2663/1480/678 2661/1478/676 
f 2743/1560/775 2742/1559/773 2713/1530/728 2712/1529/727 
f 2665/1482/680 2663/1480/678 2743/1560/774 2744/1561/776 
f 2712/1529/727 2711/1528/726 2744/1561/777 2743/1560/775 
f 2665/1482/680 2744/1561/776 2745/1562/778 2667/1484/682 
f 2745/1562/779 2744/1561/777 2711/1528/726 2710/1527/725 
f 2745/1562/778 2746/1563/780 2669/1486/684 2667/1484/682 
f 2709/1526/724 2746/1563/781 2745/1562/779 2710/1527/725 
f 2669/1486/684 2746/1563/780 2747/1564/782 2671/1488/686 
f 2746/1563/781 2709/1526/724 2704/1521/719 2747/1564/783 
f 2747/1564/782 2748/1565/784 2673/1490/688 2671/1488/686 
f 2704/1521/719 2708/1525/723 2748/1565/785 2747/1564/783 
f 2748/1565/784 2749/1566/786 2675/1492/690 2673/1490/688 
f 2707/1524/722 2749/1566/787 2748/1565/785 2708/1525/723 
f 2749/1566/786 2750/1567/788 2677/1494/692 2675/1492/690 
f 2707/1524/722 2706/1523/721 2750/1567/789 2749/1566/787 
f 2751/1568/790 2679/1496/694 2677/1494/692 2750/1567/788 
f 2706/1523/721 2705/1522/720 2751/1568/791 2750/1567/789 
f 2681/1498/696 2679/1496/694 2751/1568/790 2752/1569/792 
f 2702/1519/717 2752/1569/793 2751/1568/791 2705/1522/720 
f 2752/1569/792 2753/1570/794 2683/1500/698 2681/1498/696 
f 2752/1569/793 2702/1519/717 2701/1518/716 2753/1570/795 
f 2685/1502/700 2683/1500/698 2753/1570/794 2754/1571/796 
f 2753/1570/795 2701/1518/716 2700/1517/715 2754/1571/797 
f 2685/1502/700 2754/1571/796 2755/1572/798 2687/1504/702 
f 2699/1516/714 2755/1572/799 2754/1571/797 2700/1517/715 
f 2689/1506/704 2687/1504/702 2755/1572/798 2756/1573/800 
f 2699/1516/714 2703/1520/718 2756/1573/801 2755/1572/799 
f 2692/1509/707 2689/1506/704 2756/1573/800 2757/1574/802 
f 2757/1574/803 2756/1573/801 2703/1520/718 2698/1515/713 
f 2692/1509/707 2757/1574/802 2758/1575/804 2631/1448/646 
f 2758/1575/805 2757/1574/803 2698/1515/713 2697/1514/712 
f 2727/1544/742 2632/1449/647 2631/1448/646 2758/1575/804 
f 2758/1575/805 2697/1514/712 2696/1513/711 2727/1544/744 
f 2694/1511/709 2693/1510/708 2633/1450/648 2632/1449/647 
f 2759/1576/691 2760/1577/806 2761/1578/807 2762/1579/693 
f 2763/1580/808 2764/1581/699 2765/1582/697 2766/1583/809 
f 2767/1584/810 2768/1585/811 2769/1586/681 2770/1587/677 
f 2771/1588/812 2772/1589/661 2773/1590/659 2774/1591/813 
f 2775/1592/814 2776/1593/649 2764/1581/706 2763/1580/815 
f 2765/1582/697 2762/1579/693 2761/1578/807 2766/1583/809 
f 2777/1594/816 2778/1595/708 2776/1593/649 2775/1592/814 
f 2767/1584/810 2770/1587/677 2779/1596/675 2780/1597/817 
f 2781/1598/665 2782/1599/818 2780/1597/819 2779/1596/667 
f 2782/1599/818 2781/1598/665 2772/1589/661 2771/1588/812 
f 2778/1595/708 2777/1594/816 2774/1591/820 2773/1590/650 
f 2759/1576/683 2769/1586/681 2768/1585/811 2760/1577/821 
f 2768/1585/811 2783/1600/822 2784/1601/823 2760/1577/821 
f 2760/1577/806 2784/1601/824 2785/1602/825 2761/1578/807 
f 2786/1603/826 2787/1604/827 2775/1592/814 2763/1580/815 
f 2763/1580/808 2766/1583/809 2788/1605/828 2786/1603/829 
f 2789/1606/830 2767/1584/810 2780/1597/817 2790/1607/831 
f 2790/1607/832 2780/1597/819 2782/1599/818 2791/1608/833 
f 2774/1591/820 2777/1594/816 2792/1609/834 2793/1610/835 
f 2774/1591/813 2793/1610/836 2794/1611/837 2771/1588/812 
f 2789/1606/830 2783/1600/822 2768/1585/811 2767/1584/810 
f 2766/1583/809 2761/1578/807 2785/1602/825 2788/1605/828 
f 2771/1588/812 2794/1611/837 2791/1608/833 2782/1599/818 
f 2787/1604/827 2792/1609/834 2777/1594/816 2775/1592/814 
f 2789/1606/838 2790/1607/838 2791/1608/838 2785/1602/838 
f 2794/1611/838 2793/1610/838 2792/1609/838 2791/1608/838 
f 2792/1609/838 2787/1604/838 2786/1603/838 2791/1608/838 
f 2786/1603/838 2788/1605/838 2785/1602/838 2791/1608/838 
f 2789/1606/838 2785/1602/838 2784/1601/838 2783/1600/838 
f 2795/1612/839 2796/1613/840 2797/1614/841 2798/1615/842 
f 2799/1616/843 2796/1613/840 2795/1612/839 2800/1617/844 
f 2799/1616/843 2800/1617/844 2801/1618/845 2802/1619/846 
f 2803/1620/847 2804/1621/848 2802/1619/846 2801/1618/845 
f 2804/1621/848 2803/1620/847 2805/1622/849 2806/1623/850 
f 2806/1623/850 2805/1622/849 2807/1624/851 2808/1625/852 
f 2808/1625/852 2807/1624/851 2809/1626/853 2810/1627/854 
f 2811/1628/855 2812/1629/856 2810/1627/854 2809/1626/853 
f 2813/1630/857 2814/1631/858 2812/1629/856 2811/1628/855 
f 2813/1632/857 2815/1633/859 2816/1634/860 2814/1635/858 
f 2817/1636/861 2816/1634/860 2815/1633/859 2818/1637/862 
f 2817/1636/861 2818/1637/862 2819/1638/863 2820/1639/864 
f 2820/1639/864 2819/1638/863 2821/1640/865 2822/1641/866 
f 2823/1642/867 2824/1643/868 2822/1641/866 2821/1640/865 
f 2825/1644/869 2826/1645/870 2824/1643/868 2823/1642/867 
f 2798/1615/842 2797/1614/841 2826/1645/870 2825/1644/869 
f 2796/1613/840 2827/1646/871 2828/1647/872 2797/1614/841 
f 2829/1648/873 2827/1646/871 2796/1613/840 2799/1616/843 
f 2802/1619/846 2830/1649/874 2829/1648/873 2799/1616/843 
f 2831/1650/875 2830/1649/874 2802/1619/846 2804/1621/848 
f 2806/1623/850 2832/1651/876 2831/1650/875 2804/1621/848 
f 2808/1625/852 2833/1652/877 2832/1651/876 2806/1623/850 
f 2810/1627/854 2834/1653/878 2833/1652/877 2808/1625/852 
f 2812/1629/856 2835/1654/879 2834/1653/878 2810/1627/854 
f 2835/1654/879 2812/1629/856 2814/1631/858 2836/1655/880 
f 2816/1634/860 2837/1656/881 2836/1657/880 2814/1635/858 
f 2817/1636/861 2838/1658/882 2837/1656/881 2816/1634/860 
f 2820/1639/864 2839/1659/883 2838/1658/882 2817/1636/861 
f 2822/1641/866 2840/1660/884 2839/1659/883 2820/1639/864 
f 2824/1643/868 2841/1661/885 2840/1660/884 2822/1641/866 
f 2826/1645/870 2842/1662/886 2841/1661/885 2824/1643/868 
f 2826/1645/870 2797/1614/841 2828/1647/872 2842/1662/886 
f 2843/1663/887 2844/1664/888 2828/1647/872 2827/1646/871 
f 2829/1648/873 2845/1665/889 2843/1663/887 2827/1646/871 
f 2830/1649/874 2846/1666/890 2845/1665/889 2829/1648/873 
f 2831/1650/875 2847/1667/891 2846/1666/890 2830/1649/874 
f 2831/1650/875 2832/1651/876 2848/1668/892 2847/1667/891 
f 2848/1668/892 2832/1651/876 2833/1652/877 2849/1669/893 
f 2833/1652/877 2834/1653/878 2850/1670/894 2849/1669/893 
f 2850/1670/894 2834/1653/878 2835/1654/879 2851/1671/895 
f 2835/1654/879 2836/1655/880 2852/1672/896 2851/1671/895 
f 2852/1673/896 2836/1657/880 2837/1656/881 2853/1674/897 
f 2837/1656/881 2838/1658/882 2854/1675/898 2853/1674/897 
f 2854/1675/898 2838/1658/882 2839/1659/883 2855/1676/899 
f 2839/1659/883 2840/1660/884 2856/1677/900 2855/1676/899 
f 2840/1660/884 2841/1661/885 2857/1678/901 2856/1677/900 
f 2842/1662/886 2858/1679/902 2857/1678/901 2841/1661/885 
f 2842/1662/886 2828/1647/872 2844/1664/888 2858/1679/902 
f 2843/1663/887 2859/1680/903 2860/1681/904 2844/1664/888 
f 2843/1663/887 2845/1665/889 2861/1682/905 2859/1680/903 
f 2846/1666/890 2862/1683/906 2861/1682/905 2845/1665/889 
f 2862/1683/906 2846/1666/890 2847/1667/891 2863/1684/907 
f 2863/1684/907 2847/1667/891 2848/1668/892 2864/1685/908 
f 2848/1668/892 2849/1669/893 2865/1686/909 2864/1685/908 
f 2865/1686/909 2849/1669/893 2850/1670/894 2866/1687/910 
f 2850/1670/894 2851/1671/895 2867/1688/911 2866/1687/910 
f 2867/1688/911 2851/1671/895 2852/1672/896 2868/1689/912 
f 2852/1673/896 2853/1674/897 2869/1690/913 2868/1691/912 
f 2869/1690/913 2853/1674/897 2854/1675/898 2870/1692/914 
f 2854/1675/898 2855/1676/899 2871/1693/915 2870/1692/914 
f 2871/1693/915 2855/1676/899 2856/1677/900 2872/1694/916 
f 2857/1678/901 2873/1695/917 2872/1694/916 2856/1677/900 
f 2874/1696/918 2873/1695/917 2857/1678/901 2858/1679/902 
f 2860/1681/904 2874/1696/918 2858/1679/902 2844/1664/888 
f 2875/1697/919 2860/1681/904 2859/1680/903 2876/1698/920 
f 2876/1698/920 2859/1680/903 2861/1682/905 2877/1699/921 
f 2861/1682/905 2862/1683/906 2878/1700/922 2877/1699/921 
f 2878/1700/922 2862/1683/906 2863/1684/907 2879/1701/923 
f 2863/1684/907 2864/1685/908 2880/1702/924 2879/1701/923 
f 2880/1702/924 2864/1685/908 2865/1686/909 2881/1703/925 
f 2865/1686/909 2866/1687/910 2882/1704/926 2881/1703/925 
f 2882/1704/926 2866/1687/910 2867/1688/911 2883/1705/927 
f 2867/1688/911 2868/1689/912 2884/1706/928 2883/1705/927 
f 2884/1707/928 2868/1691/912 2869/1690/913 2885/1708/929 
f 2885/1708/929 2869/1690/913 2870/1692/914 2886/1709/930 
f 2870/1692/914 2871/1693/915 2887/1710/931 2886/1709/930 
f 2872/1694/916 2888/1711/932 2887/1710/931 2871/1693/915 
f 2888/1711/932 2872/1694/916 2873/1695/917 2889/1712/933 
f 2874/1696/918 2890/1713/934 2889/1712/933 2873/1695/917 
f 2860/1681/904 2875/1697/919 2890/1713/934 2874/1696/918 
f 2876/1698/920 2891/1714/935 2892/1715/936 2875/1697/919 
f 2893/1716/937 2891/1714/935 2876/1698/920 2877/1699/921 
f 2877/1699/921 2878/1700/922 2894/1717/938 2893/1716/937 
f 2894/1717/938 2878/1700/922 2879/1701/923 2895/1718/939 
f 2879/1701/923 2880/1702/924 2896/1719/940 2895/1718/939 
f 2896/1719/940 2880/1702/924 2881/1703/925 2897/1720/941 
f 2881/1703/925 2882/1704/926 2898/1721/942 2897/1720/941 
f 2898/1721/942 2882/1704/926 2883/1705/927 2899/1722/943 
f 2883/1705/927 2884/1706/928 2900/1723/944 2899/1722/943 
f 2900/1724/944 2884/1707/928 2885/1708/929 2901/1725/945 
f 2885/1708/929 2886/1709/930 2902/1726/946 2901/1725/945 
f 2887/1710/931 2903/1727/947 2902/1726/946 2886/1709/930 
f 2903/1727/947 2887/1710/931 2888/1711/932 2904/1728/948 
f 2889/1712/933 2905/1729/949 2904/1728/948 2888/1711/932 
f 2905/1729/949 2889/1712/933 2890/1713/934 2906/1730/950 
f 2892/1715/936 2906/1730/950 2890/1713/934 2875/1697/919 
f 2892/1715/936 2891/1714/935 2907/1731/951 2908/1732/952 
f 2907/1731/951 2891/1714/935 2893/1716/937 2909/1733/953 
f 2909/1733/953 2893/1716/937 2894/1717/938 2910/1734/954 
f 2894/1717/938 2895/1718/939 2911/1735/955 2910/1734/954 
f 2911/1735/955 2895/1718/939 2896/1719/940 2912/1736/956 
f 2896/1719/940 2897/1720/941 2913/1737/957 2912/1736/956 
f 2913/1737/957 2897/1720/941 2898/1721/942 2914/1738/958 
f 2914/1738/958 2898/1721/942 2899/1722/943 2915/1739/959 
f 2899/1722/943 2900/1723/944 2916/1740/960 2915/1739/959 
f 2916/1741/960 2900/1724/944 2901/1725/945 2917/1742/961 
f 2918/1743/962 2917/1742/961 2901/1725/945 2902/1726/946 
f 2919/1744/963 2918/1743/962 2902/1726/946 2903/1727/947 
f 2904/1728/948 2920/1745/964 2919/1744/963 2903/1727/947 
f 2920/1745/964 2904/1728/948 2905/1729/949 2921/1746/965 
f 2906/1730/950 2922/1747/966 2921/1746/965 2905/1729/949 
f 2906/1730/950 2892/1715/936 2908/1732/952 2922/1747/966 
f 2908/1732/952 2907/1731/951 2923/1748/967 2924/1749/968 
f 2925/1750/969 2923/1748/967 2907/1731/951 2909/1733/953 
f 2925/1750/969 2909/1733/953 2910/1734/954 2926/1751/970 
f 2910/1734/954 2911/1735/955 2927/1752/971 2926/1751/970 
f 2927/1752/971 2911/1735/955 2912/1736/956 2928/1753/972 
f 2912/1736/956 2913/1737/957 2929/1754/973 2928/1753/972 
f 2929/1754/973 2913/1737/957 2914/1738/958 2930/1755/974 
f 2914/1738/958 2915/1739/959 2931/1756/975 2930/1755/974 
f 2931/1756/975 2915/1739/959 2916/1740/960 2932/1757/976 
f 2917/1742/961 2933/1758/977 2932/1759/976 2916/1741/960 
f 2934/1760/978 2933/1758/977 2917/1742/961 2918/1743/962 
f 2919/1744/963 2935/1761/979 2934/1760/978 2918/1743/962 
f 2935/1761/979 2919/1744/963 2920/1745/964 2936/1762/980 
f 2921/1746/965 2937/1763/981 2936/1762/980 2920/1745/964 
f 2921/1746/965 2922/1747/966 2938/1764/982 2937/1763/981 
f 2938/1764/982 2922/1747/966 2908/1732/952 2924/1749/968 
f 2939/1765/983 2924/1749/968 2923/1748/967 2940/1766/984 
f 2941/1767/985 2940/1766/984 2923/1748/967 2925/1750/969 
f 2925/1750/969 2926/1751/970 2942/1768/986 2941/1767/985 
f 2942/1768/986 2926/1751/970 2927/1752/971 2943/1769/987 
f 2943/1769/987 2927/1752/971 2928/1753/972 2944/1770/988 
f 2928/1753/972 2929/1754/973 2945/1771/989 2944/1770/988 
f 2945/1771/989 2929/1754/973 2930/1755/974 2946/1772/990 
f 2930/1755/974 2931/1756/975 2947/1773/991 2946/1772/990 
f 2931/1756/975 2932/1757/976 2948/1774/992 2947/1773/991 
f 2933/1758/977 2949/1775/993 2948/1776/992 2932/1759/976 
f 2950/1777/994 2949/1775/993 2933/1758/977 2934/1760/978 
f 2951/1778/995 2950/1777/994 2934/1760/978 2935/1761/979 
f 2936/1762/980 2952/1779/996 2951/1778/995 2935/1761/979 
f 2953/1780/997 2952/1779/996 2936/1762/980 2937/1763/981 
f 2937/1763/981 2938/1764/982 2954/1781/998 2953/1780/997 
f 2924/1749/968 2939/1765/983 2954/1781/998 2938/1764/982 
f 2955/1782/999 2956/1783/1000 2957/1784/1000 2958/1785/999 
f 2959/1786/1001 2960/1787/1001 2961/1788/1001 2962/1789/1001 
f 2962/1789/1002 2963/1790/1002 2964/1791/1002 2959/1786/1002 
f 2961/1788/663 2960/1787/663 2965/1792/663 2966/1793/663 
f 2955/1782/1003 2959/1786/1003 2964/1791/1003 2956/1783/1003 
f 2960/1787/1004 2958/1785/1004 2957/1784/1004 2965/1792/1004 
f 2965/1792/1005 2957/1784/1000 2956/1783/1000 2964/1791/1005 
f 2955/1782/999 2958/1785/999 2960/1787/1006 2959/1786/1006 
f 2965/1792/679 2964/1791/679 2963/1790/679 2966/1793/679 
f 2967/1794/1007 2968/1795/1008 2969/1796/1009 2970/1797/1010 
f 2971/1798/1011 2972/1799/1012 2973/1800/1013 2969/1796/1009 
f 2974/1801/1014 2975/1802/1015 2976/1803/1016 2977/1804/1016 
f 2978/1805/1017 2979/1806/1018 2980/1807/1019 2981/1808/1020 
f 2982/1809/1021 2968/1795/1008 2967/1794/1007 2983/1810/1022 
f 2984/1811/1023 2985/1812/1024 2986/1813/1025 2987/1814/1026 
f 2988/1815/838 2989/1816/838 2990/1817/838 2991/1818/838 
f 2969/1796/1009 2968/1795/1008 2992/1819/1027 2971/1798/1011 
f 2989/1816/1028 2988/1815/1028 2993/1820/1029 2994/1821/1030 
f 2995/1822/1031 2996/1823/1032 2997/1824/1032 2998/1825/1033 
f 2999/1826/1034 3000/1827/1035 2996/1823/1035 2995/1822/1031 
f 3001/1828/1036 3002/1829/1036 2975/1802/1015 2974/1801/1014 
f 3000/1827/838 2999/1826/838 3003/1830/838 3002/1829/838 
f 2991/1818/1037 3004/1831/1038 3005/1832/1039 3006/1833/1037 
f 3007/1834/1040 3008/1835/1041 3009/1836/1042 2990/1817/1040 
f 3010/1837/1043 3008/1835/1041 3007/1834/1044 3011/1838/1044 
f 2974/1801/1045 3012/1839/1046 3013/1840/1047 3001/1828/1047 
f 3014/1841/1048 2975/1802/1049 3002/1829/1049 3003/1830/1050 
f 3015/1842/1051 3016/1843/1052 2995/1822/1031 2998/1825/1033 
f 2985/1812/1024 2980/1807/1019 2979/1806/1018 2986/1813/1025 
f 3017/1844/1053 3018/1845/1054 3019/1846/1055 3020/1847/1056 
f 3021/1848/1057 2984/1811/1023 2987/1814/1026 3022/1849/1058 
f 3023/1850/1059 3024/1851/1060 3014/1841/1048 3003/1830/1050 
f 2974/1801/1045 2977/1804/648 3025/1852/648 3012/1839/1046 
f 2990/1817/1061 2989/1816/1061 2994/1821/1062 3007/1834/1063 
f 2982/1809/1021 3026/1853/1064 2992/1819/1027 2968/1795/1008 
f 2996/1823/1065 3000/1827/1066 3013/1840/1066 3012/1839/1067 
f 3006/1833/1068 2993/1820/1069 2988/1815/1070 2991/1818/1070 
f 3027/1854/1071 3028/1855/1072 3029/1856/1073 3030/1857/1074 
f 3031/1858/1075 2981/1808/1020 2980/1807/1019 3032/1859/1076 
f 3033/1860/1077 3009/1836/1042 3008/1835/1041 3034/1861/1078 
f 2972/1799/1079 2971/1798/1080 2979/1806/1080 2978/1805/1079 
f 2995/1822/1031 3016/1843/1052 3035/1862/1081 2999/1826/1034 
f 3036/1863/1082 3005/1832/1039 3004/1831/1038 3037/1864/1083 
f 3023/1850/1084 2978/1805/1017 2981/1808/1020 3024/1851/1085 
f 3038/1865/1086 3027/1854/1071 3030/1857/1074 3039/1866/1087 
f 2973/1800/1013 2972/1799/1012 3033/1860/1028 3034/1861/1088 
f 3017/1844/1053 3040/1867/1089 3041/1868/1090 3018/1845/1054 
f 3042/1869/1091 3006/1833/1091 3005/1832/1039 3043/1870/1092 
f 3022/1849/1093 3044/1871/1093 3045/1872/1094 3021/1848/1094 
f 3023/1850/838 3033/1860/838 2972/1799/1079 2978/1805/1079 
f 3028/1855/1072 3035/1862/1095 3016/1843/1096 3029/1856/1073 
f 3033/1860/838 3037/1864/838 3004/1831/838 3009/1836/838 
f 3037/1864/1097 3046/1873/1098 3047/1874/1099 3036/1863/1100 
f 3040/1867/1089 3017/1844/1053 3047/1874/1099 3046/1873/1098 
f 3035/1862/838 3028/1855/1101 3046/1873/1101 3037/1864/838 
f 2979/1806/1080 2971/1798/1080 2992/1819/1102 2986/1813/1102 
f 3026/1853/1103 2987/1814/1103 2986/1813/1102 2992/1819/1102 
f 2984/1811/1023 3048/1875/1104 3049/1876/1105 2985/1812/1024 
f 2985/1812/1024 3049/1876/1105 3032/1859/1076 2980/1807/1019 
f 3001/1828/838 3013/1840/838 3000/1827/838 3002/1829/838 
f 3014/1841/1048 3024/1851/1060 3050/1877/1106 3051/1878/1107 
f 3014/1841/1048 3051/1878/1107 2976/1803/1108 2975/1802/1108 
f 3033/1860/838 3023/1850/838 3035/1862/838 3037/1864/838 
f 3041/1868/1109 3038/1865/1109 3039/1866/1110 3018/1845/1110 
f 2994/1821/1062 3052/1879/1111 3011/1838/1111 3007/1834/1063 
f 2993/1820/1029 3053/1880/679 3052/1879/679 2994/1821/1030 
f 3009/1836/838 3004/1831/838 2991/1818/838 2990/1817/838 
f 2996/1823/1065 3012/1839/1067 3025/1852/1112 2997/1824/1112 
f 3042/1869/1113 3053/1880/1113 2993/1820/1069 3006/1833/1068 
f 3054/1881/695 3055/1882/695 3021/1848/695 3045/1872/695 
f 3015/1842/648 3056/1883/1114 3029/1856/1073 3016/1843/1096 
f 3026/1853/1103 3044/1871/1093 3022/1849/1093 2987/1814/1103 
f 3048/1875/1104 2984/1811/1023 3021/1848/1057 3055/1882/1115 
f 3043/1870/1092 3005/1832/1039 3036/1863/1082 3057/1884/1116 
f 3027/1854/1117 3040/1867/1117 3046/1873/1101 3028/1855/1101 
f 3058/1885/1118 2970/1797/1010 2969/1796/1009 2973/1800/1013 
f 3008/1835/1041 3010/1837/1043 3059/1886/1119 3034/1861/1078 
f 2982/1809/1021 2983/1810/1022 3054/1881/1120 3045/1872/1121 
f 3023/1850/838 3003/1830/838 2999/1826/838 3035/1862/838 
f 3057/1884/679 3036/1863/1100 3047/1874/1099 3060/1887/1122 
f 3056/1883/1114 3061/1888/1123 3030/1857/1074 3029/1856/1073 
f 3061/1888/1123 3062/1889/1124 3039/1866/1087 3030/1857/1074 
f 3038/1865/1125 3041/1868/1125 3040/1867/1117 3027/1854/1117 
f 3062/1889/695 3019/1846/695 3018/1845/1110 3039/1866/1110 
f 3024/1851/1085 2981/1808/1020 3031/1858/1075 3050/1877/1126 
f 3058/1885/1118 2973/1800/1013 3034/1861/1088 3059/1886/679 
f 3020/1847/1056 3060/1887/1122 3047/1874/1099 3017/1844/1053 
f 3045/1872/1121 3044/1871/1127 3026/1853/1064 2982/1809/1021 
f 3063/1890/1128 3064/1891/1129 3065/1892/1130 3066/1893/1131 
f 3067/1894/679 3068/1895/679 3069/1896/1132 3070/1897/1132 
f 3063/1890/1128 3066/1893/1131 3071/1898/1133 3072/1899/1134 
f 3073/1900/1135 3074/1901/1135 3075/1902/1136 3076/1903/1137 
f 3077/1904/1138 3078/1905/1139 3076/1903/1137 3075/1902/1136 
f 3079/1906/1140 3080/1907/1141 3081/1908/1142 3082/1909/1143 
f 3083/1910/1144 3084/1911/1145 3085/1912/1146 3086/1913/1147 
f 3087/1914/679 3088/1915/679 3089/1916/679 3090/1917/679 
f 3091/1918/1148 3092/1919/1149 3084/1911/1145 3083/1910/1144 
f 3093/1920/1150 3094/1921/1150 3095/1922/1151 3096/1923/1151 
f 3097/1924/1152 3098/1925/1152 3096/1923/1151 3095/1922/1151 
f 3099/1926/1153 3100/1927/1154 3101/1928/1155 3102/1929/1156 
f 3103/1930/1157 3104/1931/1158 3105/1932/1159 3106/1933/1160 
f 3107/1934/1161 3108/1935/1162 3105/1932/1159 3104/1931/1158 
f 3109/1936/1163 3110/1937/1163 3111/1938/1164 3112/1939/1164 
f 3113/1940/1165 3114/1941/1165 3112/1939/1164 3111/1938/1164 
f 3115/1942/1166 3116/1943/1167 3117/1944/1168 3118/1945/1169 
f 3082/1909/1143 3119/1946/1170 3120/1947/1171 3079/1906/1140 
f 3121/1948/1172 3074/1949/1173 3073/1950/1173 3122/1951/1174 
f 3123/1952/679 3124/1953/679 3125/1954/679 3126/1955/679 
f 3127/1956/1175 3078/1905/1139 3077/1904/1138 3128/1957/1175 
f 3129/1958/1176 3130/1959/1177 3101/1928/1155 3100/1927/1154 
f 3131/1960/1178 3094/1961/1179 3093/1962/1179 3086/1963/1179 
f 3131/1960/1178 3086/1963/1179 3085/1964/1180 
f 3132/1965/1132 3070/1897/1132 3069/1896/1132 3133/1966/1132 
f 3134/1967/1181 3135/1968/1182 3098/1969/1183 3097/1970/1183 
f 3116/1943/1167 3115/1942/1166 3136/1971/1184 3137/1972/1185 
f 3138/1973/1186 3110/1974/1187 3109/1975/1187 3139/1976/1188 
f 3140/1977/679 3141/1978/679 3088/1915/679 3087/1914/679 
f 3142/1979/1189 3114/1980/1190 3113/1981/1190 3143/1982/1191 
f 3064/1891/1129 3122/1983/1192 3073/1984/1193 3065/1892/1130 
f 3144/1985/1194 3145/1986/1195 3146/1987/1196 3147/1988/1197 
f 3148/1989/1198 3145/1986/1195 3144/1985/1194 3125/1990/1199 
f 3075/1991/1200 3079/1906/1140 3120/1947/1171 3077/1992/1201 
f 3124/1993/1202 3149/1994/1203 3150/1995/1204 3151/1996/1205 
f 3152/1997/1206 3153/1998/1207 3123/1999/1208 3154/2000/1209 
f 3126/2001/1210 3155/2002/1211 3154/2000/1209 3123/1999/1210 
f 3073/1984/1212 3076/2003/1213 3066/1893/1131 3065/1892/1130 
f 3156/2004/1214 3157/2005/1215 3067/2006/1216 3158/2007/1217 
f 3070/2008/1199 3159/2009/1218 3158/2007/1217 3067/2006/1216 
f 3097/2010/1219 3095/2011/1220 3101/1928/1155 3130/1959/1177 
f 3160/2012/1221 3132/2013/1222 3161/2014/1223 3162/2015/1224 
f 3163/2016/1225 3164/2017/1226 3133/2018/1227 3165/2019/1228 
f 3133/2018/1227 3069/2020/1210 3166/2021/1211 3165/2019/1228 
f 3086/1913/1147 3093/2022/1229 3096/2023/1230 3083/1910/1144 
f 3109/2024/1231 3103/1930/1157 3106/1933/1160 3139/2025/1232 
f 3167/2026/1233 3168/2027/1234 3089/2028/1235 3169/2029/1236 
f 3088/2030/1199 3170/2031/1198 3169/2029/1236 3089/2028/1235 
f 3116/1943/1167 3137/1972/1185 3113/2032/1237 3111/2033/1238 
f 3141/2034/1239 3171/2035/1240 3172/2036/1241 3173/2037/1242 
f 3140/2038/1243 3174/2039/1244 3175/2040/1245 3176/2041/1246 
f 3087/2042/1210 3177/2043/1211 3174/2039/1244 3140/2038/1243 
f 3103/1930/1157 3109/2024/1231 3112/2044/1247 3104/1931/1158 
f 3148/1989/1198 3125/1990/1199 3124/1993/1199 3151/1996/1205 
f 3079/1906/1140 3075/1991/1200 3074/2045/1248 3080/1907/1141 
f 3126/2001/1210 3178/2046/1210 3179/2047/1249 3155/2002/1211 
f 3071/1898/1133 3066/1893/1131 3076/2003/1213 3078/2048/1250 
f 3159/2009/1218 3070/2008/1199 3132/2013/1222 3160/2012/1221 
f 3101/1928/1155 3095/2011/1220 3094/2049/1251 3102/1929/1156 
f 3180/2050/1252 3166/2021/1211 3069/2020/1210 3068/2051/1210 
f 3098/2052/1253 3091/1918/1148 3083/1910/1144 3096/2023/1230 
f 3170/2031/1198 3088/2030/1199 3141/2034/1239 3173/2037/1242 
f 3117/1944/1168 3116/1943/1167 3111/2033/1238 3110/2053/1254 
f 3090/2054/1255 3181/2055/1256 3177/2043/1211 3087/2042/1210 
f 3104/1931/1158 3112/2044/1247 3114/2056/1257 3107/1934/1161 
f 3126/1955/679 3125/1954/679 3144/2057/679 3178/2058/679 
f 3114/2056/1257 3142/2059/1258 3108/1935/1162 3107/1934/1161 
f 3182/2060/1259 3183/2061/1260 3108/1935/1162 3142/2059/1258 
f 3183/2061/1260 3182/2060/1259 3184/2062/1261 3185/2063/1262 
f 3184/2062/1261 3176/2041/1246 3175/2040/1245 3185/2063/1262 
f 3143/2064/1263 3113/2032/1237 3137/1972/1185 3136/1971/1184 
f 3186/2065/1264 3187/2066/1265 3143/2064/1263 3136/1971/1184 
f 3188/2067/1266 3189/2068/1267 3187/2066/1265 3186/2065/1264 
f 3189/2068/1267 3188/2067/1266 3172/2036/1241 3171/2035/1240 
f 3110/2053/1254 3138/2069/1268 3118/1945/1169 3117/1944/1168 
f 3138/2069/1268 3190/2070/1269 3191/2071/1270 3118/1945/1169 
f 3192/2072/1271 3193/2073/1272 3191/2071/1270 3190/2070/1269 
f 3168/2027/1234 3167/2026/1233 3193/2073/1272 3192/2072/1271 
f 3194/2074/1273 3195/2075/1274 3181/2055/1256 3090/2054/1255 
f 3195/2075/1274 3194/2074/1273 3196/2076/1275 3197/2077/1276 
f 3198/2078/1277 3199/2079/1278 3197/2077/1276 3196/2076/1275 
f 3198/2078/1277 3139/2025/1232 3106/1933/1160 3199/2079/1278 
f 3171/2080/1279 3141/2081/1280 3140/2082/1280 3176/2083/1279 
f 3184/2084/1281 3189/2085/1281 3171/2080/1279 3176/2083/1279 
f 3182/2086/1282 3187/2087/1282 3189/2085/1281 3184/2084/1281 
f 3143/1982/1191 3187/2087/1282 3182/2086/1282 3142/1979/1189 
f 3168/2088/1283 3194/2089/1284 3090/2090/1285 3089/2091/1285 
f 3194/2089/1284 3168/2088/1283 3192/2092/1286 3196/2093/1286 
f 3196/2093/1286 3192/2092/1286 3190/2094/1287 3198/2095/1288 
f 3139/1976/1188 3198/2095/1288 3190/2094/1287 3138/1973/1186 
f 3200/2096/1143 3170/2031/1198 3173/2037/1242 3172/2036/1241 
f 3200/2096/1143 3172/2036/1241 3188/2067/1266 3201/2097/451 
f 3188/2067/1266 3186/2065/1264 3202/2098/1289 3201/2097/451 
f 3136/1971/1184 3115/1942/1166 3202/2098/1289 3186/2065/1264 
f 3200/2096/1143 3167/2026/1233 3169/2029/1236 3170/2031/1198 
f 3201/2097/451 3193/2073/1272 3167/2026/1233 3200/2096/1143 
f 3191/2071/1270 3193/2073/1272 3201/2097/451 3202/2098/1289 
f 3118/1945/1169 3191/2071/1270 3202/2098/1289 3115/1942/1166 
f 3177/2043/1211 3203/2099/1128 3175/2040/1245 3174/2039/1244 
f 3185/2063/1262 3175/2040/1245 3203/2099/1128 3204/2100/1128 
f 3204/2100/1128 3205/2101/1290 3183/2061/1260 3185/2063/1262 
f 3105/1932/1159 3108/1935/1162 3183/2061/1260 3205/2101/1290 
f 3177/2043/1211 3181/2055/1256 3195/2075/1274 3203/2099/1128 
f 3197/2077/1276 3204/2100/1128 3203/2099/1128 3195/2075/1274 
f 3204/2100/1128 3197/2077/1276 3199/2079/1278 3205/2101/1290 
f 3199/2079/1278 3106/1933/1160 3105/1932/1159 3205/2101/1290 
f 3078/2048/1250 3127/2102/1291 3072/1899/1134 3071/1898/1133 
f 3072/1899/1134 3127/2102/1291 3206/2103/1292 3207/2104/1293 
f 3208/2105/1294 3209/2106/1295 3207/2104/1293 3206/2103/1292 
f 3208/2105/1294 3153/1998/1207 3152/1997/1206 3209/2106/1295 
f 3077/1992/1201 3120/1947/1171 3119/1946/1170 3128/2107/1296 
f 3119/1946/1170 3210/2108/1297 3211/2109/1298 3128/2107/1296 
f 3212/2110/1299 3213/2111/1300 3211/2109/1298 3210/2108/1297 
f 3213/2111/1300 3212/2110/1299 3150/1995/1204 3149/1994/1203 
f 3081/1908/1142 3080/1907/1141 3074/2045/1301 3121/2112/1302 
f 3081/1908/1142 3121/2112/1302 3214/2113/1303 3215/2114/1304 
f 3216/2115/1305 3217/2116/1306 3215/2114/1304 3214/2113/1303 
f 3217/2116/1306 3216/2115/1305 3147/1988/1197 3146/1987/1196 
f 3179/2047/1249 3178/2046/1307 3218/2117/1308 3219/2118/1309 
f 3220/2119/1310 3221/2120/1311 3219/2118/1309 3218/2117/1308 
f 3221/2120/1311 3220/2119/1310 3222/2121/1312 3223/2122/1313 
f 3222/2121/1312 3122/1983/1192 3064/1891/1129 3223/2122/1313 
f 3149/2123/1314 3124/2124/1315 3123/2125/1315 3153/2126/1314 
f 3213/2127/1316 3149/2123/1314 3153/2126/1314 3208/2128/1316 
f 3213/2127/1316 3208/2128/1316 3206/2129/1317 3211/2130/1318 
f 3211/2130/1318 3206/2129/1317 3127/1956/1175 3128/1957/1175 
f 3218/2131/1319 3178/1970/1320 3144/2132/1320 3147/2133/1321 
f 3218/2131/1319 3147/2133/1321 3216/2134/1322 3220/2135/1322 
f 3214/2136/1323 3222/2137/1324 3220/2135/1322 3216/2134/1322 
f 3121/1948/1172 3122/1951/1174 3222/2137/1324 3214/2136/1323 
f 3148/1989/1198 3151/1996/1205 3150/1995/1204 3224/2138/1143 
f 3224/2138/1143 3150/1995/1204 3212/2110/1299 3225/2139/1143 
f 3225/2139/1143 3212/2110/1299 3210/2108/1297 3226/2140/1143 
f 3082/1909/1143 3226/2140/1143 3210/2108/1297 3119/1946/1170 
f 3148/1989/1198 3224/2138/1143 3146/1987/1196 3145/1986/1195 
f 3217/2116/1306 3146/1987/1196 3224/2138/1143 3225/2139/1143 
f 3226/2140/1143 3215/2114/1304 3217/2116/1306 3225/2139/1143 
f 3226/2140/1143 3082/1909/1143 3081/1908/1142 3215/2114/1304 
f 3155/2002/1211 3227/2141/1128 3152/1997/1206 3154/2000/1209 
f 3228/2142/1128 3209/2106/1295 3152/1997/1206 3227/2141/1128 
f 3229/2143/1128 3207/2104/1293 3209/2106/1295 3228/2142/1128 
f 3229/2143/1128 3063/1890/1128 3072/1899/1134 3207/2104/1293 
f 3179/2047/1249 3219/2118/1309 3227/2141/1128 3155/2002/1211 
f 3221/2120/1311 3228/2142/1128 3227/2141/1128 3219/2118/1309 
f 3223/2122/1313 3229/2143/1128 3228/2142/1128 3221/2120/1311 
f 3064/1891/1129 3063/1890/1128 3229/2143/1128 3223/2122/1313 
f 3092/1919/1149 3091/1918/1148 3098/2052/1253 3135/2144/1325 
f 3092/1919/1149 3135/2144/1325 3230/2145/1326 3231/2146/1327 
f 3230/2145/1326 3232/2147/1328 3233/2148/1329 3231/2146/1327 
f 3234/2149/1330 3235/2150/1331 3233/2148/1329 3232/2147/1328 
f 3235/2150/1331 3234/2149/1330 3164/2017/1226 3163/2016/1225 
f 3134/2151/1332 3097/2010/1219 3130/1959/1177 3129/1958/1176 
f 3236/2152/1333 3237/2153/1334 3134/2151/1332 3129/1958/1176 
f 3237/2153/1334 3236/2152/1333 3238/2154/1335 3239/2155/1336 
f 3239/2155/1336 3238/2154/1335 3240/2156/1337 3241/2157/1338 
f 3241/2157/1338 3240/2156/1337 3162/2015/1224 3161/2014/1223 
f 3102/1929/1156 3094/2049/1339 3131/2158/1340 3099/1926/1153 
f 3242/2159/1341 3243/2160/1342 3099/1926/1153 3131/2158/1340 
f 3243/2160/1342 3242/2159/1341 3244/2161/1343 3245/2162/1344 
f 3245/2162/1344 3244/2161/1343 3246/2163/1345 3247/2164/1346 
f 3247/2164/1346 3246/2163/1345 3157/2005/1215 3156/2004/1214 
f 3164/2165/1347 3161/2166/1347 3132/2167/1348 3133/2168/1348 
f 3164/2165/1347 3234/2169/1349 3241/2170/1349 3161/2166/1347 
f 3241/2170/1349 3234/2169/1349 3232/2171/1350 3239/2172/1351 
f 3239/2172/1351 3232/2171/1350 3230/2173/1352 3237/2174/1353 
f 3134/1967/1181 3237/2174/1353 3230/2173/1352 3135/1968/1182 
f 3067/2175/1354 3157/2176/1355 3248/2177/1356 3068/2178/1354 
f 3068/2178/1354 3248/2177/1356 3180/2179/1354 
f 3249/2180/1357 3248/2177/1356 3157/2176/1355 3246/2181/1358 
f 3250/2182/1359 3249/2180/1357 3246/2181/1358 3244/2183/1360 
f 3242/2184/1361 3251/2185/1362 3250/2182/1359 3244/2183/1360 
f 3242/2184/1361 3131/1960/1178 3085/1964/1180 3251/2185/1362 
f 3162/2015/1224 3252/2186/451 3159/2009/1218 3160/2012/1221 
f 3252/2186/451 3162/2015/1224 3240/2156/1337 3253/2187/451 
f 3254/2188/451 3253/2187/451 3240/2156/1337 3238/2154/1335 
f 3254/2188/451 3238/2154/1335 3236/2152/1333 3255/2189/1363 
f 3236/2152/1333 3129/1958/1176 3100/1927/1154 3255/2189/1363 
f 3159/2009/1218 3252/2186/451 3156/2004/1214 3158/2007/1217 
f 3253/2187/451 3247/2164/1346 3156/2004/1214 3252/2186/451 
f 3245/2162/1344 3247/2164/1346 3253/2187/451 3254/2188/451 
f 3254/2188/451 3255/2189/1363 3243/2160/1342 3245/2162/1344 
f 3255/2189/1363 3100/1927/1154 3099/1926/1153 3243/2160/1342 
f 3166/2021/1211 3256/2190/1364 3163/2016/1225 3165/2019/1228 
f 3257/2191/1128 3235/2150/1331 3163/2016/1225 3256/2190/1364 
f 3233/2148/1329 3235/2150/1331 3257/2191/1128 3258/2192/1128 
f 3259/2193/1365 3231/2146/1327 3233/2148/1329 3258/2192/1128 
f 3092/1919/1149 3231/2146/1327 3259/2193/1365 3084/1911/1145 
f 3248/2194/1128 3256/2190/1364 3166/2021/1211 3180/2050/1252 
f 3249/2195/1128 3257/2191/1128 3256/2190/1364 3248/2194/1128 
f 3257/2191/1128 3249/2195/1128 3250/2196/1128 3258/2192/1128 
f 3251/2197/1366 3259/2193/1365 3258/2192/1128 3250/2196/1128 
f 3084/1911/1145 3259/2193/1365 3251/2197/1366 3085/1912/1146 
f 3260/2198/1128 3261/2199/1367 3262/2200/1368 3263/2201/1369 
f 3264/1977/679 3265/2202/679 3266/2203/679 3267/1965/679 
f 3268/2204/1370 3269/2205/1371 3261/2199/1367 3260/2198/1128 
f 3270/2206/1372 3271/2207/1373 3272/2124/1373 3273/2208/1374 
f 3274/2209/1375 3275/2210/1376 3270/2206/1372 3273/2208/1374 
f 3276/2211/1377 3277/2212/1143 3278/2213/1378 3279/2214/1379 
f 3280/2215/1380 3281/2216/1381 3282/2217/1382 3283/2218/1383 
f 3284/1915/679 3285/1978/679 3286/1920/679 3287/1923/679 
f 3282/2217/1382 3281/2216/1381 3288/2219/1384 3289/2220/1385 
f 3290/1939/1386 3291/1941/1387 3292/2221/1387 3293/2222/1386 
f 3294/2223/1388 3295/1936/1388 3290/1939/1386 3293/2222/1386 
f 3296/2224/1389 3297/2225/1390 3298/2226/1391 3299/2227/1392 
f 3300/2228/1393 3301/2229/1394 3302/2230/1395 3303/2231/1396 
f 3301/2229/1394 3300/2228/1393 3304/2232/1397 3305/2233/1398 
f 3306/2234/1399 3307/1953/1400 3308/2223/1400 3309/2222/1399 
f 3310/2221/1401 3311/2235/1401 3306/2234/1399 3309/2222/1399 
f 3312/2236/1402 3313/2237/1403 3314/2238/1404 3315/2239/1405 
f 3277/2212/1143 3276/2211/1377 3316/2240/1406 3317/2241/1407 
f 3318/2242/1408 3272/2132/1409 3271/2243/1409 3319/2244/1410 
f 3320/2245/679 3321/2058/679 3322/2246/679 3323/2247/679 
f 3324/2248/1411 3275/2210/1376 3274/2209/1375 3325/2249/1411 
f 3326/2250/1412 3327/2251/1413 3298/2226/1391 3297/2225/1390 
f 3328/2252/1414 3280/2253/1415 3283/2254/1416 3291/2255/1416 
f 3283/2254/1416 3292/2256/1416 3291/2255/1416 
f 3265/2202/679 3329/2257/679 3330/1894/679 3266/2203/679 
f 3331/2258/1417 3295/2168/1418 3294/2259/1418 3332/2260/1419 
f 3333/2261/1420 3314/2238/1404 3313/2237/1403 3334/2262/1421 
f 3335/2263/1422 3308/2264/1423 3307/2265/1423 3336/2266/1424 
f 3337/1916/679 3284/1915/679 3287/1923/679 3338/1925/679 
f 3311/2267/1425 3310/2268/1425 3339/2269/1426 3340/2270/1427 
f 3272/2271/1428 3318/2272/1429 3263/2201/1369 3262/2200/1368 
f 3341/2273/1430 3342/2274/1431 3343/2275/1432 3344/2276/1433 
f 3320/2277/1199 3341/2273/1430 3344/2276/1433 3345/2278/1198 
f 3316/2240/1406 3276/2211/1377 3270/2279/1434 3275/2280/1435 
f 3346/2281/1436 3321/2282/1437 3347/2283/1438 3348/2284/1439 
f 3349/2285/1440 3350/2286/1441 3322/2287/1442 3351/2288/1443 
f 3352/2289/1211 3323/2290/1210 3322/2287/1210 3350/2286/1441 
f 3273/2291/1444 3272/2271/1445 3262/2200/1368 3261/2199/1367 
f 3353/2292/1446 3354/2293/1447 3264/2294/1448 3355/2295/1449 
f 3356/2296/1198 3265/2297/1199 3264/2294/1448 3354/2293/1447 
f 3290/2298/1450 3295/2299/1451 3326/2250/1412 3297/2225/1390 
f 3357/2300/1452 3329/2301/1453 3358/2302/1454 3359/2303/1455 
f 3360/2304/1456 3361/2305/1457 3330/2306/1458 3362/2307/1459 
f 3266/2308/1210 3330/2306/1458 3361/2305/1457 3363/2309/1211 
f 3282/2217/1382 3293/2310/1460 3292/2311/1461 3283/2218/1383 
f 3302/2230/1395 3308/2312/1462 3335/2313/1463 3303/2231/1396 
f 3364/2314/1464 3365/2315/1465 3286/2316/1466 3366/2317/1467 
f 3287/2318/1199 3286/2316/1466 3365/2315/1465 3367/2319/1198 
f 3313/2237/1403 3306/2320/1468 3311/2321/1469 3334/2262/1421 
f 3338/2322/1470 3368/2323/1471 3369/2324/1472 3370/2325/1473 
f 3337/2326/1474 3371/2327/1475 3372/2328/1476 3373/2329/1477 
f 3374/2330/1211 3284/2331/1210 3337/2326/1474 3373/2329/1477 
f 3302/2230/1395 3301/2229/1394 3309/2332/1478 3308/2312/1462 
f 3347/2283/1438 3321/2282/1199 3320/2277/1199 3345/2278/1198 
f 3271/2333/1479 3270/2279/1434 3276/2211/1377 3279/2214/1379 
f 3352/2289/1211 3375/2334/1480 3376/2335/1210 3323/2290/1210 
f 3261/2199/1367 3269/2205/1371 3274/2336/1481 3273/2291/1444 
f 3329/2301/1453 3265/2297/1199 3356/2296/1198 3358/2302/1454 
f 3291/2337/1482 3290/2298/1450 3297/2225/1390 3296/2224/1389 
f 3267/2338/1210 3266/2308/1210 3363/2309/1211 3377/2339/1252 
f 3282/2217/1382 3289/2220/1385 3294/2340/1483 3293/2310/1460 
f 3338/2322/1470 3287/2318/1199 3367/2319/1198 3368/2323/1471 
f 3306/2320/1468 3313/2237/1403 3312/2236/1402 3307/2341/1484 
f 3285/2342/1485 3284/2331/1210 3374/2330/1211 3378/2343/1486 
f 3301/2229/1394 3305/2233/1398 3310/2344/1487 3309/2332/1478 
f 3320/2245/679 3323/2247/679 3376/2345/679 3341/2346/679 
f 3305/2233/1398 3304/2232/1397 3339/2347/1488 3310/2344/1487 
f 3339/2347/1488 3304/2232/1397 3379/2348/1489 3380/2349/1490 
f 3380/2349/1490 3379/2348/1489 3381/2350/1491 3382/2351/1492 
f 3381/2350/1491 3372/2328/1476 3371/2327/1475 3382/2351/1492 
f 3340/2352/1493 3333/2261/1420 3334/2262/1421 3311/2321/1469 
f 3383/2353/1494 3384/2354/1495 3333/2261/1420 3340/2352/1493 
f 3385/2355/1496 3384/2354/1495 3383/2353/1494 3386/2356/1497 
f 3369/2324/1472 3385/2355/1496 3386/2356/1497 3370/2325/1473 
f 3312/2236/1402 3315/2239/1405 3336/2357/1498 3307/2341/1484 
f 3387/2358/1499 3388/2359/1500 3336/2357/1498 3315/2239/1405 
f 3389/2360/1501 3388/2359/1500 3387/2358/1499 3390/2361/1502 
f 3390/2361/1502 3364/2314/1464 3366/2317/1467 3389/2360/1501 
f 3391/2362/1503 3392/2363/1504 3285/2342/1485 3378/2343/1486 
f 3393/2364/1505 3392/2363/1504 3391/2362/1503 3394/2365/1506 
f 3393/2364/1505 3394/2365/1506 3395/2366/1507 3396/2367/1508 
f 3395/2366/1507 3303/2231/1396 3335/2313/1463 3396/2367/1508 
f 3371/2368/1509 3337/2369/1510 3338/2370/1510 3370/2371/1509 
f 3382/2372/1511 3371/2368/1509 3370/2371/1509 3386/2373/1511 
f 3380/2374/1512 3382/2372/1511 3386/2373/1511 3383/2375/1512 
f 3383/2375/1512 3340/2270/1427 3339/2269/1426 3380/2374/1512 
f 3285/2376/1513 3392/2377/1514 3366/2378/1515 3286/2379/1513 
f 3389/2380/1516 3366/2378/1515 3392/2377/1514 3393/2381/1516 
f 3396/2382/1517 3388/2383/1518 3389/2380/1516 3393/2381/1516 
f 3396/2382/1517 3335/2263/1422 3336/2266/1424 3388/2383/1518 
f 3367/2319/1198 3397/2384/1143 3369/2324/1472 3368/2323/1471 
f 3369/2324/1472 3397/2384/1143 3398/2385/1143 3385/2355/1496 
f 3385/2355/1496 3398/2385/1143 3399/2386/1519 3384/2354/1495 
f 3399/2386/1519 3314/2238/1404 3333/2261/1420 3384/2354/1495 
f 3365/2315/1465 3364/2314/1464 3397/2384/1143 3367/2319/1198 
f 3364/2314/1464 3390/2361/1502 3398/2385/1143 3397/2384/1143 
f 3390/2361/1502 3387/2358/1499 3399/2386/1519 3398/2385/1143 
f 3315/2239/1405 3314/2238/1404 3399/2386/1519 3387/2358/1499 
f 3372/2328/1476 3400/2387/1128 3374/2330/1211 3373/2329/1477 
f 3372/2328/1476 3381/2350/1491 3401/2388/1128 3400/2387/1128 
f 3379/2348/1489 3402/2389/1520 3401/2388/1128 3381/2350/1491 
f 3379/2348/1489 3304/2232/1397 3300/2228/1393 3402/2389/1520 
f 3391/2362/1503 3378/2343/1486 3374/2330/1211 3400/2387/1128 
f 3400/2387/1128 3401/2388/1128 3394/2365/1506 3391/2362/1503 
f 3395/2366/1507 3394/2365/1506 3401/2388/1128 3402/2389/1520 
f 3395/2366/1507 3402/2389/1520 3300/2228/1393 3303/2231/1396 
f 3325/2390/1521 3274/2336/1481 3269/2205/1371 3268/2204/1370 
f 3268/2204/1370 3403/2391/1522 3404/2392/1523 3325/2390/1521 
f 3404/2392/1523 3403/2391/1522 3405/2393/1524 3406/2394/1525 
f 3351/2288/1443 3406/2394/1525 3405/2393/1524 3349/2285/1440 
f 3324/2395/1526 3317/2241/1407 3316/2240/1406 3275/2280/1435 
f 3324/2395/1526 3407/2396/1527 3408/2397/1528 3317/2241/1407 
f 3409/2398/1529 3408/2397/1528 3407/2396/1527 3410/2399/1530 
f 3409/2398/1529 3410/2399/1530 3346/2281/1436 3348/2284/1439 
f 3279/2214/1379 3278/2213/1378 3319/2400/1531 3271/2333/1532 
f 3278/2213/1378 3411/2401/1533 3412/2402/1534 3319/2400/1531 
f 3412/2402/1534 3411/2401/1533 3413/2403/1535 3414/2404/1536 
f 3413/2403/1535 3343/2275/1432 3342/2274/1431 3414/2404/1536 
f 3376/2335/1537 3375/2334/1480 3415/2405/1538 3416/2406/1539 
f 3417/2407/1540 3418/2408/1541 3416/2406/1539 3415/2405/1538 
f 3419/2409/1542 3418/2408/1541 3417/2407/1540 3420/2410/1543 
f 3263/2201/1369 3318/2272/1429 3419/2409/1542 3420/2410/1543 
f 3351/2411/1544 3322/1901/1545 3321/2412/1545 3346/2413/1544 
f 3351/2411/1544 3346/2413/1544 3410/2414/1546 3406/2415/1546 
f 3407/2416/1547 3404/2417/1548 3406/2415/1546 3410/2414/1546 
f 3325/2249/1411 3404/2417/1548 3407/2416/1547 3324/2248/1411 
f 3342/2418/1549 3341/2419/1550 3376/1949/1550 3416/2420/1551 
f 3414/2421/1552 3342/2418/1549 3416/2420/1551 3418/2422/1552 
f 3412/2423/1553 3414/2421/1552 3418/2422/1552 3419/2424/1554 
f 3318/2242/1408 3319/2244/1410 3412/2423/1553 3419/2424/1554 
f 3347/2283/1438 3345/2278/1198 3421/2425/838 3348/2284/1439 
f 3409/2398/1529 3348/2284/1439 3421/2425/838 3422/2426/838 
f 3409/2398/1529 3422/2426/838 3423/2427/1143 3408/2397/1528 
f 3317/2241/1407 3408/2397/1528 3423/2427/1143 3277/2212/1143 
f 3421/2425/838 3345/2278/1198 3344/2276/1433 3343/2275/1432 
f 3413/2403/1535 3422/2426/838 3421/2425/838 3343/2275/1432 
f 3423/2427/1143 3422/2426/838 3413/2403/1535 3411/2401/1533 
f 3278/2213/1378 3277/2212/1143 3423/2427/1143 3411/2401/1533 
f 3352/2289/1211 3350/2286/1441 3349/2285/1440 3424/2428/1128 
f 3349/2285/1440 3405/2393/1524 3425/2429/1364 3424/2428/1128 
f 3403/2391/1522 3426/2430/1128 3425/2429/1364 3405/2393/1524 
f 3268/2204/1370 3260/2198/1128 3426/2430/1128 3403/2391/1522 
f 3415/2405/1538 3375/2334/1480 3352/2289/1211 3424/2428/1128 
f 3424/2428/1128 3425/2429/1364 3417/2407/1540 3415/2405/1538 
f 3420/2410/1543 3417/2407/1540 3425/2429/1364 3426/2430/1128 
f 3426/2430/1128 3260/2198/1128 3263/2201/1369 3420/2410/1543 
f 3289/2220/1385 3288/2219/1384 3332/2431/1555 3294/2340/1483 
f 3288/2219/1384 3427/2432/1556 3428/2433/1557 3332/2431/1555 
f 3428/2433/1557 3427/2432/1556 3429/2434/1558 3430/2435/1559 
f 3431/2436/1560 3430/2435/1559 3429/2434/1558 3432/2437/1561 
f 3432/2437/1561 3360/2304/1456 3362/2307/1459 3431/2436/1560 
f 3327/2251/1413 3326/2250/1412 3295/2299/1451 3331/2438/1562 
f 3433/2439/1563 3434/2440/1564 3327/2251/1413 3331/2438/1562 
f 3434/2440/1564 3433/2439/1563 3435/2441/1565 3436/2442/1566 
f 3436/2442/1566 3435/2441/1565 3437/2443/1567 3438/2444/1568 
f 3357/2300/1452 3359/2303/1455 3438/2444/1568 3437/2443/1567 
f 3328/2445/1569 3291/2337/1570 3296/2224/1389 3299/2227/1392 
f 3299/2227/1392 3439/2446/1571 3440/2447/1572 3328/2445/1569 
f 3440/2447/1572 3439/2446/1571 3441/2448/1573 3442/2449/1574 
f 3442/2449/1574 3441/2448/1573 3443/2450/1575 3444/2451/1576 
f 3355/2295/1449 3444/2451/1576 3443/2450/1575 3353/2292/1446 
f 3330/2125/1577 3329/1969/1577 3357/2452/1578 3362/2453/1578 
f 3431/2454/1579 3362/2453/1578 3357/2452/1578 3437/2455/1579 
f 3437/2455/1579 3435/2456/1580 3430/2457/1581 3431/2454/1579 
f 3430/2457/1581 3435/2456/1580 3433/2458/1582 3428/2459/1583 
f 3331/2258/1417 3332/2260/1419 3428/2459/1583 3433/2458/1582 
f 3267/2460/1584 3377/2461/1584 3445/2462/1585 3355/2463/1586 
f 3267/2460/1584 3355/2463/1586 3264/2464/1584 
f 3355/2463/1586 3445/2462/1585 3446/2465/1587 3444/2466/1588 
f 3444/2466/1588 3446/2465/1587 3447/2467/1589 3442/2468/1590 
f 3442/2468/1590 3447/2467/1589 3448/2469/1591 3440/2470/1592 
f 3448/2469/1591 3280/2253/1415 3328/2252/1414 3440/2470/1592 
f 3356/2296/1198 3449/2471/838 3359/2303/1455 3358/2302/1454 
f 3438/2444/1568 3359/2303/1455 3449/2471/838 3450/2472/451 
f 3438/2444/1568 3450/2472/451 3451/2473/451 3436/2442/1566 
f 3451/2473/451 3452/2474/1593 3434/2440/1564 3436/2442/1566 
f 3327/2251/1413 3434/2440/1564 3452/2474/1593 3298/2226/1391 
f 3354/2293/1447 3353/2292/1446 3449/2471/838 3356/2296/1198 
f 3443/2450/1575 3450/2472/451 3449/2471/838 3353/2292/1446 
f 3441/2448/1573 3451/2473/451 3450/2472/451 3443/2450/1575 
f 3452/2474/1593 3451/2473/451 3441/2448/1573 3439/2446/1571 
f 3439/2446/1571 3299/2227/1392 3298/2226/1391 3452/2474/1593 
f 3453/2475/1364 3363/2309/1211 3361/2305/1457 3360/2304/1456 
f 3454/2476/1364 3453/2475/1364 3360/2304/1456 3432/2437/1561 
f 3455/2477/1364 3454/2476/1364 3432/2437/1561 3429/2434/1558 
f 3427/2432/1556 3456/2478/1594 3455/2477/1364 3429/2434/1558 
f 3288/2219/1384 3281/2216/1381 3456/2478/1594 3427/2432/1556 
f 3363/2309/1211 3453/2475/1364 3445/2479/1128 3377/2339/1252 
f 3445/2479/1128 3453/2475/1364 3454/2476/1364 3446/2480/1364 
f 3446/2480/1364 3454/2476/1364 3455/2477/1364 3447/2481/1128 
f 3447/2481/1128 3455/2477/1364 3456/2478/1594 3448/2482/1595 
f 3280/2215/1380 3448/2482/1595 3456/2478/1594 3281/2216/1381 
f 3457/1867/1117 3458/1854/1117 3459/1865/1125 3460/1868/1125 
f 3461/1889/1124 3462/1866/1087 3463/1857/1074 3464/1888/1123 
f 3465/1873/1101 3466/1864/838 3467/1862/838 3468/1855/1101 
f 3469/1884/679 3470/1863/1100 3471/1874/1099 3472/1887/1122 
f 3473/1860/838 3466/1864/838 3474/1831/838 3475/1836/838 
f 3476/1856/1073 3477/1883/1114 3464/1888/1123 3463/1857/1074 
f 3457/1867/1117 3465/1873/1101 3468/1855/1101 3458/1854/1117 
f 3478/1870/1092 3479/1832/1039 3470/1863/1082 3469/1884/1116 
f 3480/1796/1009 3481/1800/1013 3482/1885/1118 3483/1797/1010 
f 3467/1862/838 3484/1850/838 3485/1830/838 3486/1826/838 
f 3478/1870/1092 3487/1869/1091 3488/1833/1091 3479/1832/1039 
f 3489/1835/1041 3490/1837/1043 3491/1886/1119 3492/1861/1078 
f 3484/1850/838 3473/1860/838 3493/1799/1079 3494/1805/1079 
f 3495/1881/1120 3496/1872/1121 3497/1809/1021 3498/1810/1022 
f 3499/1875/1104 3500/1811/1023 3501/1848/1057 3502/1882/1115 
f 3503/1814/1103 3504/1853/1103 3505/1871/1596 3506/1849/1596 
f 3507/1859/1076 3508/1858/1075 3509/1808/1020 3510/1807/1019 
f 3501/1848/695 3496/1872/695 3495/1881/695 3502/1882/695 
f 3494/1805/1079 3493/1799/1079 3511/1798/1080 3512/1806/1080 
f 3513/1842/648 3477/1883/1114 3476/1856/1073 3514/1843/1096 
f 3462/1866/1110 3461/1889/695 3515/1846/695 3516/1845/1110 
f 3471/1874/1099 3517/1844/1053 3518/1847/1056 3472/1887/1122 
f 3490/1837/1043 3489/1835/1041 3519/1834/1044 3520/1838/1044 
f 3466/1864/838 3473/1860/838 3484/1850/838 3467/1862/838 
f 3521/1877/1126 3522/1851/1085 3509/1808/1020 3508/1858/1075 
f 3523/1825/1033 3513/1842/1051 3514/1843/1052 3524/1822/1031 
f 3492/1861/1088 3491/1886/679 3482/1885/1118 3481/1800/1013 
f 3522/1851/1060 3521/1877/1106 3525/1878/1107 3526/1841/1048 
f 3527/1824/1112 3528/1823/1065 3529/1839/1067 3530/1852/1112 
f 3531/1829/838 3532/1827/838 3486/1826/838 3485/1830/838 
f 3533/1803/1108 3534/1802/1108 3526/1841/1048 3525/1878/1107 
f 3535/1818/838 3536/1817/838 3475/1836/838 3474/1831/838 
f 3528/1823/1032 3527/1824/1032 3523/1825/1033 3524/1822/1031 
f 3537/1880/1113 3538/1820/1069 3488/1833/1068 3487/1869/1113 
f 3539/1801/1045 3540/1804/648 3530/1852/648 3529/1839/1046 
f 3497/1809/1021 3541/1795/1008 3542/1794/1007 3498/1810/1022 
f 3543/1821/1030 3538/1820/1029 3537/1880/679 3544/1879/679 
f 3543/1821/1062 3544/1879/1111 3520/1838/1111 3519/1834/1063 
f 3532/1827/838 3531/1829/838 3545/1828/838 3546/1840/838 
f 3539/1801/1014 3534/1802/1015 3533/1803/1016 3540/1804/1016 
f 3536/1817/838 3535/1818/838 3547/1815/838 3548/1816/838 
f 3507/1859/1076 3510/1807/1019 3549/1812/1024 3550/1876/1105 
f 3504/1853/1103 3503/1814/1103 3551/1813/1102 3552/1819/1102 
f 3550/1876/1105 3549/1812/1024 3500/1811/1023 3499/1875/1104 
f 3542/1794/1007 3541/1795/1008 3480/1796/1009 3483/1797/1010 
f 3551/1813/1102 3512/1806/1080 3511/1798/1080 3552/1819/1102 
f 3460/1868/1109 3459/1865/1109 3462/1866/1110 3516/1845/1110 
f 3457/1867/1089 3517/1844/1053 3471/1874/1099 3465/1873/1098 
f 3462/1866/1087 3459/1865/1086 3458/1854/1071 3463/1857/1074 
f 3465/1873/1098 3471/1874/1099 3470/1863/1100 3466/1864/1097 
f 3468/1855/1072 3467/1862/1095 3514/1843/1096 3476/1856/1073 
f 3522/1851/1085 3484/1850/1084 3494/1805/1017 3509/1808/1020 
f 3493/1799/1012 3473/1860/1028 3492/1861/1088 3481/1800/1013 
f 3506/1849/1596 3505/1871/1596 3496/1872/1094 3501/1848/1094 
f 3517/1844/1053 3457/1867/1089 3460/1868/1090 3516/1845/1054 
f 3458/1854/1071 3468/1855/1072 3476/1856/1073 3463/1857/1074 
f 3474/1831/1038 3466/1864/1083 3470/1863/1082 3479/1832/1039 
f 3473/1860/1597 3475/1836/1042 3489/1835/1041 3492/1861/1078 
f 3485/1830/1050 3484/1850/1059 3522/1851/1060 3526/1841/1048 
f 3514/1843/1052 3467/1862/1081 3486/1826/1034 3524/1822/1031 
f 3528/1823/1035 3524/1822/1031 3486/1826/1034 3532/1827/1035 
f 3479/1832/1039 3488/1833/1037 3535/1818/1037 3474/1831/1038 
f 3489/1835/1041 3475/1836/1042 3536/1817/1040 3519/1834/1040 
f 3485/1830/1050 3526/1841/1048 3534/1802/1049 3531/1829/1049 
f 3538/1820/1029 3543/1821/1030 3548/1816/1028 3547/1815/1028 
f 3539/1801/1045 3529/1839/1046 3546/1840/1047 3545/1828/1047 
f 3539/1801/1014 3545/1828/1036 3531/1829/1036 3534/1802/1015 
f 3528/1823/1065 3532/1827/1066 3546/1840/1066 3529/1839/1067 
f 3547/1815/1070 3535/1818/1070 3488/1833/1068 3538/1820/1069 
f 3548/1816/1061 3543/1821/1062 3519/1834/1063 3536/1817/1061 
f 3480/1796/1009 3541/1795/1008 3552/1819/1027 3511/1798/1011 
f 3497/1809/1021 3504/1853/1064 3552/1819/1027 3541/1795/1008 
f 3510/1807/1019 3512/1806/1018 3551/1813/1025 3549/1812/1024 
f 3500/1811/1023 3549/1812/1024 3551/1813/1025 3503/1814/1026 
f 3501/1848/1057 3500/1811/1023 3503/1814/1026 3506/1849/1058 
f 3510/1807/1019 3509/1808/1020 3494/1805/1017 3512/1806/1018 
f 3511/1798/1011 3493/1799/1012 3481/1800/1013 3480/1796/1009 
f 3497/1809/1021 3496/1872/1121 3505/1871/1127 3504/1853/1064 
f 3517/1844/1053 3516/1845/1054 3515/1846/1055 3518/1847/1056 
f 3553/1613/1598 3554/1614/1599 3555/1615/1600 3556/1612/1601 
f 3556/1612/1601 3557/1617/1602 3558/1616/1603 3553/1613/1598 
f 3558/1616/1603 3557/1617/1602 3559/1618/1604 3560/1619/1605 
f 3561/1620/1606 3562/1621/1607 3560/1619/1605 3559/1618/1604 
f 3562/1621/1607 3561/1620/1606 3563/1622/1608 3564/1623/1609 
f 3564/1623/1609 3563/1622/1608 3565/1624/1610 3566/1625/1611 
f 3567/1626/1612 3568/1627/1613 3566/1625/1611 3565/1624/1610 
f 3567/1626/1612 3569/1628/1614 3570/1629/1615 3568/1627/1613 
f 3569/1628/1614 3571/1630/1616 3572/1631/1617 3570/1629/1615 
f 3573/1634/1618 3572/1635/1617 3571/1632/1616 3574/1633/1619 
f 3575/1637/1620 3576/1636/1621 3573/1634/1618 3574/1633/1619 
f 3577/1638/1622 3578/1639/1623 3576/1636/1621 3575/1637/1620 
f 3578/1639/1623 3577/1638/1622 3579/1640/1624 3580/1641/1625 
f 3581/1642/1626 3582/1643/1627 3580/1641/1625 3579/1640/1624 
f 3581/1642/1626 3583/1644/1628 3584/1645/1629 3582/1643/1627 
f 3583/1644/1628 3555/1615/1600 3554/1614/1599 3584/1645/1629 
f 3585/1647/1630 3554/1614/1599 3553/1613/1598 3586/1646/1631 
f 3558/1616/1603 3587/1648/1632 3586/1646/1631 3553/1613/1598 
f 3560/1619/1605 3588/1649/1633 3587/1648/1632 3558/1616/1603 
f 3562/1621/1607 3589/1650/1634 3588/1649/1633 3560/1619/1605 
f 3564/1623/1609 3590/1651/1635 3589/1650/1634 3562/1621/1607 
f 3566/1625/1611 3591/1652/1636 3590/1651/1635 3564/1623/1609 
f 3568/1627/1613 3592/1653/1637 3591/1652/1636 3566/1625/1611 
f 3593/1654/1638 3592/1653/1637 3568/1627/1613 3570/1629/1615 
f 3594/1655/1639 3593/1654/1638 3570/1629/1615 3572/1631/1617 
f 3572/1635/1617 3573/1634/1618 3595/1656/1640 3594/1657/1639 
f 3596/1658/1641 3595/1656/1640 3573/1634/1618 3576/1636/1621 
f 3597/1659/1642 3596/1658/1641 3576/1636/1621 3578/1639/1623 
f 3580/1641/1625 3598/1660/1643 3597/1659/1642 3578/1639/1623 
f 3599/1661/1644 3598/1660/1643 3580/1641/1625 3582/1643/1627 
f 3599/1661/1644 3582/1643/1627 3584/1645/1629 3600/1662/1645 
f 3584/1645/1629 3554/1614/1599 3585/1647/1630 3600/1662/1645 
f 3601/1664/1646 3585/1647/1630 3586/1646/1631 3602/1663/1647 
f 3586/1646/1631 3587/1648/1632 3603/1665/1648 3602/1663/1647 
f 3603/1665/1648 3587/1648/1632 3588/1649/1633 3604/1666/1649 
f 3588/1649/1633 3589/1650/1634 3605/1667/1650 3604/1666/1649 
f 3605/1667/1650 3589/1650/1634 3590/1651/1635 3606/1668/1651 
f 3591/1652/1636 3607/1669/1652 3606/1668/1651 3590/1651/1635 
f 3608/1670/1653 3607/1669/1652 3591/1652/1636 3592/1653/1637 
f 3593/1654/1638 3609/1671/1654 3608/1670/1653 3592/1653/1637 
f 3610/1672/1655 3609/1671/1654 3593/1654/1638 3594/1655/1639 
f 3595/1656/1640 3611/1674/1656 3610/1673/1655 3594/1657/1639 
f 3612/1675/1657 3611/1674/1656 3595/1656/1640 3596/1658/1641 
f 3597/1659/1642 3613/1676/1658 3612/1675/1657 3596/1658/1641 
f 3614/1677/1659 3613/1676/1658 3597/1659/1642 3598/1660/1643 
f 3599/1661/1644 3615/1678/1660 3614/1677/1659 3598/1660/1643 
f 3599/1661/1644 3600/1662/1645 3616/1679/1661 3615/1678/1660 
f 3616/1679/1661 3600/1662/1645 3585/1647/1630 3601/1664/1646 
f 3617/1680/1662 3618/1681/1663 3601/1664/1646 3602/1663/1647 
f 3619/1682/1664 3617/1680/1662 3602/1663/1647 3603/1665/1648 
f 3619/1682/1664 3603/1665/1648 3604/1666/1649 3620/1683/1665 
f 3604/1666/1649 3605/1667/1650 3621/1684/1666 3620/1683/1665 
f 3621/1684/1666 3605/1667/1650 3606/1668/1651 3622/1685/1667 
f 3606/1668/1651 3607/1669/1652 3623/1686/1668 3622/1685/1667 
f 3623/1686/1668 3607/1669/1652 3608/1670/1653 3624/1687/1669 
f 3608/1670/1653 3609/1671/1654 3625/1688/1670 3624/1687/1669 
f 3625/1688/1670 3609/1671/1654 3610/1672/1655 3626/1689/1671 
f 3610/1673/1655 3611/1674/1656 3627/1690/1672 3626/1691/1671 
f 3611/1674/1656 3612/1675/1657 3628/1692/1673 3627/1690/1672 
f 3613/1676/1658 3629/1693/1674 3628/1692/1673 3612/1675/1657 
f 3629/1693/1674 3613/1676/1658 3614/1677/1659 3630/1694/1675 
f 3615/1678/1660 3631/1695/1676 3630/1694/1675 3614/1677/1659 
f 3631/1695/1676 3615/1678/1660 3616/1679/1661 3632/1696/1677 
f 3601/1664/1646 3618/1681/1663 3632/1696/1677 3616/1679/1661 
f 3618/1681/1663 3617/1680/1662 3633/1698/1678 3634/1697/1679 
f 3619/1682/1664 3635/1699/1680 3633/1698/1678 3617/1680/1662 
f 3619/1682/1664 3620/1683/1665 3636/1700/1681 3635/1699/1680 
f 3636/1700/1681 3620/1683/1665 3621/1684/1666 3637/1701/1682 
f 3621/1684/1666 3622/1685/1667 3638/1702/1683 3637/1701/1682 
f 3638/1702/1683 3622/1685/1667 3623/1686/1668 3639/1703/1684 
f 3623/1686/1668 3624/1687/1669 3640/1704/1685 3639/1703/1684 
f 3640/1704/1685 3624/1687/1669 3625/1688/1670 3641/1705/1686 
f 3625/1688/1670 3626/1689/1671 3642/1706/1687 3641/1705/1686 
f 3642/1707/1687 3626/1691/1671 3627/1690/1672 3643/1708/1688 
f 3628/1692/1673 3644/1709/1689 3643/1708/1688 3627/1690/1672 
f 3645/1710/1690 3644/1709/1689 3628/1692/1673 3629/1693/1674 
f 3630/1694/1675 3646/1711/1691 3645/1710/1690 3629/1693/1674 
f 3646/1711/1691 3630/1694/1675 3631/1695/1676 3647/1712/1692 
f 3632/1696/1677 3648/1713/1693 3647/1712/1692 3631/1695/1676 
f 3632/1696/1677 3618/1681/1663 3634/1697/1679 3648/1713/1693 
f 3634/1697/1679 3633/1698/1678 3649/1714/1694 3650/1715/1695 
f 3649/1714/1694 3633/1698/1678 3635/1699/1680 3651/1716/1696 
f 3651/1716/1696 3635/1699/1680 3636/1700/1681 3652/1717/1697 
f 3636/1700/1681 3637/1701/1682 3653/1718/1698 3652/1717/1697 
f 3653/1718/1698 3637/1701/1682 3638/1702/1683 3654/1719/1699 
f 3638/1702/1683 3639/1703/1684 3655/1720/1700 3654/1719/1699 
f 3655/1720/1700 3639/1703/1684 3640/1704/1685 3656/1721/1701 
f 3656/1721/1701 3640/1704/1685 3641/1705/1686 3657/1722/1702 
f 3641/1705/1686 3642/1706/1687 3658/1723/1703 3657/1722/1702 
f 3643/1708/1688 3659/1725/1704 3658/1724/1703 3642/1707/1687 
f 3659/1725/1704 3643/1708/1688 3644/1709/1689 3660/1726/1705 
f 3645/1710/1690 3661/1727/1706 3660/1726/1705 3644/1709/1689 
f 3661/1727/1706 3645/1710/1690 3646/1711/1691 3662/1728/1707 
f 3647/1712/1692 3663/1729/1708 3662/1728/1707 3646/1711/1691 
f 3663/1729/1708 3647/1712/1692 3648/1713/1693 3664/1730/1709 
f 3648/1713/1693 3634/1697/1679 3650/1715/1695 3664/1730/1709 
f 3650/1715/1695 3649/1714/1694 3665/1731/1710 3666/1732/1711 
f 3649/1714/1694 3651/1716/1696 3667/1733/1712 3665/1731/1710 
f 3667/1733/1712 3651/1716/1696 3652/1717/1697 3668/1734/1713 
f 3652/1717/1697 3653/1718/1698 3669/1735/1714 3668/1734/1713 
f 3669/1735/1714 3653/1718/1698 3654/1719/1699 3670/1736/1715 
f 3654/1719/1699 3655/1720/1700 3671/1737/1716 3670/1736/1715 
f 3671/1737/1716 3655/1720/1700 3656/1721/1701 3672/1738/1717 
f 3656/1721/1701 3657/1722/1702 3673/1739/1718 3672/1738/1717 
f 3658/1723/1703 3674/1740/1719 3673/1739/1718 3657/1722/1702 
f 3674/1741/1719 3658/1724/1703 3659/1725/1704 3675/1742/1720 
f 3660/1726/1705 3676/1743/1721 3675/1742/1720 3659/1725/1704 
f 3676/1743/1721 3660/1726/1705 3661/1727/1706 3677/1744/1722 
f 3662/1728/1707 3678/1745/1723 3677/1744/1722 3661/1727/1706 
f 3678/1745/1723 3662/1728/1707 3663/1729/1708 3679/1746/1724 
f 3663/1729/1708 3664/1730/1709 3680/1747/1725 3679/1746/1724 
f 3680/1747/1725 3664/1730/1709 3650/1715/1695 3666/1732/1711 
f 3681/1749/1726 3666/1732/1711 3665/1731/1710 3682/1748/1727 
f 3665/1731/1710 3667/1733/1712 3683/1750/1728 3682/1748/1727 
f 3667/1733/1712 3668/1734/1713 3684/1751/1729 3683/1750/1728 
f 3684/1751/1729 3668/1734/1713 3669/1735/1714 3685/1752/1730 
f 3685/1752/1730 3669/1735/1714 3670/1736/1715 3686/1753/1731 
f 3670/1736/1715 3671/1737/1716 3687/1754/1732 3686/1753/1731 
f 3687/1754/1732 3671/1737/1716 3672/1738/1717 3688/1755/1733 
f 3689/1756/1734 3688/1755/1733 3672/1738/1717 3673/1739/1718 
f 3690/1757/1735 3689/1756/1734 3673/1739/1718 3674/1740/1719 
f 3675/1742/1720 3691/1758/1736 3690/1759/1735 3674/1741/1719 
f 3691/1758/1736 3675/1742/1720 3676/1743/1721 3692/1760/1737 
f 3677/1744/1722 3693/1761/1738 3692/1760/1737 3676/1743/1721 
f 3677/1744/1722 3678/1745/1723 3694/1762/1739 3693/1761/1738 
f 3694/1762/1739 3678/1745/1723 3679/1746/1724 3695/1763/1740 
f 3679/1746/1724 3680/1747/1725 3696/1764/1741 3695/1763/1740 
f 3680/1747/1725 3666/1732/1711 3681/1749/1726 3696/1764/1741 
f 3697/1765/1742 3681/1749/1726 3682/1748/1727 3698/1766/1743 
f 3682/1748/1727 3683/1750/1728 3699/1767/1744 3698/1766/1743 
f 3683/1750/1728 3684/1751/1729 3700/1768/1745 3699/1767/1744 
f 3700/1768/1745 3684/1751/1729 3685/1752/1730 3701/1769/1746 
f 3685/1752/1730 3686/1753/1731 3702/1770/1747 3701/1769/1746 
f 3702/1770/1747 3686/1753/1731 3687/1754/1732 3703/1771/1748 
f 3688/1755/1733 3704/1772/1749 3703/1771/1748 3687/1754/1732 
f 3705/1773/1750 3704/1772/1749 3688/1755/1733 3689/1756/1734 
f 3690/1757/1735 3706/1774/1751 3705/1773/1750 3689/1756/1734 
f 3706/1776/1751 3690/1759/1735 3691/1758/1736 3707/1775/1752 
f 3692/1760/1737 3708/1777/1753 3707/1775/1752 3691/1758/1736 
f 3692/1760/1737 3693/1761/1738 3709/1778/1754 3708/1777/1753 
f 3709/1778/1754 3693/1761/1738 3694/1762/1739 3710/1779/1755 
f 3694/1762/1739 3695/1763/1740 3711/1780/1756 3710/1779/1755 
f 3711/1780/1756 3695/1763/1740 3696/1764/1741 3712/1781/1757 
f 3696/1764/1741 3681/1749/1726 3697/1765/1742 3712/1781/1757 
f 3713/1784/1758 3714/1785/1759 3715/1782/1759 3716/1783/1758 
f 3717/1788/648 3718/1789/648 3719/1786/648 3720/1787/648 
f 3718/1789/663 3721/1790/663 3722/1791/663 3719/1786/663 
f 3723/1792/695 3724/1793/695 3717/1788/695 3720/1787/695 
f 3722/1791/1760 3716/1783/1760 3715/1782/1760 3719/1786/1760 
f 3714/1785/1761 3713/1784/1761 3723/1792/1761 3720/1787/1761 
f 3723/1792/1762 3713/1784/1758 3716/1783/1758 3722/1791/1762 
f 3720/1787/1763 3719/1786/1763 3715/1782/1759 3714/1785/1759 
f 3724/1793/1764 3723/1792/1764 3722/1791/1764 3721/1790/1764 
f 3725/1192/1765 3726/1193/1766 3727/1194/1767 3728/1191/1768 
f 3729/1195/1769 3730/1196/1770 3731/1197/1771 3732/1198/1772 
f 3733/1200/1773 3727/1194/1767 3726/1193/1766 3734/1199/1774 
f 3735/1201/1775 3730/1196/1770 3729/1195/1769 3736/1202/1776 
f 3733/1200/1773 3734/1199/1774 3737/1203/1777 3738/1204/1778 
f 3735/1201/1775 3736/1202/1776 3739/1206/1779 3740/1205/1780 
f 3738/1204/1778 3737/1203/1777 3741/1207/1781 3742/1208/1782 
f 3740/1205/1780 3739/1206/1779 3743/1210/1783 3744/1209/1784 
f 3742/1208/1782 3741/1207/1781 3745/1211/1785 3746/1212/1786 
f 3744/1209/1784 3743/1210/1783 3747/1213/1787 3748/1214/1788 
f 3749/1215/1789 3750/1216/1790 3751/1217/1791 
f 3752/1218/1792 3746/1212/1786 3745/1211/1785 
f 3748/1214/1788 3747/1213/1787 3753/1219/1793 3754/1220/1794 
f 3751/1217/1791 3755/1221/1795 3756/1222/1796 3749/1215/1789 
f 3753/1219/1793 3725/1192/1765 3728/1191/1768 3754/1220/1794 
f 3755/1221/1795 3732/1198/1772 3731/1197/1771 3756/1222/1796 
f 3745/1211/1785 3741/1207/1781 3757/1223/1797 3758/1224/1798 
f 3747/1213/1787 3743/1210/1783 3759/1225/1799 3760/1226/1800 
f 3751/1217/1791 3750/1216/1790 3761/1227/1801 
f 3752/1218/1792 3745/1211/1785 3758/1224/1798 
f 3762/1228/1802 3753/1219/1793 3747/1213/1787 3760/1226/1800 
f 3761/1227/1801 3763/1229/1803 3755/1221/1795 3751/1217/1791 
f 3753/1219/1793 3762/1228/1802 3764/1230/1804 3725/1192/1765 
f 3755/1221/1795 3763/1229/1803 3765/1231/1805 3732/1198/1772 
f 3725/1192/1765 3764/1230/1804 3766/1232/1806 3726/1193/1766 
f 3732/1198/1772 3765/1231/1805 3767/1233/1807 3729/1195/1769 
f 3768/1234/1808 3734/1199/1774 3726/1193/1766 3766/1232/1806 
f 3769/1235/1809 3736/1202/1776 3729/1195/1769 3767/1233/1807 
f 3770/1236/1810 3737/1203/1777 3734/1199/1774 3768/1234/1808 
f 3771/1237/1811 3739/1206/1779 3736/1202/1776 3769/1235/1809 
f 3737/1203/1777 3770/1236/1810 3757/1223/1797 3741/1207/1781 
f 3739/1206/1779 3771/1237/1811 3759/1225/1799 3743/1210/1783 
f 3772/1238/1812 3773/1239/1813 3767/1233/1807 3765/1231/1805 
f 3774/1241/1814 3775/1240/1815 3768/1234/1808 3766/1232/1806 
f 3773/1239/1813 3776/1242/1816 3769/1235/1809 3767/1233/1807 
f 3770/1236/1810 3768/1234/1808 3775/1240/1815 3777/1243/1817 
f 3771/1237/1811 3769/1235/1809 3776/1242/1816 3778/1244/1818 
f 3770/1236/1810 3777/1243/1817 3779/1245/1819 3757/1223/1797 
f 3771/1237/1811 3778/1244/1818 3780/1246/1820 3759/1225/1799 
f 3758/1224/1798 3757/1223/1797 3779/1245/1819 3781/1247/1821 
f 3780/1246/1820 3782/1248/1822 3760/1226/1800 3759/1225/1799 
f 3761/1227/1801 3750/1216/1790 3783/1249/1823 
f 3752/1218/1792 3758/1224/1798 3781/1247/1821 
f 3760/1226/1800 3782/1248/1822 3784/1250/1824 3762/1228/1802 
f 3761/1227/1801 3783/1249/1823 3785/1251/1825 3763/1229/1803 
f 3762/1228/1802 3784/1250/1824 3786/1252/1826 3764/1230/1804 
f 3763/1229/1803 3785/1251/1825 3772/1238/1812 3765/1231/1805 
f 3764/1230/1804 3786/1252/1826 3774/1241/1814 3766/1232/1806 
f 3787/1254/1827 3788/1253/1828 3782/1248/1822 3780/1246/1820 
f 3783/1249/1823 3750/1216/1790 3789/1255/1829 
f 3752/1218/1792 3781/1247/1821 3790/1256/1830 
f 3784/1250/1824 3782/1248/1822 3788/1253/1828 3791/1257/1831 
f 3789/1255/1829 3792/1258/1832 3785/1251/1825 3783/1249/1823 
f 3791/1257/1831 3793/1259/1833 3786/1252/1826 3784/1250/1824 
f 3792/1258/1832 3794/1260/1834 3772/1238/1812 3785/1251/1825 
f 3793/1259/1833 3795/1261/1835 3774/1241/1814 3786/1252/1826 
f 3773/1239/1813 3772/1238/1812 3794/1260/1834 3796/1262/1836 
f 3775/1240/1815 3774/1241/1814 3795/1261/1835 3797/1263/1837 
f 3776/1242/1816 3773/1239/1813 3796/1262/1836 3798/1264/1838 
f 3777/1243/1817 3775/1240/1815 3797/1263/1837 3799/1265/1839 
f 3778/1244/1818 3776/1242/1816 3798/1264/1838 3800/1266/1840 
f 3779/1245/1819 3777/1243/1817 3799/1265/1839 3801/1267/1841 
f 3778/1244/1818 3800/1266/1840 3787/1254/1827 3780/1246/1820 
f 3801/1267/1841 3790/1256/1830 3781/1247/1821 3779/1245/1819 
f 3802/1269/1842 3797/1263/1837 3795/1261/1835 3803/1268/1843 
f 3804/1271/1844 3798/1264/1838 3796/1262/1836 3805/1270/1845 
f 3802/1269/1842 3806/1272/1846 3799/1265/1839 3797/1263/1837 
f 3804/1271/1844 3807/1273/1847 3800/1266/1840 3798/1264/1838 
f 3808/1274/1848 3801/1267/1841 3799/1265/1839 3806/1272/1846 
f 3800/1266/1840 3807/1273/1847 3809/1275/1849 3787/1254/1827 
f 3801/1267/1841 3808/1274/1848 3810/1276/1850 3790/1256/1830 
f 3809/1275/1849 3811/1277/1851 3788/1253/1828 3787/1254/1827 
f 3789/1255/1829 3750/1216/1790 3812/1278/1852 
f 3752/1218/1792 3790/1256/1830 3810/1276/1850 
f 3813/1279/1853 3791/1257/1831 3788/1253/1828 3811/1277/1851 
f 3814/1280/1854 3792/1258/1832 3789/1255/1829 3812/1278/1852 
f 3813/1279/1853 3815/1281/1855 3793/1259/1833 3791/1257/1831 
f 3816/1282/1856 3794/1260/1834 3792/1258/1832 3814/1280/1854 
f 3793/1259/1833 3815/1281/1855 3803/1268/1843 3795/1261/1835 
f 3794/1260/1834 3816/1282/1856 3805/1270/1845 3796/1262/1836 
f 3812/1278/1852 3750/1216/1790 3817/1283/1857 
f 3752/1218/1792 3810/1276/1850 3818/1284/1858 
f 3819/1286/1859 3813/1279/1853 3811/1277/1851 3820/1285/1860 
f 3821/1287/1861 3814/1280/1854 3812/1278/1852 3817/1283/1857 
f 3813/1279/1853 3819/1286/1859 3822/1288/1862 3815/1281/1855 
f 3823/1289/1863 3816/1282/1856 3814/1280/1854 3821/1287/1861 
f 3803/1268/1843 3815/1281/1855 3822/1288/1862 3824/1290/1864 
f 3805/1270/1845 3816/1282/1856 3823/1289/1863 3825/1291/1865 
f 3824/1290/1864 3826/1292/1866 3802/1269/1842 3803/1268/1843 
f 3825/1291/1865 3827/1293/1867 3804/1271/1844 3805/1270/1845 
f 3828/1294/1868 3806/1272/1846 3802/1269/1842 3826/1292/1866 
f 3829/1295/1869 3807/1273/1847 3804/1271/1844 3827/1293/1867 
f 3806/1272/1846 3828/1294/1868 3830/1296/1870 3808/1274/1848 
f 3807/1273/1847 3829/1295/1869 3831/1297/1871 3809/1275/1849 
f 3808/1274/1848 3830/1296/1870 3818/1284/1858 3810/1276/1850 
f 3831/1297/1871 3820/1285/1860 3811/1277/1851 3809/1275/1849 
f 3832/1299/1872 3827/1293/1867 3825/1291/1865 3833/1298/1873 
f 3834/1301/1874 3828/1294/1868 3826/1292/1866 3835/1300/1875 
f 3832/1299/1872 3836/1302/1876 3829/1295/1869 3827/1293/1867 
f 3837/1303/1877 3830/1296/1870 3828/1294/1868 3834/1301/1874 
f 3838/1304/1878 3831/1297/1871 3829/1295/1869 3836/1302/1876 
f 3830/1296/1870 3837/1303/1877 3839/1305/1879 3818/1284/1858 
f 3831/1297/1871 3838/1304/1878 3840/1306/1880 3820/1285/1860 
f 3817/1283/1857 3750/1216/1790 3841/1307/1881 
f 3752/1218/1792 3818/1284/1858 3839/1305/1879 
f 3840/1306/1880 3842/1308/1882 3819/1286/1859 3820/1285/1860 
f 3843/1309/1883 3821/1287/1861 3817/1283/1857 3841/1307/1881 
f 3842/1308/1882 3844/1310/1884 3822/1288/1862 3819/1286/1859 
f 3843/1309/1883 3845/1311/1885 3823/1289/1863 3821/1287/1861 
f 3846/1312/1886 3824/1290/1864 3822/1288/1862 3844/1310/1884 
f 3823/1289/1863 3845/1311/1885 3833/1298/1873 3825/1291/1865 
f 3824/1290/1864 3846/1312/1886 3835/1300/1875 3826/1292/1866 
f 3847/1313/1364 3848/1314/1887 3842/1308/1882 3840/1306/1880 
f 3841/1307/1881 3849/1315/1888 3850/1316/1889 3843/1309/1883 
f 3851/1317/1890 3844/1310/1884 3842/1308/1882 3848/1314/1887 
f 3843/1309/1883 3850/1316/1889 3852/1318/1891 3845/1311/1885 
f 3846/1312/1886 3844/1310/1884 3851/1317/1890 3853/1319/1892 
f 3845/1311/1885 3852/1318/1891 3854/1320/1893 3833/1298/1873 
f 3835/1300/1875 3846/1312/1886 3853/1319/1892 3855/1321/1894 
f 3854/1320/1893 3856/1322/1895 3832/1299/1872 3833/1298/1873 
f 3857/1323/1896 3834/1301/1874 3835/1300/1875 3855/1321/1894 
f 3832/1299/1872 3856/1322/1895 3858/1324/1897 3836/1302/1876 
f 3837/1303/1877 3834/1301/1874 3857/1323/1896 3859/1325/1898 
f 3860/1326/1899 3838/1304/1878 3836/1302/1876 3858/1324/1897 
f 3837/1303/1877 3859/1325/1898 3861/1327/1900 3839/1305/1879 
f 3860/1326/1899 3847/1313/1364 3840/1306/1880 3838/1304/1878 
f 3841/1307/1881 3750/1216/1790 3849/1315/1888 
f 3752/1218/1792 3839/1305/1879 3861/1327/1900 
f 3862/1329/1901 3863/1328/1902 3857/1323/1896 3855/1321/1894 
f 3864/1331/1903 3865/1330/1904 3858/1324/1897 3856/1322/1895 
f 3859/1325/1898 3857/1323/1896 3863/1328/1902 3866/1332/1905 
f 3860/1326/1899 3858/1324/1897 3865/1330/1904 3867/1333/1906 
f 3866/1332/1905 3868/1334/1907 3861/1327/1900 3859/1325/1898 
f 3869/1335/1908 3847/1313/1364 3860/1326/1899 3867/1333/1906 
f 3849/1315/1888 3750/1216/1790 3870/1336/1909 
f 3752/1218/1792 3861/1327/1900 3868/1334/1907 
f 3847/1313/1364 3869/1335/1908 3871/1337/1910 3848/1314/1887 
f 3870/1336/1909 3872/1338/1911 3850/1316/1889 3849/1315/1888 
f 3848/1314/1887 3871/1337/1910 3873/1339/1912 3851/1317/1890 
f 3850/1316/1889 3872/1338/1911 3874/1340/1913 3852/1318/1891 
f 3873/1339/1912 3875/1341/1914 3853/1319/1892 3851/1317/1890 
f 3854/1320/1893 3852/1318/1891 3874/1340/1913 3876/1342/1915 
f 3853/1319/1892 3875/1341/1914 3862/1329/1901 3855/1321/1894 
f 3876/1342/1915 3864/1331/1903 3856/1322/1895 3854/1320/1893 
f 3877/1344/1916 3873/1339/1912 3871/1337/1910 3878/1343/1917 
f 3872/1338/1911 3879/1346/1918 3880/1345/1919 3874/1340/1913 
f 3875/1341/1914 3873/1339/1912 3877/1344/1916 3881/1347/1920 
f 3876/1342/1915 3874/1340/1913 3880/1345/1919 3882/1348/1921 
f 3881/1347/1920 3883/1349/1922 3862/1329/1901 3875/1341/1914 
f 3882/1348/1921 3884/1350/1923 3864/1331/1903 3876/1342/1915 
f 3863/1328/1902 3862/1329/1901 3883/1349/1922 3885/1351/1924 
f 3864/1331/1903 3884/1350/1923 3886/1352/1925 3865/1330/1904 
f 3863/1328/1902 3885/1351/1924 3887/1353/1926 3866/1332/1905 
f 3886/1352/1925 3888/1354/1927 3867/1333/1906 3865/1330/1904 
f 3889/1355/1928 3868/1334/1907 3866/1332/1905 3887/1353/1926 
f 3888/1354/1927 3890/1356/1929 3869/1335/1908 3867/1333/1906 
f 3870/1336/1909 3750/1216/1790 3891/1357/1930 
f 3752/1218/1792 3868/1334/1907 3889/1355/1928 
f 3878/1343/1917 3871/1337/1910 3869/1335/1908 3890/1356/1929 
f 3872/1338/1911 3870/1336/1909 3891/1357/1930 3879/1346/1918 
f 3887/1353/1926 3885/1351/1924 3892/1358/1931 3893/1359/1932 
f 3894/1360/1933 3888/1354/1927 3886/1352/1925 3895/1361/1934 
f 3893/1359/1932 3896/1362/1935 3889/1355/1928 3887/1353/1926 
f 3890/1356/1929 3888/1354/1927 3894/1360/1933 3897/1363/1936 
f 3891/1357/1930 3750/1216/1790 3898/1364/1937 
f 3752/1218/1792 3889/1355/1928 3896/1362/1935 
f 3897/1363/1936 3899/1365/1938 3878/1343/1917 3890/1356/1929 
f 3891/1357/1930 3898/1364/1937 3900/1366/1939 3879/1346/1918 
f 3899/1365/1938 3901/1367/1940 3877/1344/1916 3878/1343/1917 
f 3902/1368/1941 3880/1345/1919 3879/1346/1918 3900/1366/1939 
f 3903/1369/1942 3881/1347/1920 3877/1344/1916 3901/1367/1940 
f 3882/1348/1921 3880/1345/1919 3902/1368/1941 3904/1370/1943 
f 3905/1371/1944 3883/1349/1922 3881/1347/1920 3903/1369/1942 
f 3906/1372/1945 3884/1350/1923 3882/1348/1921 3904/1370/1943 
f 3885/1351/1924 3883/1349/1922 3905/1371/1944 3892/1358/1931 
f 3884/1350/1923 3906/1372/1945 3895/1361/1934 3886/1352/1925 
f 3907/1374/1946 3908/1373/1947 3902/1368/1941 3900/1366/1939 
f 3909/1376/1948 3910/1375/1949 3903/1369/1942 3901/1367/1940 
f 3908/1373/1947 3911/1377/1950 3904/1370/1943 3902/1368/1941 
f 3905/1371/1944 3903/1369/1942 3910/1375/1949 3912/1378/1951 
f 3906/1372/1945 3904/1370/1943 3911/1377/1950 3913/1379/1952 
f 3892/1358/1931 3905/1371/1944 3912/1378/1951 3914/1380/1953 
f 3915/1381/1954 3895/1361/1934 3906/1372/1945 3913/1379/1952 
f 3916/1382/1955 3893/1359/1932 3892/1358/1931 3914/1380/1953 
f 3917/1383/1956 3894/1360/1933 3895/1361/1934 3915/1381/1954 
f 3896/1362/1935 3893/1359/1932 3916/1382/1955 3918/1384/1957 
f 3894/1360/1933 3917/1383/1956 3919/1385/1958 3897/1363/1936 
f 3898/1364/1937 3750/1216/1790 3920/1386/1959 
f 3752/1218/1792 3896/1362/1935 3918/1384/1957 
f 3897/1363/1936 3919/1385/1958 3921/1387/1960 3899/1365/1938 
f 3920/1386/1959 3907/1374/1946 3900/1366/1939 3898/1364/1937 
f 3921/1387/1960 3909/1376/1948 3901/1367/1940 3899/1365/1938 
f 3922/1388/1961 3917/1383/1956 3915/1381/1954 3923/1389/1962 
f 3924/1391/1963 3918/1384/1957 3916/1382/1955 3925/1390/1964 
f 3922/1388/1961 3926/1392/1965 3919/1385/1958 3917/1383/1956 
f 3920/1386/1959 3750/1216/1790 3927/1393/1966 
f 3752/1218/1792 3918/1384/1957 3924/1391/1963 
f 3928/1394/1967 3921/1387/1960 3919/1385/1958 3926/1392/1965 
f 3927/1393/1966 3929/1395/1968 3907/1374/1946 3920/1386/1959 
f 3928/1394/1967 3930/1396/1969 3909/1376/1948 3921/1387/1960 
f 3929/1395/1968 3931/1397/1970 3908/1373/1947 3907/1374/1946 
f 3930/1396/1969 3932/1398/1971 3910/1375/1949 3909/1376/1948 
f 3908/1373/1947 3931/1397/1970 3933/1399/1972 3911/1377/1950 
f 3912/1378/1951 3910/1375/1949 3932/1398/1971 3934/1400/1973 
f 3911/1377/1950 3933/1399/1972 3935/1401/1974 3913/1379/1952 
f 3912/1378/1951 3934/1400/1973 3936/1402/1975 3914/1380/1953 
f 3923/1389/1962 3915/1381/1954 3913/1379/1952 3935/1401/1974 
f 3936/1402/1975 3925/1390/1964 3916/1382/1955 3914/1380/1953 
f 3937/1404/1976 3932/1398/1971 3930/1396/1969 3938/1403/1977 
f 3939/1405/1978 3933/1399/1972 3931/1397/1970 3940/1406/1979 
f 3937/1404/1976 3941/1407/1980 3934/1400/1973 3932/1398/1971 
f 3939/1405/1978 3942/1408/1981 3935/1401/1974 3933/1399/1972 
f 3943/1409/1982 3936/1402/1975 3934/1400/1973 3941/1407/1980 
f 3942/1408/1981 3944/1410/1983 3923/1389/1962 3935/1401/1974 
f 3943/1409/1982 3945/1411/1984 3925/1390/1964 3936/1402/1975 
f 3944/1410/1983 3946/1412/1985 3922/1388/1961 3923/1389/1962 
f 3945/1411/1984 3947/1413/1986 3924/1391/1963 3925/1390/1964 
f 3926/1392/1965 3922/1388/1961 3946/1412/1985 3948/1414/1987 
f 3927/1393/1966 3750/1216/1790 3949/1415/1988 
f 3752/1218/1792 3924/1391/1963 3947/1413/1986 
f 3928/1394/1967 3926/1392/1965 3948/1414/1987 3950/1416/1989 
f 3927/1393/1966 3949/1415/1988 3951/1417/1990 3929/1395/1968 
f 3928/1394/1967 3950/1416/1989 3938/1403/1977 3930/1396/1969 
f 3951/1417/1990 3940/1406/1979 3931/1397/1970 3929/1395/1968 
f 3952/1419/1991 3947/1413/1986 3945/1411/1984 3953/1418/1992 
f 3954/1421/1993 3948/1414/1987 3946/1412/1985 3955/1420/1994 
f 3949/1415/1988 3750/1216/1790 3956/1422/1995 
f 3752/1218/1792 3947/1413/1986 3952/1419/1991 
f 3957/1423/1996 3950/1416/1989 3948/1414/1987 3954/1421/1993 
f 3956/1422/1995 3958/1424/1997 3951/1417/1990 3949/1415/1988 
f 3957/1423/1996 3959/1425/1998 3938/1403/1977 3950/1416/1989 
f 3958/1424/1997 3960/1426/1999 3940/1406/1979 3951/1417/1990 
f 3959/1425/1998 3961/1427/2000 3937/1404/1976 3938/1403/1977 
f 3960/1426/1999 3962/1428/2001 3939/1405/1978 3940/1406/1979 
f 3961/1427/2000 3963/1429/2002 3941/1407/1980 3937/1404/1976 
f 3962/1428/2001 3964/1430/2003 3942/1408/1981 3939/1405/1978 
f 3965/1431/2004 3943/1409/1982 3941/1407/1980 3963/1429/2002 
f 3944/1410/1983 3942/1408/1981 3964/1430/2003 3966/1432/2005 
f 3943/1409/1982 3965/1431/2004 3953/1418/1992 3945/1411/1984 
f 3966/1432/2005 3955/1420/1994 3946/1412/1985 3944/1410/1983 
f 3967/1434/2006 3962/1428/2001 3960/1426/1999 3968/1433/2007 
f 3969/1435/2008 3963/1429/2002 3961/1427/2000 3970/1436/2009 
f 3964/1430/2003 3962/1428/2001 3967/1434/2006 3971/1437/2010 
f 3969/1435/2008 3972/1438/2011 3965/1431/2004 3963/1429/2002 
f 3973/1439/2012 3966/1432/2005 3964/1430/2003 3971/1437/2010 
f 3972/1438/2011 3974/1440/2013 3953/1418/1992 3965/1431/2004 
f 3973/1439/2012 3975/1441/2014 3955/1420/1994 3966/1432/2005 
f 3974/1440/2013 3976/1442/2015 3952/1419/1991 3953/1418/1992 
f 3975/1441/2014 3977/1443/2016 3954/1421/1993 3955/1420/1994 
f 3956/1422/1995 3750/1216/1790 3978/1444/2017 
f 3752/1218/1792 3952/1419/1991 3976/1442/2015 
f 3977/1443/2016 3979/1445/2018 3957/1423/1996 3954/1421/1993 
f 3978/1444/2017 3980/1446/2019 3958/1424/1997 3956/1422/1995 
f 3981/1447/2020 3959/1425/1998 3957/1423/1996 3979/1445/2018 
f 3958/1424/1997 3980/1446/2019 3968/1433/2007 3960/1426/1999 
f 3981/1447/2020 3970/1436/2009 3961/1427/2000 3959/1425/1998 
f 3982/1194/1767 3983/1191/1768 3984/1192/1765 3985/1193/1766 
f 3986/1196/1770 3987/1197/1771 3988/1198/1772 3989/1195/2021 
f 3990/1200/2022 3982/1194/1767 3985/1193/1766 3991/1199/2023 
f 3992/1201/1775 3986/1196/1770 3989/1195/2021 3993/1202/1776 
f 3991/1199/2023 3994/1203/2024 3995/1204/2025 3990/1200/2022 
f 3996/1205/1780 3992/1201/1775 3993/1202/1776 3997/1206/1779 
f 3998/1208/1782 3995/1204/2025 3994/1203/2024 3999/1207/2026 
f 4000/1209/1784 3996/1205/1780 3997/1206/1779 4001/1210/1783 
f 4002/1212/1786 3998/1208/1782 3999/1207/2026 4003/1211/1785 
f 4004/1214/1788 4000/1209/1784 4001/1210/1783 4005/1213/1787 
f 4006/1215/2027 4007/1216/1790 4008/1217/2028 
f 4009/1218/1792 4002/1212/1786 4003/1211/1785 
f 4005/1213/1787 4010/1219/1793 4011/1220/1794 4004/1214/1788 
f 4012/1222/2029 4006/1215/2027 4008/1217/2028 4013/1221/1795 
f 4011/1220/1794 4010/1219/1793 3984/1192/1765 3983/1191/1768 
f 3987/1197/1771 4012/1222/2029 4013/1221/1795 3988/1198/1772 
f 3999/1207/2026 4014/1223/1797 4015/1224/1798 4003/1211/1785 
f 4001/1210/1783 4016/1225/1799 4017/1226/1800 4005/1213/1787 
f 4008/1217/2028 4007/1216/1790 4018/1227/2030 
f 4009/1218/1792 4003/1211/1785 4015/1224/1798 
f 4019/1228/1802 4010/1219/1793 4005/1213/1787 4017/1226/1800 
f 4020/1229/1803 4013/1221/1795 4008/1217/2028 4018/1227/2030 
f 4019/1228/1802 4021/1230/1804 3984/1192/1765 4010/1219/1793 
f 4020/1229/1803 4022/1231/1805 3988/1198/1772 4013/1221/1795 
f 4021/1230/1804 4023/1232/1806 3985/1193/1766 3984/1192/1765 
f 3989/1195/2021 3988/1198/1772 4022/1231/1805 4024/1233/1807 
f 3991/1199/2023 3985/1193/1766 4023/1232/1806 4025/1234/1808 
f 3993/1202/1776 3989/1195/2021 4024/1233/1807 4026/1235/1809 
f 4025/1234/1808 4027/1236/1810 3994/1203/2024 3991/1199/2023 
f 4026/1235/1809 4028/1237/1811 3997/1206/1779 3993/1202/1776 
f 3994/1203/2024 4027/1236/1810 4014/1223/1797 3999/1207/2026 
f 3997/1206/1779 4028/1237/1811 4016/1225/1799 4001/1210/1783 
f 4029/1239/1813 4024/1233/1807 4022/1231/1805 4030/1238/1812 
f 4031/1240/1815 4025/1234/1808 4023/1232/1806 4032/1241/1814 
f 4024/1233/1807 4029/1239/1813 4033/1242/1816 4026/1235/1809 
f 4034/1243/2031 4027/1236/1810 4025/1234/1808 4031/1240/1815 
f 4035/1244/1818 4028/1237/1811 4026/1235/1809 4033/1242/1816 
f 4034/1243/2031 4036/1245/2032 4014/1223/1797 4027/1236/1810 
f 4037/1246/2033 4016/1225/1799 4028/1237/1811 4035/1244/1818 
f 4036/1245/2032 4038/1247/1821 4015/1224/1798 4014/1223/1797 
f 4037/1246/2033 4039/1248/1822 4017/1226/1800 4016/1225/1799 
f 4018/1227/2030 4007/1216/1790 4040/1249/1823 
f 4009/1218/1792 4015/1224/1798 4038/1247/1821 
f 4039/1248/1822 4041/1250/1824 4019/1228/1802 4017/1226/1800 
f 4042/1251/1825 4020/1229/1803 4018/1227/2030 4040/1249/1823 
f 4021/1230/1804 4019/1228/1802 4041/1250/1824 4043/1252/2034 
f 4042/1251/1825 4030/1238/1812 4022/1231/1805 4020/1229/1803 
f 4043/1252/2034 4032/1241/1814 4023/1232/1806 4021/1230/1804 
f 4044/1254/1827 4045/1253/1828 4039/1248/1822 4037/1246/2033 
f 4040/1249/1823 4007/1216/1790 4046/1255/1829 
f 4009/1218/1792 4038/1247/1821 4047/1256/1830 
f 4039/1248/1822 4045/1253/1828 4048/1257/1831 4041/1250/1824 
f 4046/1255/1829 4049/1258/1832 4042/1251/1825 4040/1249/1823 
f 4041/1250/1824 4048/1257/1831 4050/1259/1833 4043/1252/2034 
f 4049/1258/1832 4051/1260/1834 4030/1238/1812 4042/1251/1825 
f 4050/1259/1833 4052/1261/1835 4032/1241/1814 4043/1252/2034 
f 4053/1262/1836 4029/1239/1813 4030/1238/1812 4051/1260/1834 
f 4054/1263/1837 4031/1240/1815 4032/1241/1814 4052/1261/1835 
f 4055/1264/1838 4033/1242/1816 4029/1239/1813 4053/1262/1836 
f 4056/1265/2035 4034/1243/2031 4031/1240/1815 4054/1263/1837 
f 4033/1242/1816 4055/1264/1838 4057/1266/2036 4035/1244/1818 
f 4034/1243/2031 4056/1265/2035 4058/1267/1841 4036/1245/2032 
f 4044/1254/1827 4037/1246/2033 4035/1244/1818 4057/1266/2036 
f 4047/1256/1830 4038/1247/1821 4036/1245/2032 4058/1267/1841 
f 4059/1269/1842 4054/1263/1837 4052/1261/1835 4060/1268/1843 
f 4061/1270/2037 4062/1271/1844 4055/1264/1838 4053/1262/1836 
f 4059/1269/1842 4063/1272/1846 4056/1265/2035 4054/1263/1837 
f 4057/1266/2036 4055/1264/1838 4062/1271/1844 4064/1273/1847 
f 4058/1267/1841 4056/1265/2035 4063/1272/1846 4065/1274/2038 
f 4066/1275/1849 4044/1254/1827 4057/1266/2036 4064/1273/1847 
f 4067/1276/1850 4047/1256/1830 4058/1267/1841 4065/1274/2038 
f 4068/1277/1851 4045/1253/1828 4044/1254/1827 4066/1275/1849 
f 4046/1255/1829 4007/1216/1790 4069/1278/2039 
f 4009/1218/1792 4047/1256/1830 4067/1276/1850 
f 4070/1279/1853 4048/1257/1831 4045/1253/1828 4068/1277/1851 
f 4071/1280/1854 4049/1258/1832 4046/1255/1829 4069/1278/2039 
f 4072/1281/1855 4050/1259/1833 4048/1257/1831 4070/1279/1853 
f 4073/1282/1856 4051/1260/1834 4049/1258/1832 4071/1280/1854 
f 4052/1261/1835 4050/1259/1833 4072/1281/1855 4060/1268/1843 
f 4051/1260/1834 4073/1282/1856 4061/1270/2037 4053/1262/1836 
f 4069/1278/2039 4007/1216/1790 4074/1283/1857 
f 4009/1218/1792 4067/1276/1850 4075/1284/1858 
f 4076/1286/1859 4070/1279/1853 4068/1277/1851 4077/1285/1860 
f 4074/1283/1857 4078/1287/1861 4071/1280/1854 4069/1278/2039 
f 4079/1288/1862 4072/1281/1855 4070/1279/1853 4076/1286/1859 
f 4080/1289/1863 4073/1282/1856 4071/1280/1854 4078/1287/1861 
f 4060/1268/1843 4072/1281/1855 4079/1288/1862 4081/1290/1864 
f 4080/1289/1863 4082/1291/1865 4061/1270/2037 4073/1282/1856 
f 4059/1269/1842 4060/1268/1843 4081/1290/1864 4083/1292/1866 
f 4062/1271/1844 4061/1270/2037 4082/1291/1865 4084/1293/1867 
f 4063/1272/1846 4059/1269/1842 4083/1292/1866 4085/1294/1868 
f 4062/1271/1844 4084/1293/1867 4086/1295/1869 4064/1273/1847 
f 4087/1296/1870 4065/1274/2038 4063/1272/1846 4085/1294/1868 
f 4064/1273/1847 4086/1295/1869 4088/1297/1871 4066/1275/1849 
f 4067/1276/1850 4065/1274/2038 4087/1296/1870 4075/1284/1858 
f 4088/1297/1871 4077/1285/1860 4068/1277/1851 4066/1275/1849 
f 4089/1299/1872 4084/1293/1867 4082/1291/1865 4090/1298/1873 
f 4091/1300/1875 4092/1301/1874 4085/1294/1868 4083/1292/1866 
f 4089/1299/1872 4093/1302/1876 4086/1295/1869 4084/1293/1867 
f 4087/1296/1870 4085/1294/1868 4092/1301/1874 4094/1303/1877 
f 4088/1297/1871 4086/1295/1869 4093/1302/1876 4095/1304/1878 
f 4087/1296/1870 4094/1303/1877 4096/1305/1879 4075/1284/1858 
f 4077/1285/1860 4088/1297/1871 4095/1304/1878 4097/1306/1880 
f 4074/1283/1857 4007/1216/1790 4098/1307/1881 
f 4009/1218/1792 4075/1284/1858 4096/1305/1879 
f 4099/1308/1882 4076/1286/1859 4077/1285/1860 4097/1306/1880 
f 4098/1307/1881 4100/1309/1883 4078/1287/1861 4074/1283/1857 
f 4099/1308/1882 4101/1310/1884 4079/1288/1862 4076/1286/1859 
f 4102/1311/1885 4080/1289/1863 4078/1287/1861 4100/1309/1883 
f 4079/1288/1862 4101/1310/1884 4103/1312/1886 4081/1290/1864 
f 4102/1311/1885 4090/1298/1873 4082/1291/1865 4080/1289/1863 
f 4083/1292/1866 4081/1290/1864 4103/1312/1886 4091/1300/1875 
f 4099/1308/1882 4097/1306/1880 4104/1313/1364 4105/1314/1887 
f 4098/1307/1881 4106/1315/2040 4107/1316/1889 4100/1309/1883 
f 4099/1308/1882 4105/1314/1887 4108/1317/1890 4101/1310/1884 
f 4107/1316/1889 4109/1318/1891 4102/1311/1885 4100/1309/1883 
f 4108/1317/1890 4110/1319/1892 4103/1312/1886 4101/1310/1884 
f 4111/1320/1893 4090/1298/1873 4102/1311/1885 4109/1318/1891 
f 4112/1321/2041 4091/1300/1875 4103/1312/1886 4110/1319/1892 
f 4111/1320/1893 4113/1322/1895 4089/1299/1872 4090/1298/1873 
f 4112/1321/2041 4114/1323/1896 4092/1301/1874 4091/1300/1875 
f 4089/1299/1872 4113/1322/1895 4115/1324/1897 4093/1302/1876 
f 4114/1323/1896 4116/1325/1898 4094/1303/1877 4092/1301/1874 
f 4115/1324/1897 4117/1326/1899 4095/1304/1878 4093/1302/1876 
f 4094/1303/1877 4116/1325/1898 4118/1327/1900 4096/1305/1879 
f 4117/1326/1899 4104/1313/1364 4097/1306/1880 4095/1304/1878 
f 4098/1307/1881 4007/1216/1790 4106/1315/2040 
f 4009/1218/1792 4096/1305/1879 4118/1327/1900 
f 4119/1329/1901 4120/1328/1902 4114/1323/1896 4112/1321/2041 
f 4115/1324/1897 4113/1322/1895 4121/1331/1903 4122/1330/1904 
f 4116/1325/1898 4114/1323/1896 4120/1328/1902 4123/1332/1905 
f 4115/1324/1897 4122/1330/1904 4124/1333/1906 4117/1326/1899 
f 4123/1332/1905 4125/1334/1907 4118/1327/1900 4116/1325/1898 
f 4126/1335/1908 4104/1313/1364 4117/1326/1899 4124/1333/1906 
f 4106/1315/2040 4007/1216/1790 4127/1336/1909 
f 4009/1218/1792 4118/1327/1900 4125/1334/1907 
f 4105/1314/1887 4104/1313/1364 4126/1335/1908 4128/1337/1910 
f 4106/1315/2040 4127/1336/1909 4129/1338/2042 4107/1316/1889 
f 4128/1337/1910 4130/1339/1912 4108/1317/1890 4105/1314/1887 
f 4131/1340/1913 4109/1318/1891 4107/1316/1889 4129/1338/2042 
f 4110/1319/1892 4108/1317/1890 4130/1339/1912 4132/1341/1914 
f 4131/1340/1913 4133/1342/1915 4111/1320/1893 4109/1318/1891 
f 4132/1341/1914 4119/1329/1901 4112/1321/2041 4110/1319/1892 
f 4133/1342/1915 4121/1331/1903 4113/1322/1895 4111/1320/1893 
f 4134/1343/1917 4135/1344/1916 4130/1339/1912 4128/1337/1910 
f 4131/1340/1913 4129/1338/2042 4136/1346/1918 4137/1345/1919 
f 4130/1339/1912 4135/1344/1916 4138/1347/1920 4132/1341/1914 
f 4139/1348/1921 4133/1342/1915 4131/1340/1913 4137/1345/1919 
f 4138/1347/1920 4140/1349/1922 4119/1329/1901 4132/1341/1914 
f 4121/1331/1903 4133/1342/1915 4139/1348/1921 4141/1350/1923 
f 4119/1329/1901 4140/1349/1922 4142/1351/1924 4120/1328/1902 
f 4143/1352/1925 4122/1330/1904 4121/1331/1903 4141/1350/1923 
f 4123/1332/1905 4120/1328/1902 4142/1351/1924 4144/1353/1926 
f 4122/1330/1904 4143/1352/1925 4145/1354/1927 4124/1333/1906 
f 4146/1355/1928 4125/1334/1907 4123/1332/1905 4144/1353/1926 
f 4145/1354/1927 4147/1356/1929 4126/1335/1908 4124/1333/1906 
f 4127/1336/1909 4007/1216/1790 4148/1357/1930 
f 4009/1218/1792 4125/1334/1907 4146/1355/1928 
f 4134/1343/1917 4128/1337/1910 4126/1335/1908 4147/1356/1929 
f 4148/1357/1930 4136/1346/1918 4129/1338/2042 4127/1336/1909 
f 4149/1358/2043 4150/1359/1932 4144/1353/1926 4142/1351/1924 
f 4143/1352/1925 4151/1361/1934 4152/1360/1933 4145/1354/1927 
f 4146/1355/1928 4144/1353/1926 4150/1359/1932 4153/1362/1935 
f 4152/1360/1933 4154/1363/1936 4147/1356/1929 4145/1354/1927 
f 4148/1357/1930 4007/1216/1790 4155/1364/1937 
f 4009/1218/1792 4146/1355/1928 4153/1362/1935 
f 4156/1365/1938 4134/1343/1917 4147/1356/1929 4154/1363/1936 
f 4136/1346/1918 4148/1357/1930 4155/1364/1937 4157/1366/1939 
f 4135/1344/1916 4134/1343/1917 4156/1365/1938 4158/1367/1940 
f 4157/1366/1939 4159/1368/1941 4137/1345/1919 4136/1346/1918 
f 4158/1367/1940 4160/1369/1942 4138/1347/1920 4135/1344/1916 
f 4139/1348/1921 4137/1345/1919 4159/1368/1941 4161/1370/1943 
f 4160/1369/1942 4162/1371/1944 4140/1349/1922 4138/1347/1920 
f 4161/1370/1943 4163/1372/1945 4141/1350/1923 4139/1348/1921 
f 4162/1371/1944 4149/1358/2043 4142/1351/1924 4140/1349/1922 
f 4141/1350/1923 4163/1372/1945 4151/1361/1934 4143/1352/1925 
f 4159/1368/1941 4157/1366/1939 4164/1374/1946 4165/1373/1947 
f 4160/1369/1942 4158/1367/1940 4166/1376/1948 4167/1375/1949 
f 4165/1373/1947 4168/1377/1950 4161/1370/1943 4159/1368/1941 
f 4160/1369/1942 4167/1375/1949 4169/1378/1951 4162/1371/1944 
f 4170/1379/1952 4163/1372/1945 4161/1370/1943 4168/1377/1950 
f 4169/1378/1951 4171/1380/1953 4149/1358/2043 4162/1371/1944 
f 4170/1379/1952 4172/1381/1954 4151/1361/1934 4163/1372/1945 
f 4150/1359/1932 4149/1358/2043 4171/1380/1953 4173/1382/1955 
f 4172/1381/1954 4174/1383/1956 4152/1360/1933 4151/1361/1934 
f 4173/1382/1955 4175/1384/1957 4153/1362/1935 4150/1359/1932 
f 4174/1383/1956 4176/1385/1958 4154/1363/1936 4152/1360/1933 
f 4155/1364/1937 4007/1216/1790 4177/1386/1959 
f 4009/1218/1792 4153/1362/1935 4175/1384/1957 
f 4156/1365/1938 4154/1363/1936 4176/1385/1958 4178/1387/1960 
f 4164/1374/1946 4157/1366/1939 4155/1364/1937 4177/1386/1959 
f 4166/1376/1948 4158/1367/1940 4156/1365/1938 4178/1387/1960 
f 4172/1381/1954 4179/1389/1962 4180/1388/1961 4174/1383/1956 
f 4181/1391/1963 4175/1384/1957 4173/1382/1955 4182/1390/1964 
f 4180/1388/1961 4183/1392/1965 4176/1385/1958 4174/1383/1956 
f 4177/1386/1959 4007/1216/1790 4184/1393/1966 
f 4009/1218/1792 4175/1384/1957 4181/1391/1963 
f 4176/1385/1958 4183/1392/1965 4185/1394/1967 4178/1387/1960 
f 4164/1374/1946 4177/1386/1959 4184/1393/1966 4186/1395/1968 
f 4187/1396/1969 4166/1376/1948 4178/1387/1960 4185/1394/1967 
f 4165/1373/1947 4164/1374/1946 4186/1395/1968 4188/1397/1970 
f 4187/1396/1969 4189/1398/1971 4167/1375/1949 4166/1376/1948 
f 4190/1399/1972 4168/1377/1950 4165/1373/1947 4188/1397/1970 
f 4189/1398/1971 4191/1400/1973 4169/1378/1951 4167/1375/1949 
f 4190/1399/1972 4192/1401/1974 4170/1379/1952 4168/1377/1950 
f 4191/1400/1973 4193/1402/1975 4171/1380/1953 4169/1378/1951 
f 4192/1401/1974 4179/1389/1962 4172/1381/1954 4170/1379/1952 
f 4173/1382/1955 4171/1380/1953 4193/1402/1975 4182/1390/1964 
f 4194/1403/2044 4195/1404/1976 4189/1398/1971 4187/1396/1969 
f 4196/1406/1979 4197/1405/1978 4190/1399/1972 4188/1397/1970 
f 4195/1404/1976 4198/1407/1980 4191/1400/1973 4189/1398/1971 
f 4190/1399/1972 4197/1405/1978 4199/1408/1981 4192/1401/1974 
f 4198/1407/1980 4200/1409/1982 4193/1402/1975 4191/1400/1973 
f 4192/1401/1974 4199/1408/1981 4201/1410/1983 4179/1389/1962 
f 4193/1402/1975 4200/1409/1982 4202/1411/1984 4182/1390/1964 
f 4201/1410/1983 4203/1412/1985 4180/1388/1961 4179/1389/1962 
f 4204/1413/1986 4181/1391/1963 4182/1390/1964 4202/1411/1984 
f 4180/1388/1961 4203/1412/1985 4205/1414/2045 4183/1392/1965 
f 4184/1393/1966 4007/1216/1790 4206/1415/1988 
f 4009/1218/1792 4181/1391/1963 4204/1413/1986 
f 4185/1394/1967 4183/1392/1965 4205/1414/2045 4207/1416/1989 
f 4186/1395/1968 4184/1393/1966 4206/1415/1988 4208/1417/1990 
f 4187/1396/1969 4185/1394/1967 4207/1416/1989 4194/1403/2044 
f 4208/1417/1990 4196/1406/1979 4188/1397/1970 4186/1395/1968 
f 4204/1413/1986 4202/1411/1984 4209/1418/1992 4210/1419/2046 
f 4203/1412/1985 4211/1420/1994 4212/1421/2047 4205/1414/2045 
f 4206/1415/1988 4007/1216/1790 4213/1422/2048 
f 4009/1218/1792 4204/1413/1986 4210/1419/2046 
f 4207/1416/1989 4205/1414/2045 4212/1421/2047 4214/1423/1996 
f 4206/1415/1988 4213/1422/2048 4215/1424/1997 4208/1417/1990 
f 4216/1425/1998 4194/1403/2044 4207/1416/1989 4214/1423/1996 
f 4208/1417/1990 4215/1424/1997 4217/1426/1999 4196/1406/1979 
f 4216/1425/1998 4218/1427/2000 4195/1404/1976 4194/1403/2044 
f 4196/1406/1979 4217/1426/1999 4219/1428/2001 4197/1405/1978 
f 4220/1429/2002 4198/1407/1980 4195/1404/1976 4218/1427/2000 
f 4199/1408/1981 4197/1405/1978 4219/1428/2001 4221/1430/2003 
f 4220/1429/2002 4222/1431/2049 4200/1409/1982 4198/1407/1980 
f 4199/1408/1981 4221/1430/2003 4223/1432/2050 4201/1410/1983 
f 4209/1418/1992 4202/1411/1984 4200/1409/1982 4222/1431/2049 
f 4203/1412/1985 4201/1410/1983 4223/1432/2050 4211/1420/1994 
f 4224/1433/2007 4225/1434/2051 4219/1428/2001 4217/1426/1999 
f 4218/1427/2000 4226/1436/2052 4227/1435/2008 4220/1429/2002 
f 4228/1437/2010 4221/1430/2003 4219/1428/2001 4225/1434/2051 
f 4227/1435/2008 4229/1438/2053 4222/1431/2049 4220/1429/2002 
f 4221/1430/2003 4228/1437/2010 4230/1439/2012 4223/1432/2050 
f 4229/1438/2053 4231/1440/2013 4209/1418/1992 4222/1431/2049 
f 4232/1441/2014 4211/1420/1994 4223/1432/2050 4230/1439/2012 
f 4233/1442/2054 4210/1419/2046 4209/1418/1992 4231/1440/2013 
f 4211/1420/1994 4232/1441/2014 4234/1443/2055 4212/1421/2047 
f 4213/1422/2048 4007/1216/1790 4235/1444/2056 
f 4009/1218/1792 4210/1419/2046 4233/1442/2054 
f 4212/1421/2047 4234/1443/2055 4236/1445/2018 4214/1423/1996 
f 4237/1446/2057 4215/1424/1997 4213/1422/2048 4235/1444/2056 
f 4238/1447/2020 4216/1425/1998 4214/1423/1996 4236/1445/2018 
f 4215/1424/1997 4237/1446/2057 4224/1433/2007 4217/1426/1999 
f 4216/1425/1998 4238/1447/2020 4226/1436/2052 4218/1427/2000 
f 4239/1192/1765 4240/1193/2058 4241/1194/1767 4242/1191/1768 
f 4243/1197/1771 4244/1198/1772 4245/1195/1769 4246/1196/1770 
f 4247/1200/2022 4241/1194/1767 4240/1193/2058 4248/1199/2023 
f 4249/1202/1776 4250/1201/1775 4246/1196/1770 4245/1195/1769 
f 4251/1203/1777 4252/1204/2025 4247/1200/2022 4248/1199/2023 
f 4253/1205/2059 4250/1201/1775 4249/1202/1776 4254/1206/1779 
f 4252/1204/2025 4251/1203/1777 4255/1207/1781 4256/1208/1782 
f 4257/1209/1784 4253/1205/2059 4254/1206/1779 4258/1210/1783 
f 4259/1212/1786 4256/1208/1782 4255/1207/1781 4260/1211/1785 
f 4258/1210/1783 4261/1213/1787 4262/1214/1788 4257/1209/1784 
f 4263/1215/2027 4264/1216/1790 4265/1217/2028 
f 4266/1218/1792 4259/1212/1786 4260/1211/1785 
f 4267/1219/1793 4268/1220/2060 4262/1214/1788 4261/1213/1787 
f 4265/1217/2028 4269/1221/1795 4270/1222/1796 4263/1215/2027 
f 4242/1191/1768 4268/1220/2060 4267/1219/1793 4239/1192/1765 
f 4244/1198/1772 4243/1197/1771 4270/1222/1796 4269/1221/1795 
f 4255/1207/1781 4271/1223/2061 4272/1224/1798 4260/1211/1785 
f 4273/1225/1799 4274/1226/1800 4261/1213/1787 4258/1210/1783 
f 4265/1217/2028 4264/1216/1790 4275/1227/2030 
f 4266/1218/1792 4260/1211/1785 4272/1224/1798 
f 4261/1213/1787 4274/1226/1800 4276/1228/1802 4267/1219/1793 
f 4277/1229/1803 4269/1221/1795 4265/1217/2028 4275/1227/2030 
f 4276/1228/1802 4278/1230/1804 4239/1192/1765 4267/1219/1793 
f 4277/1229/1803 4279/1231/2062 4244/1198/1772 4269/1221/1795 
f 4239/1192/1765 4278/1230/1804 4280/1232/1806 4240/1193/2058 
f 4244/1198/1772 4279/1231/2062 4281/1233/1807 4245/1195/1769 
f 4280/1232/1806 4282/1234/1808 4248/1199/2023 4240/1193/2058 
f 4281/1233/1807 4283/1235/1809 4249/1202/1776 4245/1195/1769 
f 4251/1203/1777 4248/1199/2023 4282/1234/1808 4284/1236/1810 
f 4283/1235/1809 4285/1237/1811 4254/1206/1779 4249/1202/1776 
f 4271/1223/2061 4255/1207/1781 4251/1203/1777 4284/1236/1810 
f 4273/1225/1799 4258/1210/1783 4254/1206/1779 4285/1237/1811 
f 4279/1231/2062 4286/1238/2063 4287/1239/1813 4281/1233/1807 
f 4288/1240/1815 4282/1234/1808 4280/1232/1806 4289/1241/1814 
f 4281/1233/1807 4287/1239/1813 4290/1242/1816 4283/1235/1809 
f 4291/1243/1817 4284/1236/1810 4282/1234/1808 4288/1240/1815 
f 4292/1244/1818 4285/1237/1811 4283/1235/1809 4290/1242/1816 
f 4271/1223/2061 4284/1236/1810 4291/1243/1817 4293/1245/2032 
f 4292/1244/1818 4294/1246/2033 4273/1225/1799 4285/1237/1811 
f 4293/1245/2032 4295/1247/1821 4272/1224/1798 4271/1223/2061 
f 4296/1248/1822 4274/1226/1800 4273/1225/1799 4294/1246/2033 
f 4275/1227/2030 4264/1216/1790 4297/1249/1823 
f 4266/1218/1792 4272/1224/1798 4295/1247/1821 
f 4298/1250/1824 4276/1228/1802 4274/1226/1800 4296/1248/1822 
f 4299/1251/1825 4277/1229/1803 4275/1227/2030 4297/1249/1823 
f 4300/1252/1826 4278/1230/1804 4276/1228/1802 4298/1250/1824 
f 4279/1231/2062 4277/1229/1803 4299/1251/1825 4286/1238/2063 
f 4280/1232/1806 4278/1230/1804 4300/1252/1826 4289/1241/1814 
f 4301/1254/1827 4302/1253/1828 4296/1248/1822 4294/1246/2033 
f 4297/1249/1823 4264/1216/1790 4303/1255/2064 
f 4266/1218/1792 4295/1247/1821 4304/1256/1830 
f 4302/1253/1828 4305/1257/1831 4298/1250/1824 4296/1248/1822 
f 4303/1255/2064 4306/1258/1832 4299/1251/1825 4297/1249/1823 
f 4300/1252/1826 4298/1250/1824 4305/1257/1831 4307/1259/1833 
f 4308/1260/1834 4286/1238/2063 4299/1251/1825 4306/1258/1832 
f 4307/1259/1833 4309/1261/1835 4289/1241/1814 4300/1252/1826 
f 4286/1238/2063 4308/1260/1834 4310/1262/1836 4287/1239/1813 
f 4288/1240/1815 4289/1241/1814 4309/1261/1835 4311/1263/1837 
f 4310/1262/1836 4312/1264/1838 4290/1242/1816 4287/1239/1813 
f 4288/1240/1815 4311/1263/1837 4313/1265/2035 4291/1243/1817 
f 4312/1264/1838 4314/1266/1840 4292/1244/1818 4290/1242/1816 
f 4315/1267/1841 4293/1245/2032 4291/1243/1817 4313/1265/2035 
f 4294/1246/2033 4292/1244/1818 4314/1266/1840 4301/1254/1827 
f 4304/1256/1830 4295/1247/1821 4293/1245/2032 4315/1267/1841 
f 4309/1261/1835 4316/1268/1843 4317/1269/1842 4311/1263/1837 
f 4318/1271/1844 4312/1264/1838 4310/1262/1836 4319/1270/1845 
f 4317/1269/1842 4320/1272/1846 4313/1265/2035 4311/1263/1837 
f 4321/1273/1847 4314/1266/1840 4312/1264/1838 4318/1271/1844 
f 4313/1265/2035 4320/1272/1846 4322/1274/2038 4315/1267/1841 
f 4301/1254/1827 4314/1266/1840 4321/1273/1847 4323/1275/1849 
f 4322/1274/2038 4324/1276/1850 4304/1256/1830 4315/1267/1841 
f 4323/1275/1849 4325/1277/1851 4302/1253/1828 4301/1254/1827 
f 4303/1255/2064 4264/1216/1790 4326/1278/1852 
f 4266/1218/1792 4304/1256/1830 4324/1276/1850 
f 4302/1253/1828 4325/1277/1851 4327/1279/1853 4305/1257/1831 
f 4303/1255/2064 4326/1278/1852 4328/1280/2065 4306/1258/1832 
f 4329/1281/1855 4307/1259/1833 4305/1257/1831 4327/1279/1853 
f 4308/1260/1834 4306/1258/1832 4328/1280/2065 4330/1282/1856 
f 4309/1261/1835 4307/1259/1833 4329/1281/1855 4316/1268/1843 
f 4310/1262/1836 4308/1260/1834 4330/1282/1856 4319/1270/1845 
f 4326/1278/1852 4264/1216/1790 4331/1283/1857 
f 4266/1218/1792 4324/1276/1850 4332/1284/2066 
f 4327/1279/1853 4325/1277/1851 4333/1285/1860 4334/1286/1859 
f 4326/1278/1852 4331/1283/1857 4335/1287/1861 4328/1280/2065 
f 4329/1281/1855 4327/1279/1853 4334/1286/1859 4336/1288/1862 
f 4335/1287/1861 4337/1289/1863 4330/1282/1856 4328/1280/2065 
f 4338/1290/1864 4316/1268/1843 4329/1281/1855 4336/1288/1862 
f 4319/1270/1845 4330/1282/1856 4337/1289/1863 4339/1291/1865 
f 4338/1290/1864 4340/1292/1866 4317/1269/1842 4316/1268/1843 
f 4339/1291/1865 4341/1293/1867 4318/1271/1844 4319/1270/1845 
f 4340/1292/1866 4342/1294/1868 4320/1272/1846 4317/1269/1842 
f 4341/1293/1867 4343/1295/2067 4321/1273/1847 4318/1271/1844 
f 4322/1274/2038 4320/1272/1846 4342/1294/1868 4344/1296/1870 
f 4321/1273/1847 4343/1295/2067 4345/1297/1871 4323/1275/1849 
f 4322/1274/2038 4344/1296/1870 4332/1284/2066 4324/1276/1850 
f 4323/1275/1849 4345/1297/1871 4333/1285/1860 4325/1277/1851 
f 4346/1299/1872 4341/1293/1867 4339/1291/1865 4347/1298/1873 
f 4342/1294/1868 4340/1292/1866 4348/1300/1875 4349/1301/1874 
f 4343/1295/2067 4341/1293/1867 4346/1299/1872 4350/1302/1876 
f 4342/1294/1868 4349/1301/1874 4351/1303/1877 4344/1296/1870 
f 4345/1297/1871 4343/1295/2067 4350/1302/1876 4352/1304/1878 
f 4351/1303/1877 4353/1305/2068 4332/1284/2066 4344/1296/1870 
f 4345/1297/1871 4352/1304/1878 4354/1306/1880 4333/1285/1860 
f 4331/1283/1857 4264/1216/1790 4355/1307/1881 
f 4266/1218/1792 4332/1284/2066 4353/1305/2068 
f 4354/1306/1880 4356/1308/1882 4334/1286/1859 4333/1285/1860 
f 4355/1307/1881 4357/1309/2069 4335/1287/1861 4331/1283/1857 
f 4356/1308/1882 4358/1310/1884 4336/1288/1862 4334/1286/1859 
f 4357/1309/2069 4359/1311/1885 4337/1289/1863 4335/1287/1861 
f 4338/1290/1864 4336/1288/1862 4358/1310/1884 4360/1312/1886 
f 4339/1291/1865 4337/1289/1863 4359/1311/1885 4347/1298/1873 
f 4338/1290/1864 4360/1312/1886 4348/1300/1875 4340/1292/1866 
f 4356/1308/1882 4354/1306/1880 4361/1313/1364 4362/1314/1887 
f 4357/1309/2069 4355/1307/1881 4363/1315/2040 4364/1316/1889 
f 4358/1310/1884 4356/1308/1882 4362/1314/1887 4365/1317/1890 
f 4359/1311/1885 4357/1309/2069 4364/1316/1889 4366/1318/1891 
f 4365/1317/1890 4367/1319/1892 4360/1312/1886 4358/1310/1884 
f 4368/1320/1893 4347/1298/1873 4359/1311/1885 4366/1318/1891 
f 4369/1321/2041 4348/1300/1875 4360/1312/1886 4367/1319/1892 
f 4346/1299/1872 4347/1298/1873 4368/1320/1893 4370/1322/1895 
f 4369/1321/2041 4371/1323/1896 4349/1301/1874 4348/1300/1875 
f 4370/1322/1895 4372/1324/1897 4350/1302/1876 4346/1299/1872 
f 4371/1323/1896 4373/1325/1898 4351/1303/1877 4349/1301/1874 
f 4374/1326/1899 4352/1304/1878 4350/1302/1876 4372/1324/1897 
f 4375/1327/1900 4353/1305/2068 4351/1303/1877 4373/1325/1898 
f 4354/1306/1880 4352/1304/1878 4374/1326/1899 4361/1313/1364 
f 4355/1307/1881 4264/1216/1790 4363/1315/2040 
f 4266/1218/1792 4353/1305/2068 4375/1327/1900 
f 4376/1328/1902 4371/1323/1896 4369/1321/2041 4377/1329/1901 
f 4378/1331/1903 4379/1330/1904 4372/1324/1897 4370/1322/1895 
f 4380/1332/1905 4373/1325/1898 4371/1323/1896 4376/1328/1902 
f 4372/1324/1897 4379/1330/1904 4381/1333/1906 4374/1326/1899 
f 4380/1332/1905 4382/1334/1907 4375/1327/1900 4373/1325/1898 
f 4361/1313/1364 4374/1326/1899 4381/1333/1906 4383/1335/1908 
f 4363/1315/2040 4264/1216/1790 4384/1336/1909 
f 4266/1218/1792 4375/1327/1900 4382/1334/1907 
f 4362/1314/1887 4361/1313/1364 4383/1335/1908 4385/1337/1910 
f 4384/1336/1909 4386/1338/2042 4364/1316/1889 4363/1315/2040 
f 4385/1337/1910 4387/1339/1912 4365/1317/1890 4362/1314/1887 
f 4386/1338/2042 4388/1340/1913 4366/1318/1891 4364/1316/1889 
f 4389/1341/1914 4367/1319/1892 4365/1317/1890 4387/1339/1912 
f 4388/1340/1913 4390/1342/1915 4368/1320/1893 4366/1318/1891 
f 4377/1329/1901 4369/1321/2041 4367/1319/1892 4389/1341/1914 
f 4370/1322/1895 4368/1320/1893 4390/1342/1915 4378/1331/1903 
f 4387/1339/1912 4385/1337/1910 4391/1343/1917 4392/1344/1916 
f 4386/1338/2042 4393/1346/1918 4394/1345/1919 4388/1340/1913 
f 4389/1341/1914 4387/1339/1912 4392/1344/1916 4395/1347/1920 
f 4394/1345/1919 4396/1348/1921 4390/1342/1915 4388/1340/1913 
f 4397/1349/1922 4377/1329/1901 4389/1341/1914 4395/1347/1920 
f 4390/1342/1915 4396/1348/1921 4398/1350/1923 4378/1331/1903 
f 4376/1328/1902 4377/1329/1901 4397/1349/1922 4399/1351/1924 
f 4398/1350/1923 4400/1352/1925 4379/1330/1904 4378/1331/1903 
f 4399/1351/1924 4401/1353/1926 4380/1332/1905 4376/1328/1902 
f 4400/1352/1925 4402/1354/1927 4381/1333/1906 4379/1330/1904 
f 4382/1334/1907 4380/1332/1905 4401/1353/1926 4403/1355/2070 
f 4383/1335/1908 4381/1333/1906 4402/1354/1927 4404/1356/1929 
f 4384/1336/1909 4264/1216/1790 4405/1357/1930 
f 4266/1218/1792 4382/1334/1907 4403/1355/2070 
f 4385/1337/1910 4383/1335/1908 4404/1356/1929 4391/1343/1917 
f 4386/1338/2042 4384/1336/1909 4405/1357/1930 4393/1346/1918 
f 4399/1351/1924 4406/1358/1931 4407/1359/1932 4401/1353/1926 
f 4400/1352/1925 4408/1361/1934 4409/1360/1933 4402/1354/1927 
f 4403/1355/2070 4401/1353/1926 4407/1359/1932 4410/1362/2071 
f 4411/1363/1936 4404/1356/1929 4402/1354/1927 4409/1360/1933 
f 4405/1357/1930 4264/1216/1790 4412/1364/1937 
f 4266/1218/1792 4403/1355/2070 4410/1362/2071 
f 4413/1365/1938 4391/1343/1917 4404/1356/1929 4411/1363/1936 
f 4405/1357/1930 4412/1364/1937 4414/1366/1939 4393/1346/1918 
f 4413/1365/1938 4415/1367/1940 4392/1344/1916 4391/1343/1917 
f 4394/1345/1919 4393/1346/1918 4414/1366/1939 4416/1368/1941 
f 4417/1369/1942 4395/1347/1920 4392/1344/1916 4415/1367/1940 
f 4396/1348/1921 4394/1345/1919 4416/1368/1941 4418/1370/1943 
f 4395/1347/1920 4417/1369/1942 4419/1371/1944 4397/1349/1922 
f 4396/1348/1921 4418/1370/1943 4420/1372/2072 4398/1350/1923 
f 4419/1371/1944 4406/1358/1931 4399/1351/1924 4397/1349/1922 
f 4400/1352/1925 4398/1350/1923 4420/1372/2072 4408/1361/1934 
f 4421/1374/1946 4422/1373/1947 4416/1368/1941 4414/1366/1939 
f 4415/1367/1940 4423/1376/1948 4424/1375/1949 4417/1369/1942 
f 4418/1370/1943 4416/1368/1941 4422/1373/1947 4425/1377/1950 
f 4424/1375/1949 4426/1378/1951 4419/1371/1944 4417/1369/1942 
f 4418/1370/1943 4425/1377/1950 4427/1379/1952 4420/1372/2072 
f 4426/1378/1951 4428/1380/2073 4406/1358/1931 4419/1371/1944 
f 4429/1381/1954 4408/1361/1934 4420/1372/2072 4427/1379/1952 
f 4430/1382/1955 4407/1359/1932 4406/1358/1931 4428/1380/2073 
f 4408/1361/1934 4429/1381/1954 4431/1383/1956 4409/1360/1933 
f 4432/1384/2074 4410/1362/2071 4407/1359/1932 4430/1382/1955 
f 4433/1385/1958 4411/1363/1936 4409/1360/1933 4431/1383/1956 
f 4412/1364/1937 4264/1216/1790 4434/1386/1959 
f 4266/1218/1792 4410/1362/2071 4432/1384/2074 
f 4433/1385/1958 4435/1387/1960 4413/1365/1938 4411/1363/1936 
f 4412/1364/1937 4434/1386/1959 4421/1374/1946 4414/1366/1939 
f 4413/1365/1938 4435/1387/1960 4423/1376/1948 4415/1367/1940 
f 4429/1381/1954 4436/1389/1962 4437/1388/1961 4431/1383/1956 
f 4430/1382/1955 4438/1390/1964 4439/1391/1963 4432/1384/2074 
f 4437/1388/1961 4440/1392/1965 4433/1385/1958 4431/1383/1956 
f 4434/1386/1959 4264/1216/1790 4441/1393/1966 
f 4266/1218/1792 4432/1384/2074 4439/1391/1963 
f 4433/1385/1958 4440/1392/1965 4442/1394/1967 4435/1387/1960 
f 4441/1393/1966 4443/1395/1968 4421/1374/1946 4434/1386/1959 
f 4444/1396/1969 4423/1376/1948 4435/1387/1960 4442/1394/1967 
f 4443/1395/1968 4445/1397/1970 4422/1373/1947 4421/1374/1946 
f 4424/1375/1949 4423/1376/1948 4444/1396/1969 4446/1398/1971 
f 4447/1399/1972 4425/1377/1950 4422/1373/1947 4445/1397/1970 
f 4448/1400/1973 4426/1378/1951 4424/1375/1949 4446/1398/1971 
f 4449/1401/1974 4427/1379/1952 4425/1377/1950 4447/1399/1972 
f 4448/1400/1973 4450/1402/1975 4428/1380/2073 4426/1378/1951 
f 4449/1401/1974 4436/1389/1962 4429/1381/1954 4427/1379/1952 
f 4450/1402/1975 4438/1390/1964 4430/1382/1955 4428/1380/2073 
f 4451/1404/1976 4446/1398/1971 4444/1396/1969 4452/1403/1977 
f 4445/1397/1970 4453/1406/1979 4454/1405/1978 4447/1399/1972 
f 4451/1404/1976 4455/1407/1980 4448/1400/1973 4446/1398/1971 
f 4456/1408/2075 4449/1401/1974 4447/1399/1972 4454/1405/1978 
f 4448/1400/1973 4455/1407/1980 4457/1409/2076 4450/1402/1975 
f 4456/1408/2075 4458/1410/1983 4436/1389/1962 4449/1401/1974 
f 4457/1409/2076 4459/1411/1984 4438/1390/1964 4450/1402/1975 
f 4437/1388/1961 4436/1389/1962 4458/1410/1983 4460/1412/1985 
f 4461/1413/1986 4439/1391/1963 4438/1390/1964 4459/1411/1984 
f 4440/1392/1965 4437/1388/1961 4460/1412/1985 4462/1414/1987 
f 4441/1393/1966 4264/1216/1790 4463/1415/1988 
f 4266/1218/1792 4439/1391/1963 4461/1413/1986 
f 4464/1416/1989 4442/1394/1967 4440/1392/1965 4462/1414/1987 
f 4441/1393/1966 4463/1415/1988 4465/1417/1990 4443/1395/1968 
f 4464/1416/1989 4452/1403/1977 4444/1396/1969 4442/1394/1967 
f 4453/1406/1979 4445/1397/1970 4443/1395/1968 4465/1417/1990 
f 4466/1419/2046 4461/1413/1986 4459/1411/1984 4467/1418/1992 
f 4468/1421/2047 4462/1414/1987 4460/1412/1985 4469/1420/1994 
f 4463/1415/1988 4264/1216/1790 4470/1422/2048 
f 4266/1218/1792 4461/1413/1986 4466/1419/2046 
f 4468/1421/2047 4471/1423/1996 4464/1416/1989 4462/1414/1987 
f 4470/1422/2048 4472/1424/2077 4465/1417/1990 4463/1415/1988 
f 4464/1416/1989 4471/1423/1996 4473/1425/1998 4452/1403/1977 
f 4474/1426/1999 4453/1406/1979 4465/1417/1990 4472/1424/2077 
f 4451/1404/1976 4452/1403/1977 4473/1425/1998 4475/1427/2000 
f 4454/1405/1978 4453/1406/1979 4474/1426/1999 4476/1428/2078 
f 4477/1429/2079 4455/1407/1980 4451/1404/1976 4475/1427/2000 
f 4478/1430/2003 4456/1408/2075 4454/1405/1978 4476/1428/2078 
f 4455/1407/1980 4477/1429/2079 4479/1431/2049 4457/1409/2076 
f 4478/1430/2003 4480/1432/2005 4458/1410/1983 4456/1408/2075 
f 4479/1431/2049 4467/1418/1992 4459/1411/1984 4457/1409/2076 
f 4469/1420/1994 4460/1412/1985 4458/1410/1983 4480/1432/2005 
f 4481/1433/2007 4482/1434/2051 4476/1428/2078 4474/1426/1999 
f 4483/1435/2008 4477/1429/2079 4475/1427/2000 4484/1436/2052 
f 4482/1434/2051 4485/1437/2010 4478/1430/2003 4476/1428/2078 
f 4486/1438/2053 4479/1431/2049 4477/1429/2079 4483/1435/2008 
f 4485/1437/2010 4487/1439/2080 4480/1432/2005 4478/1430/2003 
f 4479/1431/2049 4486/1438/2053 4488/1440/2013 4467/1418/1992 
f 4489/1441/2014 4469/1420/1994 4480/1432/2005 4487/1439/2080 
f 4488/1440/2013 4490/1442/2015 4466/1419/2046 4467/1418/1992 
f 4468/1421/2047 4469/1420/1994 4489/1441/2014 4491/1443/2055 
f 4470/1422/2048 4264/1216/1790 4492/1444/2017 
f 4266/1218/1792 4466/1419/2046 4490/1442/2015 
f 4493/1445/2018 4471/1423/1996 4468/1421/2047 4491/1443/2055 
f 4494/1446/2019 4472/1424/2077 4470/1422/2048 4492/1444/2017 
f 4495/1447/2081 4473/1425/1998 4471/1423/1996 4493/1445/2018 
f 4494/1446/2019 4481/1433/2007 4474/1426/1999 4472/1424/2077 
f 4473/1425/1998 4495/1447/2081 4484/1436/2052 4475/1427/2000 
f 4496/1194/1767 4497/1191/1768 4498/1192/1765 4499/1193/1766 
f 4500/1195/1769 4501/1196/2082 4502/1197/2083 4503/1198/1772 
f 4496/1194/1767 4499/1193/1766 4504/1199/2023 4505/1200/2022 
f 4500/1195/1769 4506/1202/1776 4507/1201/1775 4501/1196/2082 
f 4504/1199/2023 4508/1203/2024 4509/1204/2025 4505/1200/2022 
f 4507/1201/1775 4506/1202/1776 4510/1206/1779 4511/1205/2059 
f 4512/1208/1782 4509/1204/2025 4508/1203/2024 4513/1207/1781 
f 4514/1209/1784 4511/1205/2059 4510/1206/1779 4515/1210/1783 
f 4513/1207/1781 4516/1211/1785 4517/1212/1786 4512/1208/1782 
f 4515/1210/1783 4518/1213/1787 4519/1214/1788 4514/1209/1784 
f 4520/1215/2027 4521/1216/1790 4522/1217/2028 
f 4523/1218/1792 4517/1212/1786 4516/1211/1785 
f 4524/1220/2060 4519/1214/1788 4518/1213/1787 4525/1219/1793 
f 4526/1222/1796 4520/1215/2027 4522/1217/2028 4527/1221/1795 
f 4498/1192/1765 4497/1191/1768 4524/1220/2060 4525/1219/1793 
f 4503/1198/1772 4502/1197/2083 4526/1222/1796 4527/1221/1795 
f 4528/1223/1797 4529/1224/1798 4516/1211/1785 4513/1207/1781 
f 4518/1213/1787 4515/1210/1783 4530/1225/1799 4531/1226/1800 
f 4522/1217/2028 4521/1216/1790 4532/1227/2030 
f 4523/1218/1792 4516/1211/1785 4529/1224/1798 
f 4525/1219/1793 4518/1213/1787 4531/1226/1800 4533/1228/1802 
f 4522/1217/2028 4532/1227/2030 4534/1229/1803 4527/1221/1795 
f 4535/1230/1804 4498/1192/1765 4525/1219/1793 4533/1228/1802 
f 4534/1229/1803 4536/1231/2062 4503/1198/1772 4527/1221/1795 
f 4535/1230/1804 4537/1232/1806 4499/1193/1766 4498/1192/1765 
f 4503/1198/1772 4536/1231/2062 4538/1233/1807 4500/1195/1769 
f 4537/1232/1806 4539/1234/1808 4504/1199/2023 4499/1193/1766 
f 4506/1202/1776 4500/1195/1769 4538/1233/1807 4540/1235/1809 
f 4504/1199/2023 4539/1234/1808 4541/1236/1810 4508/1203/2024 
f 4542/1237/1811 4510/1206/1779 4506/1202/1776 4540/1235/1809 
f 4513/1207/1781 4508/1203/2024 4541/1236/1810 4528/1223/1797 
f 4510/1206/1779 4542/1237/1811 4530/1225/1799 4515/1210/1783 
f 4543/1239/1813 4538/1233/1807 4536/1231/2062 4544/1238/1812 
f 4539/1234/1808 4537/1232/1806 4545/1241/1814 4546/1240/1815 
f 4543/1239/1813 4547/1242/1816 4540/1235/1809 4538/1233/1807 
f 4539/1234/1808 4546/1240/1815 4548/1243/2031 4541/1236/1810 
f 4549/1244/1818 4542/1237/1811 4540/1235/1809 4547/1242/1816 
f 4528/1223/1797 4541/1236/1810 4548/1243/2031 4550/1245/2032 
f 4551/1246/2033 4530/1225/1799 4542/1237/1811 4549/1244/1818 
f 4552/1247/1821 4529/1224/1798 4528/1223/1797 4550/1245/2032 
f 4553/1248/1822 4531/1226/1800 4530/1225/1799 4551/1246/2033 
f 4532/1227/2030 4521/1216/1790 4554/1249/1823 
f 4523/1218/1792 4529/1224/1798 4552/1247/1821 
f 4555/1250/1824 4533/1228/1802 4531/1226/1800 4553/1248/1822 
f 4534/1229/1803 4532/1227/2030 4554/1249/1823 4556/1251/1825 
f 4557/1252/2034 4535/1230/1804 4533/1228/1802 4555/1250/1824 
f 4544/1238/1812 4536/1231/2062 4534/1229/1803 4556/1251/1825 
f 4535/1230/1804 4557/1252/2034 4545/1241/1814 4537/1232/1806 
f 4553/1248/1822 4551/1246/2033 4558/1254/1827 4559/1253/1828 
f 4554/1249/1823 4521/1216/1790 4560/1255/1829 
f 4523/1218/1792 4552/1247/1821 4561/1256/2084 
f 4555/1250/1824 4553/1248/1822 4559/1253/1828 4562/1257/1831 
f 4560/1255/1829 4563/1258/1832 4556/1251/1825 4554/1249/1823 
f 4564/1259/1833 4557/1252/2034 4555/1250/1824 4562/1257/1831 
f 4563/1258/1832 4565/1260/1834 4544/1238/1812 4556/1251/1825 
f 4566/1261/1835 4545/1241/1814 4557/1252/2034 4564/1259/1833 
f 4567/1262/1836 4543/1239/1813 4544/1238/1812 4565/1260/1834 
f 4546/1240/1815 4545/1241/1814 4566/1261/1835 4568/1263/1837 
f 4567/1262/1836 4569/1264/1838 4547/1242/1816 4543/1239/1813 
f 4546/1240/1815 4568/1263/1837 4570/1265/2035 4548/1243/2031 
f 4571/1266/2036 4549/1244/1818 4547/1242/1816 4569/1264/1838 
f 4572/1267/1841 4550/1245/2032 4548/1243/2031 4570/1265/2035 
f 4558/1254/1827 4551/1246/2033 4549/1244/1818 4571/1266/2036 
f 4572/1267/1841 4561/1256/2084 4552/1247/1821 4550/1245/2032 
f 4573/1269/1842 4568/1263/1837 4566/1261/1835 4574/1268/1843 
f 4575/1270/2037 4576/1271/1844 4569/1264/1838 4567/1262/1836 
f 4568/1263/1837 4573/1269/1842 4577/1272/1846 4570/1265/2035 
f 4576/1271/1844 4578/1273/1847 4571/1266/2036 4569/1264/1838 
f 4579/1274/2038 4572/1267/1841 4570/1265/2035 4577/1272/1846 
f 4578/1273/1847 4580/1275/1849 4558/1254/1827 4571/1266/2036 
f 4579/1274/2038 4581/1276/2085 4561/1256/2084 4572/1267/1841 
f 4580/1275/1849 4582/1277/1851 4559/1253/1828 4558/1254/1827 
f 4560/1255/1829 4521/1216/1790 4583/1278/1852 
f 4523/1218/1792 4561/1256/2084 4581/1276/2085 
f 4562/1257/1831 4559/1253/1828 4582/1277/1851 4584/1279/1853 
f 4585/1280/2065 4563/1258/1832 4560/1255/1829 4583/1278/1852 
f 4562/1257/1831 4584/1279/1853 4586/1281/2086 4564/1259/1833 
f 4563/1258/1832 4585/1280/2065 4587/1282/1856 4565/1260/1834 
f 4586/1281/2086 4574/1268/1843 4566/1261/1835 4564/1259/1833 
f 4587/1282/1856 4575/1270/2037 4567/1262/1836 4565/1260/1834 
f 4583/1278/1852 4521/1216/1790 4588/1283/1857 
f 4523/1218/1792 4581/1276/2085 4589/1284/1858 
f 4590/1286/1859 4584/1279/1853 4582/1277/1851 4591/1285/1860 
f 4592/1287/1861 4585/1280/2065 4583/1278/1852 4588/1283/1857 
f 4593/1288/1862 4586/1281/2086 4584/1279/1853 4590/1286/1859 
f 4594/1289/1863 4587/1282/1856 4585/1280/2065 4592/1287/1861 
f 4593/1288/1862 4595/1290/1864 4574/1268/1843 4586/1281/2086 
f 4594/1289/1863 4596/1291/1865 4575/1270/2037 4587/1282/1856 
f 4595/1290/1864 4597/1292/1866 4573/1269/1842 4574/1268/1843 
f 4596/1291/1865 4598/1293/1867 4576/1271/1844 4575/1270/2037 
f 4577/1272/1846 4573/1269/1842 4597/1292/1866 4599/1294/2087 
f 4600/1295/2067 4578/1273/1847 4576/1271/1844 4598/1293/1867 
f 4599/1294/2087 4601/1296/1870 4579/1274/2038 4577/1272/1846 
f 4602/1297/1871 4580/1275/1849 4578/1273/1847 4600/1295/2067 
f 4581/1276/2085 4579/1274/2038 4601/1296/1870 4589/1284/1858 
f 4582/1277/1851 4580/1275/1849 4602/1297/1871 4591/1285/1860 
f 4596/1291/1865 4603/1298/1873 4604/1299/1872 4598/1293/1867 
f 4599/1294/2087 4597/1292/1866 4605/1300/1875 4606/1301/1874 
f 4598/1293/1867 4604/1299/1872 4607/1302/1876 4600/1295/2067 
f 4608/1303/1877 4601/1296/1870 4599/1294/2087 4606/1301/1874 
f 4602/1297/1871 4600/1295/2067 4607/1302/1876 4609/1304/1878 
f 4589/1284/1858 4601/1296/1870 4608/1303/1877 4610/1305/1879 
f 4609/1304/1878 4611/1306/1880 4591/1285/1860 4602/1297/1871 
f 4588/1283/1857 4521/1216/1790 4612/1307/1881 
f 4523/1218/1792 4589/1284/1858 4610/1305/1879 
f 4590/1286/1859 4591/1285/1860 4611/1306/1880 4613/1308/1882 
f 4614/1309/2069 4592/1287/1861 4588/1283/1857 4612/1307/1881 
f 4613/1308/1882 4615/1310/1884 4593/1288/1862 4590/1286/1859 
f 4592/1287/1861 4614/1309/2069 4616/1311/1885 4594/1289/1863 
f 4595/1290/1864 4593/1288/1862 4615/1310/1884 4617/1312/1886 
f 4616/1311/1885 4603/1298/1873 4596/1291/1865 4594/1289/1863 
f 4617/1312/1886 4605/1300/1875 4597/1292/1866 4595/1290/1864 
f 4611/1306/1880 4618/1313/1364 4619/1314/1887 4613/1308/1882 
f 4614/1309/2069 4612/1307/1881 4620/1315/2040 4621/1316/1889 
f 4619/1314/1887 4622/1317/1890 4615/1310/1884 4613/1308/1882 
f 4623/1318/1891 4616/1311/1885 4614/1309/2069 4621/1316/1889 
f 4624/1319/1892 4617/1312/1886 4615/1310/1884 4622/1317/1890 
f 4603/1298/1873 4616/1311/1885 4623/1318/1891 4625/1320/1893 
f 4605/1300/1875 4617/1312/1886 4624/1319/1892 4626/1321/2041 
f 4625/1320/1893 4627/1322/1895 4604/1299/1872 4603/1298/1873 
f 4628/1323/1896 4606/1301/1874 4605/1300/1875 4626/1321/2041 
f 4607/1302/1876 4604/1299/1872 4627/1322/1895 4629/1324/1897 
f 4608/1303/1877 4606/1301/1874 4628/1323/1896 4630/1325/1898 
f 4631/1326/1899 4609/1304/1878 4607/1302/1876 4629/1324/1897 
f 4632/1327/1900 4610/1305/1879 4608/1303/1877 4630/1325/1898 
f 4631/1326/1899 4618/1313/1364 4611/1306/1880 4609/1304/1878 
f 4612/1307/1881 4521/1216/1790 4620/1315/2040 
f 4523/1218/1792 4610/1305/1879 4632/1327/1900 
f 4633/1329/1901 4634/1328/1902 4628/1323/1896 4626/1321/2041 
f 4627/1322/1895 4635/1331/1903 4636/1330/1904 4629/1324/1897 
f 4634/1328/1902 4637/1332/1905 4630/1325/1898 4628/1323/1896 
f 4636/1330/1904 4638/1333/1906 4631/1326/1899 4629/1324/1897 
f 4639/1334/1907 4632/1327/1900 4630/1325/1898 4637/1332/1905 
f 4640/1335/1908 4618/1313/1364 4631/1326/1899 4638/1333/1906 
f 4620/1315/2040 4521/1216/1790 4641/1336/1909 
f 4523/1218/1792 4632/1327/1900 4639/1334/1907 
f 4640/1335/1908 4642/1337/1910 4619/1314/1887 4618/1313/1364 
f 4621/1316/1889 4620/1315/2040 4641/1336/1909 4643/1338/1911 
f 4642/1337/1910 4644/1339/1912 4622/1317/1890 4619/1314/1887 
f 4645/1340/1913 4623/1318/1891 4621/1316/1889 4643/1338/1911 
f 4644/1339/1912 4646/1341/1914 4624/1319/1892 4622/1317/1890 
f 4647/1342/1915 4625/1320/1893 4623/1318/1891 4645/1340/1913 
f 4633/1329/1901 4626/1321/2041 4624/1319/1892 4646/1341/1914 
f 4635/1331/1903 4627/1322/1895 4625/1320/1893 4647/1342/1915 
f 4642/1337/1910 4648/1343/1917 4649/1344/1916 4644/1339/1912 
f 4645/1340/1913 4643/1338/1911 4650/1346/1918 4651/1345/1919 
f 4646/1341/1914 4644/1339/1912 4649/1344/1916 4652/1347/1920 
f 4651/1345/1919 4653/1348/1921 4647/1342/1915 4645/1340/1913 
f 4646/1341/1914 4652/1347/1920 4654/1349/1922 4633/1329/1901 
f 4647/1342/1915 4653/1348/1921 4655/1350/1923 4635/1331/1903 
f 4633/1329/1901 4654/1349/1922 4656/1351/1924 4634/1328/1902 
f 4657/1352/1925 4636/1330/1904 4635/1331/1903 4655/1350/1923 
f 4658/1353/1926 4637/1332/1905 4634/1328/1902 4656/1351/1924 
f 4659/1354/1927 4638/1333/1906 4636/1330/1904 4657/1352/1925 
f 4639/1334/1907 4637/1332/1905 4658/1353/1926 4660/1355/1928 
f 4640/1335/1908 4638/1333/1906 4659/1354/1927 4661/1356/1929 
f 4641/1336/1909 4521/1216/1790 4662/1357/1930 
f 4523/1218/1792 4639/1334/1907 4660/1355/1928 
f 4661/1356/1929 4648/1343/1917 4642/1337/1910 4640/1335/1908 
f 4643/1338/1911 4641/1336/1909 4662/1357/1930 4650/1346/1918 
f 4663/1358/2043 4664/1359/1932 4658/1353/1926 4656/1351/1924 
f 4665/1361/1934 4666/1360/1933 4659/1354/1927 4657/1352/1925 
f 4664/1359/1932 4667/1362/1935 4660/1355/1928 4658/1353/1926 
f 4661/1356/1929 4659/1354/1927 4666/1360/1933 4668/1363/1936 
f 4662/1357/1930 4521/1216/1790 4669/1364/1937 
f 4523/1218/1792 4660/1355/1928 4667/1362/1935 
f 4661/1356/1929 4668/1363/1936 4670/1365/1938 4648/1343/1917 
f 4662/1357/1930 4669/1364/1937 4671/1366/1939 4650/1346/1918 
f 4672/1367/1940 4649/1344/1916 4648/1343/1917 4670/1365/1938 
f 4671/1366/1939 4673/1368/1941 4651/1345/1919 4650/1346/1918 
f 4652/1347/1920 4649/1344/1916 4672/1367/1940 4674/1369/1942 
f 4651/1345/1919 4673/1368/1941 4675/1370/1943 4653/1348/1921 
f 4652/1347/1920 4674/1369/1942 4676/1371/1944 4654/1349/1922 
f 4653/1348/1921 4675/1370/1943 4677/1372/1945 4655/1350/1923 
f 4676/1371/1944 4663/1358/2043 4656/1351/1924 4654/1349/1922 
f 4677/1372/1945 4665/1361/1934 4657/1352/1925 4655/1350/1923 
f 4678/1373/1947 4673/1368/1941 4671/1366/1939 4679/1374/1946 
f 4680/1375/1949 4674/1369/1942 4672/1367/1940 4681/1376/1948 
f 4678/1373/1947 4682/1377/1950 4675/1370/1943 4673/1368/1941 
f 4683/1378/1951 4676/1371/1944 4674/1369/1942 4680/1375/1949 
f 4682/1377/1950 4684/1379/1952 4677/1372/1945 4675/1370/1943 
f 4683/1378/1951 4685/1380/1953 4663/1358/2043 4676/1371/1944 
f 4684/1379/1952 4686/1381/1954 4665/1361/1934 4677/1372/1945 
f 4685/1380/1953 4687/1382/1955 4664/1359/1932 4663/1358/2043 
f 4686/1381/1954 4688/1383/1956 4666/1360/1933 4665/1361/1934 
f 4687/1382/1955 4689/1384/1957 4667/1362/1935 4664/1359/1932 
f 4688/1383/1956 4690/1385/1958 4668/1363/1936 4666/1360/1933 
f 4669/1364/1937 4521/1216/1790 4691/1386/1959 
f 4523/1218/1792 4667/1362/1935 4689/1384/1957 
f 4670/1365/1938 4668/1363/1936 4690/1385/1958 4692/1387/1960 
f 4669/1364/1937 4691/1386/1959 4679/1374/1946 4671/1366/1939 
f 4670/1365/1938 4692/1387/1960 4681/1376/1948 4672/1367/1940 
f 4693/1388/1961 4688/1383/1956 4686/1381/1954 4694/1389/1962 
f 4695/1391/1963 4689/1384/1957 4687/1382/1955 4696/1390/1964 
f 4690/1385/1958 4688/1383/1956 4693/1388/1961 4697/1392/1965 
f 4691/1386/1959 4521/1216/1790 4698/1393/1966 
f 4523/1218/1792 4689/1384/1957 4695/1391/1963 
f 4699/1394/1967 4692/1387/1960 4690/1385/1958 4697/1392/1965 
f 4698/1393/1966 4700/1395/1968 4679/1374/1946 4691/1386/1959 
f 4699/1394/1967 4701/1396/1969 4681/1376/1948 4692/1387/1960 
f 4700/1395/1968 4702/1397/1970 4678/1373/1947 4679/1374/1946 
f 4701/1396/1969 4703/1398/1971 4680/1375/1949 4681/1376/1948 
f 4704/1399/1972 4682/1377/1950 4678/1373/1947 4702/1397/1970 
f 4703/1398/1971 4705/1400/1973 4683/1378/1951 4680/1375/1949 
f 4704/1399/1972 4706/1401/1974 4684/1379/1952 4682/1377/1950 
f 4707/1402/1975 4685/1380/1953 4683/1378/1951 4705/1400/1973 
f 4684/1379/1952 4706/1401/1974 4694/1389/1962 4686/1381/1954 
f 4685/1380/1953 4707/1402/1975 4696/1390/1964 4687/1382/1955 
f 4708/1404/1976 4703/1398/1971 4701/1396/1969 4709/1403/1977 
f 4710/1405/1978 4704/1399/1972 4702/1397/1970 4711/1406/1979 
f 4712/1407/1980 4705/1400/1973 4703/1398/1971 4708/1404/1976 
f 4706/1401/1974 4704/1399/1972 4710/1405/1978 4713/1408/1981 
f 4712/1407/1980 4714/1409/2076 4707/1402/1975 4705/1400/1973 
f 4715/1410/1983 4694/1389/1962 4706/1401/1974 4713/1408/1981 
f 4714/1409/2076 4716/1411/1984 4696/1390/1964 4707/1402/1975 
f 4715/1410/1983 4717/1412/1985 4693/1388/1961 4694/1389/1962 
f 4716/1411/1984 4718/1413/1986 4695/1391/1963 4696/1390/1964 
f 4719/1414/1987 4697/1392/1965 4693/1388/1961 4717/1412/1985 
f 4698/1393/1966 4521/1216/1790 4720/1415/1988 
f 4523/1218/1792 4695/1391/1963 4718/1413/1986 
f 4719/1414/1987 4721/1416/2088 4699/1394/1967 4697/1392/1965 
f 4720/1415/1988 4722/1417/1990 4700/1395/1968 4698/1393/1966 
f 4699/1394/1967 4721/1416/2088 4709/1403/1977 4701/1396/1969 
f 4722/1417/1990 4711/1406/1979 4702/1397/1970 4700/1395/1968 
f 4723/1419/2046 4718/1413/1986 4716/1411/1984 4724/1418/1992 
f 4725/1421/2047 4719/1414/1987 4717/1412/1985 4726/1420/2089 
f 4720/1415/1988 4521/1216/1790 4727/1422/2048 
f 4523/1218/1792 4718/1413/1986 4723/1419/2046 
f 4728/1423/2090 4721/1416/2088 4719/1414/1987 4725/1421/2047 
f 4722/1417/1990 4720/1415/1988 4727/1422/2048 4729/1424/1997 
f 4728/1423/2090 4730/1425/1998 4709/1403/1977 4721/1416/2088 
f 4731/1426/1999 4711/1406/1979 4722/1417/1990 4729/1424/1997 
f 4730/1425/1998 4732/1427/2000 4708/1404/1976 4709/1403/1977 
f 4731/1426/1999 4733/1428/2001 4710/1405/1978 4711/1406/1979 
f 4734/1429/2002 4712/1407/1980 4708/1404/1976 4732/1427/2000 
f 4713/1408/1981 4710/1405/1978 4733/1428/2001 4735/1430/2091 
f 4714/1409/2076 4712/1407/1980 4734/1429/2002 4736/1431/2004 
f 4735/1430/2091 4737/1432/2005 4715/1410/1983 4713/1408/1981 
f 4736/1431/2004 4724/1418/1992 4716/1411/1984 4714/1409/2076 
f 4737/1432/2005 4726/1420/2089 4717/1412/1985 4715/1410/1983 
f 4733/1428/2001 4731/1426/1999 4738/1433/2007 4739/1434/2006 
f 4740/1435/2008 4734/1429/2002 4732/1427/2000 4741/1436/2052 
f 4739/1434/2006 4742/1437/2010 4735/1430/2091 4733/1428/2001 
f 4736/1431/2004 4734/1429/2002 4740/1435/2008 4743/1438/2011 
f 4744/1439/2012 4737/1432/2005 4735/1430/2091 4742/1437/2010 
f 4745/1440/2013 4724/1418/1992 4736/1431/2004 4743/1438/2011 
f 4744/1439/2012 4746/1441/2014 4726/1420/2089 4737/1432/2005 
f 4745/1440/2013 4747/1442/2054 4723/1419/2046 4724/1418/1992 
f 4746/1441/2014 4748/1443/2055 4725/1421/2047 4726/1420/2089 
f 4727/1422/2048 4521/1216/1790 4749/1444/2017 
f 4523/1218/1792 4723/1419/2046 4747/1442/2054 
f 4728/1423/2090 4725/1421/2047 4748/1443/2055 4750/1445/2018 
f 4729/1424/1997 4727/1422/2048 4749/1444/2017 4751/1446/2019 
f 4730/1425/1998 4728/1423/2090 4750/1445/2018 4752/1447/2020 
f 4731/1426/1999 4729/1424/1997 4751/1446/2019 4738/1433/2007 
f 4752/1447/2020 4741/1436/2052 4732/1427/2000 4730/1425/1998 
f 4753/1193/1766 4754/1194/1767 4755/1191/1768 4756/1192/1765 
f 4757/1197/1771 4758/1198/1772 4759/1195/2021 4760/1196/1770 
f 4761/1200/2022 4754/1194/1767 4753/1193/1766 4762/1199/2023 
f 4763/1201/1775 4760/1196/1770 4759/1195/2021 4764/1202/1776 
f 4762/1199/2023 4765/1203/2024 4766/1204/2025 4761/1200/2022 
f 4764/1202/1776 4767/1206/1779 4768/1205/1780 4763/1201/1775 
f 4766/1204/2025 4765/1203/2024 4769/1207/1781 4770/1208/1782 
f 4771/1209/1784 4768/1205/1780 4767/1206/1779 4772/1210/2092 
f 4770/1208/1782 4769/1207/1781 4773/1211/1785 4774/1212/1786 
f 4775/1214/1788 4771/1209/1784 4772/1210/2092 4776/1213/1787 
f 4777/1215/2027 4778/1216/1790 4779/1217/2028 
f 4780/1218/1792 4774/1212/1786 4773/1211/1785 
f 4776/1213/1787 4781/1219/1793 4782/1220/1794 4775/1214/1788 
f 4783/1222/1796 4777/1215/2027 4779/1217/2028 4784/1221/1795 
f 4755/1191/1768 4782/1220/1794 4781/1219/1793 4756/1192/1765 
f 4783/1222/1796 4784/1221/1795 4758/1198/1772 4757/1197/1771 
f 4785/1224/1798 4773/1211/1785 4769/1207/1781 4786/1223/1797 
f 4772/1210/2092 4787/1225/1799 4788/1226/1800 4776/1213/1787 
f 4779/1217/2028 4778/1216/1790 4789/1227/2093 
f 4780/1218/1792 4773/1211/1785 4785/1224/1798 
f 4790/1228/1802 4781/1219/1793 4776/1213/1787 4788/1226/1800 
f 4791/1229/1803 4784/1221/1795 4779/1217/2028 4789/1227/2093 
f 4781/1219/1793 4790/1228/1802 4792/1230/1804 4756/1192/1765 
f 4784/1221/1795 4791/1229/1803 4793/1231/2062 4758/1198/1772 
f 4792/1230/1804 4794/1232/1806 4753/1193/1766 4756/1192/1765 
f 4759/1195/2021 4758/1198/1772 4793/1231/2062 4795/1233/1807 
f 4762/1199/2023 4753/1193/1766 4794/1232/1806 4796/1234/1808 
f 4764/1202/1776 4759/1195/2021 4795/1233/1807 4797/1235/1809 
f 4765/1203/2024 4762/1199/2023 4796/1234/1808 4798/1236/1810 
f 4764/1202/1776 4797/1235/1809 4799/1237/1811 4767/1206/1779 
f 4769/1207/1781 4765/1203/2024 4798/1236/1810 4786/1223/1797 
f 4772/1210/2092 4767/1206/1779 4799/1237/1811 4787/1225/1799 
f 4795/1233/1807 4793/1231/2062 4800/1238/1812 4801/1239/1813 
f 4802/1241/1814 4803/1240/1815 4796/1234/1808 4794/1232/1806 
f 4801/1239/1813 4804/1242/1816 4797/1235/1809 4795/1233/1807 
f 4796/1234/1808 4803/1240/1815 4805/1243/2094 4798/1236/1810 
f 4804/1242/1816 4806/1244/1818 4799/1237/1811 4797/1235/1809 
f 4798/1236/1810 4805/1243/2094 4807/1245/2032 4786/1223/1797 
f 4806/1244/1818 4808/1246/2033 4787/1225/1799 4799/1237/1811 
f 4809/1247/1821 4785/1224/1798 4786/1223/1797 4807/1245/2032 
f 4808/1246/2033 4810/1248/1822 4788/1226/1800 4787/1225/1799 
f 4789/1227/2093 4778/1216/1790 4811/1249/1823 
f 4780/1218/1792 4785/1224/1798 4809/1247/1821 
f 4812/1250/1824 4790/1228/1802 4788/1226/1800 4810/1248/1822 
f 4811/1249/1823 4813/1251/1825 4791/1229/1803 4789/1227/2093 
f 4812/1250/1824 4814/1252/2034 4792/1230/1804 4790/1228/1802 
f 4791/1229/1803 4813/1251/1825 4800/1238/1812 4793/1231/2062 
f 4814/1252/2034 4802/1241/1814 4794/1232/1806 4792/1230/1804 
f 4810/1248/1822 4808/1246/2033 4815/1254/1827 4816/1253/1828 
f 4811/1249/1823 4778/1216/1790 4817/1255/1829 
f 4780/1218/1792 4809/1247/1821 4818/1256/1830 
f 4819/1257/1831 4812/1250/1824 4810/1248/1822 4816/1253/1828 
f 4817/1255/1829 4820/1258/1832 4813/1251/1825 4811/1249/1823 
f 4814/1252/2034 4812/1250/1824 4819/1257/1831 4821/1259/1833 
f 4820/1258/1832 4822/1260/1834 4800/1238/1812 4813/1251/1825 
f 4823/1261/1835 4802/1241/1814 4814/1252/2034 4821/1259/1833 
f 4800/1238/1812 4822/1260/1834 4824/1262/1836 4801/1239/1813 
f 4803/1240/1815 4802/1241/1814 4823/1261/1835 4825/1263/1837 
f 4804/1242/1816 4801/1239/1813 4824/1262/1836 4826/1264/1838 
f 4803/1240/1815 4825/1263/1837 4827/1265/2035 4805/1243/2094 
f 4804/1242/1816 4826/1264/1838 4828/1266/1840 4806/1244/1818 
f 4807/1245/2032 4805/1243/2094 4827/1265/2035 4829/1267/1841 
f 4828/1266/1840 4815/1254/1827 4808/1246/2033 4806/1244/1818 
f 4818/1256/1830 4809/1247/1821 4807/1245/2032 4829/1267/1841 
f 4825/1263/1837 4823/1261/1835 4830/1268/1843 4831/1269/1842 
f 4826/1264/1838 4824/1262/1836 4832/1270/2037 4833/1271/1844 
f 4831/1269/1842 4834/1272/1846 4827/1265/2035 4825/1263/1837 
f 4835/1273/1847 4828/1266/1840 4826/1264/1838 4833/1271/1844 
f 4829/1267/1841 4827/1265/2035 4834/1272/1846 4836/1274/1848 
f 4835/1273/1847 4837/1275/1849 4815/1254/1827 4828/1266/1840 
f 4818/1256/1830 4829/1267/1841 4836/1274/1848 4838/1276/1850 
f 4815/1254/1827 4837/1275/1849 4839/1277/1851 4816/1253/1828 
f 4817/1255/1829 4778/1216/1790 4840/1278/1852 
f 4780/1218/1792 4818/1256/1830 4838/1276/1850 
f 4819/1257/1831 4816/1253/1828 4839/1277/1851 4841/1279/1853 
f 4840/1278/1852 4842/1280/2065 4820/1258/1832 4817/1255/1829 
f 4841/1279/1853 4843/1281/1855 4821/1259/1833 4819/1257/1831 
f 4842/1280/2065 4844/1282/1856 4822/1260/1834 4820/1258/1832 
f 4843/1281/1855 4830/1268/1843 4823/1261/1835 4821/1259/1833 
f 4824/1262/1836 4822/1260/1834 4844/1282/1856 4832/1270/2037 
f 4840/1278/1852 4778/1216/1790 4845/1283/1857 
f 4780/1218/1792 4838/1276/1850 4846/1284/2066 
f 4841/1279/1853 4839/1277/1851 4847/1285/1860 4848/1286/1859 
f 4845/1283/1857 4849/1287/1861 4842/1280/2065 4840/1278/1852 
f 4848/1286/1859 4850/1288/1862 4843/1281/1855 4841/1279/1853 
f 4851/1289/1863 4844/1282/1856 4842/1280/2065 4849/1287/1861 
f 4830/1268/1843 4843/1281/1855 4850/1288/1862 4852/1290/1864 
f 4844/1282/1856 4851/1289/1863 4853/1291/1865 4832/1270/2037 
f 4854/1292/1866 4831/1269/1842 4830/1268/1843 4852/1290/1864 
f 4855/1293/1867 4833/1271/1844 4832/1270/2037 4853/1291/1865 
f 4834/1272/1846 4831/1269/1842 4854/1292/1866 4856/1294/1868 
f 4835/1273/1847 4833/1271/1844 4855/1293/1867 4857/1295/1869 
f 4858/1296/1870 4836/1274/1848 4834/1272/1846 4856/1294/1868 
f 4859/1297/1871 4837/1275/1849 4835/1273/1847 4857/1295/1869 
f 4836/1274/1848 4858/1296/1870 4846/1284/2066 4838/1276/1850 
f 4839/1277/1851 4837/1275/1849 4859/1297/1871 4847/1285/1860 
f 4853/1291/1865 4860/1298/1873 4861/1299/1872 4855/1293/1867 
f 4856/1294/1868 4854/1292/1866 4862/1300/1875 4863/1301/1874 
f 4855/1293/1867 4861/1299/1872 4864/1302/1876 4857/1295/1869 
f 4858/1296/1870 4856/1294/1868 4863/1301/1874 4865/1303/1877 
f 4857/1295/1869 4864/1302/1876 4866/1304/1878 4859/1297/1871 
f 4858/1296/1870 4865/1303/1877 4867/1305/2068 4846/1284/2066 
f 4859/1297/1871 4866/1304/1878 4868/1306/1880 4847/1285/1860 
f 4845/1283/1857 4778/1216/1790 4869/1307/1881 
f 4780/1218/1792 4846/1284/2066 4867/1305/2068 
f 4847/1285/1860 4868/1306/1880 4870/1308/1882 4848/1286/1859 
f 4845/1283/1857 4869/1307/1881 4871/1309/2069 4849/1287/1861 
f 4850/1288/1862 4848/1286/1859 4870/1308/1882 4872/1310/1884 
f 4849/1287/1861 4871/1309/2069 4873/1311/1885 4851/1289/1863 
f 4852/1290/1864 4850/1288/1862 4872/1310/1884 4874/1312/1886 
f 4851/1289/1863 4873/1311/1885 4860/1298/1873 4853/1291/1865 
f 4854/1292/1866 4852/1290/1864 4874/1312/1886 4862/1300/1875 
f 4868/1306/1880 4875/1313/1364 4876/1314/1887 4870/1308/1882 
f 4877/1316/1889 4871/1309/2069 4869/1307/1881 4878/1315/2040 
f 4872/1310/1884 4870/1308/1882 4876/1314/1887 4879/1317/1890 
f 4880/1318/1891 4873/1311/1885 4871/1309/2069 4877/1316/1889 
f 4874/1312/1886 4872/1310/1884 4879/1317/1890 4881/1319/1892 
f 4873/1311/1885 4880/1318/1891 4882/1320/1893 4860/1298/1873 
f 4862/1300/1875 4874/1312/1886 4881/1319/1892 4883/1321/2041 
f 4860/1298/1873 4882/1320/1893 4884/1322/1895 4861/1299/1872 
f 4863/1301/1874 4862/1300/1875 4883/1321/2041 4885/1323/1896 
f 4861/1299/1872 4884/1322/1895 4886/1324/1897 4864/1302/1876 
f 4865/1303/1877 4863/1301/1874 4885/1323/1896 4887/1325/1898 
f 4864/1302/1876 4886/1324/1897 4888/1326/1899 4866/1304/1878 
f 4867/1305/2068 4865/1303/1877 4887/1325/1898 4889/1327/1900 
f 4866/1304/1878 4888/1326/1899 4875/1313/1364 4868/1306/1880 
f 4869/1307/1881 4778/1216/1790 4878/1315/2040 
f 4780/1218/1792 4867/1305/2068 4889/1327/1900 
f 4885/1323/1896 4883/1321/2041 4890/1329/1901 4891/1328/1902 
f 4884/1322/1895 4892/1331/1903 4893/1330/1904 4886/1324/1897 
f 4887/1325/1898 4885/1323/1896 4891/1328/1902 4894/1332/1905 
f 4886/1324/1897 4893/1330/1904 4895/1333/1906 4888/1326/1899 
f 4889/1327/1900 4887/1325/1898 4894/1332/1905 4896/1334/1907 
f 4888/1326/1899 4895/1333/1906 4897/1335/1908 4875/1313/1364 
f 4878/1315/2040 4778/1216/1790 4898/1336/1909 
f 4780/1218/1792 4889/1327/1900 4896/1334/1907 
f 4875/1313/1364 4897/1335/1908 4899/1337/1910 4876/1314/1887 
f 4900/1338/2042 4877/1316/1889 4878/1315/2040 4898/1336/1909 
f 4879/1317/1890 4876/1314/1887 4899/1337/1910 4901/1339/1912 
f 4902/1340/1913 4880/1318/1891 4877/1316/1889 4900/1338/2042 
f 4881/1319/1892 4879/1317/1890 4901/1339/1912 4903/1341/1914 
f 4880/1318/1891 4902/1340/1913 4904/1342/1915 4882/1320/1893 
f 4883/1321/2041 4881/1319/1892 4903/1341/1914 4890/1329/1901 
f 4882/1320/1893 4904/1342/1915 4892/1331/1903 4884/1322/1895 
f 4899/1337/1910 4905/1343/1917 4906/1344/1916 4901/1339/1912 
f 4907/1345/1919 4902/1340/1913 4900/1338/2042 4908/1346/1918 
f 4906/1344/1916 4909/1347/1920 4903/1341/1914 4901/1339/1912 
f 4910/1348/1921 4904/1342/1915 4902/1340/1913 4907/1345/1919 
f 4911/1349/1922 4890/1329/1901 4903/1341/1914 4909/1347/1920 
f 4912/1350/1923 4892/1331/1903 4904/1342/1915 4910/1348/1921 
f 4913/1351/1924 4891/1328/1902 4890/1329/1901 4911/1349/1922 
f 4914/1352/1925 4893/1330/1904 4892/1331/1903 4912/1350/1923 
f 4915/1353/1926 4894/1332/1905 4891/1328/1902 4913/1351/1924 
f 4916/1354/1927 4895/1333/1906 4893/1330/1904 4914/1352/1925 
f 4917/1355/2070 4896/1334/1907 4894/1332/1905 4915/1353/1926 
f 4918/1356/1929 4897/1335/1908 4895/1333/1906 4916/1354/1927 
f 4898/1336/1909 4778/1216/1790 4919/1357/1930 
f 4780/1218/1792 4896/1334/1907 4917/1355/2070 
f 4918/1356/1929 4905/1343/1917 4899/1337/1910 4897/1335/1908 
f 4908/1346/1918 4900/1338/2042 4898/1336/1909 4919/1357/1930 
f 4913/1351/1924 4920/1358/2043 4921/1359/1932 4915/1353/1926 
f 4916/1354/1927 4914/1352/1925 4922/1361/1934 4923/1360/1933 
f 4915/1353/1926 4921/1359/1932 4924/1362/2095 4917/1355/2070 
f 4918/1356/1929 4916/1354/1927 4923/1360/1933 4925/1363/1936 
f 4919/1357/1930 4778/1216/1790 4926/1364/1937 
f 4780/1218/1792 4917/1355/2070 4924/1362/2095 
f 4925/1363/1936 4927/1365/1938 4905/1343/1917 4918/1356/1929 
f 4919/1357/1930 4926/1364/1937 4928/1366/1939 4908/1346/1918 
f 4929/1367/1940 4906/1344/1916 4905/1343/1917 4927/1365/1938 
f 4907/1345/1919 4908/1346/1918 4928/1366/1939 4930/1368/1941 
f 4931/1369/1942 4909/1347/1920 4906/1344/1916 4929/1367/1940 
f 4910/1348/1921 4907/1345/1919 4930/1368/1941 4932/1370/1943 
f 4909/1347/1920 4931/1369/1942 4933/1371/1944 4911/1349/1922 
f 4912/1350/1923 4910/1348/1921 4932/1370/1943 4934/1372/1945 
f 4911/1349/1922 4933/1371/1944 4920/1358/2043 4913/1351/1924 
f 4914/1352/1925 4912/1350/1923 4934/1372/1945 4922/1361/1934 
f 4930/1368/1941 4928/1366/1939 4935/1374/1946 4936/1373/1947 
f 4929/1367/1940 4937/1376/1948 4938/1375/1949 4931/1369/1942 
f 4932/1370/1943 4930/1368/1941 4936/1373/1947 4939/1377/1950 
f 4931/1369/1942 4938/1375/1949 4940/1378/1951 4933/1371/1944 
f 4934/1372/1945 4932/1370/1943 4939/1377/1950 4941/1379/1952 
f 4933/1371/1944 4940/1378/1951 4942/1380/1953 4920/1358/2043 
f 4922/1361/1934 4934/1372/1945 4941/1379/1952 4943/1381/1954 
f 4920/1358/2043 4942/1380/1953 4944/1382/1955 4921/1359/1932 
f 4923/1360/1933 4922/1361/1934 4943/1381/1954 4945/1383/1956 
f 4921/1359/1932 4944/1382/1955 4946/1384/2074 4924/1362/2095 
f 4925/1363/1936 4923/1360/1933 4945/1383/1956 4947/1385/1958 
f 4926/1364/1937 4778/1216/1790 4948/1386/1959 
f 4780/1218/1792 4924/1362/2095 4946/1384/2074 
f 4927/1365/1938 4925/1363/1936 4947/1385/1958 4949/1387/2096 
f 4926/1364/1937 4948/1386/1959 4935/1374/1946 4928/1366/1939 
f 4927/1365/1938 4949/1387/2096 4937/1376/1948 4929/1367/1940 
f 4943/1381/1954 4950/1389/1962 4951/1388/1961 4945/1383/1956 
f 4946/1384/2074 4944/1382/1955 4952/1390/1964 4953/1391/1963 
f 4945/1383/1956 4951/1388/1961 4954/1392/1965 4947/1385/1958 
f 4948/1386/1959 4778/1216/1790 4955/1393/1966 
f 4780/1218/1792 4946/1384/2074 4953/1391/1963 
f 4947/1385/1958 4954/1392/1965 4956/1394/1967 4949/1387/2096 
f 4935/1374/1946 4948/1386/1959 4955/1393/1966 4957/1395/1968 
f 4949/1387/2096 4956/1394/1967 4958/1396/1969 4937/1376/1948 
f 4935/1374/1946 4957/1395/1968 4959/1397/1970 4936/1373/1947 
f 4938/1375/1949 4937/1376/1948 4958/1396/1969 4960/1398/1971 
f 4936/1373/1947 4959/1397/1970 4961/1399/1972 4939/1377/1950 
f 4940/1378/1951 4938/1375/1949 4960/1398/1971 4962/1400/1973 
f 4939/1377/1950 4961/1399/1972 4963/1401/1974 4941/1379/1952 
f 4942/1380/1953 4940/1378/1951 4962/1400/1973 4964/1402/1975 
f 4941/1379/1952 4963/1401/1974 4950/1389/1962 4943/1381/1954 
f 4944/1382/1955 4942/1380/1953 4964/1402/1975 4952/1390/1964 
f 4965/1403/1977 4966/1404/1976 4960/1398/1971 4958/1396/1969 
f 4967/1406/1979 4968/1405/1978 4961/1399/1972 4959/1397/1970 
f 4966/1404/1976 4969/1407/1980 4962/1400/1973 4960/1398/1971 
f 4970/1408/1981 4963/1401/1974 4961/1399/1972 4968/1405/1978 
f 4969/1407/1980 4971/1409/1982 4964/1402/1975 4962/1400/1973 
f 4972/1410/1983 4950/1389/1962 4963/1401/1974 4970/1408/1981 
f 4971/1409/1982 4973/1411/1984 4952/1390/1964 4964/1402/1975 
f 4974/1412/1985 4951/1388/1961 4950/1389/1962 4972/1410/1983 
f 4973/1411/1984 4975/1413/1986 4953/1391/1963 4952/1390/1964 
f 4951/1388/1961 4974/1412/1985 4976/1414/1987 4954/1392/1965 
f 4955/1393/1966 4778/1216/1790 4977/1415/1988 
f 4780/1218/1792 4953/1391/1963 4975/1413/1986 
f 4976/1414/1987 4978/1416/2088 4956/1394/1967 4954/1392/1965 
f 4977/1415/1988 4979/1417/1990 4957/1395/1968 4955/1393/1966 
f 4965/1403/1977 4958/1396/1969 4956/1394/1967 4978/1416/2088 
f 4979/1417/1990 4967/1406/1979 4959/1397/1970 4957/1395/1968 
f 4973/1411/1984 4980/1418/1992 4981/1419/2046 4975/1413/1986 
f 4976/1414/1987 4974/1412/1985 4982/1420/1994 4983/1421/2047 
f 4977/1415/1988 4778/1216/1790 4984/1422/2048 
f 4780/1218/1792 4975/1413/1986 4981/1419/2046 
f 4978/1416/2088 4976/1414/1987 4983/1421/2047 4985/1423/1996 
f 4977/1415/1988 4984/1422/2048 4986/1424/1997 4979/1417/1990 
f 4978/1416/2088 4985/1423/1996 4987/1425/1998 4965/1403/1977 
f 4967/1406/1979 4979/1417/1990 4986/1424/1997 4988/1426/1999 
f 4965/1403/1977 4987/1425/1998 4989/1427/2000 4966/1404/1976 
f 4968/1405/1978 4967/1406/1979 4988/1426/1999 4990/1428/2001 
f 4966/1404/1976 4989/1427/2000 4991/1429/2002 4969/1407/1980 
f 4970/1408/1981 4968/1405/1978 4990/1428/2001 4992/1430/2003 
f 4969/1407/1980 4991/1429/2002 4993/1431/2004 4971/1409/1982 
f 4972/1410/1983 4970/1408/1981 4992/1430/2003 4994/1432/2005 
f 4971/1409/1982 4993/1431/2004 4980/1418/1992 4973/1411/1984 
f 4974/1412/1985 4972/1410/1983 4994/1432/2005 4982/1420/1994 
f 4990/1428/2001 4988/1426/1999 4995/1433/2007 4996/1434/2006 
f 4989/1427/2000 4997/1436/2052 4998/1435/2008 4991/1429/2002 
f 4992/1430/2003 4990/1428/2001 4996/1434/2006 4999/1437/2010 
f 4991/1429/2002 4998/1435/2008 5000/1438/2011 4993/1431/2004 
f 4994/1432/2005 4992/1430/2003 4999/1437/2010 5001/1439/2012 
f 4993/1431/2004 5000/1438/2011 5002/1440/2013 4980/1418/1992 
f 4982/1420/1994 4994/1432/2005 5001/1439/2012 5003/1441/2014 
f 4980/1418/1992 5002/1440/2013 5004/1442/2054 4981/1419/2046 
f 4983/1421/2047 4982/1420/1994 5003/1441/2014 5005/1443/2055 
f 4984/1422/2048 4778/1216/1790 5006/1444/2017 
f 4780/1218/1792 4981/1419/2046 5004/1442/2054 
f 4985/1423/1996 4983/1421/2047 5005/1443/2055 5007/1445/2018 
f 4984/1422/2048 5006/1444/2017 5008/1446/2019 4986/1424/1997 
f 4985/1423/1996 5007/1445/2018 5009/1447/2020 4987/1425/1998 
f 4988/1426/1999 4986/1424/1997 5008/1446/2019 4995/1433/2007 
f 4987/1425/1998 5009/1447/2020 4997/1436/2052 4989/1427/2000 
f 5010/1191/1768 5011/1192/1765 5012/1193/1766 5013/1194/1767 
f 5014/1196/1770 5015/1197/2083 5016/1198/1772 5017/1195/2021 
f 5012/1193/1766 5018/1199/1774 5019/1200/2022 5013/1194/1767 
f 5020/1202/1776 5021/1201/1775 5014/1196/1770 5017/1195/2021 
f 5018/1199/1774 5022/1203/1777 5023/1204/2025 5019/1200/2022 
f 5024/1206/1779 5025/1205/1780 5021/1201/1775 5020/1202/1776 
f 5026/1208/1782 5023/1204/2025 5022/1203/1777 5027/1207/1781 
f 5028/1210/2092 5029/1209/1784 5025/1205/1780 5024/1206/1779 
f 5027/1207/1781 5030/1211/1785 5031/1212/1786 5026/1208/1782 
f 5032/1213/1787 5033/1214/1788 5029/1209/1784 5028/1210/2092 
f 5034/1215/1789 5035/1216/1790 5036/1217/2028 
f 5037/1218/1792 5031/1212/1786 5030/1211/1785 
f 5032/1213/1787 5038/1219/1793 5039/1220/2060 5033/1214/1788 
f 5036/1217/2028 5040/1221/1795 5041/1222/1796 5034/1215/1789 
f 5038/1219/1793 5011/1192/1765 5010/1191/1768 5039/1220/2060 
f 5040/1221/1795 5016/1198/1772 5015/1197/2083 5041/1222/1796 
f 5027/1207/1781 5042/1223/1797 5043/1224/1798 5030/1211/1785 
f 5044/1225/1799 5045/1226/1800 5032/1213/1787 5028/1210/2092 
f 5036/1217/2028 5035/1216/1790 5046/1227/2030 
f 5037/1218/1792 5030/1211/1785 5043/1224/1798 
f 5047/1228/1802 5038/1219/1793 5032/1213/1787 5045/1226/1800 
f 5048/1229/1803 5040/1221/1795 5036/1217/2028 5046/1227/2030 
f 5011/1192/1765 5038/1219/1793 5047/1228/1802 5049/1230/2097 
f 5016/1198/1772 5040/1221/1795 5048/1229/1803 5050/1231/1805 
f 5011/1192/1765 5049/1230/2097 5051/1232/1806 5012/1193/1766 
f 5052/1233/1807 5017/1195/2021 5016/1198/1772 5050/1231/1805 
f 5053/1234/1808 5018/1199/1774 5012/1193/1766 5051/1232/1806 
f 5020/1202/1776 5017/1195/2021 5052/1233/1807 5054/1235/1809 
f 5053/1234/1808 5055/1236/1810 5022/1203/1777 5018/1199/1774 
f 5056/1237/1811 5024/1206/1779 5020/1202/1776 5054/1235/1809 
f 5055/1236/1810 5042/1223/1797 5027/1207/1781 5022/1203/1777 
f 5028/1210/2092 5024/1206/1779 5056/1237/1811 5044/1225/1799 
f 5057/1238/1812 5058/1239/1813 5052/1233/1807 5050/1231/1805 
f 5051/1232/1806 5059/1241/1814 5060/1240/1815 5053/1234/1808 
f 5058/1239/1813 5061/1242/1816 5054/1235/1809 5052/1233/1807 
f 5060/1240/1815 5062/1243/2094 5055/1236/1810 5053/1234/1808 
f 5061/1242/1816 5063/1244/1818 5056/1237/1811 5054/1235/1809 
f 5064/1245/2032 5042/1223/1797 5055/1236/1810 5062/1243/2094 
f 5056/1237/1811 5063/1244/1818 5065/1246/2033 5044/1225/1799 
f 5064/1245/2032 5066/1247/1821 5043/1224/1798 5042/1223/1797 
f 5045/1226/1800 5044/1225/1799 5065/1246/2033 5067/1248/1822 
f 5046/1227/2030 5035/1216/1790 5068/1249/1823 
f 5037/1218/1792 5043/1224/1798 5066/1247/1821 
f 5045/1226/1800 5067/1248/1822 5069/1250/1824 5047/1228/1802 
f 5070/1251/1825 5048/1229/1803 5046/1227/2030 5068/1249/1823 
f 5069/1250/1824 5071/1252/2034 5049/1230/2097 5047/1228/1802 
f 5048/1229/1803 5070/1251/1825 5057/1238/1812 5050/1231/1805 
f 5071/1252/2034 5059/1241/1814 5051/1232/1806 5049/1230/2097 
f 5065/1246/2033 5072/1254/1827 5073/1253/1828 5067/1248/1822 
f 5068/1249/1823 5035/1216/1790 5074/1255/1829 
f 5037/1218/1792 5066/1247/1821 5075/1256/1830 
f 5073/1253/1828 5076/1257/1831 5069/1250/1824 5067/1248/1822 
f 5077/1258/1832 5070/1251/1825 5068/1249/1823 5074/1255/1829 
f 5071/1252/2034 5069/1250/1824 5076/1257/1831 5078/1259/1833 
f 5077/1258/1832 5079/1260/1834 5057/1238/1812 5070/1251/1825 
f 5078/1259/1833 5080/1261/1835 5059/1241/1814 5071/1252/2034 
f 5079/1260/1834 5081/1262/1836 5058/1239/1813 5057/1238/1812 
f 5059/1241/1814 5080/1261/1835 5082/1263/1837 5060/1240/1815 
f 5081/1262/1836 5083/1264/1838 5061/1242/1816 5058/1239/1813 
f 5082/1263/1837 5084/1265/2035 5062/1243/2094 5060/1240/1815 
f 5083/1264/1838 5085/1266/2036 5063/1244/1818 5061/1242/1816 
f 5062/1243/2094 5084/1265/2035 5086/1267/1841 5064/1245/2032 
f 5063/1244/1818 5085/1266/2036 5072/1254/1827 5065/1246/2033 
f 5066/1247/1821 5064/1245/2032 5086/1267/1841 5075/1256/1830 
f 5082/1263/1837 5080/1261/1835 5087/1268/1843 5088/1269/1842 
f 5083/1264/1838 5081/1262/1836 5089/1270/2037 5090/1271/1844 
f 5088/1269/1842 5091/1272/1846 5084/1265/2035 5082/1263/1837 
f 5092/1273/1847 5085/1266/2036 5083/1264/1838 5090/1271/1844 
f 5086/1267/1841 5084/1265/2035 5091/1272/1846 5093/1274/1848 
f 5092/1273/1847 5094/1275/1849 5072/1254/1827 5085/1266/2036 
f 5075/1256/1830 5086/1267/1841 5093/1274/1848 5095/1276/1850 
f 5072/1254/1827 5094/1275/1849 5096/1277/1851 5073/1253/1828 
f 5074/1255/1829 5035/1216/1790 5097/1278/1852 
f 5037/1218/1792 5075/1256/1830 5095/1276/1850 
f 5076/1257/1831 5073/1253/1828 5096/1277/1851 5098/1279/1853 
f 5097/1278/1852 5099/1280/1854 5077/1258/1832 5074/1255/1829 
f 5098/1279/1853 5100/1281/1855 5078/1259/1833 5076/1257/1831 
f 5099/1280/1854 5101/1282/1856 5079/1260/1834 5077/1258/1832 
f 5100/1281/1855 5087/1268/1843 5080/1261/1835 5078/1259/1833 
f 5081/1262/1836 5079/1260/1834 5101/1282/1856 5089/1270/2037 
f 5097/1278/1852 5035/1216/1790 5102/1283/1857 
f 5037/1218/1792 5095/1276/1850 5103/1284/2066 
f 5098/1279/1853 5096/1277/1851 5104/1285/1860 5105/1286/1859 
f 5102/1283/1857 5106/1287/1861 5099/1280/1854 5097/1278/1852 
f 5105/1286/1859 5107/1288/1862 5100/1281/1855 5098/1279/1853 
f 5108/1289/1863 5101/1282/1856 5099/1280/1854 5106/1287/1861 
f 5087/1268/1843 5100/1281/1855 5107/1288/1862 5109/1290/1864 
f 5101/1282/1856 5108/1289/1863 5110/1291/1865 5089/1270/2037 
f 5111/1292/1866 5088/1269/1842 5087/1268/1843 5109/1290/1864 
f 5112/1293/1867 5090/1271/1844 5089/1270/2037 5110/1291/1865 
f 5091/1272/1846 5088/1269/1842 5111/1292/1866 5113/1294/2087 
f 5092/1273/1847 5090/1271/1844 5112/1293/1867 5114/1295/1869 
f 5115/1296/1870 5093/1274/1848 5091/1272/1846 5113/1294/2087 
f 5116/1297/1871 5094/1275/1849 5092/1273/1847 5114/1295/1869 
f 5093/1274/1848 5115/1296/1870 5103/1284/2066 5095/1276/1850 
f 5096/1277/1851 5094/1275/1849 5116/1297/1871 5104/1285/1860 
f 5110/1291/1865 5117/1298/1873 5118/1299/1872 5112/1293/1867 
f 5113/1294/2087 5111/1292/1866 5119/1300/1875 5120/1301/1874 
f 5112/1293/1867 5118/1299/1872 5121/1302/1876 5114/1295/1869 
f 5115/1296/1870 5113/1294/2087 5120/1301/1874 5122/1303/1877 
f 5114/1295/1869 5121/1302/1876 5123/1304/1878 5116/1297/1871 
f 5115/1296/1870 5122/1303/1877 5124/1305/2068 5103/1284/2066 
f 5116/1297/1871 5123/1304/1878 5125/1306/1880 5104/1285/1860 
f 5102/1283/1857 5035/1216/1790 5126/1307/1881 
f 5037/1218/1792 5103/1284/2066 5124/1305/2068 
f 5104/1285/1860 5125/1306/1880 5127/1308/1882 5105/1286/1859 
f 5102/1283/1857 5126/1307/1881 5128/1309/2069 5106/1287/1861 
f 5107/1288/1862 5105/1286/1859 5127/1308/1882 5129/1310/1884 
f 5106/1287/1861 5128/1309/2069 5130/1311/1885 5108/1289/1863 
f 5109/1290/1864 5107/1288/1862 5129/1310/1884 5131/1312/1886 
f 5108/1289/1863 5130/1311/1885 5117/1298/1873 5110/1291/1865 
f 5111/1292/1866 5109/1290/1864 5131/1312/1886 5119/1300/1875 
f 5125/1306/1880 5132/1313/1364 5133/1314/1887 5127/1308/1882 
f 5134/1316/1889 5128/1309/2069 5126/1307/1881 5135/1315/2040 
f 5129/1310/1884 5127/1308/1882 5133/1314/1887 5136/1317/1890 
f 5137/1318/1891 5130/1311/1885 5128/1309/2069 5134/1316/1889 
f 5131/1312/1886 5129/1310/1884 5136/1317/1890 5138/1319/1892 
f 5130/1311/1885 5137/1318/1891 5139/1320/1893 5117/1298/1873 
f 5119/1300/1875 5131/1312/1886 5138/1319/1892 5140/1321/2041 
f 5117/1298/1873 5139/1320/1893 5141/1322/1895 5118/1299/1872 
f 5120/1301/1874 5119/1300/1875 5140/1321/2041 5142/1323/1896 
f 5118/1299/1872 5141/1322/1895 5143/1324/1897 5121/1302/1876 
f 5122/1303/1877 5120/1301/1874 5142/1323/1896 5144/1325/1898 
f 5121/1302/1876 5143/1324/1897 5145/1326/1899 5123/1304/1878 
f 5124/1305/2068 5122/1303/1877 5144/1325/1898 5146/1327/1900 
f 5123/1304/1878 5145/1326/1899 5132/1313/1364 5125/1306/1880 
f 5126/1307/1881 5035/1216/1790 5135/1315/2040 
f 5037/1218/1792 5124/1305/2068 5146/1327/1900 
f 5142/1323/1896 5140/1321/2041 5147/1329/1901 5148/1328/1902 
f 5141/1322/1895 5149/1331/1903 5150/1330/1904 5143/1324/1897 
f 5144/1325/1898 5142/1323/1896 5148/1328/1902 5151/1332/1905 
f 5143/1324/1897 5150/1330/1904 5152/1333/1906 5145/1326/1899 
f 5146/1327/1900 5144/1325/1898 5151/1332/1905 5153/1334/1907 
f 5145/1326/1899 5152/1333/1906 5154/1335/1908 5132/1313/1364 
f 5135/1315/2040 5035/1216/1790 5155/1336/1909 
f 5037/1218/1792 5146/1327/1900 5153/1334/1907 
f 5132/1313/1364 5154/1335/1908 5156/1337/1910 5133/1314/1887 
f 5157/1338/2042 5134/1316/1889 5135/1315/2040 5155/1336/1909 
f 5136/1317/1890 5133/1314/1887 5156/1337/1910 5158/1339/1912 
f 5159/1340/1913 5137/1318/1891 5134/1316/1889 5157/1338/2042 
f 5138/1319/1892 5136/1317/1890 5158/1339/1912 5160/1341/1914 
f 5137/1318/1891 5159/1340/1913 5161/1342/1915 5139/1320/1893 
f 5140/1321/2041 5138/1319/1892 5160/1341/1914 5147/1329/1901 
f 5139/1320/1893 5161/1342/1915 5149/1331/1903 5141/1322/1895 
f 5156/1337/1910 5162/1343/1917 5163/1344/1916 5158/1339/1912 
f 5164/1345/1919 5159/1340/1913 5157/1338/2042 5165/1346/1918 
f 5163/1344/1916 5166/1347/1920 5160/1341/1914 5158/1339/1912 
f 5167/1348/1921 5161/1342/1915 5159/1340/1913 5164/1345/1919 
f 5168/1349/1922 5147/1329/1901 5160/1341/1914 5166/1347/1920 
f 5169/1350/1923 5149/1331/1903 5161/1342/1915 5167/1348/1921 
f 5170/1351/1924 5148/1328/1902 5147/1329/1901 5168/1349/1922 
f 5171/1352/1925 5150/1330/1904 5149/1331/1903 5169/1350/1923 
f 5172/1353/1926 5151/1332/1905 5148/1328/1902 5170/1351/1924 
f 5173/1354/1927 5152/1333/1906 5150/1330/1904 5171/1352/1925 
f 5174/1355/2070 5153/1334/1907 5151/1332/1905 5172/1353/1926 
f 5175/1356/1929 5154/1335/1908 5152/1333/1906 5173/1354/1927 
f 5155/1336/1909 5035/1216/1790 5176/1357/1930 
f 5037/1218/1792 5153/1334/1907 5174/1355/2070 
f 5175/1356/1929 5162/1343/1917 5156/1337/1910 5154/1335/1908 
f 5165/1346/1918 5157/1338/2042 5155/1336/1909 5176/1357/1930 
f 5170/1351/1924 5177/1358/2043 5178/1359/1932 5172/1353/1926 
f 5173/1354/1927 5171/1352/1925 5179/1361/1934 5180/1360/1933 
f 5172/1353/1926 5178/1359/1932 5181/1362/2071 5174/1355/2070 
f 5175/1356/1929 5173/1354/1927 5180/1360/1933 5182/1363/1936 
f 5176/1357/1930 5035/1216/1790 5183/1364/1937 
f 5037/1218/1792 5174/1355/2070 5181/1362/2071 
f 5182/1363/1936 5184/1365/1938 5162/1343/1917 5175/1356/1929 
f 5176/1357/1930 5183/1364/1937 5185/1366/1939 5165/1346/1918 
f 5184/1365/1938 5186/1367/1940 5163/1344/1916 5162/1343/1917 
f 5164/1345/1919 5165/1346/1918 5185/1366/1939 5187/1368/1941 
f 5188/1369/1942 5166/1347/1920 5163/1344/1916 5186/1367/1940 
f 5167/1348/1921 5164/1345/1919 5187/1368/1941 5189/1370/1943 
f 5166/1347/1920 5188/1369/1942 5190/1371/1944 5168/1349/1922 
f 5169/1350/1923 5167/1348/1921 5189/1370/1943 5191/1372/1945 
f 5168/1349/1922 5190/1371/1944 5177/1358/2043 5170/1351/1924 
f 5171/1352/1925 5169/1350/1923 5191/1372/1945 5179/1361/1934 
f 5187/1368/1941 5185/1366/1939 5192/1374/1946 5193/1373/1947 
f 5186/1367/1940 5194/1376/1948 5195/1375/1949 5188/1369/1942 
f 5189/1370/1943 5187/1368/1941 5193/1373/1947 5196/1377/1950 
f 5188/1369/1942 5195/1375/1949 5197/1378/1951 5190/1371/1944 
f 5191/1372/1945 5189/1370/1943 5196/1377/1950 5198/1379/1952 
f 5190/1371/1944 5197/1378/1951 5199/1380/1953 5177/1358/2043 
f 5179/1361/1934 5191/1372/1945 5198/1379/1952 5200/1381/1954 
f 5177/1358/2043 5199/1380/1953 5201/1382/1955 5178/1359/1932 
f 5180/1360/1933 5179/1361/1934 5200/1381/1954 5202/1383/1956 
f 5178/1359/1932 5201/1382/1955 5203/1384/2074 5181/1362/2071 
f 5182/1363/1936 5180/1360/1933 5202/1383/1956 5204/1385/1958 
f 5183/1364/1937 5035/1216/1790 5205/1386/1959 
f 5037/1218/1792 5181/1362/2071 5203/1384/2074 
f 5184/1365/1938 5182/1363/1936 5204/1385/1958 5206/1387/2096 
f 5183/1364/1937 5205/1386/1959 5192/1374/1946 5185/1366/1939 
f 5184/1365/1938 5206/1387/2096 5194/1376/1948 5186/1367/1940 
f 5200/1381/1954 5207/1389/1962 5208/1388/1961 5202/1383/1956 
f 5203/1384/2074 5201/1382/1955 5209/1390/1964 5210/1391/1963 
f 5202/1383/1956 5208/1388/1961 5211/1392/1965 5204/1385/1958 
f 5205/1386/1959 5035/1216/1790 5212/1393/1966 
f 5037/1218/1792 5203/1384/2074 5210/1391/1963 
f 5204/1385/1958 5211/1392/1965 5213/1394/1967 5206/1387/2096 
f 5192/1374/1946 5205/1386/1959 5212/1393/1966 5214/1395/1968 
f 5206/1387/2096 5213/1394/1967 5215/1396/1969 5194/1376/1948 
f 5192/1374/1946 5214/1395/1968 5216/1397/1970 5193/1373/1947 
f 5195/1375/1949 5194/1376/1948 5215/1396/1969 5217/1398/1971 
f 5193/1373/1947 5216/1397/1970 5218/1399/1972 5196/1377/1950 
f 5197/1378/1951 5195/1375/1949 5217/1398/1971 5219/1400/1973 
f 5196/1377/1950 5218/1399/1972 5220/1401/1974 5198/1379/1952 
f 5199/1380/1953 5197/1378/1951 5219/1400/1973 5221/1402/1975 
f 5198/1379/1952 5220/1401/1974 5207/1389/1962 5200/1381/1954 
f 5201/1382/1955 5199/1380/1953 5221/1402/1975 5209/1390/1964 
f 5222/1403/2044 5223/1404/1976 5217/1398/1971 5215/1396/1969 
f 5224/1406/1979 5225/1405/1978 5218/1399/1972 5216/1397/1970 
f 5223/1404/1976 5226/1407/1980 5219/1400/1973 5217/1398/1971 
f 5227/1408/2075 5220/1401/1974 5218/1399/1972 5225/1405/1978 
f 5226/1407/1980 5228/1409/2076 5221/1402/1975 5219/1400/1973 
f 5229/1410/1983 5207/1389/1962 5220/1401/1974 5227/1408/2075 
f 5228/1409/2076 5230/1411/2098 5209/1390/1964 5221/1402/1975 
f 5231/1412/1985 5208/1388/1961 5207/1389/1962 5229/1410/1983 
f 5230/1411/2098 5232/1413/1986 5210/1391/1963 5209/1390/1964 
f 5208/1388/1961 5231/1412/1985 5233/1414/1987 5211/1392/1965 
f 5212/1393/1966 5035/1216/1790 5234/1415/1988 
f 5037/1218/1792 5210/1391/1963 5232/1413/1986 
f 5233/1414/1987 5235/1416/1989 5213/1394/1967 5211/1392/1965 
f 5234/1415/1988 5236/1417/1990 5214/1395/1968 5212/1393/1966 
f 5222/1403/2044 5215/1396/1969 5213/1394/1967 5235/1416/1989 
f 5236/1417/1990 5224/1406/1979 5216/1397/1970 5214/1395/1968 
f 5230/1411/2098 5237/1418/1992 5238/1419/2046 5232/1413/1986 
f 5233/1414/1987 5231/1412/1985 5239/1420/1994 5240/1421/2047 
f 5234/1415/1988 5035/1216/1790 5241/1422/2048 
f 5037/1218/1792 5232/1413/1986 5238/1419/2046 
f 5235/1416/1989 5233/1414/1987 5240/1421/2047 5242/1423/1996 
f 5234/1415/1988 5241/1422/2048 5243/1424/2077 5236/1417/1990 
f 5235/1416/1989 5242/1423/1996 5244/1425/1998 5222/1403/2044 
f 5224/1406/1979 5236/1417/1990 5243/1424/2077 5245/1426/1999 
f 5222/1403/2044 5244/1425/1998 5246/1427/2000 5223/1404/1976 
f 5225/1405/1978 5224/1406/1979 5245/1426/1999 5247/1428/2078 
f 5223/1404/1976 5246/1427/2000 5248/1429/2002 5226/1407/1980 
f 5227/1408/2075 5225/1405/1978 5247/1428/2078 5249/1430/2003 
f 5226/1407/1980 5248/1429/2002 5250/1431/2004 5228/1409/2076 
f 5229/1410/1983 5227/1408/2075 5249/1430/2003 5251/1432/2050 
f 5228/1409/2076 5250/1431/2004 5237/1418/1992 5230/1411/2098 
f 5231/1412/1985 5229/1410/1983 5251/1432/2050 5239/1420/1994 
f 5247/1428/2078 5245/1426/1999 5252/1433/2007 5253/1434/2051 
f 5246/1427/2000 5254/1436/2052 5255/1435/2008 5248/1429/2002 
f 5249/1430/2003 5247/1428/2078 5253/1434/2051 5256/1437/2010 
f 5248/1429/2002 5255/1435/2008 5257/1438/2053 5250/1431/2004 
f 5251/1432/2050 5249/1430/2003 5256/1437/2010 5258/1439/2012 
f 5250/1431/2004 5257/1438/2053 5259/1440/2013 5237/1418/1992 
f 5239/1420/1994 5251/1432/2050 5258/1439/2012 5260/1441/2014 
f 5237/1418/1992 5259/1440/2013 5261/1442/2054 5238/1419/2046 
f 5240/1421/2047 5239/1420/1994 5260/1441/2014 5262/1443/2055 
f 5241/1422/2048 5035/1216/1790 5263/1444/2017 
f 5037/1218/1792 5238/1419/2046 5261/1442/2054 
f 5242/1423/1996 5240/1421/2047 5262/1443/2055 5264/1445/2018 
f 5241/1422/2048 5263/1444/2017 5265/1446/2019 5243/1424/2077 
f 5242/1423/1996 5264/1445/2018 5266/1447/2020 5244/1425/1998 
f 5245/1426/1999 5243/1424/2077 5265/1446/2019 5252/1433/2007 
f 5244/1425/1998 5266/1447/2020 5254/1436/2052 5246/1427/2000 
f 5267/1797/2099 5268/1794/1105 5269/1795/2100 5270/1796/2101 
f 5271/1798/2102 5272/1799/2103 5273/1800/2104 5270/1796/2101 
f 5274/1804/1111 5275/1801/2105 5276/1802/2106 5277/1803/1111 
f 5278/1807/2107 5279/1808/2108 5280/1805/2109 5281/1806/2110 
f 5282/1810/1104 5283/1809/2111 5269/1795/2100 5268/1794/1105 
f 5284/1811/2112 5285/1812/2113 5286/1813/2114 5287/1814/2115 
f 5288/1817/1128 5289/1818/1128 5290/1815/1128 5291/1816/1128 
f 5271/1798/2102 5270/1796/2101 5269/1795/2100 5292/1819/2116 
f 5291/1816/2117 5290/1815/2117 5293/1820/2118 5294/1821/2119 
f 5295/1824/1091 5296/1825/1092 5297/1822/2120 5298/1823/1091 
f 5299/1827/2121 5298/1823/2121 5297/1822/2120 5300/1826/2122 
f 5276/1802/2106 5275/1801/2105 5301/1828/2123 5302/1829/2123 
f 5300/1826/1364 5303/1830/1364 5302/1829/1128 5299/1827/1128 
f 5304/1832/2124 5305/1833/2125 5289/1818/2125 5306/1831/2126 
f 5307/1836/2127 5288/1817/2128 5308/1834/2128 5309/1835/2129 
f 5308/1834/1108 5310/1838/1108 5311/1837/1107 5309/1835/2129 
f 5312/1840/2130 5301/1828/2130 5275/1801/2131 5313/1839/2132 
f 5303/1830/2133 5314/1841/2134 5276/1802/2135 5302/1829/2135 
f 5315/1843/2136 5297/1822/2120 5296/1825/1092 5316/1842/1116 
f 5278/1807/2107 5281/1806/2110 5286/1813/2114 5285/1812/2113 
f 5317/1846/1124 5318/1847/1123 5319/1844/2137 5320/1845/2138 
f 5284/1811/2112 5287/1814/2115 5321/1849/2139 5322/1848/2140 
f 5323/1851/2141 5314/1841/2134 5303/1830/2133 5324/1850/2142 
f 5313/1839/2132 5275/1801/2131 5274/1804/679 5325/1852/679 
f 5288/1817/2143 5291/1816/2143 5294/1821/2144 5308/1834/2145 
f 5292/1819/2116 5269/1795/2100 5283/1809/2111 5326/1853/2146 
f 5313/1839/2147 5298/1823/2148 5299/1827/2149 5312/1840/2149 
f 5305/1833/2150 5293/1820/2151 5290/1815/2152 5289/1818/2152 
f 5327/1856/2153 5328/1857/2154 5329/1854/2155 5330/1855/2156 
f 5279/1808/2108 5278/1807/2107 5331/1859/1010 5332/1858/1118 
f 5333/1860/2157 5307/1836/2127 5309/1835/2129 5334/1861/2158 
f 5271/1798/2159 5281/1806/2159 5280/1805/2160 5272/1799/2160 
f 5335/1862/2161 5300/1826/2122 5297/1822/2120 5315/1843/2136 
f 5306/1831/2126 5336/1864/2162 5337/1863/2163 5304/1832/2124 
f 5279/1808/2108 5323/1851/2164 5324/1850/2165 5280/1805/2109 
f 5329/1854/2155 5328/1857/2154 5338/1866/2166 5339/1865/2167 
f 5334/1861/2168 5273/1800/2104 5272/1799/2103 5333/1860/2117 
f 5319/1844/2137 5340/1867/2169 5341/1868/2170 5320/1845/2138 
f 5304/1832/2124 5342/1870/1033 5343/1869/2171 5305/1833/2171 
f 5321/1849/2172 5344/1871/2172 5345/1872/2173 5322/1848/2173 
f 5272/1799/2160 5280/1805/2160 5324/1850/1364 5333/1860/1128 
f 5330/1855/2156 5335/1862/2174 5315/1843/2175 5327/1856/2153 
f 5333/1860/1128 5336/1864/1128 5306/1831/1128 5307/1836/1128 
f 5336/1864/2176 5346/1873/2177 5347/1874/2178 5337/1863/2179 
f 5340/1867/2169 5319/1844/2137 5347/1874/2178 5346/1873/2177 
f 5330/1855/2180 5346/1873/2180 5336/1864/1128 5335/1862/1364 
f 5292/1819/2181 5286/1813/2181 5281/1806/2159 5271/1798/2159 
f 5286/1813/2181 5292/1819/2181 5326/1853/2182 5287/1814/2182 
f 5348/1876/2183 5285/1812/2113 5284/1811/2112 5349/1875/2184 
f 5348/1876/2183 5331/1859/1010 5278/1807/2107 5285/1812/2113 
f 5302/1829/1128 5301/1828/1128 5312/1840/1128 5299/1827/1128 
f 5323/1851/2141 5350/1877/2185 5351/1878/1043 5314/1841/2134 
f 5276/1802/1044 5314/1841/2134 5351/1878/1043 5277/1803/1044 
f 5335/1862/1364 5336/1864/1128 5333/1860/1128 5324/1850/1364 
f 5338/1866/2186 5320/1845/2186 5341/1868/2187 5339/1865/2187 
f 5310/1838/1016 5308/1834/2145 5294/1821/2144 5352/1879/1016 
f 5353/1880/648 5352/1879/648 5294/1821/2119 5293/1820/2118 
f 5289/1818/1128 5288/1817/1128 5307/1836/1128 5306/1831/1128 
f 5298/1823/2148 5313/1839/2147 5325/1852/2188 5295/1824/2188 
f 5305/1833/2150 5343/1869/1112 5353/1880/1112 5293/1820/2151 
f 5322/1848/695 5345/1872/695 5354/1881/695 5355/1882/695 
f 5315/1843/2175 5316/1842/679 5356/1883/1122 5327/1856/2153 
f 5344/1871/2172 5321/1849/2172 5287/1814/2182 5326/1853/2182 
f 5349/1875/2184 5284/1811/2112 5322/1848/2140 5355/1882/1120 
f 5342/1870/1033 5304/1832/2124 5337/1863/2163 5357/1884/1051 
f 5329/1854/2189 5340/1867/2189 5346/1873/2180 5330/1855/2180 
f 5270/1796/2101 5273/1800/2104 5358/1885/2190 5267/1797/2099 
f 5359/1886/1106 5334/1861/2158 5309/1835/2129 5311/1837/1107 
f 5354/1881/1115 5345/1872/2191 5283/1809/2111 5282/1810/1104 
f 5324/1850/1364 5303/1830/1364 5300/1826/1364 5335/1862/1364 
f 5347/1874/2178 5360/1887/1114 5357/1884/1001 5337/1863/2179 
f 5356/1883/1122 5361/1888/1056 5328/1857/2154 5327/1856/2153 
f 5338/1866/2166 5328/1857/2154 5361/1888/1056 5362/1889/1055 
f 5341/1868/2192 5340/1867/2189 5329/1854/2189 5339/1865/2192 
f 5338/1866/2186 5362/1889/695 5317/1846/695 5320/1845/2186 
f 5279/1808/2108 5332/1858/1118 5350/1877/1132 5323/1851/2164 
f 5358/1885/2190 5273/1800/2104 5334/1861/2168 5359/1886/1001 
f 5347/1874/2178 5319/1844/2137 5318/1847/1123 5360/1887/1114 
f 5283/1809/2111 5345/1872/2191 5344/1871/2193 5326/1853/2146 
f 5363/1865/2192 5364/1868/2192 5365/1867/2189 5366/1854/2189 
f 5367/1866/2166 5368/1857/2154 5369/1888/1056 5370/1889/1055 
f 5371/1855/2180 5372/1873/2180 5373/1864/1128 5374/1862/1128 
f 5375/1884/1001 5376/1863/2179 5377/1874/2178 5378/1887/1114 
f 5379/1860/1128 5373/1864/1128 5380/1831/1128 5381/1836/1128 
f 5368/1857/2154 5382/1856/2153 5383/1883/1122 5369/1888/1056 
f 5366/1854/2189 5365/1867/2189 5372/1873/2180 5371/1855/2180 
f 5376/1863/2163 5375/1884/1051 5384/1870/1033 5385/1832/2124 
f 5386/1800/2104 5387/1885/2190 5388/1797/2099 5389/1796/2101 
f 5390/1830/1128 5391/1826/1128 5374/1862/1128 5392/1850/1128 
f 5385/1832/2124 5384/1870/1033 5393/1869/2171 5394/1833/2171 
f 5395/1886/1106 5396/1861/2158 5397/1835/2129 5398/1837/1107 
f 5399/1799/2160 5400/1805/2160 5392/1850/1128 5379/1860/1128 
f 5401/1809/2111 5402/1810/1104 5403/1881/1115 5404/1872/2191 
f 5405/1875/2184 5406/1811/2112 5407/1848/2140 5408/1882/1120 
f 5409/1871/2194 5410/1849/2194 5411/1814/2182 5412/1853/2182 
f 5413/1858/1118 5414/1808/2108 5415/1807/2107 5416/1859/1010 
f 5407/1848/695 5404/1872/695 5403/1881/695 5408/1882/695 
f 5417/1798/2159 5418/1806/2159 5400/1805/2160 5399/1799/2160 
f 5419/1843/2175 5420/1842/679 5383/1883/1122 5382/1856/2153 
f 5421/1845/2186 5367/1866/2186 5370/1889/695 5422/1846/695 
f 5377/1874/2178 5423/1844/2137 5424/1847/1123 5378/1887/1114 
f 5425/1834/1108 5426/1838/1108 5398/1837/1107 5397/1835/2129 
f 5392/1850/1128 5374/1862/1128 5373/1864/1128 5379/1860/1128 
f 5427/1877/1132 5428/1851/2164 5414/1808/2108 5413/1858/1118 
f 5420/1842/1116 5419/1843/2136 5429/1822/2120 5430/1825/1092 
f 5396/1861/2168 5395/1886/1001 5387/1885/2190 5386/1800/2104 
f 5428/1851/2141 5427/1877/2185 5431/1878/1043 5432/1841/2134 
f 5433/1839/2147 5434/1852/2188 5435/1824/2188 5436/1823/2148 
f 5437/1827/1364 5391/1826/1128 5390/1830/1128 5438/1829/1364 
f 5439/1802/1044 5432/1841/2134 5431/1878/1043 5440/1803/1044 
f 5441/1817/1128 5381/1836/1128 5380/1831/1128 5442/1818/1128 
f 5436/1823/1091 5435/1824/1091 5430/1825/1092 5429/1822/2120 
f 5443/1880/1112 5444/1820/2151 5394/1833/2150 5393/1869/1112 
f 5434/1852/679 5433/1839/2132 5445/1801/2131 5446/1804/679 
f 5401/1809/2111 5447/1795/2100 5448/1794/1105 5402/1810/1104 
f 5444/1820/2118 5443/1880/648 5449/1879/648 5450/1821/2119 
f 5449/1879/1016 5426/1838/1016 5425/1834/2145 5450/1821/2144 
f 5437/1827/1364 5438/1829/1364 5451/1828/1364 5452/1840/1364 
f 5446/1804/1111 5445/1801/2105 5439/1802/2106 5440/1803/1111 
f 5441/1817/1128 5442/1818/1128 5453/1815/1128 5454/1816/1128 
f 5415/1807/2107 5455/1812/2113 5456/1876/2183 5416/1859/1010 
f 5412/1853/2182 5411/1814/2182 5457/1813/2181 5458/1819/2181 
f 5406/1811/2112 5405/1875/2184 5456/1876/2183 5455/1812/2113 
f 5389/1796/2101 5388/1797/2099 5448/1794/1105 5447/1795/2100 
f 5457/1813/2181 5418/1806/2159 5417/1798/2159 5458/1819/2181 
f 5367/1866/2186 5421/1845/2186 5364/1868/2187 5363/1865/2187 
f 5372/1873/2177 5365/1867/2169 5423/1844/2137 5377/1874/2178 
f 5363/1865/2167 5366/1854/2155 5368/1857/2154 5367/1866/2166 
f 5372/1873/2177 5377/1874/2178 5376/1863/2179 5373/1864/2176 
f 5419/1843/2175 5382/1856/2153 5371/1855/2156 5374/1862/2174 
f 5392/1850/2165 5400/1805/2109 5414/1808/2108 5428/1851/2164 
f 5399/1799/2103 5379/1860/2117 5396/1861/2168 5386/1800/2104 
f 5404/1872/2173 5407/1848/2173 5410/1849/2194 5409/1871/2194 
f 5365/1867/2169 5364/1868/2170 5421/1845/2138 5423/1844/2137 
f 5382/1856/2153 5368/1857/2154 5366/1854/2155 5371/1855/2156 
f 5376/1863/2163 5385/1832/2124 5380/1831/2126 5373/1864/2162 
f 5381/1836/2127 5397/1835/2129 5396/1861/2158 5379/1860/2195 
f 5392/1850/2142 5428/1851/2141 5432/1841/2134 5390/1830/2133 
f 5429/1822/2120 5419/1843/2136 5374/1862/2161 5391/1826/2122 
f 5437/1827/2121 5436/1823/2121 5429/1822/2120 5391/1826/2122 
f 5442/1818/2125 5380/1831/2126 5385/1832/2124 5394/1833/2125 
f 5397/1835/2129 5381/1836/2127 5441/1817/2128 5425/1834/2128 
f 5438/1829/2135 5390/1830/2133 5432/1841/2134 5439/1802/2135 
f 5453/1815/2117 5444/1820/2118 5450/1821/2119 5454/1816/2117 
f 5445/1801/2131 5433/1839/2132 5452/1840/2130 5451/1828/2130 
f 5439/1802/2106 5445/1801/2105 5451/1828/2123 5438/1829/2123 
f 5437/1827/2149 5452/1840/2149 5433/1839/2147 5436/1823/2148 
f 5444/1820/2151 5453/1815/2152 5442/1818/2152 5394/1833/2150 
f 5441/1817/2143 5454/1816/2143 5450/1821/2144 5425/1834/2145 
f 5458/1819/2116 5417/1798/2102 5389/1796/2101 5447/1795/2100 
f 5458/1819/2116 5447/1795/2100 5401/1809/2111 5412/1853/2146 
f 5455/1812/2113 5415/1807/2107 5418/1806/2110 5457/1813/2114 
f 5411/1814/2115 5406/1811/2112 5455/1812/2113 5457/1813/2114 
f 5406/1811/2112 5411/1814/2115 5410/1849/2139 5407/1848/2140 
f 5415/1807/2107 5414/1808/2108 5400/1805/2109 5418/1806/2110 
f 5417/1798/2102 5399/1799/2103 5386/1800/2104 5389/1796/2101 
f 5412/1853/2146 5401/1809/2111 5404/1872/2191 5409/1871/2193 
f 5422/1846/1124 5424/1847/1123 5423/1844/2137 5421/1845/2138 
f 5459/1451/708 5460/1448/2196 5461/1449/2197 5462/1450/648 
f 5463/1454/2198 5464/1455/705 5465/1452/706 5466/1453/2199 
f 5467/1456/2200 5468/1457/703 5464/1455/705 5463/1454/2198 
f 5468/1457/703 5467/1456/2200 5469/1458/2201 5470/1459/701 
f 5471/1460/2202 5472/1461/699 5470/1459/701 5469/1458/2201 
f 5472/1461/699 5471/1460/2202 5473/1462/2203 5474/1463/697 
f 5475/1464/2204 5476/1465/695 5474/1463/697 5473/1462/2203 
f 5476/1465/695 5475/1464/2204 5477/1466/2205 5478/1467/693 
f 5479/1469/691 5478/1467/693 5477/1466/2205 5480/1468/2206 
f 5481/1470/2207 5482/1471/689 5479/1469/691 5480/1468/2206 
f 5481/1470/2207 5483/1472/2208 5484/1473/687 5482/1471/689 
f 5484/1473/687 5483/1472/2208 5485/1474/2209 5486/1475/685 
f 5487/1476/2210 5488/1477/683 5486/1475/685 5485/1474/2209 
f 5488/1477/683 5487/1476/2210 5489/1478/2211 5490/1479/681 
f 5491/1480/2212 5492/1481/679 5490/1479/681 5489/1478/2211 
f 5492/1481/679 5491/1480/2212 5493/1482/2213 5494/1483/677 
f 5494/1483/677 5493/1482/2213 5495/1484/2214 5496/1485/675 
f 5497/1486/2215 5498/1487/673 5496/1485/675 5495/1484/2214 
f 5499/1488/2216 5500/1489/671 5498/1487/673 5497/1486/2215 
f 5501/1490/2217 5502/1491/669 5500/1489/671 5499/1488/2216 
f 5502/1491/669 5501/1490/2217 5503/1492/2218 5504/1493/667 
f 5505/1494/2219 5506/1495/665 5504/1493/667 5503/1492/2218 
f 5507/1496/2220 5508/1497/663 5506/1495/665 5505/1494/2219 
f 5508/1497/663 5507/1496/2220 5509/1498/2221 5510/1499/661 
f 5511/1501/659 5510/1499/661 5509/1498/2221 5512/1500/2222 
f 5512/1500/2222 5513/1502/2223 5514/1503/657 5511/1501/659 
f 5514/1503/657 5513/1502/2223 5515/1504/2224 5516/1505/655 
f 5516/1505/655 5515/1504/2224 5517/1506/2225 5518/1507/653 
f 5518/1507/653 5517/1506/2225 5519/1509/2226 5520/1508/650 
f 5519/1509/2226 5460/1448/2196 5459/1451/708 5520/1508/650 
f 5466/1453/2199 5465/1452/706 5521/1510/649 5522/1511/2227 
f 5523/1513/2228 5524/1514/2229 5525/1515/2230 5526/1520/2231 
f 5526/1520/2231 5527/1516/2232 5528/1517/2233 5523/1513/2228 
f 5528/1517/2233 5529/1518/2234 5530/1519/2235 5523/1513/2228 
f 5530/1519/2235 5531/1522/2236 5532/1523/2237 5523/1513/2228 
f 5532/1523/2237 5533/1524/2238 5534/1525/2239 5523/1513/2228 
f 5534/1525/2239 5535/1521/2240 5536/1526/2241 5523/1513/2228 
f 5536/1526/2241 5537/1527/2242 5538/1528/2243 5523/1513/2228 
f 5523/1513/2228 5538/1528/2243 5539/1529/2244 5540/1530/2245 
f 5523/1513/2228 5540/1530/2245 5541/1531/2246 5542/1533/2247 
f 5542/1533/2247 5543/1532/2248 5544/1534/2249 5523/1513/2228 
f 5545/1512/2250 5523/1513/2228 5544/1534/2249 5546/1535/2251 
f 5545/1512/2250 5546/1535/2251 5547/1536/2252 5548/1537/2253 
f 5545/1512/2250 5548/1537/2253 5549/1539/2254 5550/1540/2255 
f 5550/1540/2255 5551/1538/2256 5552/1541/2257 5545/1512/2250 
f 5545/1512/2250 5552/1541/2257 5553/1542/2258 5554/1543/2259 
f 5461/1449/2197 5555/1544/2260 5556/1545/2261 5522/1511/2227 
f 5545/1512/2250 5556/1545/2262 5555/1544/2263 5523/1513/2228 
f 5466/1453/2199 5522/1511/2227 5556/1545/2261 5557/1546/2264 
f 5557/1546/2265 5556/1545/2262 5545/1512/2250 5554/1543/2259 
f 5558/1547/2266 5463/1454/2198 5466/1453/2199 5557/1546/2264 
f 5558/1547/2267 5557/1546/2265 5554/1543/2259 5553/1542/2258 
f 5558/1547/2266 5559/1548/2268 5467/1456/2200 5463/1454/2198 
f 5559/1548/2269 5558/1547/2267 5553/1542/2258 5552/1541/2257 
f 5559/1548/2268 5560/1549/2270 5469/1458/2201 5467/1456/2200 
f 5560/1549/2271 5559/1548/2269 5552/1541/2257 5551/1538/2256 
f 5469/1458/2201 5560/1549/2270 5561/1550/2272 5471/1460/2202 
f 5551/1538/2256 5550/1540/2255 5561/1550/2273 5560/1549/2271 
f 5561/1550/2272 5562/1551/2274 5473/1462/2203 5471/1460/2202 
f 5550/1540/2255 5549/1539/2254 5562/1551/2275 5561/1550/2273 
f 5473/1462/2203 5562/1551/2274 5563/1552/2276 5475/1464/2204 
f 5563/1552/2277 5562/1551/2275 5549/1539/2254 5548/1537/2253 
f 5563/1552/2276 5564/1553/2278 5477/1466/2205 5475/1464/2204 
f 5548/1537/2253 5547/1536/2252 5564/1553/2279 5563/1552/2277 
f 5564/1553/2278 5565/1554/2280 5480/1468/2206 5477/1466/2205 
f 5565/1554/2281 5564/1553/2279 5547/1536/2252 5546/1535/2251 
f 5480/1468/2206 5565/1554/2280 5566/1555/2282 5481/1470/2207 
f 5546/1535/2251 5544/1534/2249 5566/1555/2283 5565/1554/2281 
f 5483/1472/2208 5481/1470/2207 5566/1555/2282 5567/1556/2284 
f 5543/1532/2248 5567/1556/2285 5566/1555/2283 5544/1534/2249 
f 5567/1556/2284 5568/1557/2286 5485/1474/2209 5483/1472/2208 
f 5568/1557/2287 5567/1556/2285 5543/1532/2248 5542/1533/2247 
f 5487/1476/2210 5485/1474/2209 5568/1557/2286 5569/1558/2288 
f 5541/1531/2246 5569/1558/2289 5568/1557/2287 5542/1533/2247 
f 5487/1476/2210 5569/1558/2288 5570/1559/2290 5489/1478/2211 
f 5541/1531/2246 5540/1530/2245 5570/1559/2291 5569/1558/2289 
f 5571/1560/2292 5491/1480/2212 5489/1478/2211 5570/1559/2290 
f 5570/1559/2291 5540/1530/2245 5539/1529/2244 5571/1560/2293 
f 5572/1561/2294 5493/1482/2213 5491/1480/2212 5571/1560/2292 
f 5538/1528/2243 5572/1561/2295 5571/1560/2293 5539/1529/2244 
f 5573/1562/2296 5495/1484/2214 5493/1482/2213 5572/1561/2294 
f 5538/1528/2243 5537/1527/2242 5573/1562/2297 5572/1561/2295 
f 5573/1562/2296 5574/1563/2298 5497/1486/2215 5495/1484/2214 
f 5537/1527/2242 5536/1526/2241 5574/1563/2299 5573/1562/2297 
f 5574/1563/2298 5575/1564/2300 5499/1488/2216 5497/1486/2215 
f 5535/1521/2240 5575/1564/2301 5574/1563/2299 5536/1526/2241 
f 5501/1490/2217 5499/1488/2216 5575/1564/2300 5576/1565/2302 
f 5535/1521/2240 5534/1525/2239 5576/1565/2303 5575/1564/2301 
f 5576/1565/2302 5577/1566/2304 5503/1492/2218 5501/1490/2217 
f 5577/1566/2305 5576/1565/2303 5534/1525/2239 5533/1524/2238 
f 5503/1492/2218 5577/1566/2304 5578/1567/2306 5505/1494/2219 
f 5533/1524/2238 5532/1523/2237 5578/1567/2307 5577/1566/2305 
f 5578/1567/2306 5579/1568/2308 5507/1496/2220 5505/1494/2219 
f 5579/1568/2309 5578/1567/2307 5532/1523/2237 5531/1522/2236 
f 5579/1568/2308 5580/1569/2310 5509/1498/2221 5507/1496/2220 
f 5530/1519/2235 5580/1569/2311 5579/1568/2309 5531/1522/2236 
f 5509/1498/2221 5580/1569/2310 5581/1570/2312 5512/1500/2222 
f 5581/1570/2313 5580/1569/2311 5530/1519/2235 5529/1518/2234 
f 5513/1502/2223 5512/1500/2222 5581/1570/2312 5582/1571/2314 
f 5582/1571/2315 5581/1570/2313 5529/1518/2234 5528/1517/2233 
f 5515/1504/2224 5513/1502/2223 5582/1571/2314 5583/1572/2316 
f 5582/1571/2315 5528/1517/2233 5527/1516/2232 5583/1572/2317 
f 5583/1572/2316 5584/1573/2318 5517/1506/2225 5515/1504/2224 
f 5527/1516/2232 5526/1520/2231 5584/1573/2319 5583/1572/2317 
f 5585/1574/2320 5519/1509/2226 5517/1506/2225 5584/1573/2318 
f 5585/1574/2321 5584/1573/2319 5526/1520/2231 5525/1515/2230 
f 5460/1448/2196 5519/1509/2226 5585/1574/2320 5586/1575/2322 
f 5586/1575/2323 5585/1574/2321 5525/1515/2230 5524/1514/2229 
f 5586/1575/2322 5555/1544/2260 5461/1449/2197 5460/1448/2196 
f 5523/1513/2228 5555/1544/2263 5586/1575/2323 5524/1514/2229 
f 5522/1511/2227 5521/1510/649 5462/1450/648 5461/1449/2197 
f 5587/1577/2324 5588/1578/2325 5589/1579/665 5590/1576/667 
f 5591/1582/661 5592/1583/2326 5593/1580/2327 5594/1581/659 
f 5595/1584/2328 5596/1585/2329 5597/1586/677 5598/1587/681 
f 5599/1588/2330 5600/1589/697 5601/1590/699 5602/1591/2331 
f 5603/1592/2332 5604/1593/708 5594/1581/650 5593/1580/2333 
f 5592/1583/2326 5591/1582/661 5589/1579/665 5588/1578/2325 
f 5603/1592/2332 5605/1594/2334 5606/1595/649 5604/1593/708 
f 5595/1584/2328 5598/1587/681 5607/1596/683 5608/1597/2335 
f 5609/1599/2336 5608/1597/2337 5607/1596/691 5610/1598/693 
f 5610/1598/693 5600/1589/697 5599/1588/2330 5609/1599/2336 
f 5602/1591/2338 5601/1590/706 5606/1595/649 5605/1594/2334 
f 5587/1577/2339 5590/1576/675 5597/1586/677 5596/1585/2329 
f 5596/1585/2329 5611/1600/2340 5612/1601/2341 5587/1577/2339 
f 5613/1602/2342 5588/1578/2325 5587/1577/2324 5612/1601/2343 
f 5614/1604/2344 5603/1592/2332 5593/1580/2333 5615/1603/2345 
f 5615/1603/2346 5593/1580/2327 5592/1583/2326 5616/1605/2347 
f 5595/1584/2328 5608/1597/2335 5617/1607/2348 5618/1606/2349 
f 5608/1597/2337 5609/1599/2336 5619/1608/2350 5617/1607/2351 
f 5605/1594/2334 5620/1609/2352 5621/1610/2353 5602/1591/2338 
f 5621/1610/2354 5622/1611/2355 5599/1588/2330 5602/1591/2331 
f 5618/1606/2349 5611/1600/2340 5596/1585/2329 5595/1584/2328 
f 5588/1578/2325 5613/1602/2342 5616/1605/2347 5592/1583/2326 
f 5619/1608/2350 5609/1599/2336 5599/1588/2330 5622/1611/2355 
f 5603/1592/2332 5614/1604/2344 5620/1609/2352 5605/1594/2334 
f 5618/1606/1128 5617/1607/1128 5619/1608/1128 5621/1610/1128 
f 5619/1608/1128 5622/1611/1128 5621/1610/1128 
f 5618/1606/1128 5621/1610/1128 5620/1609/1128 5615/1603/1128 
f 5620/1609/1128 5614/1604/1128 5615/1603/1128 
f 5618/1606/1128 5615/1603/1128 5616/1605/1128 5613/1602/1128 
f 5618/1606/1128 5613/1602/1128 5612/1601/1128 5611/1600/1128 
# 3968 polygons - 392 triangles

#
# object Plane001
#

v  -185.6812 893.8501 -53.6565
v  -185.6812 943.8501 -53.6565
v  -85.6811 893.8501 -53.6565
v  -85.6811 943.8501 -53.6565
v  14.3189 893.8501 -53.6565
v  14.3189 943.8501 -53.6565
v  114.3189 893.8501 -53.6565
v  114.3189 943.8501 -53.6565
v  214.3188 893.8501 -53.6565
v  214.3188 943.8501 -53.6565
v  -185.6812 843.8501 -53.6565
v  -85.6811 843.8501 -53.6565
v  14.3189 843.8501 -53.6565
v  114.3189 843.8501 -53.6565
v  214.3188 843.8501 -53.6565
v  -185.6812 793.8500 -53.6565
v  -85.6811 793.8500 -53.6565
v  14.3189 793.8500 -53.6565
v  114.3189 793.8500 -53.6565
v  214.3188 793.8500 -53.6565
v  -185.6812 743.8500 -53.6565
v  -85.6811 743.8500 -53.6565
v  14.3189 743.8500 -53.6565
v  114.3189 743.8500 -53.6565
v  214.3188 743.8500 -53.6565
# 25 vertices

vn 0.0000 0.0000 -1.0000
# 1 vertex normals

vt 0.0000 0.2500 0.0000
vt 0.0000 0.0000 0.0000
vt 0.2500 0.2500 0.0000
vt 0.2500 0.0000 0.0000
vt 0.5000 0.2500 0.0000
vt 0.5000 0.0000 0.0000
vt 0.7500 0.2500 0.0000
vt 0.7500 0.0000 0.0000
vt 1.0000 0.2500 0.0000
vt 1.0000 0.0000 0.0000
vt 0.0000 0.5000 0.0000
vt 0.2500 0.5000 0.0000
vt 0.5000 0.5000 0.0000
vt 0.7500 0.5000 0.0000
vt 1.0000 0.5000 0.0000
vt 0.0000 0.7500 0.0000
vt 0.2500 0.7500 0.0000
vt 0.5000 0.7500 0.0000
vt 0.7500 0.7500 0.0000
vt 1.0000 0.7500 0.0000
vt 0.0000 1.0000 0.0000
vt 0.2500 1.0000 0.0000
vt 0.5000 1.0000 0.0000
vt 0.7500 1.0000 0.0000
vt 1.0000 1.0000 0.0000
# 25 texture coords

o Plane001
g Plane001
usemtl arco_letrero_negro
s 1
f 5623/2483/2356 5624/2484/2356 5625/2485/2356 
f 5626/2486/2356 5625/2485/2356 5624/2484/2356 
f 5625/2485/2356 5626/2486/2356 5627/2487/2356 
f 5628/2488/2356 5627/2487/2356 5626/2486/2356 
f 5627/2487/2356 5628/2488/2356 5629/2489/2356 
f 5630/2490/2356 5629/2489/2356 5628/2488/2356 
f 5629/2489/2356 5630/2490/2356 5631/2491/2356 
f 5632/2492/2356 5631/2491/2356 5630/2490/2356 
f 5633/2493/2356 5623/2483/2356 5634/2494/2356 
f 5625/2485/2356 5634/2494/2356 5623/2483/2356 
f 5634/2494/2356 5625/2485/2356 5635/2495/2356 
f 5627/2487/2356 5635/2495/2356 5625/2485/2356 
f 5635/2495/2356 5627/2487/2356 5636/2496/2356 
f 5629/2489/2356 5636/2496/2356 5627/2487/2356 
f 5636/2496/2356 5629/2489/2356 5637/2497/2356 
f 5631/2491/2356 5637/2497/2356 5629/2489/2356 
f 5638/2498/2356 5633/2493/2356 5639/2499/2356 
f 5634/2494/2356 5639/2499/2356 5633/2493/2356 
f 5639/2499/2356 5634/2494/2356 5640/2500/2356 
f 5635/2495/2356 5640/2500/2356 5634/2494/2356 
f 5640/2500/2356 5635/2495/2356 5641/2501/2356 
f 5636/2496/2356 5641/2501/2356 5635/2495/2356 
f 5641/2501/2356 5636/2496/2356 5642/2502/2356 
f 5637/2497/2356 5642/2502/2356 5636/2496/2356 
f 5643/2503/2356 5638/2498/2356 5644/2504/2356 
f 5639/2499/2356 5644/2504/2356 5638/2498/2356 
f 5644/2504/2356 5639/2499/2356 5645/2505/2356 
f 5640/2500/2356 5645/2505/2356 5639/2499/2356 
f 5645/2505/2356 5640/2500/2356 5646/2506/2356 
f 5641/2501/2356 5646/2506/2356 5640/2500/2356 
f 5646/2506/2356 5641/2501/2356 5647/2507/2356 
f 5642/2502/2356 5647/2507/2356 5641/2501/2356 
# 0 polygons - 32 triangles

